solid OpenSCAD_Model
  facet normal 0.815737 -0.433735 0.382685
    outer loop
      vertex -17.6376 -38.9385 2.25
      vertex 0 -6.08621 1.88823
      vertex 0 -5.76702 2.25
    endloop
  endfacet
  facet normal 0.815849 -0.433799 0.382374
    outer loop
      vertex -17.6068 -38.9447 2.17725
      vertex 0 -6.08621 1.88823
      vertex -17.6376 -38.9385 2.25
    endloop
  endfacet
  facet normal 0.815549 -0.433631 0.383203
    outer loop
      vertex -17.5564 -38.9715 2.03966
      vertex 0 -6.08621 1.88823
      vertex -17.6068 -38.9447 2.17725
    endloop
  endfacet
  facet normal 0.815981 -0.433867 0.382013
    outer loop
      vertex -17.5277 -38.9868 1.96098
      vertex 0 -6.08621 1.88823
      vertex -17.5564 -38.9715 2.03966
    endloop
  endfacet
  facet normal 0.815636 -0.433681 0.382961
    outer loop
      vertex -17.5057 -39.0085 1.88955
      vertex 0 -6.08621 1.88823
      vertex -17.5277 -38.9868 1.96098
    endloop
  endfacet
  facet normal 0.816999 -0.434406 0.379214
    outer loop
      vertex 0 -6.08621 1.88823
      vertex -17.5057 -39.0085 1.88955
      vertex -17.5053 -39.0089 1.88823
    endloop
  endfacet
  facet normal 0.875394 -0.465455 0.130526
    outer loop
      vertex -17.5053 -39.0089 1.88823
      vertex 0 -6.19508 1.5
      vertex 0 -6.08621 1.88823
    endloop
  endfacet
  facet normal 0.875406 -0.465463 0.13042
    outer loop
      vertex 0 -6.19508 1.5
      vertex -17.5053 -39.0089 1.88823
      vertex -17.4816 -39.0079 1.73272
    endloop
  endfacet
  facet normal 0.875366 -0.465439 0.130773
    outer loop
      vertex -17.4668 -39.0223 1.5824
      vertex 0 -6.19508 1.5
      vertex -17.4816 -39.0079 1.73272
    endloop
  endfacet
  facet normal 0.875377 -0.465445 0.130674
    outer loop
      vertex 0 -6.19508 1.5
      vertex -17.4668 -39.0223 1.5824
      vertex -17.4587 -39.0302 1.5
    endloop
  endfacet
  facet normal -0.537512 0.2858 0.793347
    outer loop
      vertex -1.73298 -4 2.56066
      vertex -19.4468 -37.9765 2.79904
      vertex -1.38114 -4 2.79904
    endloop
  endfacet
  facet normal -0.537698 0.285897 0.793186
    outer loop
      vertex -1.73298 -4 2.56066
      vertex -19.4965 -37.9436 2.75349
      vertex -19.4468 -37.9765 2.79904
    endloop
  endfacet
  facet normal -0.537758 0.285928 0.793134
    outer loop
      vertex -1.73298 -4 2.56066
      vertex -19.551 -37.9076 2.70356
      vertex -19.4965 -37.9436 2.75349
    endloop
  endfacet
  facet normal -0.537247 0.285661 0.793576
    outer loop
      vertex -1.73298 -4 2.56066
      vertex -19.6119 -37.8789 2.652
      vertex -19.551 -37.9076 2.70356
    endloop
  endfacet
  facet normal -0.537387 0.285735 0.793455
    outer loop
      vertex -19.6119 -37.8789 2.652
      vertex -1.73298 -4 2.56066
      vertex -19.7197 -37.828 2.56066
    endloop
  endfacet
  facet normal -0.337886 0.179657 0.923881
    outer loop
      vertex -1.38114 -4 2.79904
      vertex -19.1274 -38.1464 2.94889
      vertex -0.971405 -4 2.94889
    endloop
  endfacet
  facet normal -0.353695 0.187841 0.916305
    outer loop
      vertex -1.38114 -4 2.79904
      vertex -19.1284 -38.1456 2.94834
      vertex -19.1274 -38.1464 2.94889
    endloop
  endfacet
  facet normal -0.337701 0.179561 0.923968
    outer loop
      vertex -1.38114 -4 2.79904
      vertex -19.1874 -38.1043 2.91875
      vertex -19.1284 -38.1456 2.94834
    endloop
  endfacet
  facet normal -0.338181 0.179811 0.923743
    outer loop
      vertex -1.38114 -4 2.79904
      vertex -19.2568 -38.0674 2.88616
      vertex -19.1874 -38.1043 2.91875
    endloop
  endfacet
  facet normal -0.337848 0.179636 0.923899
    outer loop
      vertex -1.38114 -4 2.79904
      vertex -19.3783 -38.0028 2.82917
      vertex -19.2568 -38.0674 2.88616
    endloop
  endfacet
  facet normal -0.337538 0.179472 0.924044
    outer loop
      vertex -19.3783 -38.0028 2.82917
      vertex -1.38114 -4 2.79904
      vertex -19.4468 -37.9765 2.79904
    endloop
  endfacet
  facet normal 0.537587 -0.285841 -0.793281
    outer loop
      vertex -17.9491 -38.763 0.348003
      vertex 0 -5.25926 0.439341
      vertex -17.8467 -38.8239 0.439341
    endloop
  endfacet
  facet normal 0.537548 -0.28582 -0.793315
    outer loop
      vertex -18.0069 -38.7286 0.296444
      vertex 0 -5.25926 0.439341
      vertex -17.9491 -38.763 0.348003
    endloop
  endfacet
  facet normal 0.537514 -0.285802 -0.793345
    outer loop
      vertex -18.0673 -38.7036 0.246515
      vertex 0 -5.25926 0.439341
      vertex -18.0069 -38.7286 0.296444
    endloop
  endfacet
  facet normal 0.537303 -0.285687 -0.793529
    outer loop
      vertex -18.1224 -38.6807 0.200962
      vertex 0 -5.25926 0.439341
      vertex -18.0673 -38.7036 0.246515
    endloop
  endfacet
  facet normal 0.537506 -0.285798 -0.793351
    outer loop
      vertex 0 -5.25926 0.439341
      vertex -18.1224 -38.6807 0.200962
      vertex 0 -4.59754 0.200962
    endloop
  endfacet
  facet normal 0.537508 -0.285799 0.79335
    outer loop
      vertex -18.1224 -38.6807 2.79904
      vertex 0 -5.25926 2.56066
      vertex 0 -4.59754 2.79904
    endloop
  endfacet
  facet normal 0.537595 -0.285845 0.793274
    outer loop
      vertex 0 -5.25926 2.56066
      vertex -17.9491 -38.763 2.652
      vertex -17.8467 -38.8239 2.56066
    endloop
  endfacet
  facet normal 0.537555 -0.285824 0.793309
    outer loop
      vertex 0 -5.25926 2.56066
      vertex -18.0069 -38.7286 2.70356
      vertex -17.9491 -38.763 2.652
    endloop
  endfacet
  facet normal 0.537521 -0.285805 0.793339
    outer loop
      vertex 0 -5.25926 2.56066
      vertex -18.0673 -38.7036 2.75349
      vertex -18.0069 -38.7286 2.70356
    endloop
  endfacet
  facet normal 0.537281 -0.285675 0.793548
    outer loop
      vertex 0 -5.25926 2.56066
      vertex -18.1224 -38.6807 2.79904
      vertex -18.0673 -38.7036 2.75349
    endloop
  endfacet
  facet normal -0.11525 0.0612796 -0.991445
    outer loop
      vertex -18.7832 -38.326 0
      vertex -0.971405 -4 0.0511122
      vertex -0.531709 -4 0
    endloop
  endfacet
  facet normal -0.115324 0.061318 -0.991434
    outer loop
      vertex -18.8544 -38.2845 0.0108487
      vertex -0.971405 -4 0.0511122
      vertex -18.7832 -38.326 0
    endloop
  endfacet
  facet normal -0.115249 0.0612789 -0.991445
    outer loop
      vertex -18.9844 -38.2088 0.0306392
      vertex -0.971405 -4 0.0511122
      vertex -18.8544 -38.2845 0.0108487
    endloop
  endfacet
  facet normal -0.115212 0.0612596 -0.99145
    outer loop
      vertex -0.971405 -4 0.0511122
      vertex -18.9844 -38.2088 0.0306392
      vertex -19.1274 -38.1464 0.0511122
    endloop
  endfacet
  facet normal 0.115245 -0.061277 0.991445
    outer loop
      vertex -0.531709 -4 3
      vertex -18.4418 -38.5109 2.94889
      vertex -0.0920136 -4 2.94889
    endloop
  endfacet
  facet normal 0.115248 -0.0612784 0.991445
    outer loop
      vertex -0.531709 -4 3
      vertex -18.5735 -38.4274 2.96936
      vertex -18.4418 -38.5109 2.94889
    endloop
  endfacet
  facet normal 0.115262 -0.0612857 0.991443
    outer loop
      vertex -0.531709 -4 3
      vertex -18.7089 -38.3619 2.98915
      vertex -18.5735 -38.4274 2.96936
    endloop
  endfacet
  facet normal 0.115189 -0.0612469 0.991454
    outer loop
      vertex -18.7089 -38.3619 2.98915
      vertex -0.531709 -4 3
      vertex -18.7832 -38.326 3
    endloop
  endfacet
  facet normal 0.337871 -0.179662 0.923886
    outer loop
      vertex -0.0920136 -4 2.94889
      vertex 0 -4.59754 2.79904
      vertex 0 -4 2.91524
    endloop
  endfacet
  facet normal 0.337888 -0.179658 0.92388
    outer loop
      vertex -18.4418 -38.5109 2.94889
      vertex 0 -4.59754 2.79904
      vertex -0.0920136 -4 2.94889
    endloop
  endfacet
  facet normal 0.33807 -0.179756 0.923795
    outer loop
      vertex 0 -4.59754 2.79904
      vertex -18.1824 -38.6387 2.82917
      vertex -18.1224 -38.6807 2.79904
    endloop
  endfacet
  facet normal 0.337848 -0.179637 0.923899
    outer loop
      vertex 0 -4.59754 2.79904
      vertex -18.3039 -38.5741 2.88616
      vertex -18.1824 -38.6387 2.82917
    endloop
  endfacet
  facet normal 0.338007 -0.179723 0.923824
    outer loop
      vertex 0 -4.59754 2.79904
      vertex -18.3733 -38.5371 2.91875
      vertex -18.3039 -38.5741 2.88616
    endloop
  endfacet
  facet normal 0.338039 -0.17974 0.923809
    outer loop
      vertex 0 -4.59754 2.79904
      vertex -18.4405 -38.5114 2.94834
      vertex -18.3733 -38.5371 2.91875
    endloop
  endfacet
  facet normal 0.326423 -0.1734 0.929183
    outer loop
      vertex 0 -4.59754 2.79904
      vertex -18.4418 -38.5109 2.94889
      vertex -18.4405 -38.5114 2.94834
    endloop
  endfacet
  facet normal -0.53751 0.2858 -0.793348
    outer loop
      vertex -19.4468 -37.9765 0.200962
      vertex -1.73298 -4 0.439341
      vertex -1.38114 -4 0.200962
    endloop
  endfacet
  facet normal -0.537721 0.285908 -0.793166
    outer loop
      vertex -19.4965 -37.9436 0.246515
      vertex -1.73298 -4 0.439341
      vertex -19.4468 -37.9765 0.200962
    endloop
  endfacet
  facet normal -0.537751 0.285924 -0.79314
    outer loop
      vertex -19.551 -37.9076 0.296444
      vertex -1.73298 -4 0.439341
      vertex -19.4965 -37.9436 0.246515
    endloop
  endfacet
  facet normal -0.53724 0.285657 -0.793582
    outer loop
      vertex -19.6119 -37.8789 0.348003
      vertex -1.73298 -4 0.439341
      vertex -19.551 -37.9076 0.296444
    endloop
  endfacet
  facet normal -0.537379 0.285731 -0.793462
    outer loop
      vertex -1.73298 -4 0.439341
      vertex -19.6119 -37.8789 0.348003
      vertex -19.7197 -37.828 0.439341
    endloop
  endfacet
  facet normal 0.700487 -0.372457 0.608764
    outer loop
      vertex -17.8467 -38.8239 2.56066
      vertex 0 -5.76702 2.25
      vertex 0 -5.25926 2.56066
    endloop
  endfacet
  facet normal 0.700219 -0.372308 0.609164
    outer loop
      vertex -17.7633 -38.8618 2.44163
      vertex 0 -5.76702 2.25
      vertex -17.8467 -38.8239 2.56066
    endloop
  endfacet
  facet normal 0.700821 -0.372637 0.60827
    outer loop
      vertex -17.7163 -38.8831 2.37443
      vertex 0 -5.76702 2.25
      vertex -17.7633 -38.8618 2.44163
    endloop
  endfacet
  facet normal 0.700128 -0.372262 0.609297
    outer loop
      vertex -17.6751 -38.9121 2.30937
      vertex 0 -5.76702 2.25
      vertex -17.7163 -38.8831 2.37443
    endloop
  endfacet
  facet normal 0.700783 -0.372613 0.608327
    outer loop
      vertex 0 -5.76702 2.25
      vertex -17.6751 -38.9121 2.30937
      vertex -17.6376 -38.9385 2.25
    endloop
  endfacet
  facet normal 0.700486 -0.372456 -0.608765
    outer loop
      vertex 0 -5.76702 0.75
      vertex -17.8467 -38.8239 0.439341
      vertex 0 -5.25926 0.439341
    endloop
  endfacet
  facet normal 0.700225 -0.372312 -0.609154
    outer loop
      vertex 0 -5.76702 0.75
      vertex -17.7633 -38.8618 0.558374
      vertex -17.8467 -38.8239 0.439341
    endloop
  endfacet
  facet normal 0.70079 -0.37262 -0.608316
    outer loop
      vertex 0 -5.76702 0.75
      vertex -17.7163 -38.8831 0.625566
      vertex -17.7633 -38.8618 0.558374
    endloop
  endfacet
  facet normal 0.700163 -0.372281 -0.609244
    outer loop
      vertex 0 -5.76702 0.75
      vertex -17.6751 -38.9121 0.690635
      vertex -17.7163 -38.8831 0.625566
    endloop
  endfacet
  facet normal 0.700762 -0.372602 -0.608359
    outer loop
      vertex -17.6751 -38.9121 0.690635
      vertex 0 -5.76702 0.75
      vertex -17.6376 -38.9385 0.75
    endloop
  endfacet
  facet normal 0.337887 -0.179658 -0.92388
    outer loop
      vertex 0 -4.59754 0.200962
      vertex -0.0920136 -4 0.0511122
      vertex 0 -4 0.084764
    endloop
  endfacet
  facet normal 0.338118 -0.179781 -0.923772
    outer loop
      vertex -18.1824 -38.6387 0.170827
      vertex 0 -4.59754 0.200962
      vertex -18.1224 -38.6807 0.200962
    endloop
  endfacet
  facet normal 0.337858 -0.179642 -0.923894
    outer loop
      vertex -18.3039 -38.5741 0.113835
      vertex 0 -4.59754 0.200962
      vertex -18.1824 -38.6387 0.170827
    endloop
  endfacet
  facet normal 0.337989 -0.179713 -0.923833
    outer loop
      vertex -18.3733 -38.5371 0.0812471
      vertex 0 -4.59754 0.200962
      vertex -18.3039 -38.5741 0.113835
    endloop
  endfacet
  facet normal 0.338035 -0.179738 -0.923811
    outer loop
      vertex -18.4405 -38.5114 0.0516575
      vertex 0 -4.59754 0.200962
      vertex -18.3733 -38.5371 0.0812471
    endloop
  endfacet
  facet normal 0.324022 -0.17209 -0.930266
    outer loop
      vertex -18.4418 -38.5109 0.0511122
      vertex 0 -4.59754 0.200962
      vertex -18.4405 -38.5114 0.0516575
    endloop
  endfacet
  facet normal 0.337888 -0.179658 -0.92388
    outer loop
      vertex 0 -4.59754 0.200962
      vertex -18.4418 -38.5109 0.0511122
      vertex -0.0920136 -4 0.0511122
    endloop
  endfacet
  facet normal -0.700489 0.372457 0.608762
    outer loop
      vertex -19.9316 -37.7188 2.25
      vertex -1.73298 -4 2.56066
      vertex -2.00296 -4 2.25
    endloop
  endfacet
  facet normal -0.700633 0.372537 0.608548
    outer loop
      vertex -19.8887 -37.7351 2.30937
      vertex -1.73298 -4 2.56066
      vertex -19.9316 -37.7188 2.25
    endloop
  endfacet
  facet normal -0.699895 0.372132 0.609644
    outer loop
      vertex -19.8416 -37.7531 2.37443
      vertex -1.73298 -4 2.56066
      vertex -19.8887 -37.7351 2.30937
    endloop
  endfacet
  facet normal -0.700685 0.372562 0.608472
    outer loop
      vertex -19.7976 -37.7801 2.44163
      vertex -1.73298 -4 2.56066
      vertex -19.8416 -37.7531 2.37443
    endloop
  endfacet
  facet normal -0.700675 0.372557 0.608486
    outer loop
      vertex -1.73298 -4 2.56066
      vertex -19.7976 -37.7801 2.44163
      vertex -19.7197 -37.828 2.56066
    endloop
  endfacet
  facet normal -0.700488 0.372457 -0.608763
    outer loop
      vertex -1.73298 -4 0.439341
      vertex -19.9316 -37.7188 0.75
      vertex -2.00296 -4 0.75
    endloop
  endfacet
  facet normal -0.700611 0.372525 -0.60858
    outer loop
      vertex -1.73298 -4 0.439341
      vertex -19.8887 -37.7351 0.690635
      vertex -19.9316 -37.7188 0.75
    endloop
  endfacet
  facet normal -0.699931 0.372151 -0.609591
    outer loop
      vertex -1.73298 -4 0.439341
      vertex -19.8416 -37.7531 0.625566
      vertex -19.8887 -37.7351 0.690635
    endloop
  endfacet
  facet normal -0.700654 0.372545 -0.608518
    outer loop
      vertex -1.73298 -4 0.439341
      vertex -19.7976 -37.7801 0.558374
      vertex -19.8416 -37.7531 0.625566
    endloop
  endfacet
  facet normal -0.700682 0.37256 -0.608476
    outer loop
      vertex -19.7976 -37.7801 0.558374
      vertex -1.73298 -4 0.439341
      vertex -19.7197 -37.828 0.439341
    endloop
  endfacet
  facet normal 0.875366 -0.465439 -0.130773
    outer loop
      vertex 0 -6.19508 1.5
      vertex -17.4668 -39.0223 1.4176
      vertex -17.4816 -39.0079 1.26728
    endloop
  endfacet
  facet normal 0.875377 -0.465445 -0.130674
    outer loop
      vertex -17.4668 -39.0223 1.4176
      vertex 0 -6.19508 1.5
      vertex -17.4587 -39.0302 1.5
    endloop
  endfacet
  facet normal 0.875406 -0.465463 -0.13042
    outer loop
      vertex -17.5053 -39.0089 1.11177
      vertex 0 -6.19508 1.5
      vertex -17.4816 -39.0079 1.26728
    endloop
  endfacet
  facet normal 0.875394 -0.465455 -0.130526
    outer loop
      vertex 0 -6.19508 1.5
      vertex -17.5053 -39.0089 1.11177
      vertex 0 -6.08621 1.11177
    endloop
  endfacet
  facet normal -0.115245 0.061277 0.991445
    outer loop
      vertex -0.971405 -4 2.94889
      vertex -18.7832 -38.326 3
      vertex -0.531709 -4 3
    endloop
  endfacet
  facet normal -0.115338 0.061325 0.991432
    outer loop
      vertex -0.971405 -4 2.94889
      vertex -18.8544 -38.2845 2.98915
      vertex -18.7832 -38.326 3
    endloop
  endfacet
  facet normal -0.115246 0.0612773 0.991445
    outer loop
      vertex -0.971405 -4 2.94889
      vertex -18.9844 -38.2088 2.96936
      vertex -18.8544 -38.2845 2.98915
    endloop
  endfacet
  facet normal -0.115196 0.0612508 0.991453
    outer loop
      vertex -18.9844 -38.2088 2.96936
      vertex -0.971405 -4 2.94889
      vertex -19.1274 -38.1464 2.94889
    endloop
  endfacet
  facet normal -0.815734 0.433734 -0.382692
    outer loop
      vertex -2.00296 -4 0.75
      vertex -20.0639 -37.6484 1.11177
      vertex -2.17268 -4 1.11177
    endloop
  endfacet
  facet normal -0.809178 0.430025 -0.400386
    outer loop
      vertex -2.00296 -4 0.75
      vertex -20.0633 -37.6485 1.11045
      vertex -20.0639 -37.6484 1.11177
    endloop
  endfacet
  facet normal -0.815431 0.433562 -0.383531
    outer loop
      vertex -2.00296 -4 0.75
      vertex -20.033 -37.6547 1.03902
      vertex -20.0633 -37.6485 1.11045
    endloop
  endfacet
  facet normal -0.815974 0.433866 -0.38203
    outer loop
      vertex -2.00296 -4 0.75
      vertex -20.0043 -37.67 0.960344
      vertex -20.033 -37.6547 1.03902
    endloop
  endfacet
  facet normal -0.815647 0.433685 -0.382932
    outer loop
      vertex -2.00296 -4 0.75
      vertex -19.9539 -37.6967 0.822753
      vertex -20.0043 -37.67 0.960344
    endloop
  endfacet
  facet normal -0.816015 0.433884 -0.381922
    outer loop
      vertex -19.9539 -37.6967 0.822753
      vertex -2.00296 -4 0.75
      vertex -19.9316 -37.7188 0.75
    endloop
  endfacet
  facet normal -0.875396 0.465456 -0.13051
    outer loop
      vertex -2.17268 -4 1.11177
      vertex -20.1076 -37.6218 1.5
      vertex -2.23056 -4 1.5
    endloop
  endfacet
  facet normal -0.875351 0.465428 -0.130909
    outer loop
      vertex -2.17268 -4 1.11177
      vertex -20.0965 -37.6241 1.4176
      vertex -20.1076 -37.6218 1.5
    endloop
  endfacet
  facet normal -0.875382 0.465447 -0.130639
    outer loop
      vertex -2.17268 -4 1.11177
      vertex -20.0763 -37.6283 1.26728
      vertex -20.0965 -37.6241 1.4176
    endloop
  endfacet
  facet normal -0.875458 0.46549 -0.129973
    outer loop
      vertex -20.0763 -37.6283 1.26728
      vertex -2.17268 -4 1.11177
      vertex -20.0639 -37.6484 1.11177
    endloop
  endfacet
  facet normal 0.815737 -0.433735 -0.382685
    outer loop
      vertex 0 -6.08621 1.11177
      vertex -17.6376 -38.9385 0.75
      vertex 0 -5.76702 0.75
    endloop
  endfacet
  facet normal 0.815853 -0.433801 -0.38236
    outer loop
      vertex 0 -6.08621 1.11177
      vertex -17.6068 -38.9447 0.822753
      vertex -17.6376 -38.9385 0.75
    endloop
  endfacet
  facet normal 0.81555 -0.433631 -0.383201
    outer loop
      vertex 0 -6.08621 1.11177
      vertex -17.5564 -38.9715 0.960344
      vertex -17.6068 -38.9447 0.822753
    endloop
  endfacet
  facet normal 0.815975 -0.433864 -0.38203
    outer loop
      vertex 0 -6.08621 1.11177
      vertex -17.5277 -38.9868 1.03902
      vertex -17.5564 -38.9715 0.960344
    endloop
  endfacet
  facet normal 0.815636 -0.433681 -0.382961
    outer loop
      vertex 0 -6.08621 1.11177
      vertex -17.5057 -39.0085 1.11045
      vertex -17.5277 -38.9868 1.03902
    endloop
  endfacet
  facet normal 0.816999 -0.434406 -0.379214
    outer loop
      vertex -17.5057 -39.0085 1.11045
      vertex 0 -6.08621 1.11177
      vertex -17.5053 -39.0089 1.11177
    endloop
  endfacet
  facet normal -0.337885 0.179657 -0.923881
    outer loop
      vertex -19.1274 -38.1464 0.0511122
      vertex -1.38114 -4 0.200962
      vertex -0.971405 -4 0.0511122
    endloop
  endfacet
  facet normal -0.351134 0.186515 -0.91756
    outer loop
      vertex -19.1284 -38.1456 0.0516575
      vertex -1.38114 -4 0.200962
      vertex -19.1274 -38.1464 0.0511122
    endloop
  endfacet
  facet normal -0.337697 0.179559 -0.923969
    outer loop
      vertex -19.1874 -38.1043 0.0812471
      vertex -1.38114 -4 0.200962
      vertex -19.1284 -38.1456 0.0516575
    endloop
  endfacet
  facet normal -0.338162 0.179801 -0.923752
    outer loop
      vertex -19.2568 -38.0674 0.113835
      vertex -1.38114 -4 0.200962
      vertex -19.1874 -38.1043 0.0812471
    endloop
  endfacet
  facet normal -0.337858 0.179642 -0.923894
    outer loop
      vertex -19.3783 -38.0028 0.170827
      vertex -1.38114 -4 0.200962
      vertex -19.2568 -38.0674 0.113835
    endloop
  endfacet
  facet normal -0.337586 0.179498 -0.924022
    outer loop
      vertex -1.38114 -4 0.200962
      vertex -19.3783 -38.0028 0.170827
      vertex -19.4468 -37.9765 0.200962
    endloop
  endfacet
  facet normal 0.11525 -0.0612796 -0.991445
    outer loop
      vertex -18.4418 -38.5109 0.0511122
      vertex -0.531709 -4 0
      vertex -0.0920136 -4 0.0511122
    endloop
  endfacet
  facet normal 0.115264 -0.0612871 -0.991442
    outer loop
      vertex -18.5735 -38.4274 0.0306392
      vertex -0.531709 -4 0
      vertex -18.4418 -38.5109 0.0511122
    endloop
  endfacet
  facet normal 0.115265 -0.0612872 -0.991442
    outer loop
      vertex -18.7089 -38.3619 0.0108487
      vertex -0.531709 -4 0
      vertex -18.5735 -38.4274 0.0306392
    endloop
  endfacet
  facet normal 0.115175 -0.0612397 -0.991456
    outer loop
      vertex -0.531709 -4 0
      vertex -18.7089 -38.3619 0.0108487
      vertex -18.7832 -38.326 0
    endloop
  endfacet
  facet normal -0.815734 0.433734 0.382692
    outer loop
      vertex -20.0639 -37.6484 1.88823
      vertex -2.00296 -4 2.25
      vertex -2.17268 -4 1.88823
    endloop
  endfacet
  facet normal -0.809178 0.430025 0.400386
    outer loop
      vertex -20.0633 -37.6485 1.88955
      vertex -2.00296 -4 2.25
      vertex -20.0639 -37.6484 1.88823
    endloop
  endfacet
  facet normal -0.815431 0.433562 0.383531
    outer loop
      vertex -20.033 -37.6547 1.96098
      vertex -2.00296 -4 2.25
      vertex -20.0633 -37.6485 1.88955
    endloop
  endfacet
  facet normal -0.81598 0.433869 0.382013
    outer loop
      vertex -20.0043 -37.67 2.03966
      vertex -2.00296 -4 2.25
      vertex -20.033 -37.6547 1.96098
    endloop
  endfacet
  facet normal -0.815646 0.433685 0.382934
    outer loop
      vertex -19.9539 -37.6967 2.17725
      vertex -2.00296 -4 2.25
      vertex -20.0043 -37.67 2.03966
    endloop
  endfacet
  facet normal -0.81601 0.433881 0.381935
    outer loop
      vertex -2.00296 -4 2.25
      vertex -19.9539 -37.6967 2.17725
      vertex -19.9316 -37.7188 2.25
    endloop
  endfacet
  facet normal -0.875396 0.465456 0.13051
    outer loop
      vertex -20.1076 -37.6218 1.5
      vertex -2.17268 -4 1.88823
      vertex -2.23056 -4 1.5
    endloop
  endfacet
  facet normal -0.875351 0.465428 0.130909
    outer loop
      vertex -20.0965 -37.6241 1.5824
      vertex -2.17268 -4 1.88823
      vertex -20.1076 -37.6218 1.5
    endloop
  endfacet
  facet normal -0.875382 0.465447 0.130639
    outer loop
      vertex -20.0763 -37.6283 1.73272
      vertex -2.17268 -4 1.88823
      vertex -20.0965 -37.6241 1.5824
    endloop
  endfacet
  facet normal -0.875458 0.46549 0.129973
    outer loop
      vertex -2.17268 -4 1.88823
      vertex -20.0763 -37.6283 1.73272
      vertex -20.0639 -37.6484 1.88823
    endloop
  endfacet
  facet normal -0.719119 -0.694453 -0.0245479
    outer loop
      vertex -21.3744 -41.9562 1.5
      vertex -21.6365 -41.6795 1.35034
      vertex -21.368 -41.9596 1.4087
    endloop
  endfacet
  facet normal 0.583545 0.038788 0.811154
    outer loop
      vertex -18.07 -39.8764 3.36859
      vertex -18.4694 -40.0866 3.66597
      vertex -18.1822 -40.2393 3.46666
    endloop
  endfacet
  facet normal -0.0273119 -0.993946 -0.106423
    outer loop
      vertex -19.5794 -42.5716 1.29566
      vertex -19.9988 -42.5503 1.20436
      vertex -19.6216 -42.5491 1.09635
    endloop
  endfacet
  facet normal -0.451865 -0.878252 0.1565
    outer loop
      vertex -20.8591 -42.2302 2.08361
      vertex -20.8608 -42.2988 1.69373
      vertex -20.7784 -42.273 2.07643
    endloop
  endfacet
  facet normal -0.198728 0.618537 0.76021
    outer loop
      vertex -19.959 -38.4761 3.39927
      vertex -20.2108 -38.3422 3.2245
      vertex -20.1945 -38.7468 3.55796
    endloop
  endfacet
  facet normal -0.961423 0.162273 0.222112
    outer loop
      vertex -22.0331 -39.5137 2.2512
      vertex -22.1812 -39.8575 1.86132
      vertex -22.1065 -39.8973 2.21374
    endloop
  endfacet
  facet normal 0.806882 0.370702 -0.459916
    outer loop
      vertex -17.5976 -39.3723 0.382612
      vertex -17.7687 -39.2813 0.15578
      vertex -17.6656 -39.022 0.545661
    endloop
  endfacet
  facet normal -0.942736 0.324358 -0.0777215
    outer loop
      vertex -22.1117 -39.4719 1.11972
      vertex -22.1382 -39.4578 1.5
      vertex -21.9834 -39.1013 1.11012
    endloop
  endfacet
  facet normal -0.60177 -0.798537 -0.014521
    outer loop
      vertex -21.0611 -42.1923 1.5
      vertex -21.3744 -41.9562 1.5
      vertex -21.0589 -42.1934 1.46932
    endloop
  endfacet
  facet normal 0.291973 -0.954831 0.0552233
    outer loop
      vertex -18.8222 -42.3989 1.79738
      vertex -19.1767 -42.5245 1.5
      vertex -18.8016 -42.4098 1.5
    endloop
  endfacet
  facet normal 0.571548 -0.652888 -0.497061
    outer loop
      vertex -18.3499 -41.8947 0.451419
      vertex -18.5171 -41.8058 0.142393
      vertex -18.0794 -41.616 0.396383
    endloop
  endfacet
  facet normal 0.334399 -0.842048 0.42324
    outer loop
      vertex -18.8084 -42.0467 2.75292
      vertex -19.1221 -42.2394 2.61739
      vertex -18.9845 -42.3126 2.36304
    endloop
  endfacet
  facet normal 0.796219 -0.600023 -0.0775056
    outer loop
      vertex -17.6093 -41.427 1.5
      vertex -17.8454 -41.7403 1.5
      vertex -17.6364 -41.4126 1.11012
    endloop
  endfacet
  facet normal 0.717091 0.534145 0.447738
    outer loop
      vertex -17.8116 -38.9443 2.64807
      vertex -17.9491 -38.763 2.652
      vertex -17.9827 -38.8533 2.81354
    endloop
  endfacet
  facet normal 0.717076 0.534132 0.447777
    outer loop
      vertex -17.9491 -38.763 2.652
      vertex -17.8116 -38.9443 2.64807
      vertex -17.8467 -38.8239 2.56066
    endloop
  endfacet
  facet normal -0.49316 0.438909 0.751101
    outer loop
      vertex -20.9615 -38.7615 3.21892
      vertex -21.1818 -39.0833 3.26232
      vertex -20.7054 -38.8977 3.46666
    endloop
  endfacet
  facet normal -0.130376 0.245937 0.960478
    outer loop
      vertex -20.1071 -39.2158 3.81195
      vertex -20.3057 -39.549 3.87031
      vertex -19.97 -39.7276 3.96161
    endloop
  endfacet
  facet normal 0.692687 -0.71738 0.0744984
    outer loop
      vertex -17.8718 -41.7263 1.88028
      vertex -18.1527 -41.9995 1.86132
      vertex -17.8454 -41.7403 1.5
    endloop
  endfacet
  facet normal -0.897913 -0.437751 -0.0461165
    outer loop
      vertex -21.8719 -41.3526 1.5
      vertex -22.0438 -41 1.5
      vertex -21.8577 -41.3602 1.29566
    endloop
  endfacet
  facet normal -0.819092 -0.228809 0.526055
    outer loop
      vertex -21.6669 -40.8863 2.84422
      vertex -21.8537 -40.4275 2.75292
      vertex -21.838 -40.7953 2.61739
    endloop
  endfacet
  facet normal -0.997412 0.0174701 -0.0697388
    outer loop
      vertex -22.19 -40.2487 1.16654
      vertex -22.2131 -40.2364 1.5
      vertex -22.1812 -39.8575 1.13868
    endloop
  endfacet
  facet normal 0.737598 0.407404 -0.53849
    outer loop
      vertex -17.7687 -39.2813 0.15578
      vertex -17.9713 -39.1204 0
      vertex -17.9827 -38.8533 0.186464
    endloop
  endfacet
  facet normal 0.737607 0.407496 -0.538407
    outer loop
      vertex -17.9713 -39.1204 0
      vertex -17.7687 -39.2813 0.15578
      vertex -17.9297 -39.1957 0
    endloop
  endfacet
  facet normal 0.589946 -0.490109 -0.641682
    outer loop
      vertex -18.2553 -41.5224 0.0711384
      vertex -18.309 -41.4939 0
      vertex -18.255 -41.4289 0
    endloop
  endfacet
  facet normal 0.670832 -0.356525 -0.650288
    outer loop
      vertex -17.8454 -40.8572 0.0350676
      vertex -18.056 -41.1895 0
      vertex -17.8719 -40.8431 0
    endloop
  endfacet
  facet normal 0.671586 -0.357119 -0.649182
    outer loop
      vertex -18.056 -41.1895 0
      vertex -17.8454 -40.8572 0.0350676
      vertex -18.0296 -41.2036 0.0350676
    endloop
  endfacet
  facet normal 0.860827 -0.108784 0.497134
    outer loop
      vertex -17.6188 -40.1163 2.85761
      vertex -17.7074 -40.4918 2.92886
      vertex -17.5314 -40.5854 2.60362
    endloop
  endfacet
  facet normal -0.338637 -0.735211 -0.587188
    outer loop
      vertex -20.5381 -42.0618 0.209836
      vertex -20.5835 -41.8733 0
      vertex -20.4363 -41.9411 0
    endloop
  endfacet
  facet normal -0.970716 -0.148145 -0.189112
    outer loop
      vertex -22.0764 -40.6686 0.912555
      vertex -22.1379 -40.6359 1.20262
      vertex -22.121 -40.2854 0.8413
    endloop
  endfacet
  facet normal -0.589876 0.490347 0.641565
    outer loop
      vertex -21.1803 -38.6452 2.92886
      vertex -21.1818 -39.0833 3.26232
      vertex -20.9615 -38.7615 3.21892
    endloop
  endfacet
  facet normal 0.494067 -0.611618 0.617917
    outer loop
      vertex -18.4741 -41.4061 3.21892
      vertex -18.7249 -41.6953 3.1332
      vertex -18.2553 -41.5224 2.92886
    endloop
  endfacet
  facet normal -0.335255 -0.940263 0.0592402
    outer loop
      vertex -20.3999 -42.4743 1.76495
      vertex -20.7336 -42.3664 1.58905
      vertex -20.7232 -42.3719 1.56061
    endloop
  endfacet
  facet normal -0.268644 -0.933951 0.235725
    outer loop
      vertex -20.3056 -42.3871 2.27399
      vertex -20.5562 -42.3912 1.97215
      vertex -20.4947 -42.4239 1.91268
    endloop
  endfacet
  facet normal 0.24607 -0.930597 0.270996
    outer loop
      vertex -18.9845 -42.3126 2.36304
      vertex -19.2469 -42.4872 2.00173
      vertex -18.8837 -42.3662 2.08745
    endloop
  endfacet
  facet normal -0.268645 -0.933951 -0.235724
    outer loop
      vertex -20.4947 -42.4239 1.08732
      vertex -20.5562 -42.3912 1.02785
      vertex -20.3056 -42.3871 0.726007
    endloop
  endfacet
  facet normal 0.783427 -0.0676048 0.617796
    outer loop
      vertex -17.8266 -40.0058 3.1332
      vertex -17.9261 -40.3755 3.21892
      vertex -17.7074 -40.4918 2.92886
    endloop
  endfacet
  facet normal 0.671331 -0.357087 0.649464
    outer loop
      vertex -18.2539 -41.0843 3.26232
      vertex -17.8454 -40.8572 2.96493
      vertex -18.0697 -40.738 3.26232
    endloop
  endfacet
  facet normal 0.671321 -0.356979 0.649534
    outer loop
      vertex -17.8454 -40.8572 2.96493
      vertex -18.2539 -41.0843 3.26232
      vertex -18.0296 -41.2036 2.96493
    endloop
  endfacet
  facet normal 0.0692827 -0.0368214 0.996917
    outer loop
      vertex -19.6257 -39.9106 3.99229
      vertex -19.4656 -40.44 3.96161
      vertex -19.2815 -40.0936 3.96161
    endloop
  endfacet
  facet normal 0.0692588 -0.0368287 0.996919
    outer loop
      vertex -19.4656 -40.44 3.96161
      vertex -19.6257 -39.9106 3.99229
      vertex -19.8099 -40.257 3.99229
    endloop
  endfacet
  facet normal -0.712253 -0.698141 -0.07277
    outer loop
      vertex -21.368 -41.9596 1.4087
      vertex -21.6055 -41.696 1.20436
      vertex -21.3491 -41.9696 1.31965
    endloop
  endfacet
  facet normal -0.8851 -0.193724 -0.423166
    outer loop
      vertex -21.9756 -40.7222 0.636958
      vertex -22.008 -40.3455 0.532274
      vertex -21.8537 -40.4275 0.247077
    endloop
  endfacet
  facet normal 0.210541 0.237095 0.948398
    outer loop
      vertex -19.2687 -39.2391 3.8097
      vertex -19.4438 -39.5685 3.93092
      vertex -18.9496 -39.4087 3.78126
    endloop
  endfacet
  facet normal 0.4585 -0.756841 -0.4658
    outer loop
      vertex -18.3499 -41.8947 0.451419
      vertex -18.8084 -42.0467 0.247077
      vertex -18.5171 -41.8058 0.142393
    endloop
  endfacet
  facet normal -0.921355 0.312998 -0.230515
    outer loop
      vertex -22.0331 -39.5137 0.748803
      vertex -22.1117 -39.4719 1.11972
      vertex -21.9834 -39.1013 1.11012
    endloop
  endfacet
  facet normal -0.936061 -0.166625 -0.309879
    outer loop
      vertex -21.9756 -40.7222 0.636958
      vertex -22.121 -40.2854 0.8413
      vertex -22.008 -40.3455 0.532274
    endloop
  endfacet
  facet normal 0.988281 0.138894 0.0633222
    outer loop
      vertex -17.2771 -39.5427 1.5
      vertex -17.2977 -39.5317 1.79738
      vertex -17.2225 -39.9312 1.5
    endloop
  endfacet
  facet normal 0.5528 -0.806918 -0.208075
    outer loop
      vertex -18.1527 -41.9995 1.13868
      vertex -18.5411 -42.1889 0.8413
      vertex -18.2274 -41.9598 0.786264
    endloop
  endfacet
  facet normal 0.571547 -0.652894 0.497055
    outer loop
      vertex -18.0794 -41.616 2.60362
      vertex -18.5171 -41.8058 2.85761
      vertex -18.3499 -41.8947 2.54858
    endloop
  endfacet
  facet normal -0.345457 -0.934826 -0.0822227
    outer loop
      vertex -20.3999 -42.4743 1.23505
      vertex -20.7478 -42.3589 1.38471
      vertex -20.4422 -42.4518 1.15696
    endloop
  endfacet
  facet normal 0.49323 -0.438805 0.751116
    outer loop
      vertex -18.2539 -41.0843 3.26232
      vertex -18.7302 -41.2699 3.46666
      vertex -18.4741 -41.4061 3.21892
    endloop
  endfacet
  facet normal 0.074719 -0.839441 0.538289
    outer loop
      vertex -19.4935 -42.042 3.03795
      vertex -19.7676 -42.2103 2.81354
      vertex -19.2932 -42.1484 2.84422
    endloop
  endfacet
  facet normal -0.493159 0.438899 0.751107
    outer loop
      vertex -20.7054 -38.8977 3.46666
      vertex -21.1818 -39.0833 3.26232
      vertex -20.9192 -39.2229 3.51631
    endloop
  endfacet
  facet normal -0.732621 0.565914 -0.378163
    outer loop
      vertex -21.5864 -38.8681 0.368523
      vertex -21.7186 -38.7978 0.729839
      vertex -21.3563 -38.5516 0.396383
    endloop
  endfacet
  facet normal 0.573363 -0.304977 0.760423
    outer loop
      vertex -18.3323 -40.5984 3.51631
      vertex -18.2539 -41.0843 3.26232
      vertex -18.0697 -40.738 3.26232
    endloop
  endfacet
  facet normal 0.57353 -0.3049 0.760328
    outer loop
      vertex -18.2539 -41.0843 3.26232
      vertex -18.3323 -40.5984 3.51631
      vertex -18.5164 -40.9447 3.51631
    endloop
  endfacet
  facet normal -0.897894 -0.437799 -0.0460161
    outer loop
      vertex -21.8577 -41.3602 1.29566
      vertex -22.0438 -41 1.5
      vertex -22.0262 -41.0094 1.24601
    endloop
  endfacet
  facet normal 0.93604 0.166578 0.309969
    outer loop
      vertex -17.3592 -39.499 2.08745
      vertex -17.46 -39.4454 2.36304
      vertex -17.3146 -39.8822 2.1587
    endloop
  endfacet
  facet normal -0.818689 -0.573134 0.0355759
    outer loop
      vertex -21.8577 -41.3602 1.70434
      vertex -21.8719 -41.3526 1.5
      vertex -21.6469 -41.674 1.5
    endloop
  endfacet
  facet normal 0.437342 -0.897073 0.0631762
    outer loop
      vertex -18.449 -42.2379 1.5
      vertex -18.8222 -42.3989 1.79738
      vertex -18.8016 -42.4098 1.5
    endloop
  endfacet
  facet normal 0.631423 -0.684637 0.364112
    outer loop
      vertex -17.9505 -41.6845 2.2512
      vertex -18.3499 -41.8947 2.54858
      vertex -18.2274 -41.9598 2.21374
    endloop
  endfacet
  facet normal 0.420013 -0.887596 0.18911
    outer loop
      vertex -18.5411 -42.1889 2.1587
      vertex -18.8837 -42.3662 2.08745
      vertex -18.8222 -42.3989 1.79738
    endloop
  endfacet
  facet normal -0.0921515 -0.750621 0.654275
    outer loop
      vertex -19.718 -41.9225 3.19382
      vertex -20.1673 -41.9978 3.04415
      vertex -19.9594 -42.1083 2.94666
    endloop
  endfacet
  facet normal -0.528928 0.104586 0.842198
    outer loop
      vertex -20.8089 -39.7258 3.72065
      vertex -21.1033 -39.5692 3.51631
      vertex -20.9662 -40.081 3.66597
    endloop
  endfacet
  facet normal 0.670469 -0.533077 0.516043
    outer loop
      vertex -18.0296 -41.2036 2.96493
      vertex -18.0794 -41.616 2.60362
      vertex -17.8492 -41.2995 2.63148
    endloop
  endfacet
  facet normal 0.528868 -0.104612 0.842232
    outer loop
      vertex -18.1822 -40.2393 3.46666
      vertex -18.4694 -40.0866 3.66597
      vertex -18.3323 -40.5984 3.51631
    endloop
  endfacet
  facet normal 0.859714 0.458222 0.225665
    outer loop
      vertex -17.548 -39.0845 2.23711
      vertex -17.5564 -38.9715 2.03966
      vertex -17.6068 -38.9447 2.17725
    endloop
  endfacet
  facet normal 0.859816 0.458075 0.225576
    outer loop
      vertex -17.5564 -38.9715 2.03966
      vertex -17.548 -39.0845 2.23711
      vertex -17.4619 -39.1302 2.00173
    endloop
  endfacet
  facet normal -0.572207 0.817112 0.0700534
    outer loop
      vertex -20.9867 -37.9297 1.5
      vertex -21.308 -38.1547 1.5
      vertex -21.2829 -38.1681 1.86132
    endloop
  endfacet
  facet normal 0.883824 0.0429383 -0.465845
    outer loop
      vertex -17.4516 -40.2052 0.451419
      vertex -17.6188 -40.1163 0.142393
      vertex -17.5819 -39.7401 0.247077
    endloop
  endfacet
  facet normal -0.631344 0.684847 -0.363853
    outer loop
      vertex -21.3563 -38.5516 0.396383
      vertex -21.4851 -38.4831 0.748803
      vertex -21.0857 -38.2729 0.451419
    endloop
  endfacet
  facet normal -0.806961 -0.370452 -0.459978
    outer loop
      vertex -21.624 -41.2233 0.351928
      vertex -21.7701 -41.1456 0.545661
      vertex -21.6669 -40.8863 0.15578
    endloop
  endfacet
  facet normal -0.939919 -0.0131172 -0.341145
    outer loop
      vertex -22.008 -40.3455 0.532274
      vertex -22.121 -40.2854 0.8413
      vertex -21.984 -39.9624 0.451419
    endloop
  endfacet
  facet normal -0.808735 -0.578477 -0.106356
    outer loop
      vertex -21.6365 -41.6795 1.35034
      vertex -21.8577 -41.3602 1.29566
      vertex -21.6055 -41.696 1.20436
    endloop
  endfacet
  facet normal -0.859832 -0.458038 -0.225588
    outer loop
      vertex -21.7462 -41.4195 0.906977
      vertex -21.9737 -41.0374 0.998274
      vertex -21.8876 -41.0831 0.762893
    endloop
  endfacet
  facet normal -0.774863 0.588517 -0.23073
    outer loop
      vertex -21.4851 -38.4831 0.748803
      vertex -21.7992 -38.755 1.11012
      vertex -21.5638 -38.4413 1.11972
    endloop
  endfacet
  facet normal -0.816882 0.257799 0.515987
    outer loop
      vertex -21.5902 -39.3104 2.96493
      vertex -21.9042 -39.5822 2.60362
      vertex -21.7283 -39.6758 2.92886
    endloop
  endfacet
  facet normal -0.997412 0.0174701 0.0697388
    outer loop
      vertex -22.1812 -39.8575 1.86132
      vertex -22.2131 -40.2364 1.5
      vertex -22.19 -40.2487 1.83346
    endloop
  endfacet
  facet normal 0.774992 0.502994 0.382602
    outer loop
      vertex -17.7163 -38.8831 2.37443
      vertex -17.7633 -38.8618 2.44163
      vertex -17.6656 -39.022 2.45434
    endloop
  endfacet
  facet normal 0.90916 0.316172 0.271042
    outer loop
      vertex -17.3592 -39.499 2.08745
      vertex -17.4619 -39.1302 2.00173
      vertex -17.46 -39.4454 2.36304
    endloop
  endfacet
  facet normal 0.631398 -0.684706 -0.364025
    outer loop
      vertex -17.9505 -41.6845 0.748803
      vertex -18.3499 -41.8947 0.451419
      vertex -18.0794 -41.616 0.396383
    endloop
  endfacet
  facet normal 0.920706 -0.140545 -0.364072
    outer loop
      vertex -17.4025 -40.6539 0.748803
      vertex -17.5314 -40.5854 0.396383
      vertex -17.4516 -40.2052 0.451419
    endloop
  endfacet
  facet normal 0.961425 -0.162369 -0.222031
    outer loop
      vertex -17.3239 -40.6957 1.11972
      vertex -17.4025 -40.6539 0.748803
      vertex -17.2544 -40.3101 1.13868
    endloop
  endfacet
  facet normal 0.692825 -0.717224 0.0747279
    outer loop
      vertex -17.8454 -41.7403 1.5
      vertex -18.1527 -41.9995 1.86132
      vertex -18.1276 -42.0129 1.5
    endloop
  endfacet
  facet normal 0.572088 -0.817196 -0.0700482
    outer loop
      vertex -18.1276 -42.0129 1.5
      vertex -18.449 -42.2379 1.5
      vertex -18.1527 -41.9995 1.13868
    endloop
  endfacet
  facet normal 0.0746625 -0.839199 0.538674
    outer loop
      vertex -19.2932 -42.1484 2.84422
      vertex -19.7676 -42.2103 2.81354
      vertex -19.5966 -42.3013 2.64807
    endloop
  endfacet
  facet normal 0.572306 -0.817066 -0.069784
    outer loop
      vertex -18.449 -42.2379 1.5
      vertex -18.4721 -42.2256 1.16654
      vertex -18.1527 -41.9995 1.13868
    endloop
  endfacet
  facet normal 0.276381 -0.946721 -0.165326
    outer loop
      vertex -18.8222 -42.3989 1.20262
      vertex -19.2469 -42.4872 0.998274
      vertex -18.8837 -42.3662 0.912555
    endloop
  endfacet
  facet normal -0.477513 -0.54572 0.688601
    outer loop
      vertex -20.7426 -41.3778 3.37761
      vertex -21.0533 -41.5267 3.04415
      vertex -20.8345 -41.6431 3.10363
    endloop
  endfacet
  facet normal -0.324332 -0.836069 -0.44249
    outer loop
      vertex -20.3621 -42.1554 0.257687
      vertex -20.5411 -42.2619 0.590117
      vertex -20.5381 -42.0618 0.209836
    endloop
  endfacet
  facet normal -0.185603 -0.701048 0.688538
    outer loop
      vertex -19.9614 -41.7932 3.30797
      vertex -20.2175 -41.657 3.37761
      vertex -20.1673 -41.9978 3.04415
    endloop
  endfacet
  facet normal 0.201725 -0.906823 0.370107
    outer loop
      vertex -19.1221 -42.2394 2.61739
      vertex -19.4505 -42.379 2.45434
      vertex -18.9845 -42.3126 2.36304
    endloop
  endfacet
  facet normal -0.552927 0.806763 -0.208339
    outer loop
      vertex -20.8945 -37.9787 0.8413
      vertex -21.2829 -38.1681 1.13868
      vertex -20.9635 -37.942 1.16654
    endloop
  endfacet
  facet normal 0.17688 -0.443009 0.878895
    outer loop
      vertex -19.0174 -41.1172 3.66597
      vertex -19.3285 -40.9518 3.81195
      vertex -19.2411 -41.4208 3.55796
    endloop
  endfacet
  facet normal -0.920663 0.140603 0.364157
    outer loop
      vertex -22.0331 -39.5137 2.2512
      vertex -22.1065 -39.8973 2.21374
      vertex -21.984 -39.9624 2.54858
    endloop
  endfacet
  facet normal -0.631423 0.684637 0.364112
    outer loop
      vertex -21.2082 -38.2078 2.21374
      vertex -21.4851 -38.4831 2.2512
      vertex -21.0857 -38.2729 2.54858
    endloop
  endfacet
  facet normal -0.719147 -0.694428 0.0244539
    outer loop
      vertex -21.6365 -41.6795 1.64966
      vertex -21.6469 -41.674 1.5
      vertex -21.3744 -41.9562 1.5
    endloop
  endfacet
  facet normal -0.806957 -0.370456 0.459981
    outer loop
      vertex -21.6669 -40.8863 2.84422
      vertex -21.7701 -41.1456 2.45434
      vertex -21.624 -41.2233 2.64807
    endloop
  endfacet
  facet normal -0.818689 -0.573134 -0.0355759
    outer loop
      vertex -21.6469 -41.674 1.5
      vertex -21.8719 -41.3526 1.5
      vertex -21.8577 -41.3602 1.29566
    endloop
  endfacet
  facet normal -0.818607 -0.573236 -0.0358193
    outer loop
      vertex -21.6469 -41.674 1.5
      vertex -21.8577 -41.3602 1.29566
      vertex -21.6365 -41.6795 1.35034
    endloop
  endfacet
  facet normal 0.340873 0.167863 0.925001
    outer loop
      vertex -18.6385 -39.5742 3.69665
      vertex -18.9496 -39.4087 3.78126
      vertex -18.7805 -39.9212 3.81195
    endloop
  endfacet
  facet normal -0.294157 0.505428 0.81118
    outer loop
      vertex -20.1945 -38.7468 3.55796
      vertex -20.4674 -38.6017 3.36859
      vertex -20.4183 -39.0504 3.66597
    endloop
  endfacet
  facet normal 0.572306 -0.817066 0.069784
    outer loop
      vertex -18.1527 -41.9995 1.86132
      vertex -18.4721 -42.2256 1.83346
      vertex -18.449 -42.2379 1.5
    endloop
  endfacet
  facet normal 0.631395 -0.684709 0.364024
    outer loop
      vertex -18.0794 -41.616 2.60362
      vertex -18.3499 -41.8947 2.54858
      vertex -17.9505 -41.6845 2.2512
    endloop
  endfacet
  facet normal 0.571539 -0.652933 0.497012
    outer loop
      vertex -18.2553 -41.5224 2.92886
      vertex -18.5171 -41.8058 2.85761
      vertex -18.0794 -41.616 2.60362
    endloop
  endfacet
  facet normal -0.0787192 -0.307145 0.948401
    outer loop
      vertex -19.9918 -40.5991 3.93092
      vertex -20.167 -40.9285 3.8097
      vertex -19.8479 -41.0981 3.78126
    endloop
  endfacet
  facet normal 0.260632 -0.315178 0.912543
    outer loop
      vertex -19.1299 -40.6186 3.87031
      vertex -19.3285 -40.9518 3.81195
      vertex -19.0174 -41.1172 3.66597
    endloop
  endfacet
  facet normal 0.382433 -0.380014 0.84222
    outer loop
      vertex -18.5164 -40.9447 3.51631
      vertex -19.0174 -41.1172 3.66597
      vertex -18.7302 -41.2699 3.46666
    endloop
  endfacet
  facet normal 0.188893 -0.764957 0.615759
    outer loop
      vertex -19.2248 -41.8254 3.2245
      vertex -19.2932 -42.1484 2.84422
      vertex -19.0002 -41.9448 3.00727
    endloop
  endfacet
  facet normal 0.276792 0.0294232 0.960479
    outer loop
      vertex -18.7805 -39.9212 3.81195
      vertex -19.2815 -40.0936 3.96161
      vertex -18.9457 -40.2722 3.87031
    endloop
  endfacet
  facet normal 0.396479 0.30208 0.866921
    outer loop
      vertex -18.523 -39.2397 3.52727
      vertex -18.9496 -39.4087 3.78126
      vertex -18.6385 -39.5742 3.69665
    endloop
  endfacet
  facet normal 0.382433 -0.380015 0.842219
    outer loop
      vertex -18.8109 -40.7882 3.72065
      vertex -19.0174 -41.1172 3.66597
      vertex -18.5164 -40.9447 3.51631
    endloop
  endfacet
  facet normal 0.961426 -0.162369 0.222029
    outer loop
      vertex -17.2544 -40.3101 1.86132
      vertex -17.4025 -40.6539 2.2512
      vertex -17.3239 -40.6957 1.88028
    endloop
  endfacet
  facet normal 0.583598 0.0386427 0.811123
    outer loop
      vertex -18.3428 -39.7314 3.55796
      vertex -18.4694 -40.0866 3.66597
      vertex -18.07 -39.8764 3.36859
    endloop
  endfacet
  facet normal 0.141648 0.101334 0.984717
    outer loop
      vertex -19.4438 -39.5685 3.93092
      vertex -19.6257 -39.9106 3.99229
      vertex -19.2815 -40.0936 3.96161
    endloop
  endfacet
  facet normal 0.3408 0.167841 0.925032
    outer loop
      vertex -18.9496 -39.4087 3.78126
      vertex -19.108 -39.747 3.901
      vertex -18.7805 -39.9212 3.81195
    endloop
  endfacet
  facet normal -0.569063 -0.815928 -0.102117
    outer loop
      vertex -21.028 -42.2099 1.38471
      vertex -21.2759 -42.0085 1.15696
      vertex -21.2234 -42.0364 1.08732
    endloop
  endfacet
  facet normal -0.34142 -0.895211 -0.286409
    outer loop
      vertex -20.4186 -42.327 0.647567
      vertex -20.6251 -42.3546 0.979997
      vertex -20.5411 -42.2619 0.590117
    endloop
  endfacet
  facet normal -0.864661 -0.339909 -0.369897
    outer loop
      vertex -21.8876 -41.0831 0.762893
      vertex -21.9756 -40.7222 0.636958
      vertex -21.7701 -41.1456 0.545661
    endloop
  endfacet
  facet normal -0.735973 0.214956 -0.641979
    outer loop
      vertex -21.651 -39.6233 0
      vertex -21.5902 -39.3104 0.0350676
      vertex -21.5637 -39.3244 0
    endloop
  endfacet
  facet normal -0.73638 0.214982 -0.641504
    outer loop
      vertex -21.5902 -39.3104 0.0350676
      vertex -21.651 -39.6233 0
      vertex -21.7283 -39.6758 0.0711384
    endloop
  endfacet
  facet normal -0.672184 0.706304 0.222043
    outer loop
      vertex -21.2829 -38.1681 1.86132
      vertex -21.4851 -38.4831 2.2512
      vertex -21.2082 -38.2078 2.21374
    endloop
  endfacet
  facet normal -0.920665 0.140603 -0.364153
    outer loop
      vertex -21.984 -39.9624 0.451419
      vertex -22.1065 -39.8973 0.786264
      vertex -22.0331 -39.5137 0.748803
    endloop
  endfacet
  facet normal -0.920706 0.140545 -0.364072
    outer loop
      vertex -21.984 -39.9624 0.451419
      vertex -22.0331 -39.5137 0.748803
      vertex -21.9042 -39.5822 0.396383
    endloop
  endfacet
  facet normal 0.268353 -0.807045 -0.52599
    outer loop
      vertex -19.0133 -41.9538 0
      vertex -18.8084 -42.0467 0.247077
      vertex -19.2932 -42.1484 0.15578
    endloop
  endfacet
  facet normal 0.265361 -0.809134 -0.524295
    outer loop
      vertex -18.8084 -42.0467 0.247077
      vertex -19.0133 -41.9538 0
      vertex -18.9947 -41.9477 0
    endloop
  endfacet
  facet normal -0.157164 -0.924923 -0.346146
    outer loop
      vertex -19.903 -42.3995 0.576344
      vertex -20.3056 -42.3871 0.726007
      vertex -20.0406 -42.3263 0.443225
    endloop
  endfacet
  facet normal 0.107166 0.858282 -0.501864
    outer loop
      vertex -19.4965 -37.9436 0.246515
      vertex -19.668 -37.9573 0.186464
      vertex -19.551 -37.9076 0.296444
    endloop
  endfacet
  facet normal -0.732528 0.566285 -0.377788
    outer loop
      vertex -21.3563 -38.5516 0.396383
      vertex -21.7186 -38.7978 0.729839
      vertex -21.4851 -38.4831 0.748803
    endloop
  endfacet
  facet normal -0.736297 0.214526 -0.641751
    outer loop
      vertex -21.6746 -39.7043 0
      vertex -21.7283 -39.6758 0.0711384
      vertex -21.651 -39.6233 0
    endloop
  endfacet
  facet normal -0.939874 -0.013279 -0.341263
    outer loop
      vertex -21.984 -39.9624 0.451419
      vertex -22.121 -40.2854 0.8413
      vertex -22.1065 -39.8973 0.786264
    endloop
  endfacet
  facet normal -0.878923 0.290697 0.37814
    outer loop
      vertex -21.9028 -39.1442 2.27016
      vertex -21.9042 -39.5822 2.60362
      vertex -21.7706 -39.2145 2.63148
    endloop
  endfacet
  facet normal -0.631342 0.684849 0.363853
    outer loop
      vertex -21.0857 -38.2729 2.54858
      vertex -21.4851 -38.4831 2.2512
      vertex -21.3563 -38.5516 2.60362
    endloop
  endfacet
  facet normal -0.879025 0.290583 0.37799
    outer loop
      vertex -21.9028 -39.1442 2.27016
      vertex -22.0331 -39.5137 2.2512
      vertex -21.9042 -39.5822 2.60362
    endloop
  endfacet
  facet normal -0.970683 -0.148241 -0.189204
    outer loop
      vertex -22.1379 -40.6359 1.20262
      vertex -22.19 -40.2487 1.16654
      vertex -22.121 -40.2854 0.8413
    endloop
  endfacet
  facet normal 0.257572 0.778264 0.572679
    outer loop
      vertex -19.1874 -38.1043 2.91875
      vertex -19.2683 -38.1698 3.04415
      vertex -19.1284 -38.1456 2.94834
    endloop
  endfacet
  facet normal 0.897837 0.43787 -0.046452
    outer loop
      vertex -17.4668 -39.0223 1.4176
      vertex -17.4094 -39.1582 1.24601
      vertex -17.4816 -39.0079 1.26728
    endloop
  endfacet
  facet normal 0.897976 0.437612 -0.046201
    outer loop
      vertex -17.4094 -39.1582 1.24601
      vertex -17.4668 -39.0223 1.4176
      vertex -17.3918 -39.1675 1.5
    endloop
  endfacet
  facet normal 0.970717 0.148142 0.189109
    outer loop
      vertex -17.2977 -39.5317 1.79738
      vertex -17.3592 -39.499 2.08745
      vertex -17.3146 -39.8822 2.1587
    endloop
  endfacet
  facet normal 0.819158 0.22886 0.525931
    outer loop
      vertex -17.7687 -39.2813 2.84422
      vertex -17.7737 -39.6381 3.00727
      vertex -17.5819 -39.7401 2.75292
    endloop
  endfacet
  facet normal 0.219284 0.54768 0.807441
    outer loop
      vertex -18.9556 -38.6502 3.40101
      vertex -19.2181 -38.5106 3.37761
      vertex -19.1046 -38.9305 3.6316
    endloop
  endfacet
  facet normal 0.921191 -0.313252 0.230826
    outer loop
      vertex -17.4025 -40.6539 2.2512
      vertex -17.5329 -41.0234 2.27016
      vertex -17.4522 -41.0663 1.88988
    endloop
  endfacet
  facet normal 0.880168 -0.468169 -0.078245
    outer loop
      vertex -17.4252 -41.0807 1.5
      vertex -17.6364 -41.4126 1.11012
      vertex -17.4522 -41.0663 1.11012
    endloop
  endfacet
  facet normal 0.880258 -0.467963 -0.0784694
    outer loop
      vertex -17.6364 -41.4126 1.11012
      vertex -17.4252 -41.0807 1.5
      vertex -17.6093 -41.427 1.5
    endloop
  endfacet
  facet normal 0.81686 -0.25755 -0.516147
    outer loop
      vertex -17.5314 -40.5854 0.396383
      vertex -17.8454 -40.8572 0.0350676
      vertex -17.7074 -40.4918 0.0711384
    endloop
  endfacet
  facet normal 0.774765 -0.588746 -0.230473
    outer loop
      vertex -17.6364 -41.4126 1.11012
      vertex -17.9505 -41.6845 0.748803
      vertex -17.717 -41.3698 0.729839
    endloop
  endfacet
  facet normal 0.736338 -0.214753 -0.641629
    outer loop
      vertex -17.8454 -40.8572 0.0350676
      vertex -17.7847 -40.5443 0
      vertex -17.7074 -40.4918 0.0711384
    endloop
  endfacet
  facet normal 0.735744 -0.214715 -0.642322
    outer loop
      vertex -17.7847 -40.5443 0
      vertex -17.8454 -40.8572 0.0350676
      vertex -17.8719 -40.8431 0
    endloop
  endfacet
  facet normal 0.98202 -0.173319 0.0748133
    outer loop
      vertex -17.2544 -40.3101 1.86132
      vertex -17.3239 -40.6957 1.88028
      vertex -17.2974 -40.7097 1.5
    endloop
  endfacet
  facet normal 0.939873 0.0132831 0.341267
    outer loop
      vertex -17.3146 -39.8822 2.1587
      vertex -17.4516 -40.2052 2.54858
      vertex -17.3291 -40.2703 2.21374
    endloop
  endfacet
  facet normal 0.692825 -0.717224 -0.0747279
    outer loop
      vertex -18.1276 -42.0129 1.5
      vertex -18.1527 -41.9995 1.13868
      vertex -17.8454 -41.7403 1.5
    endloop
  endfacet
  facet normal 0.774766 -0.588744 0.230473
    outer loop
      vertex -17.717 -41.3698 2.27016
      vertex -17.9505 -41.6845 2.2512
      vertex -17.6364 -41.4126 1.88988
    endloop
  endfacet
  facet normal 0.385331 -0.869158 -0.309975
    outer loop
      vertex -18.8837 -42.3662 0.912555
      vertex -18.9845 -42.3126 0.636958
      vertex -18.5411 -42.1889 0.8413
    endloop
  endfacet
  facet normal 0.138995 -0.989228 -0.0459075
    outer loop
      vertex -19.1767 -42.5245 1.5
      vertex -19.5794 -42.5716 1.29566
      vertex -19.1944 -42.5152 1.24601
    endloop
  endfacet
  facet normal 0.420011 -0.887596 -0.189113
    outer loop
      vertex -18.8222 -42.3989 1.20262
      vertex -18.8837 -42.3662 0.912555
      vertex -18.5411 -42.1889 0.8413
    endloop
  endfacet
  facet normal 0.385319 -0.869177 -0.309937
    outer loop
      vertex -18.5411 -42.1889 0.8413
      vertex -18.9845 -42.3126 0.636958
      vertex -18.6541 -42.1288 0.532274
    endloop
  endfacet
  facet normal -0.551217 -0.783684 -0.286355
    outer loop
      vertex -21.093 -42.1058 0.979997
      vertex -21.1856 -41.9192 0.647567
      vertex -21.0632 -41.9843 0.590117
    endloop
  endfacet
  facet normal -0.567034 -0.817087 -0.104126
    outer loop
      vertex -21.028 -42.2099 1.38471
      vertex -21.2234 -42.0364 1.08732
      vertex -21.0103 -42.2192 1.3613
    endloop
  endfacet
  facet normal 0.246072 -0.930598 -0.27099
    outer loop
      vertex -18.8837 -42.3662 0.912555
      vertex -19.2469 -42.4872 0.998274
      vertex -18.9845 -42.3126 0.636958
    endloop
  endfacet
  facet normal -0.075461 -0.968364 -0.237857
    outer loop
      vertex -19.6909 -42.5123 0.906977
      vertex -20.1187 -42.4865 0.937661
      vertex -19.7855 -42.462 0.732208
    endloop
  endfacet
  facet normal 0.29191 -0.954846 0.0553048
    outer loop
      vertex -18.8222 -42.3989 1.79738
      vertex -19.1944 -42.5152 1.75399
      vertex -19.1767 -42.5245 1.5
    endloop
  endfacet
  facet normal -0.0754588 -0.968365 0.237857
    outer loop
      vertex -19.7855 -42.462 2.26779
      vertex -20.1187 -42.4865 2.06234
      vertex -19.6909 -42.5123 2.09302
    endloop
  endfacet
  facet normal 0.419877 -0.887633 0.189238
    outer loop
      vertex -18.5411 -42.1889 2.1587
      vertex -18.8222 -42.3989 1.79738
      vertex -18.4721 -42.2256 1.83346
    endloop
  endfacet
  facet normal 0.0639149 -0.949332 0.307707
    outer loop
      vertex -19.4505 -42.379 2.45434
      vertex -19.6909 -42.5123 2.09302
      vertex -19.333 -42.4415 2.23711
    endloop
  endfacet
  facet normal -0.601658 -0.798657 0.0124334
    outer loop
      vertex -21.368 -41.9596 1.5913
      vertex -21.3744 -41.9562 1.5
      vertex -21.0589 -42.1934 1.53068
    endloop
  endfacet
  facet normal -0.325661 -0.945401 0.0127349
    outer loop
      vertex -20.3501 -42.5008 1.5913
      vertex -20.7168 -42.3753 1.53068
      vertex -20.3438 -42.5042 1.5
    endloop
  endfacet
  facet normal 0.42022 0.691928 0.58707
    outer loop
      vertex -18.6011 -38.5245 3.10363
      vertex -18.7089 -38.3619 2.98915
      vertex -18.8253 -38.4053 3.12362
    endloop
  endfacet
  facet normal 0.420505 0.691953 0.586837
    outer loop
      vertex -18.7089 -38.3619 2.98915
      vertex -18.6011 -38.5245 3.10363
      vertex -18.5735 -38.4274 2.96936
    endloop
  endfacet
  facet normal -0.386007 0.718115 0.57906
    outer loop
      vertex -20.6272 -38.1208 2.75292
      vertex -20.9185 -38.3618 2.85761
      vertex -20.4354 -38.2228 3.00727
    endloop
  endfacet
  facet normal -0.0513963 0.376271 0.925083
    outer loop
      vertex -19.5877 -39.0694 3.78126
      vertex -20.1071 -39.2158 3.81195
      vertex -19.7796 -39.39 3.901
    endloop
  endfacet
  facet normal 0.00479138 0.174102 0.984716
    outer loop
      vertex -19.4438 -39.5685 3.93092
      vertex -19.97 -39.7276 3.96161
      vertex -19.6257 -39.9106 3.99229
    endloop
  endfacet
  facet normal -0.260494 0.315174 0.912583
    outer loop
      vertex -20.4183 -39.0504 3.66597
      vertex -20.6248 -39.3794 3.72065
      vertex -20.3057 -39.549 3.87031
    endloop
  endfacet
  facet normal -0.670568 0.532939 0.516057
    outer loop
      vertex -21.3563 -38.5516 2.60362
      vertex -21.5864 -38.8681 2.63148
      vertex -21.406 -38.964 2.96493
    endloop
  endfacet
  facet normal -0.982017 0.173317 -0.0748586
    outer loop
      vertex -22.1117 -39.4719 1.11972
      vertex -22.1812 -39.8575 1.13868
      vertex -22.1382 -39.4578 1.5
    endloop
  endfacet
  facet normal -0.860977 0.108634 0.496907
    outer loop
      vertex -21.7283 -39.6758 2.92886
      vertex -21.9042 -39.5822 2.60362
      vertex -21.8168 -40.0513 2.85761
    endloop
  endfacet
  facet normal -0.63959 0.163489 0.75113
    outer loop
      vertex -21.1033 -39.5692 3.51631
      vertex -21.3659 -39.4296 3.26232
      vertex -21.2534 -39.9283 3.46666
    endloop
  endfacet
  facet normal -0.822748 -0.477845 -0.307814
    outer loop
      vertex -21.7462 -41.4195 0.906977
      vertex -21.7701 -41.1456 0.545661
      vertex -21.6516 -41.4698 0.732208
    endloop
  endfacet
  facet normal -0.859874 -0.45816 -0.22518
    outer loop
      vertex -21.8154 -41.3827 1.09635
      vertex -21.9737 -41.0374 0.998274
      vertex -21.7462 -41.4195 0.906977
    endloop
  endfacet
  facet normal 0.774976 0.502994 -0.382636
    outer loop
      vertex -17.6656 -39.022 0.545661
      vertex -17.7633 -38.8618 0.558374
      vertex -17.7163 -38.8831 0.625566
    endloop
  endfacet
  facet normal -0.692693 0.717351 -0.0747235
    outer loop
      vertex -21.2829 -38.1681 1.13868
      vertex -21.5902 -38.4272 1.5
      vertex -21.308 -38.1547 1.5
    endloop
  endfacet
  facet normal -0.125854 0.982312 0.138649
    outer loop
      vertex -20.0633 -37.6485 1.88955
      vertex -20.1887 -37.6804 2.00173
      vertex -20.033 -37.6547 1.96098
    endloop
  endfacet
  facet normal 0.108481 0.857907 0.502223
    outer loop
      vertex -19.4468 -37.9765 2.79904
      vertex -19.4762 -38.0592 2.94666
      vertex -19.3783 -38.0028 2.82917
    endloop
  endfacet
  facet normal 0.107772 0.858036 0.502155
    outer loop
      vertex -19.4965 -37.9436 2.75349
      vertex -19.4762 -38.0592 2.94666
      vertex -19.4468 -37.9765 2.79904
    endloop
  endfacet
  facet normal 0.107305 0.858058 0.502217
    outer loop
      vertex -19.4762 -38.0592 2.94666
      vertex -19.4965 -37.9436 2.75349
      vertex -19.668 -37.9573 2.81354
    endloop
  endfacet
  facet normal 0.107162 0.858284 0.501861
    outer loop
      vertex -19.551 -37.9076 2.70356
      vertex -19.668 -37.9573 2.81354
      vertex -19.4965 -37.9436 2.75349
    endloop
  endfacet
  facet normal 0.732512 -0.566065 0.378148
    outer loop
      vertex -17.8492 -41.2995 2.63148
      vertex -18.0794 -41.616 2.60362
      vertex -17.717 -41.3698 2.27016
    endloop
  endfacet
  facet normal 0.920706 -0.140541 0.364072
    outer loop
      vertex -17.4516 -40.2052 2.54858
      vertex -17.5314 -40.5854 2.60362
      vertex -17.4025 -40.6539 2.2512
    endloop
  endfacet
  facet normal 0.732467 -0.566245 0.377966
    outer loop
      vertex -17.717 -41.3698 2.27016
      vertex -18.0794 -41.616 2.60362
      vertex -17.9505 -41.6845 2.2512
    endloop
  endfacet
  facet normal 0.458497 -0.756846 0.465794
    outer loop
      vertex -18.5171 -41.8058 2.85761
      vertex -18.8084 -42.0467 2.75292
      vertex -18.3499 -41.8947 2.54858
    endloop
  endfacet
  facet normal 0.51461 -0.786612 0.341202
    outer loop
      vertex -18.3499 -41.8947 2.54858
      vertex -18.5411 -42.1889 2.1587
      vertex -18.2274 -41.9598 2.21374
    endloop
  endfacet
  facet normal 0.458525 -0.756745 0.465932
    outer loop
      vertex -18.3499 -41.8947 2.54858
      vertex -18.8084 -42.0467 2.75292
      vertex -18.6541 -42.1288 2.46773
    endloop
  endfacet
  facet normal -0.00156764 -0.663479 0.748193
    outer loop
      vertex -19.7495 -41.5464 3.52727
      vertex -19.9614 -41.7932 3.30797
      vertex -19.718 -41.9225 3.19382
    endloop
  endfacet
  facet normal 0.385992 -0.718299 0.57884
    outer loop
      vertex -18.5171 -41.8058 2.85761
      vertex -19.0002 -41.9448 3.00727
      vertex -18.8084 -42.0467 2.75292
    endloop
  endfacet
  facet normal 0.298598 -0.671681 0.678
    outer loop
      vertex -18.9683 -41.5659 3.36859
      vertex -19.0002 -41.9448 3.00727
      vertex -18.7249 -41.6953 3.1332
    endloop
  endfacet
  facet normal 0.670486 -0.533068 0.51603
    outer loop
      vertex -18.0296 -41.2036 2.96493
      vertex -18.2553 -41.5224 2.92886
      vertex -18.0794 -41.616 2.60362
    endloop
  endfacet
  facet normal -0.00479138 -0.174102 0.984716
    outer loop
      vertex -19.8099 -40.257 3.99229
      vertex -19.9918 -40.5991 3.93092
      vertex -19.4656 -40.44 3.96161
    endloop
  endfacet
  facet normal 0.206091 -0.10959 0.972377
    outer loop
      vertex -19.2815 -40.0936 3.96161
      vertex -19.1299 -40.6186 3.87031
      vertex -18.9457 -40.2722 3.87031
    endloop
  endfacet
  facet normal 0.206161 -0.109567 0.972365
    outer loop
      vertex -19.1299 -40.6186 3.87031
      vertex -19.2815 -40.0936 3.96161
      vertex -19.4656 -40.44 3.96161
    endloop
  endfacet
  facet normal 0.723798 0.128078 0.678021
    outer loop
      vertex -17.7737 -39.6381 3.00727
      vertex -18.07 -39.8764 3.36859
      vertex -17.8266 -40.0058 3.1332
    endloop
  endfacet
  facet normal 0.690143 -0.0178704 0.723452
    outer loop
      vertex -18.07 -39.8764 3.36859
      vertex -18.1822 -40.2393 3.46666
      vertex -17.8266 -40.0058 3.1332
    endloop
  endfacet
  facet normal 0.63959 -0.163489 0.75113
    outer loop
      vertex -18.1822 -40.2393 3.46666
      vertex -18.3323 -40.5984 3.51631
      vertex -18.0697 -40.738 3.26232
    endloop
  endfacet
  facet normal 0.623967 0.181141 0.760167
    outer loop
      vertex -17.9983 -39.5187 3.2245
      vertex -18.3428 -39.7314 3.55796
      vertex -18.07 -39.8764 3.36859
    endloop
  endfacet
  facet normal 0.736419 -0.214795 0.641522
    outer loop
      vertex -17.7074 -40.4918 2.92886
      vertex -18.0697 -40.738 3.26232
      vertex -17.8454 -40.8572 2.96493
    endloop
  endfacet
  facet normal 0.494062 -0.61173 0.61781
    outer loop
      vertex -18.2553 -41.5224 2.92886
      vertex -18.7249 -41.6953 3.1332
      vertex -18.5171 -41.8058 2.85761
    endloop
  endfacet
  facet normal 0.219365 0.547686 0.807415
    outer loop
      vertex -19.2181 -38.5106 3.37761
      vertex -19.399 -38.7739 3.60536
      vertex -19.1046 -38.9305 3.6316
    endloop
  endfacet
  facet normal 0.150941 0.432691 0.888817
    outer loop
      vertex -19.399 -38.7739 3.60536
      vertex -19.5877 -39.0694 3.78126
      vertex -19.1046 -38.9305 3.6316
    endloop
  endfacet
  facet normal 0.0788235 0.307114 0.948403
    outer loop
      vertex -19.2687 -39.2391 3.8097
      vertex -19.5877 -39.0694 3.78126
      vertex -19.4438 -39.5685 3.93092
    endloop
  endfacet
  facet normal 0.210538 0.237102 0.948397
    outer loop
      vertex -18.9496 -39.4087 3.78126
      vertex -19.4438 -39.5685 3.93092
      vertex -19.108 -39.747 3.901
    endloop
  endfacet
  facet normal -0.210538 -0.237102 0.948397
    outer loop
      vertex -20.3276 -40.4206 3.901
      vertex -20.486 -40.7589 3.78126
      vertex -19.9918 -40.5991 3.93092
    endloop
  endfacet
  facet normal -0.988281 -0.138881 0.0633391
    outer loop
      vertex -22.19 -40.2487 1.83346
      vertex -22.2131 -40.2364 1.5
      vertex -22.1379 -40.6359 1.79738
    endloop
  endfacet
  facet normal -0.468175 -0.827915 0.308819
    outer loop
      vertex -20.9343 -42.0529 2.44493
      vertex -20.9397 -42.1873 2.07643
      vertex -20.8591 -42.2302 2.08361
    endloop
  endfacet
  facet normal -0.601658 -0.798657 -0.0124334
    outer loop
      vertex -21.0589 -42.1934 1.46932
      vertex -21.3744 -41.9562 1.5
      vertex -21.368 -41.9596 1.4087
    endloop
  endfacet
  facet normal -0.0469575 -0.983572 0.174302
    outer loop
      vertex -19.6909 -42.5123 2.09302
      vertex -20.0495 -42.5233 1.93434
      vertex -19.9988 -42.5503 1.79564
    endloop
  endfacet
  facet normal -0.554568 -0.823696 0.118232
    outer loop
      vertex -20.9897 -42.2302 1.65869
      vertex -21.2234 -42.0364 1.91268
      vertex -21.0103 -42.2192 1.6387
    endloop
  endfacet
  facet normal 0.819094 0.228814 -0.52605
    outer loop
      vertex -17.5819 -39.7401 0.247077
      vertex -17.7687 -39.2813 0.15578
      vertex -17.5976 -39.3723 0.382612
    endloop
  endfacet
  facet normal 0.499892 0.64921 -0.573267
    outer loop
      vertex -18.4092 -38.5812 0
      vertex -18.3733 -38.5371 0.0812471
      vertex -18.3792 -38.6043 0
    endloop
  endfacet
  facet normal 0.500521 0.648716 -0.573277
    outer loop
      vertex -18.3733 -38.5371 0.0812471
      vertex -18.4092 -38.5812 0
      vertex -18.4405 -38.5114 0.0516575
    endloop
  endfacet
  facet normal 0.73988 0.271181 -0.61566
    outer loop
      vertex -17.8627 -39.3785 0
      vertex -17.9297 -39.1957 0
      vertex -17.7687 -39.2813 0.15578
    endloop
  endfacet
  facet normal -0.774863 0.588517 0.230728
    outer loop
      vertex -21.5638 -38.4413 1.88028
      vertex -21.7992 -38.755 1.88988
      vertex -21.4851 -38.4831 2.2512
    endloop
  endfacet
  facet normal -0.692671 0.717377 -0.0746858
    outer loop
      vertex -21.5638 -38.4413 1.11972
      vertex -21.5902 -38.4272 1.5
      vertex -21.2829 -38.1681 1.13868
    endloop
  endfacet
  facet normal -0.334418 0.842126 0.423069
    outer loop
      vertex -20.4511 -37.855 2.36304
      vertex -20.7815 -38.0388 2.46773
      vertex -20.6272 -38.1208 2.75292
    endloop
  endfacet
  facet normal -0.732531 0.566281 0.377789
    outer loop
      vertex -21.4851 -38.4831 2.2512
      vertex -21.7186 -38.7978 2.27016
      vertex -21.3563 -38.5516 2.60362
    endloop
  endfacet
  facet normal -0.291995 0.954826 -0.0551951
    outer loop
      vertex -20.2413 -37.6524 1.24601
      vertex -20.6134 -37.7687 1.20262
      vertex -20.2589 -37.6431 1.5
    endloop
  endfacet
  facet normal -0.78322 0.0673053 -0.618091
    outer loop
      vertex -21.6867 -39.845 0
      vertex -21.8168 -40.0513 0.142393
      vertex -21.7283 -39.6758 0.0711384
    endloop
  endfacet
  facet normal -0.783345 0.0675093 -0.61791
    outer loop
      vertex -21.8168 -40.0513 0.142393
      vertex -21.6867 -39.845 0
      vertex -21.7094 -40.1084 0
    endloop
  endfacet
  facet normal -0.654376 -0.728919 -0.20117
    outer loop
      vertex -21.2234 -42.0364 1.08732
      vertex -21.4855 -41.7598 0.937661
      vertex -21.3995 -41.8055 0.823505
    endloop
  endfacet
  facet normal -0.578587 -0.607628 -0.544082
    outer loop
      vertex -21.1474 -41.4767 0
      vertex -21.2421 -41.6875 0.336126
      vertex -21.2611 -41.4162 0.0533447
    endloop
  endfacet
  facet normal -0.578348 -0.607812 -0.54413
    outer loop
      vertex -21.2421 -41.6875 0.336126
      vertex -21.1474 -41.4767 0
      vertex -21.0752 -41.5454 0
    endloop
  endfacet
  facet normal -0.808734 -0.578482 -0.106335
    outer loop
      vertex -21.6055 -41.696 1.20436
      vertex -21.8577 -41.3602 1.29566
      vertex -21.8154 -41.3827 1.09635
    endloop
  endfacet
  facet normal -0.806911 -0.370521 -0.46001
    outer loop
      vertex -21.7701 -41.1456 0.545661
      vertex -21.838 -40.7953 0.382612
      vertex -21.6669 -40.8863 0.15578
    endloop
  endfacet
  facet normal -0.671586 0.357119 -0.649182
    outer loop
      vertex -21.3796 -38.9781 0
      vertex -21.5902 -39.3104 0.0350676
      vertex -21.406 -38.964 0.0350676
    endloop
  endfacet
  facet normal -0.671233 0.356841 -0.649701
    outer loop
      vertex -21.5902 -39.3104 0.0350676
      vertex -21.3796 -38.9781 0
      vertex -21.5637 -39.3244 0
    endloop
  endfacet
  facet normal -0.860875 0.108736 -0.497062
    outer loop
      vertex -21.8168 -40.0513 0.142393
      vertex -21.984 -39.9624 0.451419
      vertex -21.9042 -39.5822 0.396383
    endloop
  endfacet
  facet normal -0.921317 0.313057 -0.230588
    outer loop
      vertex -21.9028 -39.1442 0.729839
      vertex -22.0331 -39.5137 0.748803
      vertex -21.9834 -39.1013 1.11012
    endloop
  endfacet
  facet normal -0.883824 -0.0429383 -0.465845
    outer loop
      vertex -21.8537 -40.4275 0.247077
      vertex -21.984 -39.9624 0.451419
      vertex -21.8168 -40.0513 0.142393
    endloop
  endfacet
  facet normal -0.879026 0.290579 -0.37799
    outer loop
      vertex -21.9042 -39.5822 0.396383
      vertex -22.0331 -39.5137 0.748803
      vertex -21.9028 -39.1442 0.729839
    endloop
  endfacet
  facet normal -0.939483 -0.300152 -0.16517
    outer loop
      vertex -22.0262 -41.0094 1.24601
      vertex -22.1379 -40.6359 1.20262
      vertex -21.9737 -41.0374 0.998274
    endloop
  endfacet
  facet normal -0.954825 -0.291971 -0.0553423
    outer loop
      vertex -22.0438 -41 1.5
      vertex -22.1585 -40.6249 1.5
      vertex -22.1379 -40.6359 1.20262
    endloop
  endfacet
  facet normal -0.878922 0.290696 -0.378144
    outer loop
      vertex -21.7706 -39.2145 0.368523
      vertex -21.9042 -39.5822 0.396383
      vertex -21.9028 -39.1442 0.729839
    endloop
  endfacet
  facet normal -0.860981 0.10863 -0.496901
    outer loop
      vertex -21.8168 -40.0513 0.142393
      vertex -21.9042 -39.5822 0.396383
      vertex -21.7283 -39.6758 0.0711384
    endloop
  endfacet
  facet normal -0.796299 0.599914 0.0775247
    outer loop
      vertex -21.5902 -38.4272 1.5
      vertex -21.7992 -38.755 1.88988
      vertex -21.5638 -38.4413 1.88028
    endloop
  endfacet
  facet normal -0.921316 0.313059 0.230589
    outer loop
      vertex -21.9834 -39.1013 1.88988
      vertex -22.0331 -39.5137 2.2512
      vertex -21.9028 -39.1442 2.27016
    endloop
  endfacet
  facet normal -0.885106 -0.193711 0.423158
    outer loop
      vertex -21.8537 -40.4275 2.75292
      vertex -21.9756 -40.7222 2.36304
      vertex -21.838 -40.7953 2.61739
    endloop
  endfacet
  facet normal -0.942736 0.324358 0.0777215
    outer loop
      vertex -21.9834 -39.1013 1.88988
      vertex -22.1382 -39.4578 1.5
      vertex -22.1117 -39.4719 1.88028
    endloop
  endfacet
  facet normal -0.997402 0.0172931 0.0699236
    outer loop
      vertex -22.2063 -39.8442 1.5
      vertex -22.2131 -40.2364 1.5
      vertex -22.1812 -39.8575 1.86132
    endloop
  endfacet
  facet normal -0.95482 -0.291982 -0.0553573
    outer loop
      vertex -22.0438 -41 1.5
      vertex -22.1379 -40.6359 1.20262
      vertex -22.0262 -41.0094 1.24601
    endloop
  endfacet
  facet normal -0.46736 -0.82825 0.309153
    outer loop
      vertex -20.8021 -42.1231 2.45671
      vertex -20.9343 -42.0529 2.44493
      vertex -20.8591 -42.2302 2.08361
    endloop
  endfacet
  facet normal -0.885141 -0.444597 0.137326
    outer loop
      vertex -21.9737 -41.0374 2.00173
      vertex -22.0262 -41.0094 1.75399
      vertex -21.8577 -41.3602 1.70434
    endloop
  endfacet
  facet normal -0.67888 -0.647539 0.346144
    outer loop
      vertex -21.3965 -41.6054 2.55678
      vertex -21.5341 -41.5323 2.42366
      vertex -21.2987 -41.8591 2.27399
    endloop
  endfacet
  facet normal -0.583598 -0.0386427 0.811123
    outer loop
      vertex -20.9662 -40.081 3.66597
      vertex -21.3656 -40.2912 3.36859
      vertex -21.0928 -40.4362 3.55796
    endloop
  endfacet
  facet normal 0.339032 0.735145 0.587043
    outer loop
      vertex -18.7832 -38.326 3
      vertex -18.8544 -38.2845 2.98915
      vertex -18.8253 -38.4053 3.12362
    endloop
  endfacet
  facet normal 0.513791 0.239711 0.823746
    outer loop
      vertex -18.523 -39.2397 3.52727
      vertex -18.6385 -39.5742 3.69665
      vertex -18.3428 -39.7314 3.55796
    endloop
  endfacet
  facet normal 0.884902 0.44507 0.137335
    outer loop
      vertex -17.5057 -39.0085 1.88955
      vertex -17.5277 -38.9868 1.96098
      vertex -17.4619 -39.1302 2.00173
    endloop
  endfacet
  facet normal 0.548977 0.372391 0.748297
    outer loop
      vertex -18.1935 -39.0554 3.19382
      vertex -18.523 -39.2397 3.52727
      vertex -18.2501 -39.3848 3.39927
    endloop
  endfacet
  facet normal 0.885106 0.193711 0.423158
    outer loop
      vertex -17.46 -39.4454 2.36304
      vertex -17.5976 -39.3723 2.61739
      vertex -17.5819 -39.7401 2.75292
    endloop
  endfacet
  facet normal 0.997402 -0.0172931 -0.0699236
    outer loop
      vertex -17.2293 -40.3234 1.5
      vertex -17.2544 -40.3101 1.13868
      vertex -17.2225 -39.9312 1.5
    endloop
  endfacet
  facet normal 0.816876 -0.257703 -0.516045
    outer loop
      vertex -17.665 -40.9531 0.368523
      vertex -17.8454 -40.8572 0.0350676
      vertex -17.5314 -40.5854 0.396383
    endloop
  endfacet
  facet normal 0.732465 -0.566248 -0.377966
    outer loop
      vertex -17.9505 -41.6845 0.748803
      vertex -18.0794 -41.616 0.396383
      vertex -17.717 -41.3698 0.729839
    endloop
  endfacet
  facet normal 0.514614 -0.786611 -0.341198
    outer loop
      vertex -18.2274 -41.9598 0.786264
      vertex -18.5411 -42.1889 0.8413
      vertex -18.3499 -41.8947 0.451419
    endloop
  endfacet
  facet normal 0.815738 -0.433773 -0.382638
    outer loop
      vertex -17.5329 -41.0234 0.729839
      vertex -17.8492 -41.2995 0.368523
      vertex -17.665 -40.9531 0.368523
    endloop
  endfacet
  facet normal 0.815765 -0.433552 -0.382831
    outer loop
      vertex -17.8492 -41.2995 0.368523
      vertex -17.5329 -41.0234 0.729839
      vertex -17.717 -41.3698 0.729839
    endloop
  endfacet
  facet normal 0.590007 -0.490441 -0.641373
    outer loop
      vertex -18.0296 -41.2036 0.0350676
      vertex -18.255 -41.4289 0
      vertex -18.056 -41.1895 0
    endloop
  endfacet
  facet normal 0.589801 -0.490173 -0.641767
    outer loop
      vertex -18.255 -41.4289 0
      vertex -18.0296 -41.2036 0.0350676
      vertex -18.2553 -41.5224 0.0711384
    endloop
  endfacet
  facet normal 0.860875 -0.108736 -0.497062
    outer loop
      vertex -17.5314 -40.5854 0.396383
      vertex -17.6188 -40.1163 0.142393
      vertex -17.4516 -40.2052 0.451419
    endloop
  endfacet
  facet normal 0.93948 0.300053 -0.165364
    outer loop
      vertex -17.3592 -39.499 0.912555
      vertex -17.4619 -39.1302 0.998274
      vertex -17.2977 -39.5317 1.20262
    endloop
  endfacet
  facet normal 0.936042 0.166581 -0.309961
    outer loop
      vertex -17.3146 -39.8822 0.8413
      vertex -17.46 -39.4454 0.636958
      vertex -17.3592 -39.499 0.912555
    endloop
  endfacet
  facet normal 0.737528 0.407378 -0.538605
    outer loop
      vertex -17.7687 -39.2813 0.15578
      vertex -17.9827 -38.8533 0.186464
      vertex -17.8116 -38.9443 0.351928
    endloop
  endfacet
  facet normal 0.97808 -0.00703027 -0.208113
    outer loop
      vertex -17.2544 -40.3101 1.13868
      vertex -17.3291 -40.2703 0.786264
      vertex -17.3146 -39.8822 0.8413
    endloop
  endfacet
  facet normal 0.796311 -0.599919 0.0773679
    outer loop
      vertex -17.6364 -41.4126 1.88988
      vertex -17.8718 -41.7263 1.88028
      vertex -17.8454 -41.7403 1.5
    endloop
  endfacet
  facet normal 0.796219 -0.600023 0.0775056
    outer loop
      vertex -17.6364 -41.4126 1.88988
      vertex -17.8454 -41.7403 1.5
      vertex -17.6093 -41.427 1.5
    endloop
  endfacet
  facet normal 0.73647 -0.215486 -0.641231
    outer loop
      vertex -17.7074 -40.4918 0.0711384
      vertex -17.7847 -40.5443 0
      vertex -17.761 -40.4633 0
    endloop
  endfacet
  facet normal 0.276491 -0.946644 -0.165587
    outer loop
      vertex -19.1944 -42.5152 1.24601
      vertex -19.2469 -42.4872 0.998274
      vertex -18.8222 -42.3989 1.20262
    endloop
  endfacet
  facet normal 0.126148 -0.982398 -0.137767
    outer loop
      vertex -19.1944 -42.5152 1.24601
      vertex -19.5794 -42.5716 1.29566
      vertex -19.2469 -42.4872 0.998274
    endloop
  endfacet
  facet normal 0.437479 -0.896991 -0.0633922
    outer loop
      vertex -18.449 -42.2379 1.5
      vertex -18.8222 -42.3989 1.20262
      vertex -18.4721 -42.2256 1.16654
    endloop
  endfacet
  facet normal 0.437342 -0.897073 -0.0631762
    outer loop
      vertex -18.8016 -42.4098 1.5
      vertex -18.8222 -42.3989 1.20262
      vertex -18.449 -42.2379 1.5
    endloop
  endfacet
  facet normal 0.419877 -0.887633 -0.189238
    outer loop
      vertex -18.4721 -42.2256 1.16654
      vertex -18.8222 -42.3989 1.20262
      vertex -18.5411 -42.1889 0.8413
    endloop
  endfacet
  facet normal 0.552927 -0.806763 -0.208339
    outer loop
      vertex -18.4721 -42.2256 1.16654
      vertex -18.5411 -42.1889 0.8413
      vertex -18.1527 -41.9995 1.13868
    endloop
  endfacet
  facet normal -0.193616 -0.973858 -0.118802
    outer loop
      vertex -19.9988 -42.5503 1.20436
      vertex -20.3999 -42.4743 1.23505
      vertex -20.0495 -42.5233 1.06566
    endloop
  endfacet
  facet normal -0.578411 -0.607749 -0.544135
    outer loop
      vertex -21.0752 -41.5454 0
      vertex -21.0749 -41.7764 0.257687
      vertex -21.2421 -41.6875 0.336126
    endloop
  endfacet
  facet normal -0.578573 -0.607663 -0.544058
    outer loop
      vertex -21.0749 -41.7764 0.257687
      vertex -21.0752 -41.5454 0
      vertex -21.0564 -41.5633 0
    endloop
  endfacet
  facet normal 0.458525 -0.756751 -0.465922
    outer loop
      vertex -18.6541 -42.1288 0.532274
      vertex -18.8084 -42.0467 0.247077
      vertex -18.3499 -41.8947 0.451419
    endloop
  endfacet
  facet normal -0.0173246 -0.999221 -0.035471
    outer loop
      vertex -19.5652 -42.5791 1.5
      vertex -19.9574 -42.5723 1.5
      vertex -19.5794 -42.5716 1.29566
    endloop
  endfacet
  facet normal -0.358902 -0.92771 -0.102683
    outer loop
      vertex -20.7478 -42.3589 1.38471
      vertex -20.7654 -42.3495 1.3613
      vertex -20.4947 -42.4239 1.08732
    endloop
  endfacet
  facet normal 0.143992 -0.876115 0.460096
    outer loop
      vertex -19.2932 -42.1484 2.84422
      vertex -19.4505 -42.379 2.45434
      vertex -19.1221 -42.2394 2.61739
    endloop
  endfacet
  facet normal 0.437479 -0.896991 0.0633922
    outer loop
      vertex -18.4721 -42.2256 1.83346
      vertex -18.8222 -42.3989 1.79738
      vertex -18.449 -42.2379 1.5
    endloop
  endfacet
  facet normal 0.268364 -0.806933 0.526156
    outer loop
      vertex -18.8084 -42.0467 2.75292
      vertex -19.2932 -42.1484 2.84422
      vertex -19.1221 -42.2394 2.61739
    endloop
  endfacet
  facet normal 0.144095 -0.876119 0.460057
    outer loop
      vertex -19.2932 -42.1484 2.84422
      vertex -19.5966 -42.3013 2.64807
      vertex -19.4505 -42.379 2.45434
    endloop
  endfacet
  facet normal 0.138995 -0.989228 0.0459075
    outer loop
      vertex -19.1944 -42.5152 1.75399
      vertex -19.5794 -42.5716 1.70434
      vertex -19.1767 -42.5245 1.5
    endloop
  endfacet
  facet normal 0.126149 -0.982399 0.137765
    outer loop
      vertex -19.2469 -42.4872 2.00173
      vertex -19.5794 -42.5716 1.70434
      vertex -19.1944 -42.5152 1.75399
    endloop
  endfacet
  facet normal -0.298615 0.671719 0.677955
    outer loop
      vertex -20.4354 -38.2228 3.00727
      vertex -20.4674 -38.6017 3.36859
      vertex -20.2108 -38.3422 3.2245
    endloop
  endfacet
  facet normal 0.00499821 0.797062 0.603877
    outer loop
      vertex -19.668 -37.9573 2.81354
      vertex -19.9422 -38.1256 3.03795
      vertex -19.7176 -38.2451 3.19382
    endloop
  endfacet
  facet normal -0.294312 0.50539 0.811148
    outer loop
      vertex -20.4674 -38.6017 3.36859
      vertex -20.7054 -38.8977 3.46666
      vertex -20.4183 -39.0504 3.66597
    endloop
  endfacet
  facet normal -0.458644 0.756729 0.46584
    outer loop
      vertex -20.6272 -38.1208 2.75292
      vertex -21.0857 -38.2729 2.54858
      vertex -20.9185 -38.3618 2.85761
    endloop
  endfacet
  facet normal -0.0692588 0.0368287 0.996919
    outer loop
      vertex -19.97 -39.7276 3.96161
      vertex -19.8099 -40.257 3.99229
      vertex -19.6257 -39.9106 3.99229
    endloop
  endfacet
  facet normal -0.06927 0.0368253 0.996918
    outer loop
      vertex -19.8099 -40.257 3.99229
      vertex -19.97 -39.7276 3.96161
      vertex -20.1541 -40.0739 3.96161
    endloop
  endfacet
  facet normal 0.0047975 0.174083 0.984719
    outer loop
      vertex -19.7796 -39.39 3.901
      vertex -19.97 -39.7276 3.96161
      vertex -19.4438 -39.5685 3.93092
    endloop
  endfacet
  facet normal -0.407022 0.0398394 0.912549
    outer loop
      vertex -20.4899 -39.8954 3.87031
      vertex -20.9662 -40.081 3.66597
      vertex -20.6551 -40.2464 3.81195
    endloop
  endfacet
  facet normal -0.573432 0.304848 0.760423
    outer loop
      vertex -21.1818 -39.0833 3.26232
      vertex -21.1033 -39.5692 3.51631
      vertex -20.9192 -39.2229 3.51631
    endloop
  endfacet
  facet normal -0.573432 0.304848 0.760423
    outer loop
      vertex -21.1033 -39.5692 3.51631
      vertex -21.1818 -39.0833 3.26232
      vertex -21.3659 -39.4296 3.26232
    endloop
  endfacet
  facet normal -0.406996 0.0397563 0.912564
    outer loop
      vertex -20.8089 -39.7258 3.72065
      vertex -20.9662 -40.081 3.66597
      vertex -20.4899 -39.8954 3.87031
    endloop
  endfacet
  facet normal -0.461426 0.245232 0.852612
    outer loop
      vertex -20.9192 -39.2229 3.51631
      vertex -20.8089 -39.7258 3.72065
      vertex -20.6248 -39.3794 3.72065
    endloop
  endfacet
  facet normal -0.461349 0.245263 0.852645
    outer loop
      vertex -20.8089 -39.7258 3.72065
      vertex -20.9192 -39.2229 3.51631
      vertex -21.1033 -39.5692 3.51631
    endloop
  endfacet
  facet normal -0.752855 0.400334 0.522438
    outer loop
      vertex -21.7706 -39.2145 2.63148
      vertex -21.406 -38.964 2.96493
      vertex -21.5864 -38.8681 2.63148
    endloop
  endfacet
  facet normal -0.752855 0.400334 0.522438
    outer loop
      vertex -21.406 -38.964 2.96493
      vertex -21.7706 -39.2145 2.63148
      vertex -21.5902 -39.3104 2.96493
    endloop
  endfacet
  facet normal -0.736351 0.214969 0.641541
    outer loop
      vertex -21.5902 -39.3104 2.96493
      vertex -21.7283 -39.6758 2.92886
      vertex -21.3659 -39.4296 3.26232
    endloop
  endfacet
  facet normal -0.909096 -0.31628 -0.271131
    outer loop
      vertex -21.9737 -41.0374 0.998274
      vertex -21.9756 -40.7222 0.636958
      vertex -21.8876 -41.0831 0.762893
    endloop
  endfacet
  facet normal 0.492722 0.649522 -0.579091
    outer loop
      vertex -18.4092 -38.5812 0
      vertex -18.4418 -38.5109 0.0511122
      vertex -18.4405 -38.5114 0.0516575
    endloop
  endfacet
  facet normal 0.500855 0.648791 -0.5729
    outer loop
      vertex -18.5798 -38.4495 0
      vertex -18.4418 -38.5109 0.0511122
      vertex -18.4092 -38.5812 0
    endloop
  endfacet
  facet normal 0.500874 0.649827 -0.571708
    outer loop
      vertex -18.4418 -38.5109 0.0511122
      vertex -18.5798 -38.4495 0
      vertex -18.5735 -38.4274 0.0306392
    endloop
  endfacet
  facet normal -0.246439 0.930581 -0.270716
    outer loop
      vertex -20.1027 -37.7261 0.762893
      vertex -20.4511 -37.855 0.636958
      vertex -20.1887 -37.6804 0.998274
    endloop
  endfacet
  facet normal -0.188933 0.765038 -0.615647
    outer loop
      vertex -19.9814 -38.1048 0
      vertex -20.1705 -38.1515 0
      vertex -20.1424 -38.0192 0.15578
    endloop
  endfacet
  facet normal 0.0416688 0.893101 -0.447921
    outer loop
      vertex -19.551 -37.9076 0.296444
      vertex -19.668 -37.9573 0.186464
      vertex -19.6119 -37.8789 0.348003
    endloop
  endfacet
  facet normal -0.514652 0.786598 -0.34117
    outer loop
      vertex -20.7815 -38.0388 0.532274
      vertex -21.0857 -38.2729 0.451419
      vertex -20.8945 -37.9787 0.8413
    endloop
  endfacet
  facet normal -0.0163535 0.923824 0.382468
    outer loop
      vertex -19.7976 -37.7801 2.44163
      vertex -19.839 -37.8663 2.64807
      vertex -19.7197 -37.828 2.56066
    endloop
  endfacet
  facet normal -0.0159479 0.923802 0.382539
    outer loop
      vertex -19.839 -37.8663 2.64807
      vertex -19.7976 -37.7801 2.44163
      vertex -19.9851 -37.7886 2.45434
    endloop
  endfacet
  facet normal 0.50095 0.649145 0.572416
    outer loop
      vertex -18.3823 -38.6409 3.04415
      vertex -18.5735 -38.4274 2.96936
      vertex -18.6011 -38.5245 3.10363
    endloop
  endfacet
  facet normal 0.500514 0.648962 0.573005
    outer loop
      vertex -18.3823 -38.6409 3.04415
      vertex -18.4418 -38.5109 2.94889
      vertex -18.5735 -38.4274 2.96936
    endloop
  endfacet
  facet normal 0.494258 0.649564 0.577734
    outer loop
      vertex -18.4418 -38.5109 2.94889
      vertex -18.3823 -38.6409 3.04415
      vertex -18.4405 -38.5114 2.94834
    endloop
  endfacet
  facet normal 0.774863 -0.588517 0.230728
    outer loop
      vertex -17.6364 -41.4126 1.88988
      vertex -17.9505 -41.6845 2.2512
      vertex -17.8718 -41.7263 1.88028
    endloop
  endfacet
  facet normal 0.572088 -0.817196 0.0700482
    outer loop
      vertex -18.1527 -41.9995 1.86132
      vertex -18.449 -42.2379 1.5
      vertex -18.1276 -42.0129 1.5
    endloop
  endfacet
  facet normal 0.246347 -0.930584 0.270788
    outer loop
      vertex -18.9845 -42.3126 2.36304
      vertex -19.333 -42.4415 2.23711
      vertex -19.2469 -42.4872 2.00173
    endloop
  endfacet
  facet normal 0.514657 -0.786596 0.341167
    outer loop
      vertex -18.3499 -41.8947 2.54858
      vertex -18.6541 -42.1288 2.46773
      vertex -18.5411 -42.1889 2.1587
    endloop
  endfacet
  facet normal -0.420178 -0.691824 0.587222
    outer loop
      vertex -20.8345 -41.6431 3.10363
      vertex -20.899 -41.87 2.79016
      vertex -20.6103 -41.7623 3.12362
    endloop
  endfacet
  facet normal 0.493244 -0.438942 0.751026
    outer loop
      vertex -18.5164 -40.9447 3.51631
      vertex -18.7302 -41.2699 3.46666
      vertex -18.2539 -41.0843 3.26232
    endloop
  endfacet
  facet normal 0.337906 -0.179683 0.923869
    outer loop
      vertex -18.9457 -40.2722 3.87031
      vertex -18.8109 -40.7882 3.72065
      vertex -18.6267 -40.4418 3.72065
    endloop
  endfacet
  facet normal 0.337906 -0.179683 0.923869
    outer loop
      vertex -18.8109 -40.7882 3.72065
      vertex -18.9457 -40.2722 3.87031
      vertex -19.1299 -40.6186 3.87031
    endloop
  endfacet
  facet normal 0.294264 -0.505402 0.811158
    outer loop
      vertex -19.0174 -41.1172 3.66597
      vertex -19.2411 -41.4208 3.55796
      vertex -18.9683 -41.5659 3.36859
    endloop
  endfacet
  facet normal 0.130376 -0.245937 0.960478
    outer loop
      vertex -19.1299 -40.6186 3.87031
      vertex -19.4656 -40.44 3.96161
      vertex -19.3285 -40.9518 3.81195
    endloop
  endfacet
  facet normal 0.386003 -0.71816 0.579006
    outer loop
      vertex -18.7249 -41.6953 3.1332
      vertex -19.0002 -41.9448 3.00727
      vertex -18.5171 -41.8058 2.85761
    endloop
  endfacet
  facet normal 0.294211 -0.505415 0.811169
    outer loop
      vertex -18.7302 -41.2699 3.46666
      vertex -19.0174 -41.1172 3.66597
      vertex -18.9683 -41.5659 3.36859
    endloop
  endfacet
  facet normal -0.150796 -0.432763 0.888806
    outer loop
      vertex -20.167 -40.9285 3.8097
      vertex -20.3311 -41.2371 3.6316
      vertex -19.8479 -41.0981 3.78126
    endloop
  endfacet
  facet normal 0.46609 0.101309 0.878918
    outer loop
      vertex -18.6385 -39.5742 3.69665
      vertex -18.7805 -39.9212 3.81195
      vertex -18.3428 -39.7314 3.55796
    endloop
  endfacet
  facet normal 0.72382 0.128029 0.678006
    outer loop
      vertex -17.9983 -39.5187 3.2245
      vertex -18.07 -39.8764 3.36859
      vertex -17.7737 -39.6381 3.00727
    endloop
  endfacet
  facet normal 0.528928 -0.104586 0.842198
    outer loop
      vertex -18.4694 -40.0866 3.66597
      vertex -18.6267 -40.4418 3.72065
      vertex -18.3323 -40.5984 3.51631
    endloop
  endfacet
  facet normal 0.466168 0.101107 0.8789
    outer loop
      vertex -18.3428 -39.7314 3.55796
      vertex -18.7805 -39.9212 3.81195
      vertex -18.4694 -40.0866 3.66597
    endloop
  endfacet
  facet normal 0.811247 0.0815792 0.578985
    outer loop
      vertex -17.7737 -39.6381 3.00727
      vertex -17.8266 -40.0058 3.1332
      vertex -17.6188 -40.1163 2.85761
    endloop
  endfacet
  facet normal 0.736444 -0.214937 0.641445
    outer loop
      vertex -17.9261 -40.3755 3.21892
      vertex -18.0697 -40.738 3.26232
      vertex -17.7074 -40.4918 2.92886
    endloop
  endfacet
  facet normal 0.589925 -0.49024 0.641602
    outer loop
      vertex -18.2539 -41.0843 3.26232
      vertex -18.2553 -41.5224 2.92886
      vertex -18.0296 -41.2036 2.96493
    endloop
  endfacet
  facet normal 0.589962 -0.490224 0.64158
    outer loop
      vertex -18.2539 -41.0843 3.26232
      vertex -18.4741 -41.4061 3.21892
      vertex -18.2553 -41.5224 2.92886
    endloop
  endfacet
  facet normal 0.752855 -0.400334 0.522438
    outer loop
      vertex -18.0296 -41.2036 2.96493
      vertex -17.665 -40.9531 2.63148
      vertex -17.8454 -40.8572 2.96493
    endloop
  endfacet
  facet normal 0.752855 -0.400334 0.522438
    outer loop
      vertex -17.665 -40.9531 2.63148
      vertex -18.0296 -41.2036 2.96493
      vertex -17.8492 -41.2995 2.63148
    endloop
  endfacet
  facet normal 0.0787358 0.307093 0.948417
    outer loop
      vertex -19.5877 -39.0694 3.78126
      vertex -19.7796 -39.39 3.901
      vertex -19.4438 -39.5685 3.93092
    endloop
  endfacet
  facet normal -0.130341 0.245947 0.96048
    outer loop
      vertex -19.7796 -39.39 3.901
      vertex -20.1071 -39.2158 3.81195
      vertex -19.97 -39.7276 3.96161
    endloop
  endfacet
  facet normal 0.578444 0.607809 0.544032
    outer loop
      vertex -18.1745 -38.7514 2.94666
      vertex -18.3039 -38.5741 2.88616
      vertex -18.3823 -38.6409 3.04415
    endloop
  endfacet
  facet normal 0.578377 0.607792 0.544122
    outer loop
      vertex -18.3039 -38.5741 2.88616
      vertex -18.1745 -38.7514 2.94666
      vertex -18.1824 -38.6387 2.82917
    endloop
  endfacet
  facet normal 0.649038 0.319185 0.690558
    outer loop
      vertex -18.1935 -39.0554 3.19382
      vertex -18.2501 -39.3848 3.39927
      vertex -17.9983 -39.5187 3.2245
    endloop
  endfacet
  facet normal 0.0638205 -0.949319 0.307766
    outer loop
      vertex -19.4505 -42.379 2.45434
      vertex -19.7855 -42.462 2.26779
      vertex -19.6909 -42.5123 2.09302
    endloop
  endfacet
  facet normal 0.276491 -0.946644 0.165584
    outer loop
      vertex -18.8222 -42.3989 1.79738
      vertex -19.2469 -42.4872 2.00173
      vertex -19.1944 -42.5152 1.75399
    endloop
  endfacet
  facet normal -0.00185235 -0.663492 0.748181
    outer loop
      vertex -19.4766 -41.6915 3.39927
      vertex -19.7495 -41.5464 3.52727
      vertex -19.718 -41.9225 3.19382
    endloop
  endfacet
  facet normal -0.210569 -0.237021 0.94841
    outer loop
      vertex -19.9918 -40.5991 3.93092
      vertex -20.486 -40.7589 3.78126
      vertex -20.167 -40.9285 3.8097
    endloop
  endfacet
  facet normal -0.712425 -0.698004 0.0723942
    outer loop
      vertex -21.6055 -41.696 1.79564
      vertex -21.6365 -41.6795 1.64966
      vertex -21.368 -41.9596 1.5913
    endloop
  endfacet
  facet normal -0.719147 -0.694428 -0.0244539
    outer loop
      vertex -21.3744 -41.9562 1.5
      vertex -21.6469 -41.674 1.5
      vertex -21.6365 -41.6795 1.35034
    endloop
  endfacet
  facet normal -0.474315 -0.866343 0.156445
    outer loop
      vertex -20.8591 -42.2302 2.08361
      vertex -20.915 -42.27 1.69373
      vertex -20.8879 -42.2844 1.69615
    endloop
  endfacet
  facet normal -0.760581 -0.604117 -0.237822
    outer loop
      vertex -21.4855 -41.7598 0.937661
      vertex -21.7462 -41.4195 0.906977
      vertex -21.6516 -41.4698 0.732208
    endloop
  endfacet
  facet normal -0.391533 -0.910369 0.133901
    outer loop
      vertex -20.6251 -42.3546 2.02
      vertex -20.8092 -42.3262 1.67477
      vertex -20.7861 -42.3385 1.65869
    endloop
  endfacet
  facet normal -0.411874 -0.899527 -0.145639
    outer loop
      vertex -20.8092 -42.3262 1.32523
      vertex -20.8343 -42.3128 1.31345
      vertex -20.6251 -42.3546 0.979997
    endloop
  endfacet
  facet normal 0.897998 0.437553 0.0463242
    outer loop
      vertex -17.4587 -39.0302 1.5
      vertex -17.4668 -39.0223 1.5824
      vertex -17.3918 -39.1675 1.5
    endloop
  endfacet
  facet normal 0.954811 0.291993 0.0554712
    outer loop
      vertex -17.3918 -39.1675 1.5
      vertex -17.4094 -39.1582 1.75399
      vertex -17.2977 -39.5317 1.79738
    endloop
  endfacet
  facet normal 0.954846 0.2919 0.0553465
    outer loop
      vertex -17.2771 -39.5427 1.5
      vertex -17.3918 -39.1675 1.5
      vertex -17.2977 -39.5317 1.79738
    endloop
  endfacet
  facet normal 0.650848 0.569302 -0.502287
    outer loop
      vertex -17.9827 -38.8533 0.186464
      vertex -18.0673 -38.7036 0.246515
      vertex -18.0069 -38.7286 0.296444
    endloop
  endfacet
  facet normal -0.419957 -0.691956 -0.587225
    outer loop
      vertex -20.7173 -41.8022 0
      vertex -20.7185 -41.9659 0.193754
      vertex -20.899 -41.87 0.209836
    endloop
  endfacet
  facet normal -0.420057 -0.691921 -0.587195
    outer loop
      vertex -20.7185 -41.9659 0.193754
      vertex -20.7173 -41.8022 0
      vertex -20.6524 -41.8416 0
    endloop
  endfacet
  facet normal -0.796299 0.599914 -0.0775247
    outer loop
      vertex -21.5638 -38.4413 1.11972
      vertex -21.7992 -38.755 1.11012
      vertex -21.5902 -38.4272 1.5
    endloop
  endfacet
  facet normal -0.796311 0.599901 0.0775074
    outer loop
      vertex -21.5902 -38.4272 1.5
      vertex -21.8263 -38.7406 1.5
      vertex -21.7992 -38.755 1.88988
    endloop
  endfacet
  facet normal -0.8585 0.456644 -0.233352
    outer loop
      vertex -21.7186 -38.7978 0.729839
      vertex -21.9834 -39.1013 1.11012
      vertex -21.7992 -38.755 1.11012
    endloop
  endfacet
  facet normal -0.858531 0.456528 -0.233466
    outer loop
      vertex -21.9834 -39.1013 1.11012
      vertex -21.7186 -38.7978 0.729839
      vertex -21.9028 -39.1442 0.729839
    endloop
  endfacet
  facet normal -0.796311 0.599901 -0.0775074
    outer loop
      vertex -21.7992 -38.755 1.11012
      vertex -21.8263 -38.7406 1.5
      vertex -21.5902 -38.4272 1.5
    endloop
  endfacet
  facet normal -0.494067 0.611618 0.617917
    outer loop
      vertex -20.7107 -38.4723 3.1332
      vertex -21.1803 -38.6452 2.92886
      vertex -20.9615 -38.7615 3.21892
    endloop
  endfacet
  facet normal -0.400886 0.562084 0.723431
    outer loop
      vertex -20.7107 -38.4723 3.1332
      vertex -20.9615 -38.7615 3.21892
      vertex -20.7054 -38.8977 3.46666
    endloop
  endfacet
  facet normal -0.997402 0.0172931 -0.0699236
    outer loop
      vertex -22.1812 -39.8575 1.13868
      vertex -22.2131 -40.2364 1.5
      vertex -22.2063 -39.8442 1.5
    endloop
  endfacet
  facet normal -0.982078 0.173084 0.0745937
    outer loop
      vertex -22.1382 -39.4578 1.5
      vertex -22.2063 -39.8442 1.5
      vertex -22.1812 -39.8575 1.86132
    endloop
  endfacet
  facet normal -0.811188 -0.0815691 -0.579068
    outer loop
      vertex -21.6694 -40.5063 0
      vertex -21.8537 -40.4275 0.247077
      vertex -21.8168 -40.0513 0.142393
    endloop
  endfacet
  facet normal -0.811049 -0.0799063 -0.579495
    outer loop
      vertex -21.8537 -40.4275 0.247077
      vertex -21.6694 -40.5063 0
      vertex -21.6674 -40.5266 0
    endloop
  endfacet
  facet normal -0.885103 -0.193718 -0.423162
    outer loop
      vertex -21.838 -40.7953 0.382612
      vertex -21.9756 -40.7222 0.636958
      vertex -21.8537 -40.4275 0.247077
    endloop
  endfacet
  facet normal -0.425148 -0.850691 -0.30915
    outer loop
      vertex -20.67 -42.1934 0.555071
      vertex -20.8591 -42.2302 0.916387
      vertex -20.8021 -42.1231 0.543292
    endloop
  endfacet
  facet normal -0.468193 -0.827906 -0.308815
    outer loop
      vertex -20.8591 -42.2302 0.916387
      vertex -20.9397 -42.1873 0.923573
      vertex -20.9343 -42.0529 0.555071
    endloop
  endfacet
  facet normal -0.699064 -0.705125 -0.118779
    outer loop
      vertex -21.3182 -41.986 1.23505
      vertex -21.6055 -41.696 1.20436
      vertex -21.5548 -41.7229 1.06566
    endloop
  endfacet
  facet normal -0.193636 -0.973805 -0.119201
    outer loop
      vertex -20.369 -42.4908 1.31965
      vertex -20.3999 -42.4743 1.23505
      vertex -19.9988 -42.5503 1.20436
    endloop
  endfacet
  facet normal -0.335999 -0.939911 -0.060593
    outer loop
      vertex -20.369 -42.4908 1.31965
      vertex -20.7232 -42.3719 1.43939
      vertex -20.3999 -42.4743 1.23505
    endloop
  endfacet
  facet normal -0.345457 -0.934826 0.0822227
    outer loop
      vertex -20.4422 -42.4518 1.84304
      vertex -20.7478 -42.3589 1.61529
      vertex -20.3999 -42.4743 1.76495
    endloop
  endfacet
  facet normal -0.712425 -0.698004 -0.0723942
    outer loop
      vertex -21.368 -41.9596 1.4087
      vertex -21.6365 -41.6795 1.35034
      vertex -21.6055 -41.696 1.20436
    endloop
  endfacet
  facet normal -0.822901 -0.477672 -0.307673
    outer loop
      vertex -21.7462 -41.4195 0.906977
      vertex -21.8876 -41.0831 0.762893
      vertex -21.7701 -41.1456 0.545661
    endloop
  endfacet
  facet normal -0.723619 -0.623779 -0.295425
    outer loop
      vertex -21.4855 -41.7598 0.937661
      vertex -21.5341 -41.5323 0.576344
      vertex -21.3995 -41.8055 0.823505
    endloop
  endfacet
  facet normal -0.670406 0.533029 -0.516174
    outer loop
      vertex -21.1803 -38.6452 0.0711384
      vertex -21.406 -38.964 0.0350676
      vertex -21.3563 -38.5516 0.396383
    endloop
  endfacet
  facet normal -0.493967 0.611734 -0.617882
    outer loop
      vertex -21.0168 -38.585 0
      vertex -20.9185 -38.3618 0.142393
      vertex -20.8111 -38.4189 0
    endloop
  endfacet
  facet normal -0.494048 0.611731 -0.61782
    outer loop
      vertex -20.9185 -38.3618 0.142393
      vertex -21.0168 -38.585 0
      vertex -21.1803 -38.6452 0.0711384
    endloop
  endfacet
  facet normal -0.571467 0.652904 -0.497134
    outer loop
      vertex -21.1803 -38.6452 0.0711384
      vertex -21.3563 -38.5516 0.396383
      vertex -20.9185 -38.3618 0.142393
    endloop
  endfacet
  facet normal -0.571449 0.652993 -0.497037
    outer loop
      vertex -20.9185 -38.3618 0.142393
      vertex -21.3563 -38.5516 0.396383
      vertex -21.0857 -38.2729 0.451419
    endloop
  endfacet
  facet normal -0.590007 0.490441 -0.641373
    outer loop
      vertex -21.406 -38.964 0.0350676
      vertex -21.1806 -38.7387 0
      vertex -21.3796 -38.9781 0
    endloop
  endfacet
  facet normal -0.589801 0.490173 -0.641767
    outer loop
      vertex -21.1806 -38.7387 0
      vertex -21.406 -38.964 0.0350676
      vertex -21.1803 -38.6452 0.0711384
    endloop
  endfacet
  facet normal -0.883831 -0.0429465 -0.465831
    outer loop
      vertex -21.8537 -40.4275 0.247077
      vertex -22.008 -40.3455 0.532274
      vertex -21.984 -39.9624 0.451419
    endloop
  endfacet
  facet normal -0.936042 -0.166581 -0.309961
    outer loop
      vertex -22.0764 -40.6686 0.912555
      vertex -22.121 -40.2854 0.8413
      vertex -21.9756 -40.7222 0.636958
    endloop
  endfacet
  facet normal -0.909162 -0.316171 -0.271036
    outer loop
      vertex -21.9737 -41.0374 0.998274
      vertex -22.0764 -40.6686 0.912555
      vertex -21.9756 -40.7222 0.636958
    endloop
  endfacet
  facet normal -0.93948 -0.300053 -0.165364
    outer loop
      vertex -21.9737 -41.0374 0.998274
      vertex -22.1379 -40.6359 1.20262
      vertex -22.0764 -40.6686 0.912555
    endloop
  endfacet
  facet normal -0.816876 0.257703 -0.516045
    outer loop
      vertex -21.5902 -39.3104 0.0350676
      vertex -21.9042 -39.5822 0.396383
      vertex -21.7706 -39.2145 0.368523
    endloop
  endfacet
  facet normal -0.816886 0.2578 -0.515982
    outer loop
      vertex -21.7283 -39.6758 0.0711384
      vertex -21.9042 -39.5822 0.396383
      vertex -21.5902 -39.3104 0.0350676
    endloop
  endfacet
  facet normal -0.961425 0.162369 -0.222031
    outer loop
      vertex -22.0331 -39.5137 0.748803
      vertex -22.1812 -39.8575 1.13868
      vertex -22.1117 -39.4719 1.11972
    endloop
  endfacet
  facet normal -0.961422 0.162273 -0.222114
    outer loop
      vertex -22.1065 -39.8973 0.786264
      vertex -22.1812 -39.8575 1.13868
      vertex -22.0331 -39.5137 0.748803
    endloop
  endfacet
  facet normal -0.591681 -0.803917 0.0602683
    outer loop
      vertex -21.3182 -41.986 1.76495
      vertex -21.3491 -41.9696 1.68035
      vertex -21.0526 -42.1968 1.56061
    endloop
  endfacet
  facet normal -0.816872 0.257702 0.516052
    outer loop
      vertex -21.7706 -39.2145 2.63148
      vertex -21.9042 -39.5822 2.60362
      vertex -21.5902 -39.3104 2.96493
    endloop
  endfacet
  facet normal -0.774766 0.588744 0.230473
    outer loop
      vertex -21.4851 -38.4831 2.2512
      vertex -21.7992 -38.755 1.88988
      vertex -21.7186 -38.7978 2.27016
    endloop
  endfacet
  facet normal -0.982078 0.173084 -0.0745937
    outer loop
      vertex -22.1812 -39.8575 1.13868
      vertex -22.2063 -39.8442 1.5
      vertex -22.1382 -39.4578 1.5
    endloop
  endfacet
  facet normal -0.95482 -0.291982 0.0553573
    outer loop
      vertex -22.0262 -41.0094 1.75399
      vertex -22.1379 -40.6359 1.79738
      vertex -22.0438 -41 1.5
    endloop
  endfacet
  facet normal -0.988281 -0.138894 0.0633222
    outer loop
      vertex -22.1379 -40.6359 1.79738
      vertex -22.2131 -40.2364 1.5
      vertex -22.1585 -40.6249 1.5
    endloop
  endfacet
  facet normal -0.897894 -0.437799 0.0460161
    outer loop
      vertex -22.0262 -41.0094 1.75399
      vertex -22.0438 -41 1.5
      vertex -21.8577 -41.3602 1.70434
    endloop
  endfacet
  facet normal -0.897913 -0.437751 0.0461165
    outer loop
      vertex -21.8577 -41.3602 1.70434
      vertex -22.0438 -41 1.5
      vertex -21.8719 -41.3526 1.5
    endloop
  endfacet
  facet normal -0.760583 -0.604115 0.237822
    outer loop
      vertex -21.6516 -41.4698 2.26779
      vertex -21.7462 -41.4195 2.09302
      vertex -21.4855 -41.7598 2.06234
    endloop
  endfacet
  facet normal -0.598331 -0.800389 0.037109
    outer loop
      vertex -21.3491 -41.9696 1.68035
      vertex -21.368 -41.9596 1.5913
      vertex -21.0526 -42.1968 1.56061
    endloop
  endfacet
  facet normal -0.939873 -0.0132831 0.341267
    outer loop
      vertex -22.1065 -39.8973 2.21374
      vertex -22.121 -40.2854 2.1587
      vertex -21.984 -39.9624 2.54858
    endloop
  endfacet
  facet normal -0.883827 -0.0429438 0.465839
    outer loop
      vertex -21.8168 -40.0513 2.85761
      vertex -21.984 -39.9624 2.54858
      vertex -21.8537 -40.4275 2.75292
    endloop
  endfacet
  facet normal 0.737534 0.407375 0.538599
    outer loop
      vertex -17.7687 -39.2813 2.84422
      vertex -17.9827 -38.8533 2.81354
      vertex -17.969 -39.1748 3.03795
    endloop
  endfacet
  facet normal 0.380442 0.597297 0.706045
    outer loop
      vertex -18.8253 -38.4053 3.12362
      vertex -18.9556 -38.6502 3.40101
      vertex -18.693 -38.7898 3.37761
    endloop
  endfacet
  facet normal 0.18012 0.819395 0.544195
    outer loop
      vertex -19.2568 -38.0674 2.88616
      vertex -19.2683 -38.1698 3.04415
      vertex -19.1874 -38.1043 2.91875
    endloop
  endfacet
  facet normal 0.883826 0.0429428 0.465841
    outer loop
      vertex -17.4276 -39.8221 2.46773
      vertex -17.5819 -39.7401 2.75292
      vertex -17.4516 -40.2052 2.54858
    endloop
  endfacet
  facet normal 0.93992 0.013112 0.341142
    outer loop
      vertex -17.4276 -39.8221 2.46773
      vertex -17.4516 -40.2052 2.54858
      vertex -17.3146 -39.8822 2.1587
    endloop
  endfacet
  facet normal 0.65807 0.449806 0.603836
    outer loop
      vertex -18.1745 -38.7514 2.94666
      vertex -18.1935 -39.0554 3.19382
      vertex -17.9827 -38.8533 2.81354
    endloop
  endfacet
  facet normal 0.774972 0.503367 0.382152
    outer loop
      vertex -17.6656 -39.022 2.45434
      vertex -17.8467 -38.8239 2.56066
      vertex -17.8116 -38.9443 2.64807
    endloop
  endfacet
  facet normal 0.774912 0.502961 0.382806
    outer loop
      vertex -17.8467 -38.8239 2.56066
      vertex -17.6656 -39.022 2.45434
      vertex -17.7633 -38.8618 2.44163
    endloop
  endfacet
  facet normal 0.939483 0.300152 0.165167
    outer loop
      vertex -17.4094 -39.1582 1.75399
      vertex -17.4619 -39.1302 2.00173
      vertex -17.2977 -39.5317 1.79738
    endloop
  endfacet
  facet normal 0.939481 0.300053 0.165361
    outer loop
      vertex -17.2977 -39.5317 1.79738
      vertex -17.4619 -39.1302 2.00173
      vertex -17.3592 -39.499 2.08745
    endloop
  endfacet
  facet normal 0.796311 -0.599919 -0.0773679
    outer loop
      vertex -17.8454 -41.7403 1.5
      vertex -17.8718 -41.7263 1.11972
      vertex -17.6364 -41.4126 1.11012
    endloop
  endfacet
  facet normal 0.692687 -0.71738 -0.0744984
    outer loop
      vertex -17.8454 -41.7403 1.5
      vertex -18.1527 -41.9995 1.13868
      vertex -17.8718 -41.7263 1.11972
    endloop
  endfacet
  facet normal 0.878951 -0.29079 -0.378003
    outer loop
      vertex -17.4025 -40.6539 0.748803
      vertex -17.5329 -41.0234 0.729839
      vertex -17.5314 -40.5854 0.396383
    endloop
  endfacet
  facet normal 0.514652 -0.786598 -0.34117
    outer loop
      vertex -18.5411 -42.1889 0.8413
      vertex -18.6541 -42.1288 0.532274
      vertex -18.3499 -41.8947 0.451419
    endloop
  endfacet
  facet normal 0.334321 -0.842058 -0.423282
    outer loop
      vertex -18.6541 -42.1288 0.532274
      vertex -18.9845 -42.3126 0.636958
      vertex -18.8084 -42.0467 0.247077
    endloop
  endfacet
  facet normal 0.732511 -0.566064 -0.378152
    outer loop
      vertex -17.717 -41.3698 0.729839
      vertex -18.0794 -41.616 0.396383
      vertex -17.8492 -41.2995 0.368523
    endloop
  endfacet
  facet normal 0.939874 0.013279 -0.341263
    outer loop
      vertex -17.3291 -40.2703 0.786264
      vertex -17.4516 -40.2052 0.451419
      vertex -17.3146 -39.8822 0.8413
    endloop
  endfacet
  facet normal 0.858588 -0.456311 -0.233679
    outer loop
      vertex -17.4522 -41.0663 1.11012
      vertex -17.717 -41.3698 0.729839
      vertex -17.5329 -41.0234 0.729839
    endloop
  endfacet
  facet normal 0.8585 -0.456644 -0.233352
    outer loop
      vertex -17.717 -41.3698 0.729839
      vertex -17.4522 -41.0663 1.11012
      vertex -17.6364 -41.4126 1.11012
    endloop
  endfacet
  facet normal 0.860831 -0.10878 -0.497128
    outer loop
      vertex -17.5314 -40.5854 0.396383
      vertex -17.7074 -40.4918 0.0711384
      vertex -17.6188 -40.1163 0.142393
    endloop
  endfacet
  facet normal 0.81574 -0.433774 0.382635
    outer loop
      vertex -17.8492 -41.2995 2.63148
      vertex -17.5329 -41.0234 2.27016
      vertex -17.665 -40.9531 2.63148
    endloop
  endfacet
  facet normal 0.815767 -0.433553 0.382827
    outer loop
      vertex -17.5329 -41.0234 2.27016
      vertex -17.8492 -41.2995 2.63148
      vertex -17.717 -41.3698 2.27016
    endloop
  endfacet
  facet normal 0.942649 -0.324718 0.0772737
    outer loop
      vertex -17.2974 -40.7097 1.5
      vertex -17.4522 -41.0663 1.88988
      vertex -17.4252 -41.0807 1.5
    endloop
  endfacet
  facet normal 0.570914 0.496211 -0.654089
    outer loop
      vertex -18.1786 -38.817 0
      vertex -18.2882 -38.6909 0
      vertex -18.1745 -38.7514 0.0533447
    endloop
  endfacet
  facet normal 0.811049 0.0799063 -0.579495
    outer loop
      vertex -17.5819 -39.7401 0.247077
      vertex -17.7662 -39.6613 0
      vertex -17.7682 -39.641 0
    endloop
  endfacet
  facet normal 0.811188 0.0815691 -0.579068
    outer loop
      vertex -17.7662 -39.6613 0
      vertex -17.5819 -39.7401 0.247077
      vertex -17.6188 -40.1163 0.142393
    endloop
  endfacet
  facet normal 0.811157 0.0815438 -0.579116
    outer loop
      vertex -17.7262 -40.0592 0
      vertex -17.7662 -39.6613 0
      vertex -17.6188 -40.1163 0.142393
    endloop
  endfacet
  facet normal -0.107563 -0.858123 -0.502051
    outer loop
      vertex -20.0406 -42.3263 0.443225
      vertex -20.1949 -42.2443 0.336126
      vertex -19.7676 -42.2103 0.186464
    endloop
  endfacet
  facet normal -0.0467097 -0.983628 -0.174051
    outer loop
      vertex -19.6216 -42.5491 1.09635
      vertex -19.9988 -42.5503 1.20436
      vertex -19.6909 -42.5123 0.906977
    endloop
  endfacet
  facet normal 0.201723 -0.906821 -0.370112
    outer loop
      vertex -18.9845 -42.3126 0.636958
      vertex -19.4505 -42.379 0.545661
      vertex -19.1221 -42.2394 0.382612
    endloop
  endfacet
  facet normal 0.101073 -0.969074 -0.225121
    outer loop
      vertex -19.2469 -42.4872 0.998274
      vertex -19.6909 -42.5123 0.906977
      vertex -19.333 -42.4415 0.762893
    endloop
  endfacet
  facet normal -0.386766 -0.802801 -0.453787
    outer loop
      vertex -20.67 -42.1934 0.555071
      vertex -20.8021 -42.1231 0.543292
      vertex -20.5381 -42.0618 0.209836
    endloop
  endfacet
  facet normal -0.467358 -0.82825 -0.309157
    outer loop
      vertex -20.8591 -42.2302 0.916387
      vertex -20.9343 -42.0529 0.555071
      vertex -20.8021 -42.1231 0.543292
    endloop
  endfacet
  facet normal 0.268361 -0.806937 -0.526151
    outer loop
      vertex -19.1221 -42.2394 0.382612
      vertex -19.2932 -42.1484 0.15578
      vertex -18.8084 -42.0467 0.247077
    endloop
  endfacet
  facet normal 0.385971 -0.718114 -0.579085
    outer loop
      vertex -18.5171 -41.8058 0.142393
      vertex -18.9767 -41.938 0
      vertex -18.6245 -41.7487 0
    endloop
  endfacet
  facet normal 0.0639201 -0.949332 -0.307707
    outer loop
      vertex -19.333 -42.4415 0.762893
      vertex -19.6909 -42.5123 0.906977
      vertex -19.4505 -42.379 0.545661
    endloop
  endfacet
  facet normal 0.0638218 -0.949319 -0.307768
    outer loop
      vertex -19.6909 -42.5123 0.906977
      vertex -19.7855 -42.462 0.732208
      vertex -19.4505 -42.379 0.545661
    endloop
  endfacet
  facet normal 0.139026 -0.989221 0.0459691
    outer loop
      vertex -19.1767 -42.5245 1.5
      vertex -19.5794 -42.5716 1.70434
      vertex -19.5652 -42.5791 1.5
    endloop
  endfacet
  facet normal -0.173517 -0.984535 0.0241238
    outer loop
      vertex -19.9678 -42.5668 1.64966
      vertex -20.3438 -42.5042 1.5
      vertex -19.9574 -42.5723 1.5
    endloop
  endfacet
  facet normal 0.201714 -0.90686 0.370023
    outer loop
      vertex -18.9845 -42.3126 2.36304
      vertex -19.4505 -42.379 2.45434
      vertex -19.333 -42.4415 2.23711
    endloop
  endfacet
  facet normal -0.386762 -0.802801 0.453791
    outer loop
      vertex -20.5381 -42.0618 2.79016
      vertex -20.8021 -42.1231 2.45671
      vertex -20.67 -42.1934 2.44493
    endloop
  endfacet
  facet normal -0.193636 -0.973805 0.119201
    outer loop
      vertex -19.9988 -42.5503 1.79564
      vertex -20.3999 -42.4743 1.76495
      vertex -20.369 -42.4908 1.68035
    endloop
  endfacet
  facet normal 0.139026 -0.989221 -0.0459691
    outer loop
      vertex -19.5652 -42.5791 1.5
      vertex -19.5794 -42.5716 1.29566
      vertex -19.1767 -42.5245 1.5
    endloop
  endfacet
  facet normal 0.0981439 -0.716667 0.690475
    outer loop
      vertex -19.4766 -41.6915 3.39927
      vertex -19.718 -41.9225 3.19382
      vertex -19.2248 -41.8254 3.2245
    endloop
  endfacet
  facet normal 0.298666 -0.67167 0.677981
    outer loop
      vertex -18.9683 -41.5659 3.36859
      vertex -19.2248 -41.8254 3.2245
      vertex -19.0002 -41.9448 3.00727
    endloop
  endfacet
  facet normal 0.276382 -0.946721 0.165323
    outer loop
      vertex -18.8837 -42.3662 2.08745
      vertex -19.2469 -42.4872 2.00173
      vertex -18.8222 -42.3989 1.79738
    endloop
  endfacet
  facet normal 0.385332 -0.869155 0.309983
    outer loop
      vertex -18.5411 -42.1889 2.1587
      vertex -18.9845 -42.3126 2.36304
      vertex -18.8837 -42.3662 2.08745
    endloop
  endfacet
  facet normal 0.180676 0.819291 0.544168
    outer loop
      vertex -19.2568 -38.0674 2.88616
      vertex -19.4762 -38.0592 2.94666
      vertex -19.2683 -38.1698 3.04415
    endloop
  endfacet
  facet normal 0.180605 0.819496 0.543883
    outer loop
      vertex -19.4762 -38.0592 2.94666
      vertex -19.2568 -38.0674 2.88616
      vertex -19.3783 -38.0028 2.82917
    endloop
  endfacet
  facet normal -0.0980979 0.716492 0.690663
    outer loop
      vertex -19.9422 -38.1256 3.03795
      vertex -20.2108 -38.3422 3.2245
      vertex -19.7176 -38.2451 3.19382
    endloop
  endfacet
  facet normal 0.185603 0.701048 0.688538
    outer loop
      vertex -19.2683 -38.1698 3.04415
      vertex -19.4742 -38.3744 3.30797
      vertex -19.2181 -38.5106 3.37761
    endloop
  endfacet
  facet normal -0.198649 0.618549 0.76022
    outer loop
      vertex -20.2108 -38.3422 3.2245
      vertex -20.4674 -38.6017 3.36859
      vertex -20.1945 -38.7468 3.55796
    endloop
  endfacet
  facet normal -0.268198 0.80714 0.525923
    outer loop
      vertex -20.1424 -38.0192 2.84422
      vertex -20.6272 -38.1208 2.75292
      vertex -20.4354 -38.2228 3.00727
    endloop
  endfacet
  facet normal -0.063702 0.949288 -0.307888
    outer loop
      vertex -19.9316 -37.7188 0.75
      vertex -20.1027 -37.7261 0.762893
      vertex -19.9539 -37.6967 0.822753
    endloop
  endfacet
  facet normal -0.0646287 0.94939 -0.30738
    outer loop
      vertex -19.9851 -37.7886 0.545661
      vertex -19.9316 -37.7188 0.75
      vertex -19.8887 -37.7351 0.690635
    endloop
  endfacet
  facet normal -0.0636856 0.949375 -0.307622
    outer loop
      vertex -19.9316 -37.7188 0.75
      vertex -19.9851 -37.7886 0.545661
      vertex -20.1027 -37.7261 0.762893
    endloop
  endfacet
  facet normal -0.206148 0.109592 0.972365
    outer loop
      vertex -20.3057 -39.549 3.87031
      vertex -20.1541 -40.0739 3.96161
      vertex -19.97 -39.7276 3.96161
    endloop
  endfacet
  facet normal -0.206115 0.109603 0.97237
    outer loop
      vertex -20.1541 -40.0739 3.96161
      vertex -20.3057 -39.549 3.87031
      vertex -20.4899 -39.8954 3.87031
    endloop
  endfacet
  facet normal -0.3408 -0.167841 0.925032
    outer loop
      vertex -20.3276 -40.4206 3.901
      vertex -20.6551 -40.2464 3.81195
      vertex -20.486 -40.7589 3.78126
    endloop
  endfacet
  facet normal 0.0287777 0.497603 0.866928
    outer loop
      vertex -19.6862 -38.6212 3.52727
      vertex -19.8988 -38.904 3.69665
      vertex -19.5877 -39.0694 3.78126
    endloop
  endfacet
  facet normal -0.260575 0.315149 0.912569
    outer loop
      vertex -20.1071 -39.2158 3.81195
      vertex -20.4183 -39.0504 3.66597
      vertex -20.3057 -39.549 3.87031
    endloop
  endfacet
  facet normal -0.570786 -0.496209 0.654202
    outer loop
      vertex -21.2421 -41.1122 3.19382
      vertex -21.2611 -41.4162 2.94666
      vertex -21.0533 -41.5267 3.04415
    endloop
  endfacet
  facet normal -0.466168 -0.101107 0.8789
    outer loop
      vertex -20.9662 -40.081 3.66597
      vertex -21.0928 -40.4362 3.55796
      vertex -20.6551 -40.2464 3.81195
    endloop
  endfacet
  facet normal -0.639641 0.163462 0.751092
    outer loop
      vertex -21.3659 -39.4296 3.26232
      vertex -21.5095 -39.7921 3.21892
      vertex -21.2534 -39.9283 3.46666
    endloop
  endfacet
  facet normal -0.623957 -0.181161 0.76017
    outer loop
      vertex -21.0928 -40.4362 3.55796
      vertex -21.4373 -40.6489 3.2245
      vertex -21.1855 -40.7828 3.39927
    endloop
  endfacet
  facet normal -0.276785 -0.0294265 0.960481
    outer loop
      vertex -20.4899 -39.8954 3.87031
      vertex -20.6551 -40.2464 3.81195
      vertex -20.1541 -40.0739 3.96161
    endloop
  endfacet
  facet normal -0.337835 0.179646 0.923902
    outer loop
      vertex -20.6248 -39.3794 3.72065
      vertex -20.4899 -39.8954 3.87031
      vertex -20.3057 -39.549 3.87031
    endloop
  endfacet
  facet normal -0.337946 0.179607 0.923869
    outer loop
      vertex -20.4899 -39.8954 3.87031
      vertex -20.6248 -39.3794 3.72065
      vertex -20.8089 -39.7258 3.72065
    endloop
  endfacet
  facet normal -0.690196 0.0180277 0.723398
    outer loop
      vertex -21.5095 -39.7921 3.21892
      vertex -21.609 -40.1618 3.1332
      vertex -21.2534 -39.9283 3.46666
    endloop
  endfacet
  facet normal -0.736334 0.214876 0.641592
    outer loop
      vertex -21.3659 -39.4296 3.26232
      vertex -21.7283 -39.6758 2.92886
      vertex -21.5095 -39.7921 3.21892
    endloop
  endfacet
  facet normal -0.740059 -0.270879 -0.615579
    outer loop
      vertex -21.5729 -40.7891 0
      vertex -21.6669 -40.8863 0.15578
      vertex -21.6621 -40.5454 0
    endloop
  endfacet
  facet normal -0.864609 -0.339845 -0.370077
    outer loop
      vertex -21.7701 -41.1456 0.545661
      vertex -21.9756 -40.7222 0.636958
      vertex -21.838 -40.7953 0.382612
    endloop
  endfacet
  facet normal 0.822915 0.477885 -0.307305
    outer loop
      vertex -17.548 -39.0845 0.762893
      vertex -17.6751 -38.9121 0.690635
      vertex -17.6376 -38.9385 0.75
    endloop
  endfacet
  facet normal 0.822838 0.477808 -0.30763
    outer loop
      vertex -17.548 -39.0845 0.762893
      vertex -17.6376 -38.9385 0.75
      vertex -17.6068 -38.9447 0.822753
    endloop
  endfacet
  facet normal 0.822846 0.477514 -0.308067
    outer loop
      vertex -17.6751 -38.9121 0.690635
      vertex -17.548 -39.0845 0.762893
      vertex -17.6656 -39.022 0.545661
    endloop
  endfacet
  facet normal -0.246072 0.930598 -0.27099
    outer loop
      vertex -20.4511 -37.855 0.636958
      vertex -20.5519 -37.8014 0.912555
      vertex -20.1887 -37.6804 0.998274
    endloop
  endfacet
  facet normal 0.717199 0.534034 0.447698
    outer loop
      vertex -17.9491 -38.763 2.652
      vertex -18.0069 -38.7286 2.70356
      vertex -17.9827 -38.8533 2.81354
    endloop
  endfacet
  facet normal 0.337263 0.733042 -0.59068
    outer loop
      vertex -18.8521 -38.2943 0
      vertex -18.8544 -38.2845 0.0108487
      vertex -18.7832 -38.326 0
    endloop
  endfacet
  facet normal -0.458623 0.756811 -0.465727
    outer loop
      vertex -20.6272 -38.1208 0.247077
      vertex -21.0857 -38.2729 0.451419
      vertex -20.7815 -38.0388 0.532274
    endloop
  endfacet
  facet normal -0.385319 0.869177 -0.309937
    outer loop
      vertex -20.7815 -38.0388 0.532274
      vertex -20.8945 -37.9787 0.8413
      vertex -20.4511 -37.855 0.636958
    endloop
  endfacet
  facet normal -0.334222 0.842151 0.423175
    outer loop
      vertex -20.4511 -37.855 2.36304
      vertex -20.6272 -38.1208 2.75292
      vertex -20.3135 -37.9282 2.61739
    endloop
  endfacet
  facet normal -0.246442 0.93058 0.270717
    outer loop
      vertex -20.1887 -37.6804 2.00173
      vertex -20.4511 -37.855 2.36304
      vertex -20.1027 -37.7261 2.23711
    endloop
  endfacet
  facet normal 0.0417981 0.89308 0.447953
    outer loop
      vertex -19.6119 -37.8789 2.652
      vertex -19.839 -37.8663 2.64807
      vertex -19.668 -37.9573 2.81354
    endloop
  endfacet
  facet normal 0.0417837 0.892919 0.448274
    outer loop
      vertex -19.839 -37.8663 2.64807
      vertex -19.6119 -37.8789 2.652
      vertex -19.7197 -37.828 2.56066
    endloop
  endfacet
  facet normal -0.0160135 0.924114 0.381781
    outer loop
      vertex -19.8416 -37.7531 2.37443
      vertex -19.9851 -37.7886 2.45434
      vertex -19.7976 -37.7801 2.44163
    endloop
  endfacet
  facet normal -0.100992 0.969046 0.225278
    outer loop
      vertex -20.033 -37.6547 1.96098
      vertex -20.1887 -37.6804 2.00173
      vertex -20.0043 -37.67 2.03966
    endloop
  endfacet
  facet normal -0.276382 0.946721 0.165323
    outer loop
      vertex -20.1887 -37.6804 2.00173
      vertex -20.6134 -37.7687 1.79738
      vertex -20.5519 -37.8014 2.08745
    endloop
  endfacet
  facet normal -0.2919 0.954848 -0.055317
    outer loop
      vertex -20.6134 -37.7687 1.20262
      vertex -20.6341 -37.7578 1.5
      vertex -20.2589 -37.6431 1.5
    endloop
  endfacet
  facet normal 0.672036 -0.706397 0.222195
    outer loop
      vertex -17.9505 -41.6845 2.2512
      vertex -18.1527 -41.9995 1.86132
      vertex -17.8718 -41.7263 1.88028
    endloop
  endfacet
  facet normal 0.672184 -0.706304 0.222043
    outer loop
      vertex -17.9505 -41.6845 2.2512
      vertex -18.2274 -41.9598 2.21374
      vertex -18.1527 -41.9995 1.86132
    endloop
  endfacet
  facet normal 0.552927 -0.806763 0.208339
    outer loop
      vertex -18.1527 -41.9995 1.86132
      vertex -18.5411 -42.1889 2.1587
      vertex -18.4721 -42.2256 1.83346
    endloop
  endfacet
  facet normal 0.552799 -0.80692 0.208072
    outer loop
      vertex -18.2274 -41.9598 2.21374
      vertex -18.5411 -42.1889 2.1587
      vertex -18.1527 -41.9995 1.86132
    endloop
  endfacet
  facet normal 0.385316 -0.86918 0.309932
    outer loop
      vertex -18.6541 -42.1288 2.46773
      vertex -18.9845 -42.3126 2.36304
      vertex -18.5411 -42.1889 2.1587
    endloop
  endfacet
  facet normal 0.334312 -0.842059 0.423287
    outer loop
      vertex -18.8084 -42.0467 2.75292
      vertex -18.9845 -42.3126 2.36304
      vertex -18.6541 -42.1288 2.46773
    endloop
  endfacet
  facet normal 0.400813 -0.562104 0.723455
    outer loop
      vertex -18.7302 -41.2699 3.46666
      vertex -18.9683 -41.5659 3.36859
      vertex -18.7249 -41.6953 3.1332
    endloop
  endfacet
  facet normal 0.400886 -0.562084 0.723431
    outer loop
      vertex -18.4741 -41.4061 3.21892
      vertex -18.7302 -41.2699 3.46666
      vertex -18.7249 -41.6953 3.1332
    endloop
  endfacet
  facet normal 0.260548 -0.315203 0.912558
    outer loop
      vertex -18.8109 -40.7882 3.72065
      vertex -19.1299 -40.6186 3.87031
      vertex -19.0174 -41.1172 3.66597
    endloop
  endfacet
  facet normal 0.0513473 -0.376348 0.925054
    outer loop
      vertex -19.656 -40.7776 3.901
      vertex -19.8479 -41.0981 3.78126
      vertex -19.3285 -40.9518 3.81195
    endloop
  endfacet
  facet normal 0.130341 -0.245947 0.96048
    outer loop
      vertex -19.4656 -40.44 3.96161
      vertex -19.656 -40.7776 3.901
      vertex -19.3285 -40.9518 3.81195
    endloop
  endfacet
  facet normal 0.461349 -0.245263 0.852645
    outer loop
      vertex -18.6267 -40.4418 3.72065
      vertex -18.5164 -40.9447 3.51631
      vertex -18.3323 -40.5984 3.51631
    endloop
  endfacet
  facet normal 0.461282 -0.245289 0.852674
    outer loop
      vertex -18.5164 -40.9447 3.51631
      vertex -18.6267 -40.4418 3.72065
      vertex -18.8109 -40.7882 3.72065
    endloop
  endfacet
  facet normal 0.739769 0.271045 0.615854
    outer loop
      vertex -17.969 -39.1748 3.03795
      vertex -17.9983 -39.5187 3.2245
      vertex -17.7687 -39.2813 2.84422
    endloop
  endfacet
  facet normal 0.282433 0.649426 0.706029
    outer loop
      vertex -18.8253 -38.4053 3.12362
      vertex -19.2181 -38.5106 3.37761
      vertex -18.9556 -38.6502 3.40101
    endloop
  endfacet
  facet normal 0.407022 -0.0398394 0.912549
    outer loop
      vertex -18.7805 -39.9212 3.81195
      vertex -18.9457 -40.2722 3.87031
      vertex -18.4694 -40.0866 3.66597
    endloop
  endfacet
  facet normal 0.406996 -0.0397563 0.912564
    outer loop
      vertex -18.4694 -40.0866 3.66597
      vertex -18.9457 -40.2722 3.87031
      vertex -18.6267 -40.4418 3.72065
    endloop
  endfacet
  facet normal 0.783409 -0.0676181 0.617817
    outer loop
      vertex -17.6188 -40.1163 2.85761
      vertex -17.8266 -40.0058 3.1332
      vertex -17.7074 -40.4918 2.92886
    endloop
  endfacet
  facet normal 0.860879 -0.108733 0.497056
    outer loop
      vertex -17.4516 -40.2052 2.54858
      vertex -17.6188 -40.1163 2.85761
      vertex -17.5314 -40.5854 2.60362
    endloop
  endfacet
  facet normal 0.141597 0.101319 0.984726
    outer loop
      vertex -19.108 -39.747 3.901
      vertex -19.4438 -39.5685 3.93092
      vertex -19.2815 -40.0936 3.96161
    endloop
  endfacet
  facet normal 0.2768 0.0293993 0.960478
    outer loop
      vertex -19.108 -39.747 3.901
      vertex -19.2815 -40.0936 3.96161
      vertex -18.7805 -39.9212 3.81195
    endloop
  endfacet
  facet normal 0.27432 0.367085 0.888818
    outer loop
      vertex -19.1046 -38.9305 3.6316
      vertex -19.2687 -39.2391 3.8097
      vertex -18.9496 -39.4087 3.78126
    endloop
  endfacet
  facet normal 0.15094 0.432692 0.888816
    outer loop
      vertex -19.1046 -38.9305 3.6316
      vertex -19.5877 -39.0694 3.78126
      vertex -19.2687 -39.2391 3.8097
    endloop
  endfacet
  facet normal 0.274262 0.367073 0.888841
    outer loop
      vertex -18.8101 -39.087 3.60536
      vertex -19.1046 -38.9305 3.6316
      vertex -18.9496 -39.4087 3.78126
    endloop
  endfacet
  facet normal 0.396473 0.302093 0.86692
    outer loop
      vertex -18.8101 -39.087 3.60536
      vertex -18.9496 -39.4087 3.78126
      vertex -18.523 -39.2397 3.52727
    endloop
  endfacet
  facet normal -0.180302 -0.819354 0.544197
    outer loop
      vertex -20.1673 -41.9978 3.04415
      vertex -20.1949 -42.2443 2.66387
      vertex -19.9594 -42.1083 2.94666
    endloop
  endfacet
  facet normal -0.173727 -0.984485 0.0246743
    outer loop
      vertex -19.9678 -42.5668 1.64966
      vertex -20.3501 -42.5008 1.5913
      vertex -20.3438 -42.5042 1.5
    endloop
  endfacet
  facet normal -0.822899 -0.477677 0.307673
    outer loop
      vertex -21.7701 -41.1456 2.45434
      vertex -21.8876 -41.0831 2.23711
      vertex -21.7462 -41.4195 2.09302
    endloop
  endfacet
  facet normal -0.970717 -0.148142 0.189109
    outer loop
      vertex -22.121 -40.2854 2.1587
      vertex -22.1379 -40.6359 1.79738
      vertex -22.0764 -40.6686 2.08745
    endloop
  endfacet
  facet normal -0.331445 -0.488125 0.80739
    outer loop
      vertex -20.6255 -41.0806 3.60536
      vertex -20.7426 -41.3778 3.37761
      vertex -20.3311 -41.2371 3.6316
    endloop
  endfacet
  facet normal -0.420003 -0.692009 0.58713
    outer loop
      vertex -20.6103 -41.7623 3.12362
      vertex -20.899 -41.87 2.79016
      vertex -20.7185 -41.9659 2.80625
    endloop
  endfacet
  facet normal -0.429066 -0.890323 0.152405
    outer loop
      vertex -20.7784 -42.273 2.07643
      vertex -20.8608 -42.2988 1.69373
      vertex -20.8343 -42.3128 1.68655
    endloop
  endfacet
  facet normal -0.238345 -0.950065 0.201415
    outer loop
      vertex -20.2048 -42.4407 2.17649
      vertex -20.4947 -42.4239 1.91268
      vertex -20.1187 -42.4865 2.06234
    endloop
  endfacet
  facet normal -0.581914 -0.809097 -0.0820884
    outer loop
      vertex -21.028 -42.2099 1.38471
      vertex -21.3182 -41.986 1.23505
      vertex -21.2759 -42.0085 1.15696
    endloop
  endfacet
  facet normal -0.390946 -0.910662 0.133627
    outer loop
      vertex -20.6251 -42.3546 2.02
      vertex -20.7861 -42.3385 1.65869
      vertex -20.5562 -42.3912 1.97215
    endloop
  endfacet
  facet normal -0.624025 -0.745054 0.235557
    outer loop
      vertex -21.2987 -41.8591 2.27399
      vertex -21.3995 -41.8055 2.17649
      vertex -21.2234 -42.0364 1.91268
    endloop
  endfacet
  facet normal 0.650853 0.5693 0.502283
    outer loop
      vertex -18.0069 -38.7286 2.70356
      vertex -18.0673 -38.7036 2.75349
      vertex -17.9827 -38.8533 2.81354
    endloop
  endfacet
  facet normal 0.897998 0.437553 -0.0463242
    outer loop
      vertex -17.3918 -39.1675 1.5
      vertex -17.4668 -39.0223 1.4176
      vertex -17.4587 -39.0302 1.5
    endloop
  endfacet
  facet normal 0.884937 0.445031 0.137234
    outer loop
      vertex -17.4094 -39.1582 1.75399
      vertex -17.5053 -39.0089 1.88823
      vertex -17.4619 -39.1302 2.00173
    endloop
  endfacet
  facet normal 0.885051 0.444647 0.137743
    outer loop
      vertex -17.5053 -39.0089 1.88823
      vertex -17.4094 -39.1582 1.75399
      vertex -17.4816 -39.0079 1.73272
    endloop
  endfacet
  facet normal 0.886433 0.442915 0.1344
    outer loop
      vertex -17.5057 -39.0085 1.88955
      vertex -17.4619 -39.1302 2.00173
      vertex -17.5053 -39.0089 1.88823
    endloop
  endfacet
  facet normal 0.897837 0.43787 0.046452
    outer loop
      vertex -17.4094 -39.1582 1.75399
      vertex -17.4668 -39.0223 1.5824
      vertex -17.4816 -39.0079 1.73272
    endloop
  endfacet
  facet normal 0.897976 0.437612 0.046201
    outer loop
      vertex -17.4668 -39.0223 1.5824
      vertex -17.4094 -39.1582 1.75399
      vertex -17.3918 -39.1675 1.5
    endloop
  endfacet
  facet normal -0.536545 -0.833247 -0.133488
    outer loop
      vertex -20.9897 -42.2302 1.34131
      vertex -21.1619 -42.0691 1.02785
      vertex -21.093 -42.1058 0.979997
    endloop
  endfacet
  facet normal -0.670571 0.53294 -0.516051
    outer loop
      vertex -21.406 -38.964 0.0350676
      vertex -21.5864 -38.8681 0.368523
      vertex -21.3563 -38.5516 0.396383
    endloop
  endfacet
  facet normal -0.815668 0.433736 -0.382831
    outer loop
      vertex -21.5864 -38.8681 0.368523
      vertex -21.9028 -39.1442 0.729839
      vertex -21.7186 -38.7978 0.729839
    endloop
  endfacet
  facet normal -0.815668 0.433736 -0.382831
    outer loop
      vertex -21.9028 -39.1442 0.729839
      vertex -21.5864 -38.8681 0.368523
      vertex -21.7706 -39.2145 0.368523
    endloop
  endfacet
  facet normal -0.692671 0.717377 0.0746858
    outer loop
      vertex -21.2829 -38.1681 1.86132
      vertex -21.5902 -38.4272 1.5
      vertex -21.5638 -38.4413 1.88028
    endloop
  endfacet
  facet normal -0.692693 0.717351 0.0747235
    outer loop
      vertex -21.308 -38.1547 1.5
      vertex -21.5902 -38.4272 1.5
      vertex -21.2829 -38.1681 1.86132
    endloop
  endfacet
  facet normal -0.420013 0.887596 0.18911
    outer loop
      vertex -20.6134 -37.7687 1.79738
      vertex -20.8945 -37.9787 2.1587
      vertex -20.5519 -37.8014 2.08745
    endloop
  endfacet
  facet normal -0.672183 0.706304 -0.222045
    outer loop
      vertex -21.2082 -38.2078 0.786264
      vertex -21.4851 -38.4831 0.748803
      vertex -21.2829 -38.1681 1.13868
    endloop
  endfacet
  facet normal -0.571448 0.652998 0.497032
    outer loop
      vertex -21.0857 -38.2729 2.54858
      vertex -21.3563 -38.5516 2.60362
      vertex -20.9185 -38.3618 2.85761
    endloop
  endfacet
  facet normal -0.571468 0.652899 0.49714
    outer loop
      vertex -20.9185 -38.3618 2.85761
      vertex -21.3563 -38.5516 2.60362
      vertex -21.1803 -38.6452 2.92886
    endloop
  endfacet
  facet normal -0.672036 0.706397 0.222195
    outer loop
      vertex -21.2829 -38.1681 1.86132
      vertex -21.5638 -38.4413 1.88028
      vertex -21.4851 -38.4831 2.2512
    endloop
  endfacet
  facet normal -0.880152 0.468161 0.0784694
    outer loop
      vertex -22.0105 -39.0869 1.5
      vertex -21.7992 -38.755 1.88988
      vertex -21.8263 -38.7406 1.5
    endloop
  endfacet
  facet normal -0.880152 0.468161 0.0784694
    outer loop
      vertex -21.7992 -38.755 1.88988
      vertex -22.0105 -39.0869 1.5
      vertex -21.9834 -39.1013 1.88988
    endloop
  endfacet
  facet normal -0.590011 0.490288 0.641487
    outer loop
      vertex -21.1803 -38.6452 2.92886
      vertex -21.406 -38.964 2.96493
      vertex -21.1818 -39.0833 3.26232
    endloop
  endfacet
  facet normal -0.670404 0.533026 0.51618
    outer loop
      vertex -21.3563 -38.5516 2.60362
      vertex -21.406 -38.964 2.96493
      vertex -21.1803 -38.6452 2.92886
    endloop
  endfacet
  facet normal -0.783159 0.0673506 -0.618163
    outer loop
      vertex -21.6867 -39.845 0
      vertex -21.7283 -39.6758 0.0711384
      vertex -21.6746 -39.7043 0
    endloop
  endfacet
  facet normal -0.978039 0.00716638 -0.208301
    outer loop
      vertex -22.121 -40.2854 0.8413
      vertex -22.19 -40.2487 1.16654
      vertex -22.1812 -39.8575 1.13868
    endloop
  endfacet
  facet normal -0.97808 0.00703027 -0.208113
    outer loop
      vertex -22.121 -40.2854 0.8413
      vertex -22.1812 -39.8575 1.13868
      vertex -22.1065 -39.8973 0.786264
    endloop
  endfacet
  facet normal -0.654337 -0.728929 -0.201258
    outer loop
      vertex -21.2759 -42.0085 1.15696
      vertex -21.4855 -41.7598 0.937661
      vertex -21.2234 -42.0364 1.08732
    endloop
  endfacet
  facet normal -0.699082 -0.705129 -0.118647
    outer loop
      vertex -21.3491 -41.9696 1.31965
      vertex -21.6055 -41.696 1.20436
      vertex -21.3182 -41.986 1.23505
    endloop
  endfacet
  facet normal -0.49607 -0.854775 -0.152563
    outer loop
      vertex -20.9414 -42.2559 1.31345
      vertex -21.0183 -42.1455 0.944951
      vertex -20.9397 -42.1873 0.923573
    endloop
  endfacet
  facet normal -0.623976 -0.745087 0.235583
    outer loop
      vertex -21.1619 -42.0691 1.97215
      vertex -21.2987 -41.8591 2.27399
      vertex -21.2234 -42.0364 1.91268
    endloop
  endfacet
  facet normal -0.358074 -0.928117 -0.101889
    outer loop
      vertex -20.4422 -42.4518 1.15696
      vertex -20.7478 -42.3589 1.38471
      vertex -20.4947 -42.4239 1.08732
    endloop
  endfacet
  facet normal -0.474887 -0.866021 0.156494
    outer loop
      vertex -20.8591 -42.2302 2.08361
      vertex -20.9397 -42.1873 2.07643
      vertex -20.915 -42.27 1.69373
    endloop
  endfacet
  facet normal -0.598503 -0.800353 0.0350607
    outer loop
      vertex -21.0526 -42.1968 1.56061
      vertex -21.368 -41.9596 1.5913
      vertex -21.0589 -42.1934 1.53068
    endloop
  endfacet
  facet normal -0.34234 -0.894825 -0.286516
    outer loop
      vertex -20.6251 -42.3546 0.979997
      vertex -20.6998 -42.3148 0.944951
      vertex -20.5411 -42.2619 0.590117
    endloop
  endfacet
  facet normal -0.180079 -0.981018 0.0719449
    outer loop
      vertex -19.9988 -42.5503 1.79564
      vertex -20.369 -42.4908 1.68035
      vertex -20.3501 -42.5008 1.5913
    endloop
  endfacet
  facet normal -0.325749 -0.945385 0.0115988
    outer loop
      vertex -20.3438 -42.5042 1.5
      vertex -20.7168 -42.3753 1.53068
      vertex -20.7147 -42.3764 1.5
    endloop
  endfacet
  facet normal -0.760623 -0.604133 -0.237648
    outer loop
      vertex -21.5548 -41.7229 1.06566
      vertex -21.7462 -41.4195 0.906977
      vertex -21.4855 -41.7598 0.937661
    endloop
  endfacet
  facet normal -0.627913 -0.674625 -0.388081
    outer loop
      vertex -21.2987 -41.8591 0.726007
      vertex -21.3965 -41.6054 0.443225
      vertex -21.2421 -41.6875 0.336126
    endloop
  endfacet
  facet normal -0.789152 -0.588966 -0.174238
    outer loop
      vertex -21.6055 -41.696 1.20436
      vertex -21.7462 -41.4195 0.906977
      vertex -21.5548 -41.7229 1.06566
    endloop
  endfacet
  facet normal -0.78932 -0.588807 -0.17401
    outer loop
      vertex -21.6055 -41.696 1.20436
      vertex -21.8154 -41.3827 1.09635
      vertex -21.7462 -41.4195 0.906977
    endloop
  endfacet
  facet normal -0.819094 -0.228814 -0.52605
    outer loop
      vertex -21.838 -40.7953 0.382612
      vertex -21.8537 -40.4275 0.247077
      vertex -21.6669 -40.8863 0.15578
    endloop
  endfacet
  facet normal -0.774765 0.588746 -0.230473
    outer loop
      vertex -21.7186 -38.7978 0.729839
      vertex -21.7992 -38.755 1.11012
      vertex -21.4851 -38.4831 0.748803
    endloop
  endfacet
  facet normal -0.494055 0.611582 -0.617962
    outer loop
      vertex -21.1266 -38.6737 0
      vertex -21.1803 -38.6452 0.0711384
      vertex -21.0168 -38.585 0
    endloop
  endfacet
  facet normal -0.752858 0.400336 -0.522432
    outer loop
      vertex -21.406 -38.964 0.0350676
      vertex -21.7706 -39.2145 0.368523
      vertex -21.5864 -38.8681 0.368523
    endloop
  endfacet
  facet normal -0.752858 0.400336 -0.522432
    outer loop
      vertex -21.7706 -39.2145 0.368523
      vertex -21.406 -38.964 0.0350676
      vertex -21.5902 -39.3104 0.0350676
    endloop
  endfacet
  facet normal -0.884993 -0.444804 -0.13761
    outer loop
      vertex -21.8577 -41.3602 1.29566
      vertex -21.9737 -41.0374 0.998274
      vertex -21.8154 -41.3827 1.09635
    endloop
  endfacet
  facet normal -0.885141 -0.444597 -0.137328
    outer loop
      vertex -21.8577 -41.3602 1.29566
      vertex -22.0262 -41.0094 1.24601
      vertex -21.9737 -41.0374 0.998274
    endloop
  endfacet
  facet normal -0.920706 0.140541 0.364072
    outer loop
      vertex -21.9042 -39.5822 2.60362
      vertex -22.0331 -39.5137 2.2512
      vertex -21.984 -39.9624 2.54858
    endloop
  endfacet
  facet normal -0.690143 0.0178704 0.723452
    outer loop
      vertex -21.2534 -39.9283 3.46666
      vertex -21.609 -40.1618 3.1332
      vertex -21.3656 -40.2912 3.36859
    endloop
  endfacet
  facet normal -0.732623 0.565915 0.378159
    outer loop
      vertex -21.3563 -38.5516 2.60362
      vertex -21.7186 -38.7978 2.27016
      vertex -21.5864 -38.8681 2.63148
    endloop
  endfacet
  facet normal -0.880152 0.468161 -0.0784694
    outer loop
      vertex -21.7992 -38.755 1.11012
      vertex -22.0105 -39.0869 1.5
      vertex -21.8263 -38.7406 1.5
    endloop
  endfacet
  facet normal -0.880152 0.468161 -0.0784694
    outer loop
      vertex -22.0105 -39.0869 1.5
      vertex -21.7992 -38.755 1.11012
      vertex -21.9834 -39.1013 1.11012
    endloop
  endfacet
  facet normal -0.921356 0.312998 0.230513
    outer loop
      vertex -21.9834 -39.1013 1.88988
      vertex -22.1117 -39.4719 1.88028
      vertex -22.0331 -39.5137 2.2512
    endloop
  endfacet
  facet normal -0.988281 -0.138881 -0.0633391
    outer loop
      vertex -22.1379 -40.6359 1.20262
      vertex -22.2131 -40.2364 1.5
      vertex -22.19 -40.2487 1.16654
    endloop
  endfacet
  facet normal -0.815669 0.433736 0.382827
    outer loop
      vertex -21.9028 -39.1442 2.27016
      vertex -21.5864 -38.8681 2.63148
      vertex -21.7186 -38.7978 2.27016
    endloop
  endfacet
  facet normal -0.815669 0.433736 0.382827
    outer loop
      vertex -21.5864 -38.8681 2.63148
      vertex -21.9028 -39.1442 2.27016
      vertex -21.7706 -39.2145 2.63148
    endloop
  endfacet
  facet normal -0.8585 0.456644 0.233353
    outer loop
      vertex -21.9834 -39.1013 1.88988
      vertex -21.7186 -38.7978 2.27016
      vertex -21.7992 -38.755 1.88988
    endloop
  endfacet
  facet normal -0.858531 0.456528 0.233467
    outer loop
      vertex -21.7186 -38.7978 2.27016
      vertex -21.9834 -39.1013 1.88988
      vertex -21.9028 -39.1442 2.27016
    endloop
  endfacet
  facet normal -0.988281 -0.138894 -0.0633222
    outer loop
      vertex -22.1585 -40.6249 1.5
      vertex -22.2131 -40.2364 1.5
      vertex -22.1379 -40.6359 1.20262
    endloop
  endfacet
  facet normal -0.954825 -0.291971 0.0553423
    outer loop
      vertex -22.1379 -40.6359 1.79738
      vertex -22.1585 -40.6249 1.5
      vertex -22.0438 -41 1.5
    endloop
  endfacet
  facet normal -0.808734 -0.578482 0.106335
    outer loop
      vertex -21.8154 -41.3827 1.90365
      vertex -21.8577 -41.3602 1.70434
      vertex -21.6055 -41.696 1.79564
    endloop
  endfacet
  facet normal -0.719119 -0.694453 0.0245479
    outer loop
      vertex -21.368 -41.9596 1.5913
      vertex -21.6365 -41.6795 1.64966
      vertex -21.3744 -41.9562 1.5
    endloop
  endfacet
  facet normal -0.567034 -0.817087 0.104126
    outer loop
      vertex -21.0103 -42.2192 1.6387
      vertex -21.2234 -42.0364 1.91268
      vertex -21.028 -42.2099 1.61529
    endloop
  endfacet
  facet normal -0.589753 -0.763296 0.263762
    outer loop
      vertex -21.093 -42.1058 2.02
      vertex -21.2987 -41.8591 2.27399
      vertex -21.1619 -42.0691 1.97215
    endloop
  endfacet
  facet normal -0.97808 0.00702849 0.208111
    outer loop
      vertex -22.1065 -39.8973 2.21374
      vertex -22.1812 -39.8575 1.86132
      vertex -22.121 -40.2854 2.1587
    endloop
  endfacet
  facet normal -0.978039 0.00716638 0.208301
    outer loop
      vertex -22.1812 -39.8575 1.86132
      vertex -22.19 -40.2487 1.83346
      vertex -22.121 -40.2854 2.1587
    endloop
  endfacet
  facet normal 0.548942 0.372448 0.748294
    outer loop
      vertex -18.4369 -38.926 3.30797
      vertex -18.523 -39.2397 3.52727
      vertex -18.1935 -39.0554 3.19382
    endloop
  endfacet
  facet normal 0.57066 0.496195 0.654322
    outer loop
      vertex -18.3823 -38.6409 3.04415
      vertex -18.4369 -38.926 3.30797
      vertex -18.1935 -39.0554 3.19382
    endloop
  endfacet
  facet normal 0.885095 0.193732 0.423171
    outer loop
      vertex -17.46 -39.4454 2.36304
      vertex -17.5819 -39.7401 2.75292
      vertex -17.4276 -39.8221 2.46773
    endloop
  endfacet
  facet normal 0.936062 0.166629 0.309875
    outer loop
      vertex -17.3146 -39.8822 2.1587
      vertex -17.46 -39.4454 2.36304
      vertex -17.4276 -39.8221 2.46773
    endloop
  endfacet
  facet normal 0.737537 0.407376 0.538595
    outer loop
      vertex -17.8116 -38.9443 2.64807
      vertex -17.9827 -38.8533 2.81354
      vertex -17.7687 -39.2813 2.84422
    endloop
  endfacet
  facet normal 0.739755 0.271069 0.615861
    outer loop
      vertex -17.7687 -39.2813 2.84422
      vertex -17.9983 -39.5187 3.2245
      vertex -17.7737 -39.6381 3.00727
    endloop
  endfacet
  facet normal 0.807141 0.370344 0.459748
    outer loop
      vertex -17.6656 -39.022 2.45434
      vertex -17.8116 -38.9443 2.64807
      vertex -17.7687 -39.2813 2.84422
    endloop
  endfacet
  facet normal 0.859922 0.458387 0.224535
    outer loop
      vertex -17.5277 -38.9868 1.96098
      vertex -17.5564 -38.9715 2.03966
      vertex -17.4619 -39.1302 2.00173
    endloop
  endfacet
  facet normal 0.650786 0.569318 0.502349
    outer loop
      vertex -18.1745 -38.7514 2.94666
      vertex -18.1224 -38.6807 2.79904
      vertex -18.1824 -38.6387 2.82917
    endloop
  endfacet
  facet normal 0.650994 0.569105 0.50232
    outer loop
      vertex -17.9827 -38.8533 2.81354
      vertex -18.1224 -38.6807 2.79904
      vertex -18.1745 -38.7514 2.94666
    endloop
  endfacet
  facet normal 0.651322 0.569315 0.501658
    outer loop
      vertex -18.1224 -38.6807 2.79904
      vertex -17.9827 -38.8533 2.81354
      vertex -18.0673 -38.7036 2.75349
    endloop
  endfacet
  facet normal 0.978039 -0.00716638 0.208301
    outer loop
      vertex -17.2456 -39.9189 1.83346
      vertex -17.3146 -39.8822 2.1587
      vertex -17.2544 -40.3101 1.86132
    endloop
  endfacet
  facet normal 0.939919 0.0131172 -0.341145
    outer loop
      vertex -17.3146 -39.8822 0.8413
      vertex -17.4516 -40.2052 0.451419
      vertex -17.4276 -39.8221 0.532274
    endloop
  endfacet
  facet normal 0.774863 -0.588517 -0.23073
    outer loop
      vertex -17.8718 -41.7263 1.11972
      vertex -17.9505 -41.6845 0.748803
      vertex -17.6364 -41.4126 1.11012
    endloop
  endfacet
  facet normal 0.672036 -0.706397 -0.222197
    outer loop
      vertex -17.8718 -41.7263 1.11972
      vertex -18.1527 -41.9995 1.13868
      vertex -17.9505 -41.6845 0.748803
    endloop
  endfacet
  facet normal 0.670472 -0.533079 -0.516037
    outer loop
      vertex -17.8492 -41.2995 0.368523
      vertex -18.0794 -41.616 0.396383
      vertex -18.0296 -41.2036 0.0350676
    endloop
  endfacet
  facet normal 0.752858 -0.400336 -0.522432
    outer loop
      vertex -17.665 -40.9531 0.368523
      vertex -18.0296 -41.2036 0.0350676
      vertex -17.8454 -40.8572 0.0350676
    endloop
  endfacet
  facet normal 0.752858 -0.400336 -0.522432
    outer loop
      vertex -18.0296 -41.2036 0.0350676
      vertex -17.665 -40.9531 0.368523
      vertex -17.8492 -41.2995 0.368523
    endloop
  endfacet
  facet normal 0.670489 -0.53307 -0.516025
    outer loop
      vertex -18.0794 -41.616 0.396383
      vertex -18.2553 -41.5224 0.0711384
      vertex -18.0296 -41.2036 0.0350676
    endloop
  endfacet
  facet normal 0.571538 -0.652938 -0.497006
    outer loop
      vertex -18.0794 -41.616 0.396383
      vertex -18.5171 -41.8058 0.142393
      vertex -18.2553 -41.5224 0.0711384
    endloop
  endfacet
  facet normal 0.8851 0.193724 -0.423166
    outer loop
      vertex -17.4276 -39.8221 0.532274
      vertex -17.5819 -39.7401 0.247077
      vertex -17.46 -39.4454 0.636958
    endloop
  endfacet
  facet normal 0.970716 0.148145 -0.189112
    outer loop
      vertex -17.3146 -39.8822 0.8413
      vertex -17.3592 -39.499 0.912555
      vertex -17.2977 -39.5317 1.20262
    endloop
  endfacet
  facet normal 0.909096 0.31628 -0.271131
    outer loop
      vertex -17.46 -39.4454 0.636958
      vertex -17.548 -39.0845 0.762893
      vertex -17.4619 -39.1302 0.998274
    endloop
  endfacet
  facet normal 0.954811 0.291993 -0.0554712
    outer loop
      vertex -17.2977 -39.5317 1.20262
      vertex -17.4094 -39.1582 1.24601
      vertex -17.3918 -39.1675 1.5
    endloop
  endfacet
  facet normal 0.880168 -0.468169 0.078245
    outer loop
      vertex -17.6364 -41.4126 1.88988
      vertex -17.4252 -41.0807 1.5
      vertex -17.4522 -41.0663 1.88988
    endloop
  endfacet
  facet normal 0.880258 -0.467963 0.0784694
    outer loop
      vertex -17.4252 -41.0807 1.5
      vertex -17.6364 -41.4126 1.88988
      vertex -17.6093 -41.427 1.5
    endloop
  endfacet
  facet normal 0.942649 -0.324718 -0.0772737
    outer loop
      vertex -17.4252 -41.0807 1.5
      vertex -17.4522 -41.0663 1.11012
      vertex -17.2974 -40.7097 1.5
    endloop
  endfacet
  facet normal 0.997402 -0.0172931 0.0699236
    outer loop
      vertex -17.2225 -39.9312 1.5
      vertex -17.2544 -40.3101 1.86132
      vertex -17.2293 -40.3234 1.5
    endloop
  endfacet
  facet normal 0.997412 -0.0174701 0.0697388
    outer loop
      vertex -17.2456 -39.9189 1.83346
      vertex -17.2544 -40.3101 1.86132
      vertex -17.2225 -39.9312 1.5
    endloop
  endfacet
  facet normal 0.816857 -0.25755 0.516152
    outer loop
      vertex -17.7074 -40.4918 2.92886
      vertex -17.8454 -40.8572 2.96493
      vertex -17.5314 -40.5854 2.60362
    endloop
  endfacet
  facet normal 0.816872 -0.257702 0.516052
    outer loop
      vertex -17.5314 -40.5854 2.60362
      vertex -17.8454 -40.8572 2.96493
      vertex -17.665 -40.9531 2.63148
    endloop
  endfacet
  facet normal 0.783345 -0.0675093 -0.61791
    outer loop
      vertex -17.6188 -40.1163 0.142393
      vertex -17.7489 -40.3226 0
      vertex -17.7262 -40.0592 0
    endloop
  endfacet
  facet normal 0.783407 -0.0676091 -0.617821
    outer loop
      vertex -17.7489 -40.3226 0
      vertex -17.6188 -40.1163 0.142393
      vertex -17.7074 -40.4918 0.0711384
    endloop
  endfacet
  facet normal 0.740059 0.270879 -0.615579
    outer loop
      vertex -17.7735 -39.6222 0
      vertex -17.8627 -39.3785 0
      vertex -17.7687 -39.2813 0.15578
    endloop
  endfacet
  facet normal 0.819118 0.228833 -0.526005
    outer loop
      vertex -17.5819 -39.7401 0.247077
      vertex -17.7735 -39.6222 0
      vertex -17.7687 -39.2813 0.15578
    endloop
  endfacet
  facet normal 0.819154 0.230932 -0.525031
    outer loop
      vertex -17.7735 -39.6222 0
      vertex -17.5819 -39.7401 0.247077
      vertex -17.7682 -39.641 0
    endloop
  endfacet
  facet normal 0.101109 -0.969027 -0.225307
    outer loop
      vertex -19.6216 -42.5491 1.09635
      vertex -19.6909 -42.5123 0.906977
      vertex -19.2469 -42.4872 0.998274
    endloop
  endfacet
  facet normal 0.126266 -0.982402 -0.137637
    outer loop
      vertex -19.5794 -42.5716 1.29566
      vertex -19.6216 -42.5491 1.09635
      vertex -19.2469 -42.4872 0.998274
    endloop
  endfacet
  facet normal -0.324033 -0.836161 -0.442536
    outer loop
      vertex -20.5411 -42.2619 0.590117
      vertex -20.67 -42.1934 0.555071
      vertex -20.5381 -42.0618 0.209836
    endloop
  endfacet
  facet normal -0.112508 -0.948666 -0.295591
    outer loop
      vertex -19.7855 -42.462 0.732208
      vertex -20.1187 -42.4865 0.937661
      vertex -19.903 -42.3995 0.576344
    endloop
  endfacet
  facet normal -0.0918698 -0.750798 -0.654112
    outer loop
      vertex -19.9594 -42.1083 0.0533447
      vertex -20.0732 -42.0479 0
      vertex -19.9073 -42.0682 0
    endloop
  endfacet
  facet normal 0.143995 -0.876116 -0.460094
    outer loop
      vertex -19.1221 -42.2394 0.382612
      vertex -19.4505 -42.379 0.545661
      vertex -19.2932 -42.1484 0.15578
    endloop
  endfacet
  facet normal 0.386733 -0.717648 -0.579153
    outer loop
      vertex -18.9767 -41.938 0
      vertex -18.8084 -42.0467 0.247077
      vertex -18.9947 -41.9477 0
    endloop
  endfacet
  facet normal 0.385958 -0.71827 -0.578899
    outer loop
      vertex -18.8084 -42.0467 0.247077
      vertex -18.9767 -41.938 0
      vertex -18.5171 -41.8058 0.142393
    endloop
  endfacet
  facet normal 0.494055 -0.611582 -0.617962
    outer loop
      vertex -18.2553 -41.5224 0.0711384
      vertex -18.4188 -41.5826 0
      vertex -18.309 -41.4939 0
    endloop
  endfacet
  facet normal 0.494048 -0.611731 -0.61782
    outer loop
      vertex -18.5171 -41.8058 0.142393
      vertex -18.4188 -41.5826 0
      vertex -18.2553 -41.5224 0.0711384
    endloop
  endfacet
  facet normal 0.493967 -0.611734 -0.617882
    outer loop
      vertex -18.4188 -41.5826 0
      vertex -18.5171 -41.8058 0.142393
      vertex -18.6245 -41.7487 0
    endloop
  endfacet
  facet normal 0.0746566 -0.839193 -0.538684
    outer loop
      vertex -19.5966 -42.3013 0.351928
      vertex -19.7676 -42.2103 0.186464
      vertex -19.2932 -42.1484 0.15578
    endloop
  endfacet
  facet normal -0.107658 -0.857972 -0.502288
    outer loop
      vertex -19.7676 -42.2103 0.186464
      vertex -20.1949 -42.2443 0.336126
      vertex -19.9594 -42.1083 0.0533447
    endloop
  endfacet
  facet normal 0.201711 -0.906862 -0.370019
    outer loop
      vertex -19.333 -42.4415 0.762893
      vertex -19.4505 -42.379 0.545661
      vertex -18.9845 -42.3126 0.636958
    endloop
  endfacet
  facet normal 0.246344 -0.930585 -0.270786
    outer loop
      vertex -19.2469 -42.4872 0.998274
      vertex -19.333 -42.4415 0.762893
      vertex -18.9845 -42.3126 0.636958
    endloop
  endfacet
  facet normal 0.29191 -0.954846 -0.0553048
    outer loop
      vertex -19.1767 -42.5245 1.5
      vertex -19.1944 -42.5152 1.24601
      vertex -18.8222 -42.3989 1.20262
    endloop
  endfacet
  facet normal 0.291973 -0.954831 -0.0552233
    outer loop
      vertex -18.8016 -42.4098 1.5
      vertex -19.1767 -42.5245 1.5
      vertex -18.8222 -42.3989 1.20262
    endloop
  endfacet
  facet normal -0.112637 -0.948631 0.295657
    outer loop
      vertex -19.903 -42.3995 2.42366
      vertex -20.2048 -42.4407 2.17649
      vertex -20.1187 -42.4865 2.06234
    endloop
  endfacet
  facet normal -0.112502 -0.948669 0.295585
    outer loop
      vertex -19.903 -42.3995 2.42366
      vertex -20.1187 -42.4865 2.06234
      vertex -19.7855 -42.462 2.26779
    endloop
  endfacet
  facet normal 0.0159237 -0.923842 0.382442
    outer loop
      vertex -19.4505 -42.379 2.45434
      vertex -19.903 -42.3995 2.42366
      vertex -19.7855 -42.462 2.26779
    endloop
  endfacet
  facet normal -0.411873 -0.899527 0.14564
    outer loop
      vertex -20.6251 -42.3546 2.02
      vertex -20.8343 -42.3128 1.68655
      vertex -20.8092 -42.3262 1.67477
    endloop
  endfacet
  facet normal 0.189162 -0.764941 0.615697
    outer loop
      vertex -19.2248 -41.8254 3.2245
      vertex -19.4935 -42.042 3.03795
      vertex -19.2932 -42.1484 2.84422
    endloop
  endfacet
  facet normal 0.268345 -0.807208 0.525744
    outer loop
      vertex -19.0002 -41.9448 3.00727
      vertex -19.2932 -42.1484 2.84422
      vertex -18.8084 -42.0467 2.75292
    endloop
  endfacet
  facet normal -0.0173246 -0.999221 0.035471
    outer loop
      vertex -19.5794 -42.5716 1.70434
      vertex -19.9574 -42.5723 1.5
      vertex -19.5652 -42.5791 1.5
    endloop
  endfacet
  facet normal 0.10107 -0.969075 0.22512
    outer loop
      vertex -19.333 -42.4415 2.23711
      vertex -19.6909 -42.5123 2.09302
      vertex -19.2469 -42.4872 2.00173
    endloop
  endfacet
  facet normal -0.0747228 0.839458 0.538263
    outer loop
      vertex -19.668 -37.9573 2.81354
      vertex -20.1424 -38.0192 2.84422
      vertex -19.9422 -38.1256 3.03795
    endloop
  endfacet
  facet normal -0.386003 0.71816 0.579006
    outer loop
      vertex -20.4354 -38.2228 3.00727
      vertex -20.9185 -38.3618 2.85761
      vertex -20.7107 -38.4723 3.1332
    endloop
  endfacet
  facet normal 0.0288586 0.497615 0.866918
    outer loop
      vertex -19.399 -38.7739 3.60536
      vertex -19.6862 -38.6212 3.52727
      vertex -19.5877 -39.0694 3.78126
    endloop
  endfacet
  facet normal 0.108439 0.606683 0.787513
    outer loop
      vertex -19.2181 -38.5106 3.37761
      vertex -19.6862 -38.6212 3.52727
      vertex -19.399 -38.7739 3.60536
    endloop
  endfacet
  facet normal -0.382508 0.380055 0.842167
    outer loop
      vertex -20.7054 -38.8977 3.46666
      vertex -20.9192 -39.2229 3.51631
      vertex -20.4183 -39.0504 3.66597
    endloop
  endfacet
  facet normal -0.382508 0.380053 0.842168
    outer loop
      vertex -20.4183 -39.0504 3.66597
      vertex -20.9192 -39.2229 3.51631
      vertex -20.6248 -39.3794 3.72065
    endloop
  endfacet
  facet normal -0.141671 -0.101321 0.984715
    outer loop
      vertex -19.8099 -40.257 3.99229
      vertex -20.1541 -40.0739 3.96161
      vertex -19.9918 -40.5991 3.93092
    endloop
  endfacet
  facet normal -0.583545 -0.038788 0.811154
    outer loop
      vertex -21.2534 -39.9283 3.46666
      vertex -21.3656 -40.2912 3.36859
      vertex -20.9662 -40.081 3.66597
    endloop
  endfacet
  facet normal -0.528868 0.104612 0.842232
    outer loop
      vertex -21.1033 -39.5692 3.51631
      vertex -21.2534 -39.9283 3.46666
      vertex -20.9662 -40.081 3.66597
    endloop
  endfacet
  facet normal -0.819154 -0.230932 -0.525031
    outer loop
      vertex -21.6621 -40.5454 0
      vertex -21.8537 -40.4275 0.247077
      vertex -21.6674 -40.5266 0
    endloop
  endfacet
  facet normal -0.819118 -0.228833 -0.526005
    outer loop
      vertex -21.8537 -40.4275 0.247077
      vertex -21.6621 -40.5454 0
      vertex -21.6669 -40.8863 0.15578
    endloop
  endfacet
  facet normal 0.420672 0.692539 -0.586025
    outer loop
      vertex -18.5798 -38.4495 0
      vertex -18.7089 -38.3619 0.0108487
      vertex -18.5735 -38.4274 0.0306392
    endloop
  endfacet
  facet normal 0.420114 0.691864 -0.587222
    outer loop
      vertex -18.7089 -38.3619 0.0108487
      vertex -18.5798 -38.4495 0
      vertex -18.7183 -38.3654 0
    endloop
  endfacet
  facet normal 0.864508 0.339975 -0.370193
    outer loop
      vertex -17.46 -39.4454 0.636958
      vertex -17.6656 -39.022 0.545661
      vertex -17.548 -39.0845 0.762893
    endloop
  endfacet
  facet normal 0.336947 0.733095 -0.590794
    outer loop
      vertex -18.8521 -38.2943 0
      vertex -18.9844 -38.2088 0.0306392
      vertex -18.8544 -38.2845 0.0108487
    endloop
  endfacet
  facet normal 0.338196 0.734254 -0.588638
    outer loop
      vertex -18.9844 -38.2088 0.0306392
      vertex -18.8521 -38.2943 0
      vertex -18.9993 -38.2265 0
    endloop
  endfacet
  facet normal -0.0746566 0.839193 -0.538684
    outer loop
      vertex -19.668 -37.9573 0.186464
      vertex -20.1424 -38.0192 0.15578
      vertex -19.839 -37.8663 0.351928
    endloop
  endfacet
  facet normal -0.0746863 0.839321 -0.538482
    outer loop
      vertex -19.8958 -38.0972 0
      vertex -20.1424 -38.0192 0.15578
      vertex -19.668 -37.9573 0.186464
    endloop
  endfacet
  facet normal -0.0745307 0.839451 -0.5383
    outer loop
      vertex -20.1424 -38.0192 0.15578
      vertex -19.8958 -38.0972 0
      vertex -19.9814 -38.1048 0
    endloop
  endfacet
  facet normal -0.385971 0.718114 -0.579085
    outer loop
      vertex -20.8111 -38.4189 0
      vertex -20.9185 -38.3618 0.142393
      vertex -20.4589 -38.2296 0
    endloop
  endfacet
  facet normal -0.334427 0.842126 -0.423063
    outer loop
      vertex -20.6272 -38.1208 0.247077
      vertex -20.7815 -38.0388 0.532274
      vertex -20.4511 -37.855 0.636958
    endloop
  endfacet
  facet normal 0.00470046 0.797119 -0.603804
    outer loop
      vertex -19.6923 -38.0984 0
      vertex -19.8958 -38.0972 0
      vertex -19.668 -37.9573 0.186464
    endloop
  endfacet
  facet normal -0.1441 0.87612 -0.460054
    outer loop
      vertex -19.839 -37.8663 0.351928
      vertex -20.1424 -38.0192 0.15578
      vertex -19.9851 -37.7886 0.545661
    endloop
  endfacet
  facet normal -0.268202 0.807041 -0.526072
    outer loop
      vertex -20.1424 -38.0192 0.15578
      vertex -20.6272 -38.1208 0.247077
      vertex -20.3135 -37.9282 0.382612
    endloop
  endfacet
  facet normal -0.334215 0.842153 -0.423178
    outer loop
      vertex -20.3135 -37.9282 0.382612
      vertex -20.6272 -38.1208 0.247077
      vertex -20.4511 -37.855 0.636958
    endloop
  endfacet
  facet normal -0.268206 0.806977 -0.526169
    outer loop
      vertex -20.4223 -38.2138 0
      vertex -20.6272 -38.1208 0.247077
      vertex -20.1424 -38.0192 0.15578
    endloop
  endfacet
  facet normal -0.265316 0.808996 -0.524532
    outer loop
      vertex -20.6272 -38.1208 0.247077
      vertex -20.4223 -38.2138 0
      vertex -20.4409 -38.2199 0
    endloop
  endfacet
  facet normal -0.143995 0.876116 -0.460094
    outer loop
      vertex -20.1424 -38.0192 0.15578
      vertex -20.3135 -37.9282 0.382612
      vertex -19.9851 -37.7886 0.545661
    endloop
  endfacet
  facet normal 0.500507 0.648916 0.573063
    outer loop
      vertex -18.3733 -38.5371 2.91875
      vertex -18.4405 -38.5114 2.94834
      vertex -18.3823 -38.6409 3.04415
    endloop
  endfacet
  facet normal -0.27654 0.946608 -0.165705
    outer loop
      vertex -20.1887 -37.6804 0.998274
      vertex -20.6134 -37.7687 1.20262
      vertex -20.2413 -37.6524 1.24601
    endloop
  endfacet
  facet normal -0.385316 0.86918 0.309932
    outer loop
      vertex -20.4511 -37.855 2.36304
      vertex -20.8945 -37.9787 2.1587
      vertex -20.7815 -38.0388 2.46773
    endloop
  endfacet
  facet normal -0.201725 0.906821 0.370111
    outer loop
      vertex -20.1027 -37.7261 2.23711
      vertex -20.4511 -37.855 2.36304
      vertex -19.9851 -37.7886 2.45434
    endloop
  endfacet
  facet normal -0.201725 0.906823 0.370107
    outer loop
      vertex -19.9851 -37.7886 2.45434
      vertex -20.4511 -37.855 2.36304
      vertex -20.3135 -37.9282 2.61739
    endloop
  endfacet
  facet normal 0.0920686 0.750779 0.654106
    outer loop
      vertex -19.2683 -38.1698 3.04415
      vertex -19.7176 -38.2451 3.19382
      vertex -19.4742 -38.3744 3.30797
    endloop
  endfacet
  facet normal -0.138532 0.989277 -0.0462567
    outer loop
      vertex -20.2413 -37.6524 1.24601
      vertex -20.0965 -37.6241 1.4176
      vertex -20.0763 -37.6283 1.26728
    endloop
  endfacet
  facet normal -0.139 0.98923 -0.0458532
    outer loop
      vertex -20.0965 -37.6241 1.4176
      vertex -20.2413 -37.6524 1.24601
      vertex -20.2589 -37.6431 1.5
    endloop
  endfacet
  facet normal -0.385331 0.869158 -0.309975
    outer loop
      vertex -20.4511 -37.855 0.636958
      vertex -20.8945 -37.9787 0.8413
      vertex -20.5519 -37.8014 0.912555
    endloop
  endfacet
  facet normal -0.51461 0.786612 0.341202
    outer loop
      vertex -20.8945 -37.9787 2.1587
      vertex -21.2082 -38.2078 2.21374
      vertex -21.0857 -38.2729 2.54858
    endloop
  endfacet
  facet normal -0.385332 0.869155 0.309983
    outer loop
      vertex -20.5519 -37.8014 2.08745
      vertex -20.8945 -37.9787 2.1587
      vertex -20.4511 -37.855 2.36304
    endloop
  endfacet
  facet normal 0.176694 -0.443052 0.878911
    outer loop
      vertex -19.3285 -40.9518 3.81195
      vertex -19.5368 -41.2636 3.69665
      vertex -19.2411 -41.4208 3.55796
    endloop
  endfacet
  facet normal 0.0513567 -0.376379 0.925041
    outer loop
      vertex -19.3285 -40.9518 3.81195
      vertex -19.8479 -41.0981 3.78126
      vertex -19.5368 -41.2636 3.69665
    endloop
  endfacet
  facet normal -0.0047975 -0.174083 0.984719
    outer loop
      vertex -19.4656 -40.44 3.96161
      vertex -19.9918 -40.5991 3.93092
      vertex -19.656 -40.7776 3.901
    endloop
  endfacet
  facet normal -0.0787724 -0.307158 0.948393
    outer loop
      vertex -19.656 -40.7776 3.901
      vertex -19.9918 -40.5991 3.93092
      vertex -19.8479 -41.0981 3.78126
    endloop
  endfacet
  facet normal 0.623957 0.181161 0.76017
    outer loop
      vertex -18.2501 -39.3848 3.39927
      vertex -18.3428 -39.7314 3.55796
      vertex -17.9983 -39.5187 3.2245
    endloop
  endfacet
  facet normal 0.513816 0.239719 0.823728
    outer loop
      vertex -18.2501 -39.3848 3.39927
      vertex -18.523 -39.2397 3.52727
      vertex -18.3428 -39.7314 3.55796
    endloop
  endfacet
  facet normal 0.690196 -0.0180277 0.723398
    outer loop
      vertex -17.8266 -40.0058 3.1332
      vertex -18.1822 -40.2393 3.46666
      vertex -17.9261 -40.3755 3.21892
    endloop
  endfacet
  facet normal 0.639641 -0.163462 0.751092
    outer loop
      vertex -17.9261 -40.3755 3.21892
      vertex -18.1822 -40.2393 3.46666
      vertex -18.0697 -40.738 3.26232
    endloop
  endfacet
  facet normal 0.883827 0.0429438 0.465839
    outer loop
      vertex -17.5819 -39.7401 2.75292
      vertex -17.6188 -40.1163 2.85761
      vertex -17.4516 -40.2052 2.54858
    endloop
  endfacet
  facet normal 0.811224 0.0815613 0.579019
    outer loop
      vertex -17.5819 -39.7401 2.75292
      vertex -17.7737 -39.6381 3.00727
      vertex -17.6188 -40.1163 2.85761
    endloop
  endfacet
  facet normal 0.0886199 -0.559993 0.823744
    outer loop
      vertex -19.2411 -41.4208 3.55796
      vertex -19.7495 -41.5464 3.52727
      vertex -19.4766 -41.6915 3.39927
    endloop
  endfacet
  facet normal -0.00477626 -0.797077 0.603859
    outer loop
      vertex -19.718 -41.9225 3.19382
      vertex -19.9594 -42.1083 2.94666
      vertex -19.7676 -42.2103 2.81354
    endloop
  endfacet
  facet normal -0.380442 -0.597297 0.706045
    outer loop
      vertex -20.48 -41.5174 3.40101
      vertex -20.7426 -41.3778 3.37761
      vertex -20.6103 -41.7623 3.12362
    endloop
  endfacet
  facet normal -0.108478 -0.606646 0.787536
    outer loop
      vertex -19.7495 -41.5464 3.52727
      vertex -20.2175 -41.657 3.37761
      vertex -19.9614 -41.7932 3.30797
    endloop
  endfacet
  facet normal -0.107578 -0.858113 0.502064
    outer loop
      vertex -19.7676 -42.2103 2.81354
      vertex -20.1949 -42.2443 2.66387
      vertex -20.0406 -42.3263 2.55678
    endloop
  endfacet
  facet normal -0.338522 -0.735311 0.58713
    outer loop
      vertex -20.6103 -41.7623 3.12362
      vertex -20.7185 -41.9659 2.80625
      vertex -20.5381 -42.0618 2.79016
    endloop
  endfacet
  facet normal -0.180343 -0.819346 0.544195
    outer loop
      vertex -20.1673 -41.9978 3.04415
      vertex -20.3621 -42.1554 2.74231
      vertex -20.1949 -42.2443 2.66387
    endloop
  endfacet
  facet normal -0.274386 -0.367048 0.888813
    outer loop
      vertex -20.167 -40.9285 3.8097
      vertex -20.486 -40.7589 3.78126
      vertex -20.3311 -41.2371 3.6316
    endloop
  endfacet
  facet normal -0.274335 -0.367037 0.888833
    outer loop
      vertex -20.486 -40.7589 3.78126
      vertex -20.6255 -41.0806 3.60536
      vertex -20.3311 -41.2371 3.6316
    endloop
  endfacet
  facet normal -0.442359 -0.429118 0.787512
    outer loop
      vertex -20.9126 -40.9279 3.52727
      vertex -20.9987 -41.2416 3.30797
      vertex -20.7426 -41.3778 3.37761
    endloop
  endfacet
  facet normal -0.513791 -0.239711 0.823746
    outer loop
      vertex -20.7971 -40.5934 3.69665
      vertex -21.0928 -40.4362 3.55796
      vertex -20.9126 -40.9279 3.52727
    endloop
  endfacet
  facet normal -0.553661 -0.824137 -0.119403
    outer loop
      vertex -20.9897 -42.2302 1.34131
      vertex -21.2234 -42.0364 1.08732
      vertex -21.1619 -42.0691 1.02785
    endloop
  endfacet
  facet normal -0.591417 -0.804072 0.0607715
    outer loop
      vertex -21.0422 -42.2023 1.58905
      vertex -21.3182 -41.986 1.76495
      vertex -21.0526 -42.1968 1.56061
    endloop
  endfacet
  facet normal -0.497539 -0.853945 0.152422
    outer loop
      vertex -20.9397 -42.1873 2.07643
      vertex -20.9414 -42.2559 1.68655
      vertex -20.915 -42.27 1.69373
    endloop
  endfacet
  facet normal -0.537359 -0.832785 0.133097
    outer loop
      vertex -20.9665 -42.2426 1.67477
      vertex -21.093 -42.1058 2.02
      vertex -20.9897 -42.2302 1.65869
    endloop
  endfacet
  facet normal -0.268628 -0.933957 0.235718
    outer loop
      vertex -20.3056 -42.3871 2.27399
      vertex -20.4947 -42.4239 1.91268
      vertex -20.2048 -42.4407 2.17649
    endloop
  endfacet
  facet normal -0.699082 -0.705129 0.118647
    outer loop
      vertex -21.3182 -41.986 1.76495
      vertex -21.6055 -41.696 1.79564
      vertex -21.3491 -41.9696 1.68035
    endloop
  endfacet
  facet normal 0.939483 0.300152 -0.16517
    outer loop
      vertex -17.2977 -39.5317 1.20262
      vertex -17.4619 -39.1302 0.998274
      vertex -17.4094 -39.1582 1.24601
    endloop
  endfacet
  facet normal 0.658077 0.449686 -0.603918
    outer loop
      vertex -17.9713 -39.1204 0
      vertex -18.0861 -38.9524 0
      vertex -17.9827 -38.8533 0.186464
    endloop
  endfacet
  facet normal -0.00478589 -0.797082 -0.603852
    outer loop
      vertex -19.9073 -42.0682 0
      vertex -19.7676 -42.2103 0.186464
      vertex -19.9594 -42.1083 0.0533447
    endloop
  endfacet
  facet normal -0.00486042 -0.797108 -0.603817
    outer loop
      vertex -19.7676 -42.2103 0.186464
      vertex -19.9073 -42.0682 0
      vertex -19.7433 -42.0692 0
    endloop
  endfacet
  facet normal -0.500891 -0.648839 -0.572814
    outer loop
      vertex -20.899 -41.87 0.209836
      vertex -21.0264 -41.5864 0
      vertex -20.8558 -41.7181 0
    endloop
  endfacet
  facet normal -0.672036 0.706397 -0.222197
    outer loop
      vertex -21.4851 -38.4831 0.748803
      vertex -21.5638 -38.4413 1.11972
      vertex -21.2829 -38.1681 1.13868
    endloop
  endfacet
  facet normal -0.631424 0.684639 -0.364107
    outer loop
      vertex -21.0857 -38.2729 0.451419
      vertex -21.4851 -38.4831 0.748803
      vertex -21.2082 -38.2078 0.786264
    endloop
  endfacet
  facet normal -0.494062 0.61173 0.61781
    outer loop
      vertex -20.9185 -38.3618 2.85761
      vertex -21.1803 -38.6452 2.92886
      vertex -20.7107 -38.4723 3.1332
    endloop
  endfacet
  facet normal -0.176818 0.443023 0.8789
    outer loop
      vertex -20.1945 -38.7468 3.55796
      vertex -20.4183 -39.0504 3.66597
      vertex -20.1071 -39.2158 3.81195
    endloop
  endfacet
  facet normal -0.452527 -0.877921 -0.156444
    outer loop
      vertex -20.8608 -42.2988 1.30627
      vertex -20.8879 -42.2844 1.30385
      vertex -20.8591 -42.2302 0.916387
    endloop
  endfacet
  facet normal -0.651017 -0.569139 -0.502253
    outer loop
      vertex -21.3965 -41.6054 0.443225
      vertex -21.4529 -41.3143 0.186464
      vertex -21.2421 -41.6875 0.336126
    endloop
  endfacet
  facet normal -0.598503 -0.800353 -0.0350607
    outer loop
      vertex -21.0589 -42.1934 1.46932
      vertex -21.368 -41.9596 1.4087
      vertex -21.0526 -42.1968 1.43939
    endloop
  endfacet
  facet normal -0.60177 -0.798537 0.014521
    outer loop
      vertex -21.0589 -42.1934 1.53068
      vertex -21.3744 -41.9562 1.5
      vertex -21.0611 -42.1923 1.5
    endloop
  endfacet
  facet normal -0.510517 -0.805381 -0.30122
    outer loop
      vertex -20.9397 -42.1873 0.923573
      vertex -21.0632 -41.9843 0.590117
      vertex -20.9343 -42.0529 0.555071
    endloop
  endfacet
  facet normal -0.623975 -0.745088 -0.235582
    outer loop
      vertex -21.2234 -42.0364 1.08732
      vertex -21.2987 -41.8591 0.726007
      vertex -21.1619 -42.0691 1.02785
    endloop
  endfacet
  facet normal -0.303035 -0.915674 -0.264028
    outer loop
      vertex -20.5562 -42.3912 1.02785
      vertex -20.6251 -42.3546 0.979997
      vertex -20.3056 -42.3871 0.726007
    endloop
  endfacet
  facet normal -0.424068 -0.851409 -0.308658
    outer loop
      vertex -20.7784 -42.273 0.923573
      vertex -20.8591 -42.2302 0.916387
      vertex -20.67 -42.1934 0.555071
    endloop
  endfacet
  facet normal -0.303335 -0.915458 -0.264433
    outer loop
      vertex -20.3056 -42.3871 0.726007
      vertex -20.6251 -42.3546 0.979997
      vertex -20.4186 -42.327 0.647567
    endloop
  endfacet
  facet normal -0.516537 -0.843893 -0.145032
    outer loop
      vertex -20.9414 -42.2559 1.31345
      vertex -21.093 -42.1058 0.979997
      vertex -21.0183 -42.1455 0.944951
    endloop
  endfacet
  facet normal -0.497539 -0.853945 -0.152424
    outer loop
      vertex -20.915 -42.27 1.30627
      vertex -20.9414 -42.2559 1.31345
      vertex -20.9397 -42.1873 0.923573
    endloop
  endfacet
  facet normal -0.373595 -0.919885 -0.119325
    outer loop
      vertex -20.7654 -42.3495 1.3613
      vertex -20.7861 -42.3385 1.34131
      vertex -20.4947 -42.4239 1.08732
    endloop
  endfacet
  facet normal -0.180079 -0.981018 -0.0719449
    outer loop
      vertex -20.3501 -42.5008 1.4087
      vertex -20.369 -42.4908 1.31965
      vertex -19.9988 -42.5503 1.20436
    endloop
  endfacet
  facet normal -0.173727 -0.984485 -0.0246743
    outer loop
      vertex -20.3438 -42.5042 1.5
      vertex -20.3501 -42.5008 1.4087
      vertex -19.9678 -42.5668 1.35034
    endloop
  endfacet
  facet normal -0.650989 -0.569138 -0.50229
    outer loop
      vertex -21.2421 -41.6875 0.336126
      vertex -21.4529 -41.3143 0.186464
      vertex -21.2611 -41.4162 0.0533447
    endloop
  endfacet
  facet normal -0.723644 -0.623757 -0.295407
    outer loop
      vertex -21.4855 -41.7598 0.937661
      vertex -21.6516 -41.4698 0.732208
      vertex -21.5341 -41.5323 0.576344
    endloop
  endfacet
  facet normal -0.717134 -0.533943 -0.447909
    outer loop
      vertex -21.5341 -41.5323 0.576344
      vertex -21.624 -41.2233 0.351928
      vertex -21.4529 -41.3143 0.186464
    endloop
  endfacet
  facet normal -0.571939 -0.704431 -0.420311
    outer loop
      vertex -21.1856 -41.9192 0.647567
      vertex -21.2421 -41.6875 0.336126
      vertex -21.0632 -41.9843 0.590117
    endloop
  endfacet
  facet normal -0.811157 -0.0815438 -0.579116
    outer loop
      vertex -21.6694 -40.5063 0
      vertex -21.8168 -40.0513 0.142393
      vertex -21.7094 -40.1084 0
    endloop
  endfacet
  facet normal -0.589946 0.490109 -0.641682
    outer loop
      vertex -21.1266 -38.6737 0
      vertex -21.1806 -38.7387 0
      vertex -21.1803 -38.6452 0.0711384
    endloop
  endfacet
  facet normal -0.67142 0.357031 0.649403
    outer loop
      vertex -21.5902 -39.3104 2.96493
      vertex -21.1818 -39.0833 3.26232
      vertex -21.406 -38.964 2.96493
    endloop
  endfacet
  facet normal -0.671411 0.356936 0.649464
    outer loop
      vertex -21.1818 -39.0833 3.26232
      vertex -21.5902 -39.3104 2.96493
      vertex -21.3659 -39.4296 3.26232
    endloop
  endfacet
  facet normal -0.942683 0.324563 0.0775121
    outer loop
      vertex -22.0105 -39.0869 1.5
      vertex -22.1382 -39.4578 1.5
      vertex -21.9834 -39.1013 1.88988
    endloop
  endfacet
  facet normal -0.942683 0.324563 -0.0775121
    outer loop
      vertex -21.9834 -39.1013 1.11012
      vertex -22.1382 -39.4578 1.5
      vertex -22.0105 -39.0869 1.5
    endloop
  endfacet
  facet normal -0.808735 -0.578477 0.106356
    outer loop
      vertex -21.6055 -41.696 1.79564
      vertex -21.8577 -41.3602 1.70434
      vertex -21.6365 -41.6795 1.64966
    endloop
  endfacet
  facet normal -0.818607 -0.573236 0.0358193
    outer loop
      vertex -21.6365 -41.6795 1.64966
      vertex -21.8577 -41.3602 1.70434
      vertex -21.6469 -41.674 1.5
    endloop
  endfacet
  facet normal -0.654337 -0.72893 0.201257
    outer loop
      vertex -21.2234 -42.0364 1.91268
      vertex -21.4855 -41.7598 2.06234
      vertex -21.2759 -42.0085 1.84304
    endloop
  endfacet
  facet normal -0.712253 -0.698141 0.07277
    outer loop
      vertex -21.3491 -41.9696 1.68035
      vertex -21.6055 -41.696 1.79564
      vertex -21.368 -41.9596 1.5913
    endloop
  endfacet
  facet normal -0.477489 -0.545751 0.688593
    outer loop
      vertex -20.9987 -41.2416 3.30797
      vertex -21.0533 -41.5267 3.04415
      vertex -20.7426 -41.3778 3.37761
    endloop
  endfacet
  facet normal -0.469235 -0.883074 1.6402e-12
    outer loop
      vertex -20.915 -42.27 1.69373
      vertex -20.8608 -42.2988 1.69373
      vertex -20.8879 -42.2844 1.69615
    endloop
  endfacet
  facet normal -0.469216 -0.883039 -0.00884954
    outer loop
      vertex -20.9414 -42.2559 1.68655
      vertex -20.8608 -42.2988 1.69373
      vertex -20.915 -42.27 1.69373
    endloop
  endfacet
  facet normal -0.469153 -0.883063 -0.00970364
    outer loop
      vertex -20.9414 -42.2559 1.68655
      vertex -20.8343 -42.3128 1.68655
      vertex -20.8608 -42.2988 1.69373
    endloop
  endfacet
  facet normal -0.469174 -0.883102 0.00263187
    outer loop
      vertex -20.9665 -42.2426 1.67477
      vertex -20.8343 -42.3128 1.68655
      vertex -20.9414 -42.2559 1.68655
    endloop
  endfacet
  facet normal -0.469301 -0.883027 0.00450807
    outer loop
      vertex -20.9665 -42.2426 1.67477
      vertex -20.8092 -42.3262 1.67477
      vertex -20.8343 -42.3128 1.68655
    endloop
  endfacet
  facet normal -0.469302 -0.883029 -0.00384019
    outer loop
      vertex -20.9897 -42.2302 1.65869
      vertex -20.8092 -42.3262 1.67477
      vertex -20.9665 -42.2426 1.67477
    endloop
  endfacet
  facet normal -0.46962 -0.882868 0.000687658
    outer loop
      vertex -20.9897 -42.2302 1.65869
      vertex -20.7861 -42.3385 1.65869
      vertex -20.8092 -42.3262 1.67477
    endloop
  endfacet
  facet normal -0.469619 -0.882867 -0.00186987
    outer loop
      vertex -21.0103 -42.2192 1.6387
      vertex -20.7861 -42.3385 1.65869
      vertex -20.9897 -42.2302 1.65869
    endloop
  endfacet
  facet normal -0.469709 -0.882821 -0.000596897
    outer loop
      vertex -21.0103 -42.2192 1.6387
      vertex -20.7654 -42.3495 1.6387
      vertex -20.7861 -42.3385 1.65869
    endloop
  endfacet
  facet normal -0.469704 -0.882813 0.00442553
    outer loop
      vertex -21.028 -42.2099 1.61529
      vertex -20.7654 -42.3495 1.6387
      vertex -21.0103 -42.2192 1.6387
    endloop
  endfacet
  facet normal -0.469508 -0.882927 0.00154524
    outer loop
      vertex -21.028 -42.2099 1.61529
      vertex -20.7478 -42.3589 1.61529
      vertex -20.7654 -42.3495 1.6387
    endloop
  endfacet
  facet normal -0.469508 -0.882927 -0.00164758
    outer loop
      vertex -21.0422 -42.2023 1.58905
      vertex -20.7478 -42.3589 1.61529
      vertex -21.028 -42.2099 1.61529
    endloop
  endfacet
  facet normal -0.469503 -0.882929 -0.00171403
    outer loop
      vertex -21.0422 -42.2023 1.58905
      vertex -20.7336 -42.3664 1.58905
      vertex -20.7478 -42.3589 1.61529
    endloop
  endfacet
  facet normal -0.469504 -0.88293 0.00093961
    outer loop
      vertex -21.0526 -42.1968 1.56061
      vertex -20.7336 -42.3664 1.58905
      vertex -21.0422 -42.2023 1.58905
    endloop
  endfacet
  facet normal -0.469377 -0.882997 -0.000880345
    outer loop
      vertex -21.0526 -42.1968 1.56061
      vertex -20.7232 -42.3719 1.56061
      vertex -20.7336 -42.3664 1.58905
    endloop
  endfacet
  facet normal -0.469377 -0.882997 -0.00150735
    outer loop
      vertex -21.0589 -42.1934 1.53068
      vertex -20.7232 -42.3719 1.56061
      vertex -21.0526 -42.1968 1.56061
    endloop
  endfacet
  facet normal -0.469476 -0.882945 -8.79578e-05
    outer loop
      vertex -21.0589 -42.1934 1.53068
      vertex -20.7168 -42.3753 1.53068
      vertex -20.7232 -42.3719 1.56061
    endloop
  endfacet
  facet normal -0.469475 -0.882943 0.00200806
    outer loop
      vertex -21.0611 -42.1923 1.5
      vertex -20.7168 -42.3753 1.53068
      vertex -21.0589 -42.1934 1.53068
    endloop
  endfacet
  facet normal -0.469304 -0.883036 -0.000462808
    outer loop
      vertex -21.0611 -42.1923 1.5
      vertex -20.7147 -42.3764 1.5
      vertex -20.7168 -42.3753 1.53068
    endloop
  endfacet
  facet normal -0.469303 -0.883035 -0.00199248
    outer loop
      vertex -21.0589 -42.1934 1.46932
      vertex -20.7147 -42.3764 1.5
      vertex -21.0611 -42.1923 1.5
    endloop
  endfacet
  facet normal -0.469476 -0.882945 0.00047783
    outer loop
      vertex -21.0589 -42.1934 1.46932
      vertex -20.7168 -42.3753 1.46932
      vertex -20.7147 -42.3764 1.5
    endloop
  endfacet
  facet normal -0.469475 -0.882944 0.00148062
    outer loop
      vertex -21.0526 -42.1968 1.43939
      vertex -20.7168 -42.3753 1.46932
      vertex -21.0589 -42.1934 1.46932
    endloop
  endfacet
  facet normal -0.469377 -0.882998 6.09029e-05
    outer loop
      vertex -21.0526 -42.1968 1.43939
      vertex -20.7232 -42.3719 1.43939
      vertex -20.7168 -42.3753 1.46932
    endloop
  endfacet
  facet normal -0.469377 -0.882997 -0.000880345
    outer loop
      vertex -21.0422 -42.2023 1.41095
      vertex -20.7232 -42.3719 1.43939
      vertex -21.0526 -42.1968 1.43939
    endloop
  endfacet
  facet normal -0.469504 -0.88293 0.00093961
    outer loop
      vertex -21.0422 -42.2023 1.41095
      vertex -20.7336 -42.3664 1.41095
      vertex -20.7232 -42.3719 1.43939
    endloop
  endfacet
  facet normal -0.469503 -0.882929 0.00165079
    outer loop
      vertex -21.028 -42.2099 1.38471
      vertex -20.7336 -42.3664 1.41095
      vertex -21.0422 -42.2023 1.41095
    endloop
  endfacet
  facet normal -0.469508 -0.882927 0.00171723
    outer loop
      vertex -21.028 -42.2099 1.38471
      vertex -20.7478 -42.3589 1.38471
      vertex -20.7336 -42.3664 1.41095
    endloop
  endfacet
  facet normal -0.469504 -0.88292 -0.00423189
    outer loop
      vertex -21.0103 -42.2192 1.3613
      vertex -20.7478 -42.3589 1.38471
      vertex -21.028 -42.2099 1.38471
    endloop
  endfacet
  facet normal -0.469708 -0.882821 -0.001352
    outer loop
      vertex -21.0103 -42.2192 1.3613
      vertex -20.7654 -42.3495 1.3613
      vertex -20.7478 -42.3589 1.38471
    endloop
  endfacet
  facet normal -0.469708 -0.88282 0.00175282
    outer loop
      vertex -20.9897 -42.2302 1.34131
      vertex -20.7654 -42.3495 1.3613
      vertex -21.0103 -42.2192 1.3613
    endloop
  endfacet
  facet normal -0.46962 -0.882868 0.0004794
    outer loop
      vertex -20.9897 -42.2302 1.34131
      vertex -20.7861 -42.3385 1.34131
      vertex -20.7654 -42.3495 1.3613
    endloop
  endfacet
  facet normal -0.469618 -0.882864 0.00325759
    outer loop
      vertex -20.9665 -42.2426 1.32523
      vertex -20.7861 -42.3385 1.34131
      vertex -20.9897 -42.2302 1.34131
    endloop
  endfacet
  facet normal -0.469305 -0.883035 -0.00126727
    outer loop
      vertex -20.9665 -42.2426 1.32523
      vertex -20.8092 -42.3262 1.32523
      vertex -20.7861 -42.3385 1.34131
    endloop
  endfacet
  facet normal -0.469304 -0.883032 -0.00298793
    outer loop
      vertex -20.9414 -42.2559 1.31345
      vertex -20.8092 -42.3262 1.32523
      vertex -20.9665 -42.2426 1.32523
    endloop
  endfacet
  facet normal -0.46917 -0.883095 -0.00486471
    outer loop
      vertex -20.9414 -42.2559 1.31345
      vertex -20.8343 -42.3128 1.31345
      vertex -20.8092 -42.3262 1.32523
    endloop
  endfacet
  facet normal -0.469156 -0.883068 0.00912951
    outer loop
      vertex -20.915 -42.27 1.30627
      vertex -20.8343 -42.3128 1.31345
      vertex -20.9414 -42.2559 1.31345
    endloop
  endfacet
  facet normal -0.469211 -0.88303 0.00998399
    outer loop
      vertex -20.915 -42.27 1.30627
      vertex -20.8608 -42.2988 1.30627
      vertex -20.8343 -42.3128 1.31345
    endloop
  endfacet
  facet normal -0.469235 -0.883074 -1.64093e-12
    outer loop
      vertex -20.8608 -42.2988 1.30627
      vertex -20.915 -42.27 1.30627
      vertex -20.8879 -42.2844 1.30385
    endloop
  endfacet
  facet normal -0.591681 -0.803917 -0.0602683
    outer loop
      vertex -21.0526 -42.1968 1.43939
      vertex -21.3491 -41.9696 1.31965
      vertex -21.3182 -41.986 1.23505
    endloop
  endfacet
  facet normal -0.78932 -0.588807 0.174013
    outer loop
      vertex -21.7462 -41.4195 2.09302
      vertex -21.8154 -41.3827 1.90365
      vertex -21.6055 -41.696 1.79564
    endloop
  endfacet
  facet normal -0.970683 -0.148241 0.189204
    outer loop
      vertex -22.121 -40.2854 2.1587
      vertex -22.19 -40.2487 1.83346
      vertex -22.1379 -40.6359 1.79738
    endloop
  endfacet
  facet normal -0.739755 -0.271069 0.615861
    outer loop
      vertex -21.6619 -40.5295 3.00727
      vertex -21.6669 -40.8863 2.84422
      vertex -21.4373 -40.6489 3.2245
    endloop
  endfacet
  facet normal -0.822748 -0.477847 0.307812
    outer loop
      vertex -21.6516 -41.4698 2.26779
      vertex -21.7701 -41.1456 2.45434
      vertex -21.7462 -41.4195 2.09302
    endloop
  endfacet
  facet normal 0.570786 0.496209 0.654202
    outer loop
      vertex -18.1745 -38.7514 2.94666
      vertex -18.3823 -38.6409 3.04415
      vertex -18.1935 -39.0554 3.19382
    endloop
  endfacet
  facet normal 0.331412 0.488071 0.807436
    outer loop
      vertex -18.9556 -38.6502 3.40101
      vertex -19.1046 -38.9305 3.6316
      vertex -18.693 -38.7898 3.37761
    endloop
  endfacet
  facet normal 0.331356 0.488168 0.8074
    outer loop
      vertex -18.693 -38.7898 3.37761
      vertex -19.1046 -38.9305 3.6316
      vertex -18.8101 -39.087 3.60536
    endloop
  endfacet
  facet normal 0.442429 0.429129 0.787467
    outer loop
      vertex -18.693 -38.7898 3.37761
      vertex -18.8101 -39.087 3.60536
      vertex -18.523 -39.2397 3.52727
    endloop
  endfacet
  facet normal 0.864567 0.340045 0.369991
    outer loop
      vertex -17.46 -39.4454 2.36304
      vertex -17.6656 -39.022 2.45434
      vertex -17.5976 -39.3723 2.61739
    endloop
  endfacet
  facet normal 0.822847 0.477509 0.308072
    outer loop
      vertex -17.548 -39.0845 2.23711
      vertex -17.6751 -38.9121 2.30937
      vertex -17.6656 -39.022 2.45434
    endloop
  endfacet
  facet normal 0.822919 0.477896 0.307277
    outer loop
      vertex -17.6751 -38.9121 2.30937
      vertex -17.548 -39.0845 2.23711
      vertex -17.6376 -38.9385 2.25
    endloop
  endfacet
  facet normal 0.822833 0.477811 0.30764
    outer loop
      vertex -17.6376 -38.9385 2.25
      vertex -17.548 -39.0845 2.23711
      vertex -17.6068 -38.9447 2.17725
    endloop
  endfacet
  facet normal 0.80688 0.370703 0.459918
    outer loop
      vertex -17.6656 -39.022 2.45434
      vertex -17.7687 -39.2813 2.84422
      vertex -17.5976 -39.3723 2.61739
    endloop
  endfacet
  facet normal 0.819092 0.228809 0.526055
    outer loop
      vertex -17.5976 -39.3723 2.61739
      vertex -17.7687 -39.2813 2.84422
      vertex -17.5819 -39.7401 2.75292
    endloop
  endfacet
  facet normal 0.988281 0.138881 0.0633391
    outer loop
      vertex -17.2225 -39.9312 1.5
      vertex -17.2977 -39.5317 1.79738
      vertex -17.2456 -39.9189 1.83346
    endloop
  endfacet
  facet normal 0.970683 0.148241 0.189204
    outer loop
      vertex -17.2977 -39.5317 1.79738
      vertex -17.3146 -39.8822 2.1587
      vertex -17.2456 -39.9189 1.83346
    endloop
  endfacet
  facet normal 0.631424 -0.684639 -0.364107
    outer loop
      vertex -18.2274 -41.9598 0.786264
      vertex -18.3499 -41.8947 0.451419
      vertex -17.9505 -41.6845 0.748803
    endloop
  endfacet
  facet normal 0.672183 -0.706304 -0.222045
    outer loop
      vertex -18.1527 -41.9995 1.13868
      vertex -18.2274 -41.9598 0.786264
      vertex -17.9505 -41.6845 0.748803
    endloop
  endfacet
  facet normal 0.942742 -0.324362 0.0776368
    outer loop
      vertex -17.3239 -40.6957 1.88028
      vertex -17.4522 -41.0663 1.88988
      vertex -17.2974 -40.7097 1.5
    endloop
  endfacet
  facet normal 0.878997 -0.290739 -0.377936
    outer loop
      vertex -17.5329 -41.0234 0.729839
      vertex -17.665 -40.9531 0.368523
      vertex -17.5314 -40.5854 0.396383
    endloop
  endfacet
  facet normal 0.921355 -0.312998 -0.230515
    outer loop
      vertex -17.3239 -40.6957 1.11972
      vertex -17.4522 -41.0663 1.11012
      vertex -17.4025 -40.6539 0.748803
    endloop
  endfacet
  facet normal 0.921191 -0.31325 -0.230826
    outer loop
      vertex -17.4522 -41.0663 1.11012
      vertex -17.5329 -41.0234 0.729839
      vertex -17.4025 -40.6539 0.748803
    endloop
  endfacet
  facet normal 0.783692 -0.0673964 -0.617482
    outer loop
      vertex -17.7074 -40.4918 0.0711384
      vertex -17.761 -40.4633 0
      vertex -17.7489 -40.3226 0
    endloop
  endfacet
  facet normal 0.936061 0.166625 -0.309879
    outer loop
      vertex -17.4276 -39.8221 0.532274
      vertex -17.46 -39.4454 0.636958
      vertex -17.3146 -39.8822 0.8413
    endloop
  endfacet
  facet normal 0.883831 0.0429465 -0.465831
    outer loop
      vertex -17.4516 -40.2052 0.451419
      vertex -17.5819 -39.7401 0.247077
      vertex -17.4276 -39.8221 0.532274
    endloop
  endfacet
  facet normal 0.988281 0.138894 -0.0633222
    outer loop
      vertex -17.2225 -39.9312 1.5
      vertex -17.2977 -39.5317 1.20262
      vertex -17.2771 -39.5427 1.5
    endloop
  endfacet
  facet normal 0.954846 0.2919 -0.0553465
    outer loop
      vertex -17.2977 -39.5317 1.20262
      vertex -17.3918 -39.1675 1.5
      vertex -17.2771 -39.5427 1.5
    endloop
  endfacet
  facet normal 0.988281 0.138881 -0.0633391
    outer loop
      vertex -17.2456 -39.9189 1.16654
      vertex -17.2977 -39.5317 1.20262
      vertex -17.2225 -39.9312 1.5
    endloop
  endfacet
  facet normal 0.997412 -0.0174701 -0.0697388
    outer loop
      vertex -17.2225 -39.9312 1.5
      vertex -17.2544 -40.3101 1.13868
      vertex -17.2456 -39.9189 1.16654
    endloop
  endfacet
  facet normal 0.858588 -0.456311 0.23368
    outer loop
      vertex -17.717 -41.3698 2.27016
      vertex -17.4522 -41.0663 1.88988
      vertex -17.5329 -41.0234 2.27016
    endloop
  endfacet
  facet normal 0.8585 -0.456644 0.233353
    outer loop
      vertex -17.4522 -41.0663 1.88988
      vertex -17.717 -41.3698 2.27016
      vertex -17.6364 -41.4126 1.88988
    endloop
  endfacet
  facet normal 0.921356 -0.312998 0.230513
    outer loop
      vertex -17.4025 -40.6539 2.2512
      vertex -17.4522 -41.0663 1.88988
      vertex -17.3239 -40.6957 1.88028
    endloop
  endfacet
  facet normal 0.97808 -0.00702849 0.208111
    outer loop
      vertex -17.3146 -39.8822 2.1587
      vertex -17.3291 -40.2703 2.21374
      vertex -17.2544 -40.3101 1.86132
    endloop
  endfacet
  facet normal -0.598331 -0.800389 -0.037109
    outer loop
      vertex -21.0526 -42.1968 1.43939
      vertex -21.368 -41.9596 1.4087
      vertex -21.3491 -41.9696 1.31965
    endloop
  endfacet
  facet normal -0.112624 -0.948634 -0.295652
    outer loop
      vertex -20.1187 -42.4865 0.937661
      vertex -20.2048 -42.4407 0.823505
      vertex -19.903 -42.3995 0.576344
    endloop
  endfacet
  facet normal -0.238342 -0.950067 -0.201407
    outer loop
      vertex -20.1187 -42.4865 0.937661
      vertex -20.4947 -42.4239 1.08732
      vertex -20.2048 -42.4407 0.823505
    endloop
  endfacet
  facet normal -0.238226 -0.950167 -0.201074
    outer loop
      vertex -20.4422 -42.4518 1.15696
      vertex -20.4947 -42.4239 1.08732
      vertex -20.1187 -42.4865 0.937661
    endloop
  endfacet
  facet normal 0.0159149 -0.923813 -0.382513
    outer loop
      vertex -19.4505 -42.379 0.545661
      vertex -19.903 -42.3995 0.576344
      vertex -19.5966 -42.3013 0.351928
    endloop
  endfacet
  facet normal 0.0159202 -0.923838 -0.382452
    outer loop
      vertex -19.7855 -42.462 0.732208
      vertex -19.903 -42.3995 0.576344
      vertex -19.4505 -42.379 0.545661
    endloop
  endfacet
  facet normal -0.0417829 -0.893101 -0.447912
    outer loop
      vertex -19.903 -42.3995 0.576344
      vertex -20.0406 -42.3263 0.443225
      vertex -19.7676 -42.2103 0.186464
    endloop
  endfacet
  facet normal -0.180409 -0.819389 -0.544109
    outer loop
      vertex -20.1958 -42.0209 0
      vertex -20.1949 -42.2443 0.336126
      vertex -20.3621 -42.1554 0.257687
    endloop
  endfacet
  facet normal -0.181336 -0.819248 -0.544013
    outer loop
      vertex -20.1949 -42.2443 0.336126
      vertex -20.1958 -42.0209 0
      vertex -20.1705 -42.0265 0
    endloop
  endfacet
  facet normal -0.338519 -0.735266 -0.587187
    outer loop
      vertex -20.6524 -41.8416 0
      vertex -20.5381 -42.0618 0.209836
      vertex -20.7185 -41.9659 0.193754
    endloop
  endfacet
  facet normal -0.338288 -0.735269 -0.587316
    outer loop
      vertex -20.5381 -42.0618 0.209836
      vertex -20.6524 -41.8416 0
      vertex -20.5835 -41.8733 0
    endloop
  endfacet
  facet normal -0.18023 -0.819456 -0.544067
    outer loop
      vertex -20.0732 -42.0479 0
      vertex -20.1949 -42.2443 0.336126
      vertex -20.1705 -42.0265 0
    endloop
  endfacet
  facet normal -0.179963 -0.819544 -0.544022
    outer loop
      vertex -20.1949 -42.2443 0.336126
      vertex -20.0732 -42.0479 0
      vertex -19.9594 -42.1083 0.0533447
    endloop
  endfacet
  facet normal 0.1441 -0.87612 -0.460054
    outer loop
      vertex -19.4505 -42.379 0.545661
      vertex -19.5966 -42.3013 0.351928
      vertex -19.2932 -42.1484 0.15578
    endloop
  endfacet
  facet normal 0.334392 -0.842049 -0.423244
    outer loop
      vertex -18.9845 -42.3126 0.636958
      vertex -19.1221 -42.2394 0.382612
      vertex -18.8084 -42.0467 0.247077
    endloop
  endfacet
  facet normal -0.425147 -0.850693 0.309147
    outer loop
      vertex -20.8021 -42.1231 2.45671
      vertex -20.8591 -42.2302 2.08361
      vertex -20.67 -42.1934 2.44493
    endloop
  endfacet
  facet normal -0.25805 -0.778035 0.572775
    outer loop
      vertex -20.1673 -41.9978 3.04415
      vertex -20.5381 -42.0618 2.79016
      vertex -20.3621 -42.1554 2.74231
    endloop
  endfacet
  facet normal 0.198721 -0.618538 0.760211
    outer loop
      vertex -18.9683 -41.5659 3.36859
      vertex -19.2411 -41.4208 3.55796
      vertex -19.2248 -41.8254 3.2245
    endloop
  endfacet
  facet normal 0.198728 -0.618537 0.76021
    outer loop
      vertex -19.2411 -41.4208 3.55796
      vertex -19.4766 -41.6915 3.39927
      vertex -19.2248 -41.8254 3.2245
    endloop
  endfacet
  facet normal -0.0273119 -0.993946 0.106423
    outer loop
      vertex -19.6216 -42.5491 1.90365
      vertex -19.9988 -42.5503 1.79564
      vertex -19.5794 -42.5716 1.70434
    endloop
  endfacet
  facet normal 0.126264 -0.982402 0.137637
    outer loop
      vertex -19.2469 -42.4872 2.00173
      vertex -19.6216 -42.5491 1.90365
      vertex -19.5794 -42.5716 1.70434
    endloop
  endfacet
  facet normal -0.0746625 0.839199 0.538674
    outer loop
      vertex -19.839 -37.8663 2.64807
      vertex -20.1424 -38.0192 2.84422
      vertex -19.668 -37.9573 2.81354
    endloop
  endfacet
  facet normal -0.144095 0.876119 0.460057
    outer loop
      vertex -19.9851 -37.7886 2.45434
      vertex -20.1424 -38.0192 2.84422
      vertex -19.839 -37.8663 2.64807
    endloop
  endfacet
  facet normal -0.298651 0.671713 0.677945
    outer loop
      vertex -20.4354 -38.2228 3.00727
      vertex -20.7107 -38.4723 3.1332
      vertex -20.4674 -38.6017 3.36859
    endloop
  endfacet
  facet normal -0.400953 0.562065 0.723408
    outer loop
      vertex -20.4674 -38.6017 3.36859
      vertex -20.7107 -38.4723 3.1332
      vertex -20.7054 -38.8977 3.46666
    endloop
  endfacet
  facet normal -0.0981439 0.716667 0.690475
    outer loop
      vertex -19.7176 -38.2451 3.19382
      vertex -20.2108 -38.3422 3.2245
      vertex -19.959 -38.4761 3.39927
    endloop
  endfacet
  facet normal 0.00185279 0.663492 0.748181
    outer loop
      vertex -19.7176 -38.2451 3.19382
      vertex -19.959 -38.4761 3.39927
      vertex -19.6862 -38.6212 3.52727
    endloop
  endfacet
  facet normal 0.00156741 0.663479 0.748194
    outer loop
      vertex -19.4742 -38.3744 3.30797
      vertex -19.7176 -38.2451 3.19382
      vertex -19.6862 -38.6212 3.52727
    endloop
  endfacet
  facet normal 0.108464 0.606628 0.787552
    outer loop
      vertex -19.4742 -38.3744 3.30797
      vertex -19.6862 -38.6212 3.52727
      vertex -19.2181 -38.5106 3.37761
    endloop
  endfacet
  facet normal -0.176694 0.443052 0.878911
    outer loop
      vertex -19.8988 -38.904 3.69665
      vertex -20.1945 -38.7468 3.55796
      vertex -20.1071 -39.2158 3.81195
    endloop
  endfacet
  facet normal -0.0514446 0.376428 0.925016
    outer loop
      vertex -19.8988 -38.904 3.69665
      vertex -20.1071 -39.2158 3.81195
      vertex -19.5877 -39.0694 3.78126
    endloop
  endfacet
  facet normal -0.141586 -0.101296 0.98473
    outer loop
      vertex -20.1541 -40.0739 3.96161
      vertex -20.3276 -40.4206 3.901
      vertex -19.9918 -40.5991 3.93092
    endloop
  endfacet
  facet normal -0.276796 -0.0293927 0.960479
    outer loop
      vertex -20.1541 -40.0739 3.96161
      vertex -20.6551 -40.2464 3.81195
      vertex -20.3276 -40.4206 3.901
    endloop
  endfacet
  facet normal 0.717195 0.534036 -0.447701
    outer loop
      vertex -17.9827 -38.8533 0.186464
      vertex -18.0069 -38.7286 0.296444
      vertex -17.9491 -38.763 0.348003
    endloop
  endfacet
  facet normal -0.201723 0.906821 -0.370112
    outer loop
      vertex -20.3135 -37.9282 0.382612
      vertex -20.4511 -37.855 0.636958
      vertex -19.9851 -37.7886 0.545661
    endloop
  endfacet
  facet normal -0.201723 0.906824 -0.370107
    outer loop
      vertex -19.9851 -37.7886 0.545661
      vertex -20.4511 -37.855 0.636958
      vertex -20.1027 -37.7261 0.762893
    endloop
  endfacet
  facet normal -0.139255 0.98917 -0.0463692
    outer loop
      vertex -20.0965 -37.6241 1.4176
      vertex -20.2589 -37.6431 1.5
      vertex -20.1076 -37.6218 1.5
    endloop
  endfacet
  facet normal -0.189279 0.765017 -0.615567
    outer loop
      vertex -20.1705 -38.1515 0
      vertex -20.4223 -38.2138 0
      vertex -20.1424 -38.0192 0.15578
    endloop
  endfacet
  facet normal 0.338396 0.735251 0.587276
    outer loop
      vertex -18.8544 -38.2845 2.98915
      vertex -19.0496 -38.2861 3.10363
      vertex -18.8253 -38.4053 3.12362
    endloop
  endfacet
  facet normal 0.338546 0.734982 0.587527
    outer loop
      vertex -19.0496 -38.2861 3.10363
      vertex -18.8544 -38.2845 2.98915
      vertex -18.9844 -38.2088 2.96936
    endloop
  endfacet
  facet normal 0.282309 0.649607 0.705912
    outer loop
      vertex -19.0496 -38.2861 3.10363
      vertex -19.2181 -38.5106 3.37761
      vertex -18.8253 -38.4053 3.12362
    endloop
  endfacet
  facet normal 0.420103 0.692051 0.587008
    outer loop
      vertex -18.7832 -38.326 3
      vertex -18.8253 -38.4053 3.12362
      vertex -18.7089 -38.3619 2.98915
    endloop
  endfacet
  facet normal 0.57916 0.607084 0.544081
    outer loop
      vertex -18.3733 -38.5371 2.91875
      vertex -18.3823 -38.6409 3.04415
      vertex -18.3039 -38.5741 2.88616
    endloop
  endfacet
  facet normal -0.24607 0.930597 0.270996
    outer loop
      vertex -20.1887 -37.6804 2.00173
      vertex -20.5519 -37.8014 2.08745
      vertex -20.4511 -37.855 2.36304
    endloop
  endfacet
  facet normal -0.458623 0.756805 0.465737
    outer loop
      vertex -20.7815 -38.0388 2.46773
      vertex -21.0857 -38.2729 2.54858
      vertex -20.6272 -38.1208 2.75292
    endloop
  endfacet
  facet normal 0.041665 0.893103 0.447918
    outer loop
      vertex -19.6119 -37.8789 2.652
      vertex -19.668 -37.9573 2.81354
      vertex -19.551 -37.9076 2.70356
    endloop
  endfacet
  facet normal -0.0631289 0.949188 0.308312
    outer loop
      vertex -19.8887 -37.7351 2.30937
      vertex -19.9851 -37.7886 2.45434
      vertex -19.8416 -37.7531 2.37443
    endloop
  endfacet
  facet normal -0.188893 0.764957 0.615759
    outer loop
      vertex -20.1424 -38.0192 2.84422
      vertex -20.4354 -38.2228 3.00727
      vertex -20.2108 -38.3422 3.2245
    endloop
  endfacet
  facet normal -0.189242 0.764936 0.615679
    outer loop
      vertex -20.1424 -38.0192 2.84422
      vertex -20.2108 -38.3422 3.2245
      vertex -19.9422 -38.1256 3.03795
    endloop
  endfacet
  facet normal -0.138532 0.989277 0.0462567
    outer loop
      vertex -20.0965 -37.6241 1.5824
      vertex -20.2413 -37.6524 1.75399
      vertex -20.0763 -37.6283 1.73272
    endloop
  endfacet
  facet normal -0.139 0.98923 0.0458532
    outer loop
      vertex -20.2413 -37.6524 1.75399
      vertex -20.0965 -37.6241 1.5824
      vertex -20.2589 -37.6431 1.5
    endloop
  endfacet
  facet normal -0.100994 0.969043 -0.22529
    outer loop
      vertex -20.0043 -37.67 0.960344
      vertex -20.1887 -37.6804 0.998274
      vertex -20.033 -37.6547 1.03902
    endloop
  endfacet
  facet normal -0.437338 0.897065 -0.0633227
    outer loop
      vertex -20.6134 -37.7687 1.20262
      vertex -20.9867 -37.9297 1.5
      vertex -20.6341 -37.7578 1.5
    endloop
  endfacet
  facet normal -0.514657 0.786596 0.341167
    outer loop
      vertex -20.8945 -37.9787 2.1587
      vertex -21.0857 -38.2729 2.54858
      vertex -20.7815 -38.0388 2.46773
    endloop
  endfacet
  facet normal -0.291995 0.954826 0.0551951
    outer loop
      vertex -20.2589 -37.6431 1.5
      vertex -20.6134 -37.7687 1.79738
      vertex -20.2413 -37.6524 1.75399
    endloop
  endfacet
  facet normal -0.130336 0.982418 0.133669
    outer loop
      vertex -20.0639 -37.6484 1.88823
      vertex -20.1887 -37.6804 2.00173
      vertex -20.0633 -37.6485 1.88955
    endloop
  endfacet
  facet normal -0.126485 0.982339 0.137881
    outer loop
      vertex -20.0639 -37.6484 1.88823
      vertex -20.2413 -37.6524 1.75399
      vertex -20.1887 -37.6804 2.00173
    endloop
  endfacet
  facet normal -0.125846 0.98254 0.13703
    outer loop
      vertex -20.2413 -37.6524 1.75399
      vertex -20.0639 -37.6484 1.88823
      vertex -20.0763 -37.6283 1.73272
    endloop
  endfacet
  facet normal 0.0981054 -0.716521 0.690633
    outer loop
      vertex -19.2248 -41.8254 3.2245
      vertex -19.718 -41.9225 3.19382
      vertex -19.4935 -42.042 3.03795
    endloop
  endfacet
  facet normal -0.00500025 -0.797062 0.603877
    outer loop
      vertex -19.718 -41.9225 3.19382
      vertex -19.7676 -42.2103 2.81354
      vertex -19.4935 -42.042 3.03795
    endloop
  endfacet
  facet normal -0.0920686 -0.750779 0.654106
    outer loop
      vertex -19.9614 -41.7932 3.30797
      vertex -20.1673 -41.9978 3.04415
      vertex -19.718 -41.9225 3.19382
    endloop
  endfacet
  facet normal -0.107665 -0.857976 0.50228
    outer loop
      vertex -19.9594 -42.1083 2.94666
      vertex -20.1949 -42.2443 2.66387
      vertex -19.7676 -42.2103 2.81354
    endloop
  endfacet
  facet normal -0.282433 -0.649426 0.706029
    outer loop
      vertex -20.48 -41.5174 3.40101
      vertex -20.6103 -41.7623 3.12362
      vertex -20.2175 -41.657 3.37761
    endloop
  endfacet
  facet normal -0.380512 -0.597297 0.706008
    outer loop
      vertex -20.7426 -41.3778 3.37761
      vertex -20.8345 -41.6431 3.10363
      vertex -20.6103 -41.7623 3.12362
    endloop
  endfacet
  facet normal 0.0886278 -0.56002 0.823725
    outer loop
      vertex -19.5368 -41.2636 3.69665
      vertex -19.7495 -41.5464 3.52727
      vertex -19.2411 -41.4208 3.55796
    endloop
  endfacet
  facet normal -0.0288893 -0.497531 0.866965
    outer loop
      vertex -19.5368 -41.2636 3.69665
      vertex -19.8479 -41.0981 3.78126
      vertex -19.7495 -41.5464 3.52727
    endloop
  endfacet
  facet normal -0.474315 -0.866343 -0.156444
    outer loop
      vertex -20.8879 -42.2844 1.30385
      vertex -20.915 -42.27 1.30627
      vertex -20.8591 -42.2302 0.916387
    endloop
  endfacet
  facet normal -0.358902 -0.92771 0.102683
    outer loop
      vertex -20.4947 -42.4239 1.91268
      vertex -20.7654 -42.3495 1.6387
      vertex -20.7478 -42.3589 1.61529
    endloop
  endfacet
  facet normal -0.157168 -0.924924 0.34614
    outer loop
      vertex -20.0406 -42.3263 2.55678
      vertex -20.3056 -42.3871 2.27399
      vertex -19.903 -42.3995 2.42366
    endloop
  endfacet
  facet normal -0.157133 -0.924967 0.346043
    outer loop
      vertex -19.903 -42.3995 2.42366
      vertex -20.3056 -42.3871 2.27399
      vertex -20.2048 -42.4407 2.17649
    endloop
  endfacet
  facet normal -0.452526 -0.877921 0.156445
    outer loop
      vertex -20.8591 -42.2302 2.08361
      vertex -20.8879 -42.2844 1.69615
      vertex -20.8608 -42.2988 1.69373
    endloop
  endfacet
  facet normal -0.699064 -0.705125 0.118779
    outer loop
      vertex -21.5548 -41.7229 1.93434
      vertex -21.6055 -41.696 1.79564
      vertex -21.3182 -41.986 1.76495
    endloop
  endfacet
  facet normal -0.537359 -0.832785 -0.133096
    outer loop
      vertex -20.9897 -42.2302 1.34131
      vertex -21.093 -42.1058 0.979997
      vertex -20.9665 -42.2426 1.32523
    endloop
  endfacet
  facet normal -0.516542 -0.84389 0.145029
    outer loop
      vertex -21.0183 -42.1455 2.05505
      vertex -21.093 -42.1058 2.02
      vertex -20.9414 -42.2559 1.68655
    endloop
  endfacet
  facet normal -0.578443 -0.607705 0.544149
    outer loop
      vertex -21.0533 -41.5267 3.04415
      vertex -21.2611 -41.4162 2.94666
      vertex -21.2421 -41.6875 2.66387
    endloop
  endfacet
  facet normal -0.449343 -0.769635 0.453601
    outer loop
      vertex -20.7185 -41.9659 2.80625
      vertex -20.899 -41.87 2.79016
      vertex -20.8021 -42.1231 2.45671
    endloop
  endfacet
  facet normal -0.386449 -0.803063 0.453593
    outer loop
      vertex -20.7185 -41.9659 2.80625
      vertex -20.8021 -42.1231 2.45671
      vertex -20.5381 -42.0618 2.79016
    endloop
  endfacet
  facet normal -0.150852 -0.432629 0.888862
    outer loop
      vertex -19.8479 -41.0981 3.78126
      vertex -20.3311 -41.2371 3.6316
      vertex -20.0366 -41.3937 3.60536
    endloop
  endfacet
  facet normal -0.219308 -0.547719 0.807408
    outer loop
      vertex -20.0366 -41.3937 3.60536
      vertex -20.3311 -41.2371 3.6316
      vertex -20.2175 -41.657 3.37761
    endloop
  endfacet
  facet normal -0.46609 -0.101309 0.878918
    outer loop
      vertex -20.6551 -40.2464 3.81195
      vertex -21.0928 -40.4362 3.55796
      vertex -20.7971 -40.5934 3.69665
    endloop
  endfacet
  facet normal -0.649038 -0.319185 0.690558
    outer loop
      vertex -21.1855 -40.7828 3.39927
      vertex -21.4373 -40.6489 3.2245
      vertex -21.2421 -41.1122 3.19382
    endloop
  endfacet
  facet normal -0.43136 -0.889177 -0.152618
    outer loop
      vertex -20.6998 -42.3148 0.944951
      vertex -20.8343 -42.3128 1.31345
      vertex -20.7784 -42.273 0.923573
    endloop
  endfacet
  facet normal -0.411301 -0.899854 -0.145239
    outer loop
      vertex -20.6251 -42.3546 0.979997
      vertex -20.8343 -42.3128 1.31345
      vertex -20.6998 -42.3148 0.944951
    endloop
  endfacet
  facet normal -0.329029 -0.943601 -0.0368346
    outer loop
      vertex -20.7168 -42.3753 1.46932
      vertex -20.7232 -42.3719 1.43939
      vertex -20.3501 -42.5008 1.4087
    endloop
  endfacet
  facet normal 0.864565 0.340045 -0.369995
    outer loop
      vertex -17.5976 -39.3723 0.382612
      vertex -17.6656 -39.022 0.545661
      vertex -17.46 -39.4454 0.636958
    endloop
  endfacet
  facet normal 0.885103 0.193718 -0.423162
    outer loop
      vertex -17.5819 -39.7401 0.247077
      vertex -17.5976 -39.3723 0.382612
      vertex -17.46 -39.4454 0.636958
    endloop
  endfacet
  facet normal 0.807145 0.37034 -0.459745
    outer loop
      vertex -17.7687 -39.2813 0.15578
      vertex -17.8116 -38.9443 0.351928
      vertex -17.6656 -39.022 0.545661
    endloop
  endfacet
  facet normal 0.420058 0.691923 -0.587192
    outer loop
      vertex -18.7183 -38.3654 0
      vertex -18.7832 -38.326 0
      vertex -18.7089 -38.3619 0.0108487
    endloop
  endfacet
  facet normal -0.449327 -0.769642 -0.453603
    outer loop
      vertex -20.8021 -42.1231 0.543292
      vertex -20.899 -41.87 0.209836
      vertex -20.7185 -41.9659 0.193754
    endloop
  endfacet
  facet normal -0.449143 -0.769695 -0.453697
    outer loop
      vertex -20.8021 -42.1231 0.543292
      vertex -20.9343 -42.0529 0.555071
      vertex -20.899 -41.87 0.209836
    endloop
  endfacet
  facet normal -0.5528 0.806918 -0.208075
    outer loop
      vertex -21.2082 -38.2078 0.786264
      vertex -21.2829 -38.1681 1.13868
      vertex -20.8945 -37.9787 0.8413
    endloop
  endfacet
  facet normal -0.514614 0.786611 -0.341198
    outer loop
      vertex -21.0857 -38.2729 0.451419
      vertex -21.2082 -38.2078 0.786264
      vertex -20.8945 -37.9787 0.8413
    endloop
  endfacet
  facet normal -0.55095 -0.783859 -0.286389
    outer loop
      vertex -21.0183 -42.1455 0.944951
      vertex -21.093 -42.1058 0.979997
      vertex -21.0632 -41.9843 0.590117
    endloop
  endfacet
  facet normal -0.589759 -0.763294 -0.263755
    outer loop
      vertex -21.1619 -42.0691 1.02785
      vertex -21.2987 -41.8591 0.726007
      vertex -21.093 -42.1058 0.979997
    endloop
  endfacet
  facet normal -0.510312 -0.805464 -0.301346
    outer loop
      vertex -21.0183 -42.1455 0.944951
      vertex -21.0632 -41.9843 0.590117
      vertex -20.9397 -42.1873 0.923573
    endloop
  endfacet
  facet normal -0.386465 -0.803055 -0.453595
    outer loop
      vertex -20.5381 -42.0618 0.209836
      vertex -20.8021 -42.1231 0.543292
      vertex -20.7185 -41.9659 0.193754
    endloop
  endfacet
  facet normal -0.382344 -0.873562 -0.30117
    outer loop
      vertex -20.5411 -42.2619 0.590117
      vertex -20.7784 -42.273 0.923573
      vertex -20.67 -42.1934 0.555071
    endloop
  endfacet
  facet normal -0.15713 -0.924964 -0.346052
    outer loop
      vertex -20.2048 -42.4407 0.823505
      vertex -20.3056 -42.3871 0.726007
      vertex -19.903 -42.3995 0.576344
    endloop
  endfacet
  facet normal -0.264294 -0.867998 -0.420391
    outer loop
      vertex -20.1949 -42.2443 0.336126
      vertex -20.5411 -42.2619 0.590117
      vertex -20.3621 -42.1554 0.257687
    endloop
  endfacet
  facet normal -0.582376 -0.808886 0.0808768
    outer loop
      vertex -21.028 -42.2099 1.61529
      vertex -21.3182 -41.986 1.76495
      vertex -21.0422 -42.2023 1.58905
    endloop
  endfacet
  facet normal -0.382543 -0.873427 -0.301307
    outer loop
      vertex -20.6998 -42.3148 0.944951
      vertex -20.7784 -42.273 0.923573
      vertex -20.5411 -42.2619 0.590117
    endloop
  endfacet
  facet normal -0.328986 -0.943643 -0.0361436
    outer loop
      vertex -20.3501 -42.5008 1.4087
      vertex -20.7232 -42.3719 1.43939
      vertex -20.369 -42.4908 1.31965
    endloop
  endfacet
  facet normal -0.0173487 -0.999219 -0.0355157
    outer loop
      vertex -19.9574 -42.5723 1.5
      vertex -19.9678 -42.5668 1.35034
      vertex -19.5794 -42.5716 1.29566
    endloop
  endfacet
  facet normal -0.21323 -0.963461 -0.162098
    outer loop
      vertex -20.3999 -42.4743 1.23505
      vertex -20.4422 -42.4518 1.15696
      vertex -20.1187 -42.4865 0.937661
    endloop
  endfacet
  facet normal -0.212995 -0.963551 -0.161872
    outer loop
      vertex -20.0495 -42.5233 1.06566
      vertex -20.3999 -42.4743 1.23505
      vertex -20.1187 -42.4865 0.937661
    endloop
  endfacet
  facet normal -0.173517 -0.984535 -0.0241238
    outer loop
      vertex -19.9574 -42.5723 1.5
      vertex -20.3438 -42.5042 1.5
      vertex -19.9678 -42.5668 1.35034
    endloop
  endfacet
  facet normal -0.344895 -0.93517 0.0806507
    outer loop
      vertex -20.3999 -42.4743 1.76495
      vertex -20.7478 -42.3589 1.61529
      vertex -20.7336 -42.3664 1.58905
    endloop
  endfacet
  facet normal -0.658077 -0.449686 -0.603918
    outer loop
      vertex -21.4529 -41.3143 0.186464
      vertex -21.4643 -41.0472 0
      vertex -21.3495 -41.2152 0
    endloop
  endfacet
  facet normal -0.737528 -0.407378 -0.538605
    outer loop
      vertex -21.624 -41.2233 0.351928
      vertex -21.6669 -40.8863 0.15578
      vertex -21.4529 -41.3143 0.186464
    endloop
  endfacet
  facet normal -0.658134 -0.449612 -0.603911
    outer loop
      vertex -21.257 -41.3506 0
      vertex -21.4529 -41.3143 0.186464
      vertex -21.3495 -41.2152 0
    endloop
  endfacet
  facet normal -0.65807 -0.449864 -0.603793
    outer loop
      vertex -21.4529 -41.3143 0.186464
      vertex -21.257 -41.3506 0
      vertex -21.2611 -41.4162 0.0533447
    endloop
  endfacet
  facet normal -0.570914 -0.496211 -0.654089
    outer loop
      vertex -21.1474 -41.4767 0
      vertex -21.2611 -41.4162 0.0533447
      vertex -21.257 -41.3506 0
    endloop
  endfacet
  facet normal -0.679561 -0.715521 -0.161944
    outer loop
      vertex -21.3182 -41.986 1.23505
      vertex -21.4855 -41.7598 0.937661
      vertex -21.2759 -42.0085 1.15696
    endloop
  endfacet
  facet normal -0.679722 -0.715409 -0.161768
    outer loop
      vertex -21.3182 -41.986 1.23505
      vertex -21.5548 -41.7229 1.06566
      vertex -21.4855 -41.7598 0.937661
    endloop
  endfacet
  facet normal -0.678881 -0.647535 -0.34615
    outer loop
      vertex -21.2987 -41.8591 0.726007
      vertex -21.5341 -41.5323 0.576344
      vertex -21.3965 -41.6054 0.443225
    endloop
  endfacet
  facet normal -0.717054 -0.534027 -0.447939
    outer loop
      vertex -21.3965 -41.6054 0.443225
      vertex -21.5341 -41.5323 0.576344
      vertex -21.4529 -41.3143 0.186464
    endloop
  endfacet
  facet normal -0.982017 0.173317 0.0748586
    outer loop
      vertex -22.1382 -39.4578 1.5
      vertex -22.1812 -39.8575 1.86132
      vertex -22.1117 -39.4719 1.88028
    endloop
  endfacet
  facet normal -0.961426 0.162369 0.222029
    outer loop
      vertex -22.1117 -39.4719 1.88028
      vertex -22.1812 -39.8575 1.86132
      vertex -22.0331 -39.5137 2.2512
    endloop
  endfacet
  facet normal -0.571939 -0.704431 0.420312
    outer loop
      vertex -21.0632 -41.9843 2.40988
      vertex -21.2421 -41.6875 2.66387
      vertex -21.1856 -41.9192 2.35243
    endloop
  endfacet
  facet normal -0.62774 -0.674764 0.388118
    outer loop
      vertex -21.2421 -41.6875 2.66387
      vertex -21.2987 -41.8591 2.27399
      vertex -21.1856 -41.9192 2.35243
    endloop
  endfacet
  facet normal -0.72365 -0.623754 0.295402
    outer loop
      vertex -21.5341 -41.5323 2.42366
      vertex -21.6516 -41.4698 2.26779
      vertex -21.4855 -41.7598 2.06234
    endloop
  endfacet
  facet normal -0.864661 -0.339905 0.369901
    outer loop
      vertex -21.7701 -41.1456 2.45434
      vertex -21.9756 -40.7222 2.36304
      vertex -21.8876 -41.0831 2.23711
    endloop
  endfacet
  facet normal -0.93604 -0.166578 0.309969
    outer loop
      vertex -21.9756 -40.7222 2.36304
      vertex -22.121 -40.2854 2.1587
      vertex -22.0764 -40.6686 2.08745
    endloop
  endfacet
  facet normal -0.884993 -0.444805 0.13761
    outer loop
      vertex -21.8154 -41.3827 1.90365
      vertex -21.9737 -41.0374 2.00173
      vertex -21.8577 -41.3602 1.70434
    endloop
  endfacet
  facet normal -0.513816 -0.239719 0.823728
    outer loop
      vertex -21.0928 -40.4362 3.55796
      vertex -21.1855 -40.7828 3.39927
      vertex -20.9126 -40.9279 3.52727
    endloop
  endfacet
  facet normal -0.623967 -0.181141 0.760167
    outer loop
      vertex -21.3656 -40.2912 3.36859
      vertex -21.4373 -40.6489 3.2245
      vertex -21.0928 -40.4362 3.55796
    endloop
  endfacet
  facet normal 0.658296 0.449515 0.603807
    outer loop
      vertex -17.9827 -38.8533 2.81354
      vertex -18.1935 -39.0554 3.19382
      vertex -17.969 -39.1748 3.03795
    endloop
  endfacet
  facet normal 0.649148 0.319224 0.690437
    outer loop
      vertex -17.969 -39.1748 3.03795
      vertex -18.1935 -39.0554 3.19382
      vertex -17.9983 -39.5187 3.2245
    endloop
  endfacet
  facet normal 0.477489 0.545751 0.688593
    outer loop
      vertex -18.3823 -38.6409 3.04415
      vertex -18.693 -38.7898 3.37761
      vertex -18.4369 -38.926 3.30797
    endloop
  endfacet
  facet normal 0.442359 0.429118 0.787512
    outer loop
      vertex -18.4369 -38.926 3.30797
      vertex -18.693 -38.7898 3.37761
      vertex -18.523 -39.2397 3.52727
    endloop
  endfacet
  facet normal 0.864508 0.339971 0.370197
    outer loop
      vertex -17.548 -39.0845 2.23711
      vertex -17.6656 -39.022 2.45434
      vertex -17.46 -39.4454 2.36304
    endloop
  endfacet
  facet normal 0.909096 0.316277 0.271133
    outer loop
      vertex -17.4619 -39.1302 2.00173
      vertex -17.548 -39.0845 2.23711
      vertex -17.46 -39.4454 2.36304
    endloop
  endfacet
  facet normal 0.822769 0.477596 0.308143
    outer loop
      vertex -17.6751 -38.9121 2.30937
      vertex -17.7163 -38.8831 2.37443
      vertex -17.6656 -39.022 2.45434
    endloop
  endfacet
  facet normal 0.920665 -0.140603 -0.364153
    outer loop
      vertex -17.4025 -40.6539 0.748803
      vertex -17.4516 -40.2052 0.451419
      vertex -17.3291 -40.2703 0.786264
    endloop
  endfacet
  facet normal 0.961422 -0.162273 -0.222114
    outer loop
      vertex -17.2544 -40.3101 1.13868
      vertex -17.4025 -40.6539 0.748803
      vertex -17.3291 -40.2703 0.786264
    endloop
  endfacet
  facet normal 0.942742 -0.324362 -0.0776368
    outer loop
      vertex -17.2974 -40.7097 1.5
      vertex -17.4522 -41.0663 1.11012
      vertex -17.3239 -40.6957 1.11972
    endloop
  endfacet
  facet normal 0.98202 -0.173319 -0.0748133
    outer loop
      vertex -17.2974 -40.7097 1.5
      vertex -17.3239 -40.6957 1.11972
      vertex -17.2544 -40.3101 1.13868
    endloop
  endfacet
  facet normal 0.970683 0.148241 -0.189204
    outer loop
      vertex -17.2456 -39.9189 1.16654
      vertex -17.3146 -39.8822 0.8413
      vertex -17.2977 -39.5317 1.20262
    endloop
  endfacet
  facet normal 0.978039 -0.00716638 -0.208301
    outer loop
      vertex -17.2544 -40.3101 1.13868
      vertex -17.3146 -39.8822 0.8413
      vertex -17.2456 -39.9189 1.16654
    endloop
  endfacet
  facet normal 0.87895 -0.290793 0.378003
    outer loop
      vertex -17.5314 -40.5854 2.60362
      vertex -17.5329 -41.0234 2.27016
      vertex -17.4025 -40.6539 2.2512
    endloop
  endfacet
  facet normal 0.878998 -0.29074 0.377933
    outer loop
      vertex -17.5314 -40.5854 2.60362
      vertex -17.665 -40.9531 2.63148
      vertex -17.5329 -41.0234 2.27016
    endloop
  endfacet
  facet normal -0.0754483 -0.96842 -0.237633
    outer loop
      vertex -20.0495 -42.5233 1.06566
      vertex -20.1187 -42.4865 0.937661
      vertex -19.6909 -42.5123 0.906977
    endloop
  endfacet
  facet normal -0.0469588 -0.983572 -0.174302
    outer loop
      vertex -19.9988 -42.5503 1.20436
      vertex -20.0495 -42.5233 1.06566
      vertex -19.6909 -42.5123 0.906977
    endloop
  endfacet
  facet normal -0.30304 -0.91567 0.264035
    outer loop
      vertex -20.3056 -42.3871 2.27399
      vertex -20.6251 -42.3546 2.02
      vertex -20.5562 -42.3912 1.97215
    endloop
  endfacet
  facet normal -0.373644 -0.919856 -0.119391
    outer loop
      vertex -20.4947 -42.4239 1.08732
      vertex -20.7861 -42.3385 1.34131
      vertex -20.5562 -42.3912 1.02785
    endloop
  endfacet
  facet normal -0.390943 -0.910664 -0.133624
    outer loop
      vertex -20.5562 -42.3912 1.02785
      vertex -20.7861 -42.3385 1.34131
      vertex -20.6251 -42.3546 0.979997
    endloop
  endfacet
  facet normal -0.25819 -0.777993 -0.572769
    outer loop
      vertex -20.2317 -42.009 0
      vertex -20.5381 -42.0618 0.209836
      vertex -20.4363 -41.9411 0
    endloop
  endfacet
  facet normal -0.258106 -0.778093 -0.572671
    outer loop
      vertex -20.2317 -42.009 0
      vertex -20.3621 -42.1554 0.257687
      vertex -20.5381 -42.0618 0.209836
    endloop
  endfacet
  facet normal -0.257946 -0.778173 -0.572635
    outer loop
      vertex -20.3621 -42.1554 0.257687
      vertex -20.2317 -42.009 0
      vertex -20.1958 -42.0209 0
    endloop
  endfacet
  facet normal -0.420087 -0.69182 -0.587293
    outer loop
      vertex -20.7173 -41.8022 0
      vertex -20.899 -41.87 0.209836
      vertex -20.8558 -41.7181 0
    endloop
  endfacet
  facet normal -0.264292 -0.867999 0.42039
    outer loop
      vertex -20.3621 -42.1554 2.74231
      vertex -20.5411 -42.2619 2.40988
      vertex -20.1949 -42.2443 2.66387
    endloop
  endfacet
  facet normal -0.324334 -0.836068 0.44249
    outer loop
      vertex -20.5381 -42.0618 2.79016
      vertex -20.5411 -42.2619 2.40988
      vertex -20.3621 -42.1554 2.74231
    endloop
  endfacet
  facet normal -0.0173487 -0.999219 0.0355157
    outer loop
      vertex -19.5794 -42.5716 1.70434
      vertex -19.9678 -42.5668 1.64966
      vertex -19.9574 -42.5723 1.5
    endloop
  endfacet
  facet normal -0.0272837 -0.993933 0.10655
    outer loop
      vertex -19.5794 -42.5716 1.70434
      vertex -19.9988 -42.5503 1.79564
      vertex -19.9678 -42.5668 1.64966
    endloop
  endfacet
  facet normal 0.101106 -0.969027 0.225309
    outer loop
      vertex -19.2469 -42.4872 2.00173
      vertex -19.6909 -42.5123 2.09302
      vertex -19.6216 -42.5491 1.90365
    endloop
  endfacet
  facet normal -0.0467104 -0.983628 0.174053
    outer loop
      vertex -19.6909 -42.5123 2.09302
      vertex -19.9988 -42.5503 1.79564
      vertex -19.6216 -42.5491 1.90365
    endloop
  endfacet
  facet normal 0.092273 0.750389 0.654524
    outer loop
      vertex -19.4762 -38.0592 2.94666
      vertex -19.7176 -38.2451 3.19382
      vertex -19.2683 -38.1698 3.04415
    endloop
  endfacet
  facet normal 0.00439532 0.797102 0.603829
    outer loop
      vertex -19.668 -37.9573 2.81354
      vertex -19.7176 -38.2451 3.19382
      vertex -19.4762 -38.0592 2.94666
    endloop
  endfacet
  facet normal -0.0886408 0.560004 0.823734
    outer loop
      vertex -19.6862 -38.6212 3.52727
      vertex -20.1945 -38.7468 3.55796
      vertex -19.8988 -38.904 3.69665
    endloop
  endfacet
  facet normal -0.088641 0.560005 0.823734
    outer loop
      vertex -19.959 -38.4761 3.39927
      vertex -20.1945 -38.7468 3.55796
      vertex -19.6862 -38.6212 3.52727
    endloop
  endfacet
  facet normal 0.257036 0.777398 -0.574094
    outer loop
      vertex -18.9993 -38.2265 0
      vertex -19.1274 -38.1464 0.0511122
      vertex -18.9844 -38.2088 0.0306392
    endloop
  endfacet
  facet normal 0.277913 0.753509 -0.595809
    outer loop
      vertex -19.1274 -38.1464 0.0511122
      vertex -19.2039 -38.1586 0
      vertex -19.1284 -38.1456 0.0516575
    endloop
  endfacet
  facet normal 0.258284 0.778276 -0.572343
    outer loop
      vertex -19.2039 -38.1586 0
      vertex -19.1274 -38.1464 0.0511122
      vertex -18.9993 -38.2265 0
    endloop
  endfacet
  facet normal 0.257705 0.778336 -0.572522
    outer loop
      vertex -19.2039 -38.1586 0
      vertex -19.1874 -38.1043 0.0812471
      vertex -19.1284 -38.1456 0.0516575
    endloop
  endfacet
  facet normal 0.257971 0.77825 -0.572519
    outer loop
      vertex -19.1874 -38.1043 0.0812471
      vertex -19.2039 -38.1586 0
      vertex -19.2398 -38.1467 0
    endloop
  endfacet
  facet normal 0.65807 0.449864 -0.603793
    outer loop
      vertex -17.9827 -38.8533 0.186464
      vertex -18.1786 -38.817 0
      vertex -18.1745 -38.7514 0.0533447
    endloop
  endfacet
  facet normal 0.658134 0.449612 -0.603911
    outer loop
      vertex -18.1786 -38.817 0
      vertex -17.9827 -38.8533 0.186464
      vertex -18.0861 -38.9524 0
    endloop
  endfacet
  facet normal 0.579149 0.607164 -0.544002
    outer loop
      vertex -18.3604 -38.6222 0
      vertex -18.3733 -38.5371 0.0812471
      vertex -18.3039 -38.5741 0.113835
    endloop
  endfacet
  facet normal 0.578397 0.607478 -0.544451
    outer loop
      vertex -18.3733 -38.5371 0.0812471
      vertex -18.3604 -38.6222 0
      vertex -18.3792 -38.6043 0
    endloop
  endfacet
  facet normal -0.386668 0.717528 -0.579346
    outer loop
      vertex -20.4589 -38.2296 0
      vertex -20.6272 -38.1208 0.247077
      vertex -20.4409 -38.2199 0
    endloop
  endfacet
  facet normal -0.385973 0.718085 -0.579119
    outer loop
      vertex -20.6272 -38.1208 0.247077
      vertex -20.4589 -38.2296 0
      vertex -20.9185 -38.3618 0.142393
    endloop
  endfacet
  facet normal -0.458647 0.756724 -0.465846
    outer loop
      vertex -20.9185 -38.3618 0.142393
      vertex -21.0857 -38.2729 0.451419
      vertex -20.6272 -38.1208 0.247077
    endloop
  endfacet
  facet normal 0.0917852 0.750107 -0.654916
    outer loop
      vertex -19.3624 -38.1197 0
      vertex -19.5283 -38.0994 0
      vertex -19.4762 -38.0592 0.0533447
    endloop
  endfacet
  facet normal 0.180307 0.819509 -0.543961
    outer loop
      vertex -19.2398 -38.1467 0
      vertex -19.2568 -38.0674 0.113835
      vertex -19.1874 -38.1043 0.0812471
    endloop
  endfacet
  facet normal 0.181374 0.81942 -0.54374
    outer loop
      vertex -19.2568 -38.0674 0.113835
      vertex -19.2398 -38.1467 0
      vertex -19.2651 -38.1411 0
    endloop
  endfacet
  facet normal 0.257501 0.778068 0.572978
    outer loop
      vertex -19.1274 -38.1464 2.94889
      vertex -19.0496 -38.2861 3.10363
      vertex -18.9844 -38.2088 2.96936
    endloop
  endfacet
  facet normal 0.257998 0.77808 0.572738
    outer loop
      vertex -19.0496 -38.2861 3.10363
      vertex -19.1274 -38.1464 2.94889
      vertex -19.2683 -38.1698 3.04415
    endloop
  endfacet
  facet normal 0.276734 0.754794 0.59473
    outer loop
      vertex -19.2683 -38.1698 3.04415
      vertex -19.1274 -38.1464 2.94889
      vertex -19.1284 -38.1456 2.94834
    endloop
  endfacet
  facet normal 0.380512 0.597297 0.706008
    outer loop
      vertex -18.6011 -38.5245 3.10363
      vertex -18.8253 -38.4053 3.12362
      vertex -18.693 -38.7898 3.37761
    endloop
  endfacet
  facet normal 0.477513 0.54572 0.688601
    outer loop
      vertex -18.6011 -38.5245 3.10363
      vertex -18.693 -38.7898 3.37761
      vertex -18.3823 -38.6409 3.04415
    endloop
  endfacet
  facet normal 0.185538 0.701051 0.688551
    outer loop
      vertex -19.0496 -38.2861 3.10363
      vertex -19.2683 -38.1698 3.04415
      vertex -19.2181 -38.5106 3.37761
    endloop
  endfacet
  facet normal -0.0646536 0.94939 0.307372
    outer loop
      vertex -19.9316 -37.7188 2.25
      vertex -19.9851 -37.7886 2.45434
      vertex -19.8887 -37.7351 2.30937
    endloop
  endfacet
  facet normal -0.0636802 0.949375 0.307622
    outer loop
      vertex -19.9316 -37.7188 2.25
      vertex -20.1027 -37.7261 2.23711
      vertex -19.9851 -37.7886 2.45434
    endloop
  endfacet
  facet normal -0.0636972 0.949284 0.307899
    outer loop
      vertex -20.1027 -37.7261 2.23711
      vertex -19.9316 -37.7188 2.25
      vertex -19.9539 -37.6967 2.17725
    endloop
  endfacet
  facet normal -0.100948 0.969107 0.225037
    outer loop
      vertex -20.0043 -37.67 2.03966
      vertex -20.1027 -37.7261 2.23711
      vertex -19.9539 -37.6967 2.17725
    endloop
  endfacet
  facet normal -0.100946 0.969107 0.225038
    outer loop
      vertex -20.1027 -37.7261 2.23711
      vertex -20.0043 -37.67 2.03966
      vertex -20.1887 -37.6804 2.00173
    endloop
  endfacet
  facet normal -0.143992 0.876115 0.460096
    outer loop
      vertex -19.9851 -37.7886 2.45434
      vertex -20.3135 -37.9282 2.61739
      vertex -20.1424 -38.0192 2.84422
    endloop
  endfacet
  facet normal -0.268205 0.807037 0.526078
    outer loop
      vertex -20.3135 -37.9282 2.61739
      vertex -20.6272 -38.1208 2.75292
      vertex -20.1424 -38.0192 2.84422
    endloop
  endfacet
  facet normal -0.100948 0.969107 -0.225036
    outer loop
      vertex -20.1027 -37.7261 0.762893
      vertex -20.0043 -37.67 0.960344
      vertex -19.9539 -37.6967 0.822753
    endloop
  endfacet
  facet normal -0.100946 0.969107 -0.225037
    outer loop
      vertex -20.0043 -37.67 0.960344
      vertex -20.1027 -37.7261 0.762893
      vertex -20.1887 -37.6804 0.998274
    endloop
  endfacet
  facet normal -0.572289 0.817063 -0.0699543
    outer loop
      vertex -20.9635 -37.942 1.16654
      vertex -21.2829 -38.1681 1.13868
      vertex -20.9867 -37.9297 1.5
    endloop
  endfacet
  facet normal -0.572207 0.817112 -0.0700534
    outer loop
      vertex -21.2829 -38.1681 1.13868
      vertex -21.308 -38.1547 1.5
      vertex -20.9867 -37.9297 1.5
    endloop
  endfacet
  facet normal -0.276381 0.946721 -0.165326
    outer loop
      vertex -20.5519 -37.8014 0.912555
      vertex -20.6134 -37.7687 1.20262
      vertex -20.1887 -37.6804 0.998274
    endloop
  endfacet
  facet normal -0.420011 0.887596 -0.189113
    outer loop
      vertex -20.5519 -37.8014 0.912555
      vertex -20.8945 -37.9787 0.8413
      vertex -20.6134 -37.7687 1.20262
    endloop
  endfacet
  facet normal -0.125857 0.982312 -0.13865
    outer loop
      vertex -20.033 -37.6547 1.03902
      vertex -20.1887 -37.6804 0.998274
      vertex -20.0633 -37.6485 1.11045
    endloop
  endfacet
  facet normal -0.125846 0.98254 -0.13703
    outer loop
      vertex -20.0639 -37.6484 1.11177
      vertex -20.2413 -37.6524 1.24601
      vertex -20.0763 -37.6283 1.26728
    endloop
  endfacet
  facet normal -0.130339 0.982417 -0.13367
    outer loop
      vertex -20.1887 -37.6804 0.998274
      vertex -20.0639 -37.6484 1.11177
      vertex -20.0633 -37.6485 1.11045
    endloop
  endfacet
  facet normal -0.126487 0.982339 -0.137884
    outer loop
      vertex -20.0639 -37.6484 1.11177
      vertex -20.1887 -37.6804 0.998274
      vertex -20.2413 -37.6524 1.24601
    endloop
  endfacet
  facet normal -0.258006 -0.778087 0.572724
    outer loop
      vertex -20.386 -41.8815 3.10363
      vertex -20.5381 -42.0618 2.79016
      vertex -20.1673 -41.9978 3.04415
    endloop
  endfacet
  facet normal -0.185538 -0.701051 0.688551
    outer loop
      vertex -20.2175 -41.657 3.37761
      vertex -20.386 -41.8815 3.10363
      vertex -20.1673 -41.9978 3.04415
    endloop
  endfacet
  facet normal -0.335999 -0.939911 0.060593
    outer loop
      vertex -20.3999 -42.4743 1.76495
      vertex -20.7232 -42.3719 1.56061
      vertex -20.369 -42.4908 1.68035
    endloop
  endfacet
  facet normal -0.18042 -0.98091 0.0725579
    outer loop
      vertex -19.9988 -42.5503 1.79564
      vertex -20.3501 -42.5008 1.5913
      vertex -19.9678 -42.5668 1.64966
    endloop
  endfacet
  facet normal -0.474896 -0.866016 -0.156493
    outer loop
      vertex -20.915 -42.27 1.30627
      vertex -20.9397 -42.1873 0.923573
      vertex -20.8591 -42.2302 0.916387
    endloop
  endfacet
  facet normal -0.358074 -0.928117 0.101889
    outer loop
      vertex -20.4947 -42.4239 1.91268
      vertex -20.7478 -42.3589 1.61529
      vertex -20.4422 -42.4518 1.84304
    endloop
  endfacet
  facet normal -0.0754461 -0.968421 0.237633
    outer loop
      vertex -19.6909 -42.5123 2.09302
      vertex -20.1187 -42.4865 2.06234
      vertex -20.0495 -42.5233 1.93434
    endloop
  endfacet
  facet normal 0.0159169 -0.92381 0.38252
    outer loop
      vertex -19.5966 -42.3013 2.64807
      vertex -19.903 -42.3995 2.42366
      vertex -19.4505 -42.379 2.45434
    endloop
  endfacet
  facet normal -0.0418317 -0.893092 0.447925
    outer loop
      vertex -19.7676 -42.2103 2.81354
      vertex -19.903 -42.3995 2.42366
      vertex -19.5966 -42.3013 2.64807
    endloop
  endfacet
  facet normal -0.424085 -0.851398 0.308663
    outer loop
      vertex -20.67 -42.1934 2.44493
      vertex -20.8591 -42.2302 2.08361
      vertex -20.7784 -42.273 2.07643
    endloop
  endfacet
  facet normal -0.449145 -0.769691 0.453701
    outer loop
      vertex -20.899 -41.87 2.79016
      vertex -20.9343 -42.0529 2.44493
      vertex -20.8021 -42.1231 2.45671
    endloop
  endfacet
  facet normal -0.554568 -0.823696 -0.118232
    outer loop
      vertex -21.0103 -42.2192 1.3613
      vertex -21.2234 -42.0364 1.08732
      vertex -20.9897 -42.2302 1.34131
    endloop
  endfacet
  facet normal -0.723609 -0.623788 0.295429
    outer loop
      vertex -21.3995 -41.8055 2.17649
      vertex -21.5341 -41.5323 2.42366
      vertex -21.4855 -41.7598 2.06234
    endloop
  endfacet
  facet normal -0.571807 -0.704462 0.420442
    outer loop
      vertex -21.0749 -41.7764 2.74231
      vertex -21.2421 -41.6875 2.66387
      vertex -21.0632 -41.9843 2.40988
    endloop
  endfacet
  facet normal -0.219307 -0.547719 0.807409
    outer loop
      vertex -20.3311 -41.2371 3.6316
      vertex -20.48 -41.5174 3.40101
      vertex -20.2175 -41.657 3.37761
    endloop
  endfacet
  facet normal -0.33144 -0.488133 0.807387
    outer loop
      vertex -20.3311 -41.2371 3.6316
      vertex -20.7426 -41.3778 3.37761
      vertex -20.48 -41.5174 3.40101
    endloop
  endfacet
  facet normal -0.108467 -0.606669 0.78752
    outer loop
      vertex -20.0366 -41.3937 3.60536
      vertex -20.2175 -41.657 3.37761
      vertex -19.7495 -41.5464 3.52727
    endloop
  endfacet
  facet normal -0.0288012 -0.497518 0.866976
    outer loop
      vertex -19.8479 -41.0981 3.78126
      vertex -20.0366 -41.3937 3.60536
      vertex -19.7495 -41.5464 3.52727
    endloop
  endfacet
  facet normal -0.396473 -0.302093 0.86692
    outer loop
      vertex -20.486 -40.7589 3.78126
      vertex -20.9126 -40.9279 3.52727
      vertex -20.6255 -41.0806 3.60536
    endloop
  endfacet
  facet normal -0.442429 -0.429129 0.787467
    outer loop
      vertex -20.6255 -41.0806 3.60536
      vertex -20.9126 -40.9279 3.52727
      vertex -20.7426 -41.3778 3.37761
    endloop
  endfacet
  facet normal -0.396479 -0.30208 0.866921
    outer loop
      vertex -20.7971 -40.5934 3.69665
      vertex -20.9126 -40.9279 3.52727
      vertex -20.486 -40.7589 3.78126
    endloop
  endfacet
  facet normal -0.340873 -0.167863 0.925001
    outer loop
      vertex -20.6551 -40.2464 3.81195
      vertex -20.7971 -40.5934 3.69665
      vertex -20.486 -40.7589 3.78126
    endloop
  endfacet
  facet normal -0.679561 -0.715522 0.161944
    outer loop
      vertex -21.2759 -42.0085 1.84304
      vertex -21.4855 -41.7598 2.06234
      vertex -21.3182 -41.986 1.76495
    endloop
  endfacet
  facet normal -0.679722 -0.715408 0.161767
    outer loop
      vertex -21.4855 -41.7598 2.06234
      vertex -21.5548 -41.7229 1.93434
      vertex -21.3182 -41.986 1.76495
    endloop
  endfacet
  facet normal 0.859921 0.458383 -0.224547
    outer loop
      vertex -17.4619 -39.1302 0.998274
      vertex -17.5564 -38.9715 0.960344
      vertex -17.5277 -38.9868 1.03902
    endloop
  endfacet
  facet normal 0.859714 0.458222 -0.225663
    outer loop
      vertex -17.5564 -38.9715 0.960344
      vertex -17.548 -39.0845 0.762893
      vertex -17.6068 -38.9447 0.822753
    endloop
  endfacet
  facet normal 0.859816 0.458075 -0.225575
    outer loop
      vertex -17.548 -39.0845 0.762893
      vertex -17.5564 -38.9715 0.960344
      vertex -17.4619 -39.1302 0.998274
    endloop
  endfacet
  facet normal 0.909162 0.316171 -0.271036
    outer loop
      vertex -17.46 -39.4454 0.636958
      vertex -17.4619 -39.1302 0.998274
      vertex -17.3592 -39.499 0.912555
    endloop
  endfacet
  facet normal 0.774913 0.502968 -0.382795
    outer loop
      vertex -17.6656 -39.022 0.545661
      vertex -17.8467 -38.8239 0.439341
      vertex -17.7633 -38.8618 0.558374
    endloop
  endfacet
  facet normal 0.774973 0.503372 -0.382145
    outer loop
      vertex -17.8467 -38.8239 0.439341
      vertex -17.6656 -39.022 0.545661
      vertex -17.8116 -38.9443 0.351928
    endloop
  endfacet
  facet normal 0.717071 0.534141 -0.447775
    outer loop
      vertex -17.8116 -38.9443 0.351928
      vertex -17.9491 -38.763 0.348003
      vertex -17.8467 -38.8239 0.439341
    endloop
  endfacet
  facet normal 0.717084 0.534151 -0.447742
    outer loop
      vertex -17.9491 -38.763 0.348003
      vertex -17.8116 -38.9443 0.351928
      vertex -17.9827 -38.8533 0.186464
    endloop
  endfacet
  facet normal -0.500035 -0.649396 -0.572931
    outer loop
      vertex -21.0264 -41.5864 0
      vertex -21.0749 -41.7764 0.257687
      vertex -21.0564 -41.5633 0
    endloop
  endfacet
  facet normal -0.501046 -0.648822 -0.572698
    outer loop
      vertex -21.0749 -41.7764 0.257687
      vertex -21.0264 -41.5864 0
      vertex -20.899 -41.87 0.209836
    endloop
  endfacet
  facet normal -0.571805 -0.704462 -0.420442
    outer loop
      vertex -21.0632 -41.9843 0.590117
      vertex -21.2421 -41.6875 0.336126
      vertex -21.0749 -41.7764 0.257687
    endloop
  endfacet
  facet normal -0.344895 -0.93517 -0.0806507
    outer loop
      vertex -20.7336 -42.3664 1.41095
      vertex -20.7478 -42.3589 1.38471
      vertex -20.3999 -42.4743 1.23505
    endloop
  endfacet
  facet normal -0.429066 -0.890323 -0.152406
    outer loop
      vertex -20.8343 -42.3128 1.31345
      vertex -20.8608 -42.2988 1.30627
      vertex -20.7784 -42.273 0.923573
    endloop
  endfacet
  facet normal -0.391534 -0.910369 -0.1339
    outer loop
      vertex -20.7861 -42.3385 1.34131
      vertex -20.8092 -42.3262 1.32523
      vertex -20.6251 -42.3546 0.979997
    endloop
  endfacet
  facet normal -0.512109 -0.736222 -0.442405
    outer loop
      vertex -21.0632 -41.9843 0.590117
      vertex -21.0749 -41.7764 0.257687
      vertex -20.899 -41.87 0.209836
    endloop
  endfacet
  facet normal -0.5121 -0.736228 -0.442404
    outer loop
      vertex -20.9343 -42.0529 0.555071
      vertex -21.0632 -41.9843 0.590117
      vertex -20.899 -41.87 0.209836
    endloop
  endfacet
  facet normal -0.264213 -0.868073 -0.420286
    outer loop
      vertex -20.4186 -42.327 0.647567
      vertex -20.5411 -42.2619 0.590117
      vertex -20.1949 -42.2443 0.336126
    endloop
  endfacet
  facet normal -0.268632 -0.933956 -0.235718
    outer loop
      vertex -20.2048 -42.4407 0.823505
      vertex -20.4947 -42.4239 1.08732
      vertex -20.3056 -42.3871 0.726007
    endloop
  endfacet
  facet normal -0.451856 -0.878256 -0.1565
    outer loop
      vertex -20.7784 -42.273 0.923573
      vertex -20.8608 -42.2988 1.30627
      vertex -20.8591 -42.2302 0.916387
    endloop
  endfacet
  facet normal -0.335255 -0.940263 -0.0592402
    outer loop
      vertex -20.7232 -42.3719 1.43939
      vertex -20.7336 -42.3664 1.41095
      vertex -20.3999 -42.4743 1.23505
    endloop
  endfacet
  facet normal -0.325661 -0.945401 -0.0127349
    outer loop
      vertex -20.3438 -42.5042 1.5
      vertex -20.7168 -42.3753 1.46932
      vertex -20.3501 -42.5008 1.4087
    endloop
  endfacet
  facet normal -0.325749 -0.945385 -0.0115988
    outer loop
      vertex -20.7147 -42.3764 1.5
      vertex -20.7168 -42.3753 1.46932
      vertex -20.3438 -42.5042 1.5
    endloop
  endfacet
  facet normal -0.18042 -0.98091 -0.0725579
    outer loop
      vertex -19.9678 -42.5668 1.35034
      vertex -20.3501 -42.5008 1.4087
      vertex -19.9988 -42.5503 1.20436
    endloop
  endfacet
  facet normal -0.0272837 -0.993933 -0.10655
    outer loop
      vertex -19.9678 -42.5668 1.35034
      vertex -19.9988 -42.5503 1.20436
      vertex -19.5794 -42.5716 1.29566
    endloop
  endfacet
  facet normal -0.737607 -0.407496 -0.538407
    outer loop
      vertex -21.4643 -41.0472 0
      vertex -21.6669 -40.8863 0.15578
      vertex -21.5059 -40.9719 0
    endloop
  endfacet
  facet normal -0.737598 -0.407404 -0.53849
    outer loop
      vertex -21.6669 -40.8863 0.15578
      vertex -21.4643 -41.0472 0
      vertex -21.4529 -41.3143 0.186464
    endloop
  endfacet
  facet normal -0.73988 -0.271181 -0.61566
    outer loop
      vertex -21.5059 -40.9719 0
      vertex -21.6669 -40.8863 0.15578
      vertex -21.5729 -40.7891 0
    endloop
  endfacet
  facet normal -0.774923 -0.50327 -0.382379
    outer loop
      vertex -21.6516 -41.4698 0.732208
      vertex -21.7701 -41.1456 0.545661
      vertex -21.5341 -41.5323 0.576344
    endloop
  endfacet
  facet normal -0.774869 -0.503248 -0.382517
    outer loop
      vertex -21.5341 -41.5323 0.576344
      vertex -21.7701 -41.1456 0.545661
      vertex -21.624 -41.2233 0.351928
    endloop
  endfacet
  facet normal -0.51211 -0.73622 0.442407
    outer loop
      vertex -20.899 -41.87 2.79016
      vertex -21.0632 -41.9843 2.40988
      vertex -20.9343 -42.0529 2.44493
    endloop
  endfacet
  facet normal -0.510524 -0.805377 0.30122
    outer loop
      vertex -20.9343 -42.0529 2.44493
      vertex -21.0632 -41.9843 2.40988
      vertex -20.9397 -42.1873 2.07643
    endloop
  endfacet
  facet normal -0.512107 -0.736223 0.442406
    outer loop
      vertex -20.899 -41.87 2.79016
      vertex -21.0749 -41.7764 2.74231
      vertex -21.0632 -41.9843 2.40988
    endloop
  endfacet
  facet normal -0.578413 -0.607736 0.544147
    outer loop
      vertex -21.0533 -41.5267 3.04415
      vertex -21.2421 -41.6875 2.66387
      vertex -21.0749 -41.7764 2.74231
    endloop
  endfacet
  facet normal -0.589147 -0.763519 0.26447
    outer loop
      vertex -21.1856 -41.9192 2.35243
      vertex -21.2987 -41.8591 2.27399
      vertex -21.093 -42.1058 2.02
    endloop
  endfacet
  facet normal -0.551217 -0.783684 0.286355
    outer loop
      vertex -21.0632 -41.9843 2.40988
      vertex -21.1856 -41.9192 2.35243
      vertex -21.093 -42.1058 2.02
    endloop
  endfacet
  facet normal -0.789152 -0.588965 0.174238
    outer loop
      vertex -21.5548 -41.7229 1.93434
      vertex -21.7462 -41.4195 2.09302
      vertex -21.6055 -41.696 1.79564
    endloop
  endfacet
  facet normal -0.654373 -0.72892 0.201177
    outer loop
      vertex -21.3995 -41.8055 2.17649
      vertex -21.4855 -41.7598 2.06234
      vertex -21.2234 -42.0364 1.91268
    endloop
  endfacet
  facet normal -0.909096 -0.316277 0.271133
    outer loop
      vertex -21.8876 -41.0831 2.23711
      vertex -21.9756 -40.7222 2.36304
      vertex -21.9737 -41.0374 2.00173
    endloop
  endfacet
  facet normal -0.939483 -0.300152 0.165167
    outer loop
      vertex -21.9737 -41.0374 2.00173
      vertex -22.1379 -40.6359 1.79738
      vertex -22.0262 -41.0094 1.75399
    endloop
  endfacet
  facet normal -0.678973 -0.64753 0.345978
    outer loop
      vertex -21.2987 -41.8591 2.27399
      vertex -21.5341 -41.5323 2.42366
      vertex -21.3995 -41.8055 2.17649
    endloop
  endfacet
  facet normal -0.760624 -0.604131 0.237647
    outer loop
      vertex -21.4855 -41.7598 2.06234
      vertex -21.7462 -41.4195 2.09302
      vertex -21.5548 -41.7229 1.93434
    endloop
  endfacet
  facet normal -0.774929 -0.503269 0.382369
    outer loop
      vertex -21.5341 -41.5323 2.42366
      vertex -21.7701 -41.1456 2.45434
      vertex -21.6516 -41.4698 2.26779
    endloop
  endfacet
  facet normal -0.723798 -0.128078 0.678021
    outer loop
      vertex -21.609 -40.1618 3.1332
      vertex -21.6619 -40.5295 3.00727
      vertex -21.3656 -40.2912 3.36859
    endloop
  endfacet
  facet normal -0.860879 0.108733 0.497056
    outer loop
      vertex -21.9042 -39.5822 2.60362
      vertex -21.984 -39.9624 2.54858
      vertex -21.8168 -40.0513 2.85761
    endloop
  endfacet
  facet normal -0.811224 -0.0815613 0.579019
    outer loop
      vertex -21.8168 -40.0513 2.85761
      vertex -21.8537 -40.4275 2.75292
      vertex -21.6619 -40.5295 3.00727
    endloop
  endfacet
  facet normal -0.737537 -0.407376 0.538595
    outer loop
      vertex -21.4529 -41.3143 2.81354
      vertex -21.6669 -40.8863 2.84422
      vertex -21.624 -41.2233 2.64807
    endloop
  endfacet
  facet normal -0.65807 -0.449806 0.603836
    outer loop
      vertex -21.2421 -41.1122 3.19382
      vertex -21.4529 -41.3143 2.81354
      vertex -21.2611 -41.4162 2.94666
    endloop
  endfacet
  facet normal 0.982071 -0.173127 0.0745947
    outer loop
      vertex -17.2544 -40.3101 1.86132
      vertex -17.2974 -40.7097 1.5
      vertex -17.2293 -40.3234 1.5
    endloop
  endfacet
  facet normal 0.982071 -0.173127 -0.0745947
    outer loop
      vertex -17.2293 -40.3234 1.5
      vertex -17.2974 -40.7097 1.5
      vertex -17.2544 -40.3101 1.13868
    endloop
  endfacet
  facet normal 0.961423 -0.162273 0.222112
    outer loop
      vertex -17.3291 -40.2703 2.21374
      vertex -17.4025 -40.6539 2.2512
      vertex -17.2544 -40.3101 1.86132
    endloop
  endfacet
  facet normal 0.920663 -0.140603 0.364157
    outer loop
      vertex -17.3291 -40.2703 2.21374
      vertex -17.4516 -40.2052 2.54858
      vertex -17.4025 -40.6539 2.2512
    endloop
  endfacet
  facet normal -0.0418433 -0.89309 -0.447928
    outer loop
      vertex -19.5966 -42.3013 0.351928
      vertex -19.903 -42.3995 0.576344
      vertex -19.7676 -42.2103 0.186464
    endloop
  endfacet
  facet normal 0.189191 -0.764964 -0.615659
    outer loop
      vertex -19.0133 -41.9538 0
      vertex -19.2932 -42.1484 0.15578
      vertex -19.2652 -42.0161 0
    endloop
  endfacet
  facet normal -0.382337 -0.873565 0.30117
    outer loop
      vertex -20.67 -42.1934 2.44493
      vertex -20.7784 -42.273 2.07643
      vertex -20.5411 -42.2619 2.40988
    endloop
  endfacet
  facet normal -0.324021 -0.836164 0.442538
    outer loop
      vertex -20.5381 -42.0618 2.79016
      vertex -20.67 -42.1934 2.44493
      vertex -20.5411 -42.2619 2.40988
    endloop
  endfacet
  facet normal -0.342328 -0.89483 0.286515
    outer loop
      vertex -20.5411 -42.2619 2.40988
      vertex -20.6998 -42.3148 2.05505
      vertex -20.6251 -42.3546 2.02
    endloop
  endfacet
  facet normal -0.382537 -0.87343 0.301308
    outer loop
      vertex -20.5411 -42.2619 2.40988
      vertex -20.7784 -42.273 2.07643
      vertex -20.6998 -42.3148 2.05505
    endloop
  endfacet
  facet normal 0.578383 0.607772 -0.544138
    outer loop
      vertex -18.1745 -38.7514 0.0533447
      vertex -18.3039 -38.5741 0.113835
      vertex -18.1824 -38.6387 0.170827
    endloop
  endfacet
  facet normal 0.578588 0.607826 -0.543859
    outer loop
      vertex -18.2882 -38.6909 0
      vertex -18.3039 -38.5741 0.113835
      vertex -18.1745 -38.7514 0.0533447
    endloop
  endfacet
  facet normal 0.578427 0.607896 -0.543953
    outer loop
      vertex -18.3039 -38.5741 0.113835
      vertex -18.2882 -38.6909 0
      vertex -18.3604 -38.6222 0
    endloop
  endfacet
  facet normal 0.650809 0.569289 -0.502352
    outer loop
      vertex -18.1224 -38.6807 0.200962
      vertex -18.1745 -38.7514 0.0533447
      vertex -18.1824 -38.6387 0.170827
    endloop
  endfacet
  facet normal 0.651334 0.569317 -0.501639
    outer loop
      vertex -17.9827 -38.8533 0.186464
      vertex -18.1224 -38.6807 0.200962
      vertex -18.0673 -38.7036 0.246515
    endloop
  endfacet
  facet normal 0.650994 0.5691 -0.502327
    outer loop
      vertex -18.1224 -38.6807 0.200962
      vertex -17.9827 -38.8533 0.186464
      vertex -18.1745 -38.7514 0.0533447
    endloop
  endfacet
  facet normal 0.0039186 0.796773 -0.604267
    outer loop
      vertex -19.5283 -38.0994 0
      vertex -19.668 -37.9573 0.186464
      vertex -19.4762 -38.0592 0.0533447
    endloop
  endfacet
  facet normal 0.00486042 0.797108 -0.603817
    outer loop
      vertex -19.668 -37.9573 0.186464
      vertex -19.5283 -38.0994 0
      vertex -19.6923 -38.0984 0
    endloop
  endfacet
  facet normal 0.180537 0.819456 -0.543965
    outer loop
      vertex -19.3624 -38.1197 0
      vertex -19.3783 -38.0028 0.170827
      vertex -19.2568 -38.0674 0.113835
    endloop
  endfacet
  facet normal 0.180268 0.819629 -0.543795
    outer loop
      vertex -19.3624 -38.1197 0
      vertex -19.2568 -38.0674 0.113835
      vertex -19.2651 -38.1411 0
    endloop
  endfacet
  facet normal 0.180666 0.819442 -0.543943
    outer loop
      vertex -19.3783 -38.0028 0.170827
      vertex -19.3624 -38.1197 0
      vertex -19.4762 -38.0592 0.0533447
    endloop
  endfacet
  facet normal 0.107739 0.858038 -0.502158
    outer loop
      vertex -19.4762 -38.0592 0.0533447
      vertex -19.4965 -37.9436 0.246515
      vertex -19.4468 -37.9765 0.200962
    endloop
  endfacet
  facet normal 0.108444 0.857909 -0.502227
    outer loop
      vertex -19.4762 -38.0592 0.0533447
      vertex -19.4468 -37.9765 0.200962
      vertex -19.3783 -38.0028 0.170827
    endloop
  endfacet
  facet normal 0.107307 0.858058 -0.502216
    outer loop
      vertex -19.4965 -37.9436 0.246515
      vertex -19.4762 -38.0592 0.0533447
      vertex -19.668 -37.9573 0.186464
    endloop
  endfacet
  facet normal -0.0160045 0.9241 -0.381815
    outer loop
      vertex -19.7976 -37.7801 0.558374
      vertex -19.9851 -37.7886 0.545661
      vertex -19.8416 -37.7531 0.625566
    endloop
  endfacet
  facet normal -0.437465 0.896989 0.0635223
    outer loop
      vertex -20.6134 -37.7687 1.79738
      vertex -20.9867 -37.9297 1.5
      vertex -20.9635 -37.942 1.83346
    endloop
  endfacet
  facet normal -0.552799 0.80692 0.208072
    outer loop
      vertex -20.8945 -37.9787 2.1587
      vertex -21.2829 -38.1681 1.86132
      vertex -21.2082 -38.2078 2.21374
    endloop
  endfacet
  facet normal -0.437465 0.896989 -0.0635223
    outer loop
      vertex -20.9635 -37.942 1.16654
      vertex -20.9867 -37.9297 1.5
      vertex -20.6134 -37.7687 1.20262
    endloop
  endfacet
  facet normal -0.419877 0.887633 -0.189238
    outer loop
      vertex -20.8945 -37.9787 0.8413
      vertex -20.9635 -37.942 1.16654
      vertex -20.6134 -37.7687 1.20262
    endloop
  endfacet
  facet normal -0.139255 0.98917 0.0463692
    outer loop
      vertex -20.1076 -37.6218 1.5
      vertex -20.2589 -37.6431 1.5
      vertex -20.0965 -37.6241 1.5824
    endloop
  endfacet
  facet normal -0.282309 -0.649607 0.705912
    outer loop
      vertex -20.2175 -41.657 3.37761
      vertex -20.6103 -41.7623 3.12362
      vertex -20.386 -41.8815 3.10363
    endloop
  endfacet
  facet normal -0.338445 -0.735323 0.587158
    outer loop
      vertex -20.386 -41.8815 3.10363
      vertex -20.6103 -41.7623 3.12362
      vertex -20.5381 -42.0618 2.79016
    endloop
  endfacet
  facet normal -0.328986 -0.943643 0.0361436
    outer loop
      vertex -20.369 -42.4908 1.68035
      vertex -20.7232 -42.3719 1.56061
      vertex -20.3501 -42.5008 1.5913
    endloop
  endfacet
  facet normal -0.329029 -0.943601 0.0368346
    outer loop
      vertex -20.3501 -42.5008 1.5913
      vertex -20.7232 -42.3719 1.56061
      vertex -20.7168 -42.3753 1.53068
    endloop
  endfacet
  facet normal -0.212995 -0.963551 0.161871
    outer loop
      vertex -20.1187 -42.4865 2.06234
      vertex -20.3999 -42.4743 1.76495
      vertex -20.0495 -42.5233 1.93434
    endloop
  endfacet
  facet normal -0.193616 -0.973858 0.118802
    outer loop
      vertex -20.0495 -42.5233 1.93434
      vertex -20.3999 -42.4743 1.76495
      vertex -19.9988 -42.5503 1.79564
    endloop
  endfacet
  facet normal -0.373644 -0.919856 0.119391
    outer loop
      vertex -20.5562 -42.3912 1.97215
      vertex -20.7861 -42.3385 1.65869
      vertex -20.4947 -42.4239 1.91268
    endloop
  endfacet
  facet normal -0.373595 -0.919885 0.119325
    outer loop
      vertex -20.4947 -42.4239 1.91268
      vertex -20.7861 -42.3385 1.65869
      vertex -20.7654 -42.3495 1.6387
    endloop
  endfacet
  facet normal -0.207952 -0.897926 0.387925
    outer loop
      vertex -20.1949 -42.2443 2.66387
      vertex -20.3056 -42.3871 2.27399
      vertex -20.0406 -42.3263 2.55678
    endloop
  endfacet
  facet normal -0.0417805 -0.893101 0.447912
    outer loop
      vertex -19.7676 -42.2103 2.81354
      vertex -20.0406 -42.3263 2.55678
      vertex -19.903 -42.3995 2.42366
    endloop
  endfacet
  facet normal -0.501052 -0.648869 0.572639
    outer loop
      vertex -21.0533 -41.5267 3.04415
      vertex -21.0749 -41.7764 2.74231
      vertex -20.899 -41.87 2.79016
    endloop
  endfacet
  facet normal -0.500903 -0.648886 0.572751
    outer loop
      vertex -20.8345 -41.6431 3.10363
      vertex -21.0533 -41.5267 3.04415
      vertex -20.899 -41.87 2.79016
    endloop
  endfacet
  facet normal -0.57066 -0.496195 0.654322
    outer loop
      vertex -20.9987 -41.2416 3.30797
      vertex -21.2421 -41.1122 3.19382
      vertex -21.0533 -41.5267 3.04415
    endloop
  endfacet
  facet normal -0.819158 -0.22886 0.525931
    outer loop
      vertex -21.6619 -40.5295 3.00727
      vertex -21.8537 -40.4275 2.75292
      vertex -21.6669 -40.8863 2.84422
    endloop
  endfacet
  facet normal -0.591417 -0.804072 -0.0607715
    outer loop
      vertex -21.0526 -42.1968 1.43939
      vertex -21.3182 -41.986 1.23505
      vertex -21.0422 -42.2023 1.41095
    endloop
  endfacet
  facet normal -0.582376 -0.808886 -0.0808768
    outer loop
      vertex -21.0422 -42.2023 1.41095
      vertex -21.3182 -41.986 1.23505
      vertex -21.028 -42.2099 1.38471
    endloop
  endfacet
  facet normal -0.581914 -0.809097 0.0820884
    outer loop
      vertex -21.2759 -42.0085 1.84304
      vertex -21.3182 -41.986 1.76495
      vertex -21.028 -42.2099 1.61529
    endloop
  endfacet
  facet normal -0.569063 -0.815928 0.102117
    outer loop
      vertex -21.2234 -42.0364 1.91268
      vertex -21.2759 -42.0085 1.84304
      vertex -21.028 -42.2099 1.61529
    endloop
  endfacet
  facet normal 0.884904 0.445067 -0.137336
    outer loop
      vertex -17.4619 -39.1302 0.998274
      vertex -17.5277 -38.9868 1.03902
      vertex -17.5057 -39.0085 1.11045
    endloop
  endfacet
  facet normal 0.885051 0.444647 -0.137743
    outer loop
      vertex -17.4094 -39.1582 1.24601
      vertex -17.5053 -39.0089 1.11177
      vertex -17.4816 -39.0079 1.26728
    endloop
  endfacet
  facet normal 0.884938 0.44503 -0.137236
    outer loop
      vertex -17.5053 -39.0089 1.11177
      vertex -17.4094 -39.1582 1.24601
      vertex -17.4619 -39.1302 0.998274
    endloop
  endfacet
  facet normal 0.886434 0.442912 -0.134401
    outer loop
      vertex -17.5057 -39.0085 1.11045
      vertex -17.5053 -39.0089 1.11177
      vertex -17.4619 -39.1302 0.998274
    endloop
  endfacet
  facet normal 0.822788 0.477579 -0.30812
    outer loop
      vertex -17.6656 -39.022 0.545661
      vertex -17.7163 -38.8831 0.625566
      vertex -17.6751 -38.9121 0.690635
    endloop
  endfacet
  facet normal -0.515709 -0.844303 -0.145593
    outer loop
      vertex -20.9665 -42.2426 1.32523
      vertex -21.093 -42.1058 0.979997
      vertex -20.9414 -42.2559 1.31345
    endloop
  endfacet
  facet normal -0.589147 -0.763519 -0.26447
    outer loop
      vertex -21.093 -42.1058 0.979997
      vertex -21.2987 -41.8591 0.726007
      vertex -21.1856 -41.9192 0.647567
    endloop
  endfacet
  facet normal -0.627739 -0.674765 -0.388118
    outer loop
      vertex -21.1856 -41.9192 0.647567
      vertex -21.2987 -41.8591 0.726007
      vertex -21.2421 -41.6875 0.336126
    endloop
  endfacet
  facet normal -0.208215 -0.897846 -0.387969
    outer loop
      vertex -20.3056 -42.3871 0.726007
      vertex -20.4186 -42.327 0.647567
      vertex -20.1949 -42.2443 0.336126
    endloop
  endfacet
  facet normal -0.207935 -0.897931 -0.387921
    outer loop
      vertex -20.0406 -42.3263 0.443225
      vertex -20.3056 -42.3871 0.726007
      vertex -20.1949 -42.2443 0.336126
    endloop
  endfacet
  facet normal -0.678972 -0.647526 -0.345987
    outer loop
      vertex -21.3995 -41.8055 0.823505
      vertex -21.5341 -41.5323 0.576344
      vertex -21.2987 -41.8591 0.726007
    endloop
  endfacet
  facet normal -0.624022 -0.745057 -0.235557
    outer loop
      vertex -21.2234 -42.0364 1.08732
      vertex -21.3995 -41.8055 0.823505
      vertex -21.2987 -41.8591 0.726007
    endloop
  endfacet
  facet normal -0.51571 -0.844302 0.145594
    outer loop
      vertex -20.9414 -42.2559 1.68655
      vertex -21.093 -42.1058 2.02
      vertex -20.9665 -42.2426 1.67477
    endloop
  endfacet
  facet normal -0.496072 -0.854773 0.152562
    outer loop
      vertex -20.9397 -42.1873 2.07643
      vertex -21.0183 -42.1455 2.05505
      vertex -20.9414 -42.2559 1.68655
    endloop
  endfacet
  facet normal -0.85983 -0.458041 0.225588
    outer loop
      vertex -21.8876 -41.0831 2.23711
      vertex -21.9737 -41.0374 2.00173
      vertex -21.7462 -41.4195 2.09302
    endloop
  endfacet
  facet normal -0.859872 -0.458163 0.225182
    outer loop
      vertex -21.7462 -41.4195 2.09302
      vertex -21.9737 -41.0374 2.00173
      vertex -21.8154 -41.3827 1.90365
    endloop
  endfacet
  facet normal -0.627899 -0.674636 0.388085
    outer loop
      vertex -21.2421 -41.6875 2.66387
      vertex -21.3965 -41.6054 2.55678
      vertex -21.2987 -41.8591 2.27399
    endloop
  endfacet
  facet normal -0.774868 -0.503245 0.382523
    outer loop
      vertex -21.624 -41.2233 2.64807
      vertex -21.7701 -41.1456 2.45434
      vertex -21.5341 -41.5323 2.42366
    endloop
  endfacet
  facet normal -0.939481 -0.300053 0.165361
    outer loop
      vertex -22.0764 -40.6686 2.08745
      vertex -22.1379 -40.6359 1.79738
      vertex -21.9737 -41.0374 2.00173
    endloop
  endfacet
  facet normal -0.90916 -0.316172 0.271042
    outer loop
      vertex -21.9756 -40.7222 2.36304
      vertex -22.0764 -40.6686 2.08745
      vertex -21.9737 -41.0374 2.00173
    endloop
  endfacet
  facet normal -0.885095 -0.193732 0.423171
    outer loop
      vertex -21.8537 -40.4275 2.75292
      vertex -22.008 -40.3455 2.46773
      vertex -21.9756 -40.7222 2.36304
    endloop
  endfacet
  facet normal -0.883826 -0.0429428 0.465841
    outer loop
      vertex -21.984 -39.9624 2.54858
      vertex -22.008 -40.3455 2.46773
      vertex -21.8537 -40.4275 2.75292
    endloop
  endfacet
  facet normal -0.548942 -0.372448 0.748294
    outer loop
      vertex -20.9126 -40.9279 3.52727
      vertex -21.2421 -41.1122 3.19382
      vertex -20.9987 -41.2416 3.30797
    endloop
  endfacet
  facet normal -0.548977 -0.372391 0.748297
    outer loop
      vertex -21.1855 -40.7828 3.39927
      vertex -21.2421 -41.1122 3.19382
      vertex -20.9126 -40.9279 3.52727
    endloop
  endfacet
  facet normal 0.189018 -0.764975 -0.6157
    outer loop
      vertex -19.2932 -42.1484 0.15578
      vertex -19.4542 -42.0628 0
      vertex -19.2652 -42.0161 0
    endloop
  endfacet
  facet normal -0.303335 -0.915458 0.264433
    outer loop
      vertex -20.4186 -42.327 2.35243
      vertex -20.6251 -42.3546 2.02
      vertex -20.3056 -42.3871 2.27399
    endloop
  endfacet
  facet normal -0.208214 -0.897845 0.38797
    outer loop
      vertex -20.1949 -42.2443 2.66387
      vertex -20.4186 -42.327 2.35243
      vertex -20.3056 -42.3871 2.27399
    endloop
  endfacet
  facet normal -0.431358 -0.889179 0.152617
    outer loop
      vertex -20.7784 -42.273 2.07643
      vertex -20.8343 -42.3128 1.68655
      vertex -20.6998 -42.3148 2.05505
    endloop
  endfacet
  facet normal -0.411296 -0.899857 0.145236
    outer loop
      vertex -20.6998 -42.3148 2.05505
      vertex -20.8343 -42.3128 1.68655
      vertex -20.6251 -42.3546 2.02
    endloop
  endfacet
  facet normal -0.0163519 0.923828 -0.382458
    outer loop
      vertex -19.839 -37.8663 0.351928
      vertex -19.7976 -37.7801 0.558374
      vertex -19.7197 -37.828 0.439341
    endloop
  endfacet
  facet normal -0.0159425 0.923805 -0.382531
    outer loop
      vertex -19.7976 -37.7801 0.558374
      vertex -19.839 -37.8663 0.351928
      vertex -19.9851 -37.7886 0.545661
    endloop
  endfacet
  facet normal 0.0417936 0.89292 -0.448272
    outer loop
      vertex -19.6119 -37.8789 0.348003
      vertex -19.839 -37.8663 0.351928
      vertex -19.7197 -37.828 0.439341
    endloop
  endfacet
  facet normal 0.0418077 0.893077 -0.447958
    outer loop
      vertex -19.839 -37.8663 0.351928
      vertex -19.6119 -37.8789 0.348003
      vertex -19.668 -37.9573 0.186464
    endloop
  endfacet
  facet normal -0.276541 0.946609 0.165702
    outer loop
      vertex -20.2413 -37.6524 1.75399
      vertex -20.6134 -37.7687 1.79738
      vertex -20.1887 -37.6804 2.00173
    endloop
  endfacet
  facet normal -0.2919 0.954848 0.055317
    outer loop
      vertex -20.2589 -37.6431 1.5
      vertex -20.6341 -37.7578 1.5
      vertex -20.6134 -37.7687 1.79738
    endloop
  endfacet
  facet normal -0.213231 -0.963461 0.162098
    outer loop
      vertex -20.1187 -42.4865 2.06234
      vertex -20.4422 -42.4518 1.84304
      vertex -20.3999 -42.4743 1.76495
    endloop
  endfacet
  facet normal -0.238226 -0.950167 0.201074
    outer loop
      vertex -20.1187 -42.4865 2.06234
      vertex -20.4947 -42.4239 1.91268
      vertex -20.4422 -42.4518 1.84304
    endloop
  endfacet
  facet normal -0.650989 -0.569145 0.502282
    outer loop
      vertex -21.2611 -41.4162 2.94666
      vertex -21.4529 -41.3143 2.81354
      vertex -21.2421 -41.6875 2.66387
    endloop
  endfacet
  facet normal -0.651001 -0.569146 0.502266
    outer loop
      vertex -21.2421 -41.6875 2.66387
      vertex -21.4529 -41.3143 2.81354
      vertex -21.3965 -41.6054 2.55678
    endloop
  endfacet
  facet normal -0.510318 -0.80546 0.301347
    outer loop
      vertex -20.9397 -42.1873 2.07643
      vertex -21.0632 -41.9843 2.40988
      vertex -21.0183 -42.1455 2.05505
    endloop
  endfacet
  facet normal -0.550961 -0.783852 0.286387
    outer loop
      vertex -21.0632 -41.9843 2.40988
      vertex -21.093 -42.1058 2.02
      vertex -21.0183 -42.1455 2.05505
    endloop
  endfacet
  facet normal -0.553661 -0.824137 0.119403
    outer loop
      vertex -21.1619 -42.0691 1.97215
      vertex -21.2234 -42.0364 1.91268
      vertex -20.9897 -42.2302 1.65869
    endloop
  endfacet
  facet normal -0.536542 -0.833249 0.13349
    outer loop
      vertex -21.093 -42.1058 2.02
      vertex -21.1619 -42.0691 1.97215
      vertex -20.9897 -42.2302 1.65869
    endloop
  endfacet
  facet normal -0.717143 -0.533935 0.447906
    outer loop
      vertex -21.4529 -41.3143 2.81354
      vertex -21.624 -41.2233 2.64807
      vertex -21.5341 -41.5323 2.42366
    endloop
  endfacet
  facet normal -0.717055 -0.534025 0.447939
    outer loop
      vertex -21.4529 -41.3143 2.81354
      vertex -21.5341 -41.5323 2.42366
      vertex -21.3965 -41.6054 2.55678
    endloop
  endfacet
  facet normal -0.72382 -0.128029 0.678006
    outer loop
      vertex -21.3656 -40.2912 3.36859
      vertex -21.6619 -40.5295 3.00727
      vertex -21.4373 -40.6489 3.2245
    endloop
  endfacet
  facet normal -0.811247 -0.0815792 0.578985
    outer loop
      vertex -21.609 -40.1618 3.1332
      vertex -21.8168 -40.0513 2.85761
      vertex -21.6619 -40.5295 3.00727
    endloop
  endfacet
  facet normal -0.93992 -0.013112 0.341142
    outer loop
      vertex -21.984 -39.9624 2.54858
      vertex -22.121 -40.2854 2.1587
      vertex -22.008 -40.3455 2.46773
    endloop
  endfacet
  facet normal -0.936062 -0.166629 0.309875
    outer loop
      vertex -22.008 -40.3455 2.46773
      vertex -22.121 -40.2854 2.1587
      vertex -21.9756 -40.7222 2.36304
    endloop
  endfacet
  facet normal -0.649148 -0.319224 0.690437
    outer loop
      vertex -21.4373 -40.6489 3.2245
      vertex -21.4666 -40.9928 3.03795
      vertex -21.2421 -41.1122 3.19382
    endloop
  endfacet
  facet normal -0.739769 -0.271045 0.615854
    outer loop
      vertex -21.4373 -40.6489 3.2245
      vertex -21.6669 -40.8863 2.84422
      vertex -21.4666 -40.9928 3.03795
    endloop
  endfacet
  facet normal -0.00470046 -0.797119 -0.603804
    outer loop
      vertex -19.5398 -42.0704 0
      vertex -19.7676 -42.2103 0.186464
      vertex -19.7433 -42.0692 0
    endloop
  endfacet
  facet normal 0.0746863 -0.839321 -0.538482
    outer loop
      vertex -19.5398 -42.0704 0
      vertex -19.2932 -42.1484 0.15578
      vertex -19.7676 -42.2103 0.186464
    endloop
  endfacet
  facet normal 0.0745307 -0.839451 -0.5383
    outer loop
      vertex -19.2932 -42.1484 0.15578
      vertex -19.5398 -42.0704 0
      vertex -19.4542 -42.0628 0
    endloop
  endfacet
  facet normal -0.264213 -0.868073 0.420287
    outer loop
      vertex -20.1949 -42.2443 2.66387
      vertex -20.5411 -42.2619 2.40988
      vertex -20.4186 -42.327 2.35243
    endloop
  endfacet
  facet normal -0.34142 -0.895211 0.286409
    outer loop
      vertex -20.5411 -42.2619 2.40988
      vertex -20.6251 -42.3546 2.02
      vertex -20.4186 -42.327 2.35243
    endloop
  endfacet
  facet normal -0.0631539 0.949194 -0.308289
    outer loop
      vertex -19.8416 -37.7531 0.625566
      vertex -19.9851 -37.7886 0.545661
      vertex -19.8887 -37.7351 0.690635
    endloop
  endfacet
  facet normal -0.437338 0.897065 0.0633227
    outer loop
      vertex -20.6341 -37.7578 1.5
      vertex -20.9867 -37.9297 1.5
      vertex -20.6134 -37.7687 1.79738
    endloop
  endfacet
  facet normal -0.419877 0.887633 0.189238
    outer loop
      vertex -20.6134 -37.7687 1.79738
      vertex -20.9635 -37.942 1.83346
      vertex -20.8945 -37.9787 2.1587
    endloop
  endfacet
  facet normal -0.806909 -0.370523 0.460012
    outer loop
      vertex -21.6669 -40.8863 2.84422
      vertex -21.838 -40.7953 2.61739
      vertex -21.7701 -41.1456 2.45434
    endloop
  endfacet
  facet normal -0.864611 -0.339844 0.370072
    outer loop
      vertex -21.838 -40.7953 2.61739
      vertex -21.9756 -40.7222 2.36304
      vertex -21.7701 -41.1456 2.45434
    endloop
  endfacet
  facet normal -0.658296 -0.449515 0.603807
    outer loop
      vertex -21.2421 -41.1122 3.19382
      vertex -21.4666 -40.9928 3.03795
      vertex -21.4529 -41.3143 2.81354
    endloop
  endfacet
  facet normal -0.737534 -0.407375 0.538599
    outer loop
      vertex -21.4666 -40.9928 3.03795
      vertex -21.6669 -40.8863 2.84422
      vertex -21.4529 -41.3143 2.81354
    endloop
  endfacet
  facet normal -0.78331 0.0675375 0.617951
    outer loop
      vertex -21.5095 -39.7921 3.21892
      vertex -21.7283 -39.6758 2.92886
      vertex -21.609 -40.1618 3.1332
    endloop
  endfacet
  facet normal -0.783457 0.0674283 0.617777
    outer loop
      vertex -21.7283 -39.6758 2.92886
      vertex -21.8168 -40.0513 2.85761
      vertex -21.609 -40.1618 3.1332
    endloop
  endfacet
  facet normal -0.572289 0.817063 0.0699543
    outer loop
      vertex -20.9867 -37.9297 1.5
      vertex -21.2829 -38.1681 1.86132
      vertex -20.9635 -37.942 1.83346
    endloop
  endfacet
  facet normal -0.552927 0.806763 0.208339
    outer loop
      vertex -20.9635 -37.942 1.83346
      vertex -21.2829 -38.1681 1.86132
      vertex -20.8945 -37.9787 2.1587
    endloop
  endfacet
  facet normal 0.815734 0.433734 0.382692
    outer loop
      vertex 2.00296 -4 2.25
      vertex 20.0639 -37.6484 1.88823
      vertex 2.17268 -4 1.88823
    endloop
  endfacet
  facet normal 0.809178 0.430025 0.400386
    outer loop
      vertex 2.00296 -4 2.25
      vertex 20.0633 -37.6485 1.88955
      vertex 20.0639 -37.6484 1.88823
    endloop
  endfacet
  facet normal 0.815431 0.433562 0.383531
    outer loop
      vertex 2.00296 -4 2.25
      vertex 20.033 -37.6547 1.96098
      vertex 20.0633 -37.6485 1.88955
    endloop
  endfacet
  facet normal 0.81598 0.433869 0.382013
    outer loop
      vertex 2.00296 -4 2.25
      vertex 20.0043 -37.67 2.03966
      vertex 20.033 -37.6547 1.96098
    endloop
  endfacet
  facet normal 0.815646 0.433685 0.382934
    outer loop
      vertex 2.00296 -4 2.25
      vertex 19.9539 -37.6967 2.17725
      vertex 20.0043 -37.67 2.03966
    endloop
  endfacet
  facet normal 0.81601 0.433881 0.381935
    outer loop
      vertex 19.9539 -37.6967 2.17725
      vertex 2.00296 -4 2.25
      vertex 19.9316 -37.7188 2.25
    endloop
  endfacet
  facet normal 0.875396 0.465456 0.13051
    outer loop
      vertex 2.17268 -4 1.88823
      vertex 20.1076 -37.6218 1.5
      vertex 2.23056 -4 1.5
    endloop
  endfacet
  facet normal 0.875351 0.465428 0.130909
    outer loop
      vertex 2.17268 -4 1.88823
      vertex 20.0965 -37.6241 1.5824
      vertex 20.1076 -37.6218 1.5
    endloop
  endfacet
  facet normal 0.875382 0.465447 0.130639
    outer loop
      vertex 2.17268 -4 1.88823
      vertex 20.0763 -37.6283 1.73272
      vertex 20.0965 -37.6241 1.5824
    endloop
  endfacet
  facet normal 0.875458 0.46549 0.129973
    outer loop
      vertex 20.0763 -37.6283 1.73272
      vertex 2.17268 -4 1.88823
      vertex 20.0639 -37.6484 1.88823
    endloop
  endfacet
  facet normal -0.634518 -0.0105139 0.772837
    outer loop
      vertex 18.1224 -38.6807 2.79904
      vertex 18.0069 -38.7286 2.70356
      vertex 18.0673 -38.7036 2.75349
    endloop
  endfacet
  facet normal -0.537508 -0.285799 0.79335
    outer loop
      vertex 0 -5.25926 2.56066
      vertex 18.1224 -38.6807 2.79904
      vertex 0 -4.59754 2.79904
    endloop
  endfacet
  facet normal -0.537406 -0.285743 0.793439
    outer loop
      vertex 18.1224 -38.6807 2.79904
      vertex 0 -5.25926 2.56066
      vertex 18.0069 -38.7286 2.70356
    endloop
  endfacet
  facet normal -0.537555 -0.285824 0.793309
    outer loop
      vertex 18.0069 -38.7286 2.70356
      vertex 0 -5.25926 2.56066
      vertex 17.9491 -38.763 2.652
    endloop
  endfacet
  facet normal -0.537595 -0.285845 0.793274
    outer loop
      vertex 17.9491 -38.763 2.652
      vertex 0 -5.25926 2.56066
      vertex 17.8467 -38.8239 2.56066
    endloop
  endfacet
  facet normal -0.337888 -0.179658 0.92388
    outer loop
      vertex 0 -4.59754 2.79904
      vertex 18.4418 -38.5109 2.94889
      vertex 0.0920136 -4 2.94889
    endloop
  endfacet
  facet normal -0.326423 -0.1734 0.929183
    outer loop
      vertex 18.4418 -38.5109 2.94889
      vertex 0 -4.59754 2.79904
      vertex 18.4405 -38.5114 2.94834
    endloop
  endfacet
  facet normal -0.338039 -0.17974 0.923809
    outer loop
      vertex 18.4405 -38.5114 2.94834
      vertex 0 -4.59754 2.79904
      vertex 18.3733 -38.5371 2.91875
    endloop
  endfacet
  facet normal -0.338007 -0.179723 0.923824
    outer loop
      vertex 18.3733 -38.5371 2.91875
      vertex 0 -4.59754 2.79904
      vertex 18.3039 -38.5741 2.88616
    endloop
  endfacet
  facet normal -0.337848 -0.179637 0.923899
    outer loop
      vertex 18.3039 -38.5741 2.88616
      vertex 0 -4.59754 2.79904
      vertex 18.1824 -38.6387 2.82917
    endloop
  endfacet
  facet normal -0.337871 -0.179662 0.923886
    outer loop
      vertex 0 -4.59754 2.79904
      vertex 0.0920136 -4 2.94889
      vertex 0 -4 2.91524
    endloop
  endfacet
  facet normal -0.33807 -0.179756 0.923795
    outer loop
      vertex 18.1824 -38.6387 2.82917
      vertex 0 -4.59754 2.79904
      vertex 18.1224 -38.6807 2.79904
    endloop
  endfacet
  facet normal -0.565172 -0.239349 0.789489
    outer loop
      vertex 19.4468 -37.9765 0.200962
      vertex 19.551 -37.9076 0.296444
      vertex 19.4965 -37.9436 0.246515
    endloop
  endfacet
  facet normal 0.537379 0.285731 -0.793462
    outer loop
      vertex 19.6119 -37.8789 0.348003
      vertex 1.73298 -4 0.439341
      vertex 19.7197 -37.828 0.439341
    endloop
  endfacet
  facet normal 0.53724 0.285657 -0.793582
    outer loop
      vertex 19.551 -37.9076 0.296444
      vertex 1.73298 -4 0.439341
      vertex 19.6119 -37.8789 0.348003
    endloop
  endfacet
  facet normal 0.537737 0.285916 -0.793153
    outer loop
      vertex 19.4468 -37.9765 0.200962
      vertex 1.73298 -4 0.439341
      vertex 19.551 -37.9076 0.296444
    endloop
  endfacet
  facet normal 0.53751 0.2858 -0.793348
    outer loop
      vertex 1.73298 -4 0.439341
      vertex 19.4468 -37.9765 0.200962
      vertex 1.38114 -4 0.200962
    endloop
  endfacet
  facet normal -0.589811 -0.194228 -0.783836
    outer loop
      vertex 19.551 -37.9076 2.70356
      vertex 19.4468 -37.9765 2.79904
      vertex 19.4965 -37.9436 2.75349
    endloop
  endfacet
  facet normal 0.537387 0.285735 0.793455
    outer loop
      vertex 1.73298 -4 2.56066
      vertex 19.6119 -37.8789 2.652
      vertex 19.7197 -37.828 2.56066
    endloop
  endfacet
  facet normal 0.537247 0.285661 0.793576
    outer loop
      vertex 1.73298 -4 2.56066
      vertex 19.551 -37.9076 2.70356
      vertex 19.6119 -37.8789 2.652
    endloop
  endfacet
  facet normal 0.537729 0.285913 0.793159
    outer loop
      vertex 1.73298 -4 2.56066
      vertex 19.4468 -37.9765 2.79904
      vertex 19.551 -37.9076 2.70356
    endloop
  endfacet
  facet normal 0.537512 0.2858 0.793347
    outer loop
      vertex 19.4468 -37.9765 2.79904
      vertex 1.73298 -4 2.56066
      vertex 1.38114 -4 2.79904
    endloop
  endfacet
  facet normal -0.115175 -0.0612397 -0.991456
    outer loop
      vertex 18.7089 -38.3619 0.0108487
      vertex 0.531709 -4 0
      vertex 18.7832 -38.326 0
    endloop
  endfacet
  facet normal -0.115265 -0.0612872 -0.991442
    outer loop
      vertex 18.5735 -38.4274 0.0306392
      vertex 0.531709 -4 0
      vertex 18.7089 -38.3619 0.0108487
    endloop
  endfacet
  facet normal -0.115264 -0.0612871 -0.991442
    outer loop
      vertex 18.4418 -38.5109 0.0511122
      vertex 0.531709 -4 0
      vertex 18.5735 -38.4274 0.0306392
    endloop
  endfacet
  facet normal -0.11525 -0.0612796 -0.991445
    outer loop
      vertex 0.531709 -4 0
      vertex 18.4418 -38.5109 0.0511122
      vertex 0.0920136 -4 0.0511122
    endloop
  endfacet
  facet normal 0.0111925 -0.270858 -0.962554
    outer loop
      vertex 18.9844 -38.2088 2.96936
      vertex 18.7832 -38.326 3
      vertex 18.8544 -38.2845 2.98915
    endloop
  endfacet
  facet normal 0.115196 0.0612508 0.991453
    outer loop
      vertex 0.971405 -4 2.94889
      vertex 18.9844 -38.2088 2.96936
      vertex 19.1274 -38.1464 2.94889
    endloop
  endfacet
  facet normal 0.115278 0.0612943 0.99144
    outer loop
      vertex 0.971405 -4 2.94889
      vertex 18.7832 -38.326 3
      vertex 18.9844 -38.2088 2.96936
    endloop
  endfacet
  facet normal 0.115245 0.061277 0.991445
    outer loop
      vertex 18.7832 -38.326 3
      vertex 0.971405 -4 2.94889
      vertex 0.531709 -4 3
    endloop
  endfacet
  facet normal 0.337538 0.179472 0.924044
    outer loop
      vertex 1.38114 -4 2.79904
      vertex 19.3783 -38.0028 2.82917
      vertex 19.4468 -37.9765 2.79904
    endloop
  endfacet
  facet normal 0.337848 0.179636 0.923899
    outer loop
      vertex 1.38114 -4 2.79904
      vertex 19.2568 -38.0674 2.88616
      vertex 19.3783 -38.0028 2.82917
    endloop
  endfacet
  facet normal 0.338181 0.179811 0.923743
    outer loop
      vertex 1.38114 -4 2.79904
      vertex 19.1874 -38.1043 2.91875
      vertex 19.2568 -38.0674 2.88616
    endloop
  endfacet
  facet normal 0.337701 0.179561 0.923968
    outer loop
      vertex 1.38114 -4 2.79904
      vertex 19.1284 -38.1456 2.94834
      vertex 19.1874 -38.1043 2.91875
    endloop
  endfacet
  facet normal 0.353695 0.187841 0.916305
    outer loop
      vertex 1.38114 -4 2.79904
      vertex 19.1274 -38.1464 2.94889
      vertex 19.1284 -38.1456 2.94834
    endloop
  endfacet
  facet normal 0.337886 0.179657 0.923881
    outer loop
      vertex 19.1274 -38.1464 2.94889
      vertex 1.38114 -4 2.79904
      vertex 0.971405 -4 2.94889
    endloop
  endfacet
  facet normal -0.625883 -0.043105 -0.778725
    outer loop
      vertex 18.0069 -38.7286 0.296444
      vertex 18.1224 -38.6807 0.200962
      vertex 18.0673 -38.7036 0.246515
    endloop
  endfacet
  facet normal -0.537587 -0.285841 -0.793281
    outer loop
      vertex 0 -5.25926 0.439341
      vertex 17.9491 -38.763 0.348003
      vertex 17.8467 -38.8239 0.439341
    endloop
  endfacet
  facet normal -0.537548 -0.28582 -0.793315
    outer loop
      vertex 0 -5.25926 0.439341
      vertex 18.0069 -38.7286 0.296444
      vertex 17.9491 -38.763 0.348003
    endloop
  endfacet
  facet normal -0.537413 -0.285747 -0.793433
    outer loop
      vertex 0 -5.25926 0.439341
      vertex 18.1224 -38.6807 0.200962
      vertex 18.0069 -38.7286 0.296444
    endloop
  endfacet
  facet normal -0.537506 -0.285798 -0.793351
    outer loop
      vertex 18.1224 -38.6807 0.200962
      vertex 0 -5.25926 0.439341
      vertex 0 -4.59754 0.200962
    endloop
  endfacet
  facet normal 0.700489 0.372457 0.608762
    outer loop
      vertex 1.73298 -4 2.56066
      vertex 19.9316 -37.7188 2.25
      vertex 2.00296 -4 2.25
    endloop
  endfacet
  facet normal 0.700633 0.372537 0.608548
    outer loop
      vertex 1.73298 -4 2.56066
      vertex 19.8887 -37.7351 2.30937
      vertex 19.9316 -37.7188 2.25
    endloop
  endfacet
  facet normal 0.699895 0.372132 0.609644
    outer loop
      vertex 1.73298 -4 2.56066
      vertex 19.8416 -37.7531 2.37443
      vertex 19.8887 -37.7351 2.30937
    endloop
  endfacet
  facet normal 0.700685 0.372562 0.608472
    outer loop
      vertex 1.73298 -4 2.56066
      vertex 19.7976 -37.7801 2.44163
      vertex 19.8416 -37.7531 2.37443
    endloop
  endfacet
  facet normal 0.700675 0.372557 0.608486
    outer loop
      vertex 19.7976 -37.7801 2.44163
      vertex 1.73298 -4 2.56066
      vertex 19.7197 -37.828 2.56066
    endloop
  endfacet
  facet normal 0.700488 0.372457 -0.608763
    outer loop
      vertex 19.9316 -37.7188 0.75
      vertex 1.73298 -4 0.439341
      vertex 2.00296 -4 0.75
    endloop
  endfacet
  facet normal 0.700611 0.372525 -0.60858
    outer loop
      vertex 19.8887 -37.7351 0.690635
      vertex 1.73298 -4 0.439341
      vertex 19.9316 -37.7188 0.75
    endloop
  endfacet
  facet normal 0.699931 0.372151 -0.609591
    outer loop
      vertex 19.8416 -37.7531 0.625566
      vertex 1.73298 -4 0.439341
      vertex 19.8887 -37.7351 0.690635
    endloop
  endfacet
  facet normal 0.700654 0.372545 -0.608518
    outer loop
      vertex 19.7976 -37.7801 0.558374
      vertex 1.73298 -4 0.439341
      vertex 19.8416 -37.7531 0.625566
    endloop
  endfacet
  facet normal 0.700682 0.37256 -0.608476
    outer loop
      vertex 1.73298 -4 0.439341
      vertex 19.7976 -37.7801 0.558374
      vertex 19.7197 -37.828 0.439341
    endloop
  endfacet
  facet normal 0.337586 0.179498 -0.924022
    outer loop
      vertex 19.3783 -38.0028 0.170827
      vertex 1.38114 -4 0.200962
      vertex 19.4468 -37.9765 0.200962
    endloop
  endfacet
  facet normal 0.337858 0.179642 -0.923894
    outer loop
      vertex 19.2568 -38.0674 0.113835
      vertex 1.38114 -4 0.200962
      vertex 19.3783 -38.0028 0.170827
    endloop
  endfacet
  facet normal 0.338162 0.179801 -0.923752
    outer loop
      vertex 19.1874 -38.1043 0.0812471
      vertex 1.38114 -4 0.200962
      vertex 19.2568 -38.0674 0.113835
    endloop
  endfacet
  facet normal 0.337697 0.179559 -0.923969
    outer loop
      vertex 19.1284 -38.1456 0.0516575
      vertex 1.38114 -4 0.200962
      vertex 19.1874 -38.1043 0.0812471
    endloop
  endfacet
  facet normal 0.351134 0.186515 -0.91756
    outer loop
      vertex 19.1274 -38.1464 0.0511122
      vertex 1.38114 -4 0.200962
      vertex 19.1284 -38.1456 0.0516575
    endloop
  endfacet
  facet normal 0.337885 0.179657 -0.923881
    outer loop
      vertex 1.38114 -4 0.200962
      vertex 19.1274 -38.1464 0.0511122
      vertex 0.971405 -4 0.0511122
    endloop
  endfacet
  facet normal -0.700487 -0.372457 0.608764
    outer loop
      vertex 0 -5.76702 2.25
      vertex 17.8467 -38.8239 2.56066
      vertex 0 -5.25926 2.56066
    endloop
  endfacet
  facet normal -0.700219 -0.372308 0.609164
    outer loop
      vertex 0 -5.76702 2.25
      vertex 17.7633 -38.8618 2.44163
      vertex 17.8467 -38.8239 2.56066
    endloop
  endfacet
  facet normal -0.700821 -0.372637 0.60827
    outer loop
      vertex 0 -5.76702 2.25
      vertex 17.7163 -38.8831 2.37443
      vertex 17.7633 -38.8618 2.44163
    endloop
  endfacet
  facet normal -0.700128 -0.372262 0.609297
    outer loop
      vertex 0 -5.76702 2.25
      vertex 17.6751 -38.9121 2.30937
      vertex 17.7163 -38.8831 2.37443
    endloop
  endfacet
  facet normal -0.700783 -0.372613 0.608327
    outer loop
      vertex 17.6751 -38.9121 2.30937
      vertex 0 -5.76702 2.25
      vertex 17.6376 -38.9385 2.25
    endloop
  endfacet
  facet normal -0.700486 -0.372456 -0.608765
    outer loop
      vertex 17.8467 -38.8239 0.439341
      vertex 0 -5.76702 0.75
      vertex 0 -5.25926 0.439341
    endloop
  endfacet
  facet normal -0.700225 -0.372312 -0.609154
    outer loop
      vertex 17.7633 -38.8618 0.558374
      vertex 0 -5.76702 0.75
      vertex 17.8467 -38.8239 0.439341
    endloop
  endfacet
  facet normal -0.70079 -0.37262 -0.608316
    outer loop
      vertex 17.7163 -38.8831 0.625566
      vertex 0 -5.76702 0.75
      vertex 17.7633 -38.8618 0.558374
    endloop
  endfacet
  facet normal -0.700163 -0.372281 -0.609244
    outer loop
      vertex 17.6751 -38.9121 0.690635
      vertex 0 -5.76702 0.75
      vertex 17.7163 -38.8831 0.625566
    endloop
  endfacet
  facet normal -0.700762 -0.372602 -0.608359
    outer loop
      vertex 0 -5.76702 0.75
      vertex 17.6751 -38.9121 0.690635
      vertex 17.6376 -38.9385 0.75
    endloop
  endfacet
  facet normal 0.875396 0.465456 -0.13051
    outer loop
      vertex 20.1076 -37.6218 1.5
      vertex 2.17268 -4 1.11177
      vertex 2.23056 -4 1.5
    endloop
  endfacet
  facet normal 0.875351 0.465428 -0.130909
    outer loop
      vertex 20.0965 -37.6241 1.4176
      vertex 2.17268 -4 1.11177
      vertex 20.1076 -37.6218 1.5
    endloop
  endfacet
  facet normal 0.875382 0.465447 -0.130639
    outer loop
      vertex 20.0763 -37.6283 1.26728
      vertex 2.17268 -4 1.11177
      vertex 20.0965 -37.6241 1.4176
    endloop
  endfacet
  facet normal 0.875458 0.46549 -0.129973
    outer loop
      vertex 2.17268 -4 1.11177
      vertex 20.0763 -37.6283 1.26728
      vertex 20.0639 -37.6484 1.11177
    endloop
  endfacet
  facet normal -0.115189 -0.0612469 0.991454
    outer loop
      vertex 0.531709 -4 3
      vertex 18.7089 -38.3619 2.98915
      vertex 18.7832 -38.326 3
    endloop
  endfacet
  facet normal -0.115262 -0.0612857 0.991443
    outer loop
      vertex 0.531709 -4 3
      vertex 18.5735 -38.4274 2.96936
      vertex 18.7089 -38.3619 2.98915
    endloop
  endfacet
  facet normal -0.115248 -0.0612784 0.991445
    outer loop
      vertex 0.531709 -4 3
      vertex 18.4418 -38.5109 2.94889
      vertex 18.5735 -38.4274 2.96936
    endloop
  endfacet
  facet normal -0.115245 -0.061277 0.991445
    outer loop
      vertex 18.4418 -38.5109 2.94889
      vertex 0.531709 -4 3
      vertex 0.0920136 -4 2.94889
    endloop
  endfacet
  facet normal -0.815737 -0.433735 -0.382685
    outer loop
      vertex 17.6376 -38.9385 0.75
      vertex 0 -6.08621 1.11177
      vertex 0 -5.76702 0.75
    endloop
  endfacet
  facet normal -0.815853 -0.433801 -0.38236
    outer loop
      vertex 17.6068 -38.9447 0.822753
      vertex 0 -6.08621 1.11177
      vertex 17.6376 -38.9385 0.75
    endloop
  endfacet
  facet normal -0.81555 -0.433631 -0.383201
    outer loop
      vertex 17.5564 -38.9715 0.960344
      vertex 0 -6.08621 1.11177
      vertex 17.6068 -38.9447 0.822753
    endloop
  endfacet
  facet normal -0.815975 -0.433864 -0.38203
    outer loop
      vertex 17.5277 -38.9868 1.03902
      vertex 0 -6.08621 1.11177
      vertex 17.5564 -38.9715 0.960344
    endloop
  endfacet
  facet normal -0.815636 -0.433681 -0.382961
    outer loop
      vertex 17.5057 -39.0085 1.11045
      vertex 0 -6.08621 1.11177
      vertex 17.5277 -38.9868 1.03902
    endloop
  endfacet
  facet normal -0.816999 -0.434406 -0.379214
    outer loop
      vertex 0 -6.08621 1.11177
      vertex 17.5057 -39.0085 1.11045
      vertex 17.5053 -39.0089 1.11177
    endloop
  endfacet
  facet normal -0.875394 -0.465455 -0.130526
    outer loop
      vertex 17.5053 -39.0089 1.11177
      vertex 0 -6.19508 1.5
      vertex 0 -6.08621 1.11177
    endloop
  endfacet
  facet normal -0.875406 -0.465463 -0.13042
    outer loop
      vertex 0 -6.19508 1.5
      vertex 17.5053 -39.0089 1.11177
      vertex 17.4816 -39.0079 1.26728
    endloop
  endfacet
  facet normal -0.875366 -0.465439 -0.130773
    outer loop
      vertex 17.4668 -39.0223 1.4176
      vertex 0 -6.19508 1.5
      vertex 17.4816 -39.0079 1.26728
    endloop
  endfacet
  facet normal -0.875377 -0.465445 -0.130674
    outer loop
      vertex 0 -6.19508 1.5
      vertex 17.4668 -39.0223 1.4176
      vertex 17.4587 -39.0302 1.5
    endloop
  endfacet
  facet normal 0.815734 0.433734 -0.382692
    outer loop
      vertex 20.0639 -37.6484 1.11177
      vertex 2.00296 -4 0.75
      vertex 2.17268 -4 1.11177
    endloop
  endfacet
  facet normal 0.809178 0.430025 -0.400386
    outer loop
      vertex 20.0633 -37.6485 1.11045
      vertex 2.00296 -4 0.75
      vertex 20.0639 -37.6484 1.11177
    endloop
  endfacet
  facet normal 0.815431 0.433562 -0.383531
    outer loop
      vertex 20.033 -37.6547 1.03902
      vertex 2.00296 -4 0.75
      vertex 20.0633 -37.6485 1.11045
    endloop
  endfacet
  facet normal 0.815974 0.433866 -0.38203
    outer loop
      vertex 20.0043 -37.67 0.960344
      vertex 2.00296 -4 0.75
      vertex 20.033 -37.6547 1.03902
    endloop
  endfacet
  facet normal 0.815647 0.433685 -0.382932
    outer loop
      vertex 19.9539 -37.6967 0.822753
      vertex 2.00296 -4 0.75
      vertex 20.0043 -37.67 0.960344
    endloop
  endfacet
  facet normal 0.816015 0.433884 -0.381922
    outer loop
      vertex 2.00296 -4 0.75
      vertex 19.9539 -37.6967 0.822753
      vertex 19.9316 -37.7188 0.75
    endloop
  endfacet
  facet normal -0.324022 -0.17209 -0.930266
    outer loop
      vertex 0 -4.59754 0.200962
      vertex 18.4418 -38.5109 0.0511122
      vertex 18.4405 -38.5114 0.0516575
    endloop
  endfacet
  facet normal -0.338035 -0.179738 -0.923811
    outer loop
      vertex 0 -4.59754 0.200962
      vertex 18.4405 -38.5114 0.0516575
      vertex 18.3733 -38.5371 0.0812471
    endloop
  endfacet
  facet normal -0.337989 -0.179713 -0.923833
    outer loop
      vertex 0 -4.59754 0.200962
      vertex 18.3733 -38.5371 0.0812471
      vertex 18.3039 -38.5741 0.113835
    endloop
  endfacet
  facet normal -0.337858 -0.179642 -0.923894
    outer loop
      vertex 0 -4.59754 0.200962
      vertex 18.3039 -38.5741 0.113835
      vertex 18.1824 -38.6387 0.170827
    endloop
  endfacet
  facet normal -0.338118 -0.179781 -0.923772
    outer loop
      vertex 0 -4.59754 0.200962
      vertex 18.1824 -38.6387 0.170827
      vertex 18.1224 -38.6807 0.200962
    endloop
  endfacet
  facet normal -0.337888 -0.179658 -0.92388
    outer loop
      vertex 18.4418 -38.5109 0.0511122
      vertex 0 -4.59754 0.200962
      vertex 0.0920136 -4 0.0511122
    endloop
  endfacet
  facet normal -0.337887 -0.179658 -0.92388
    outer loop
      vertex 0.0920136 -4 0.0511122
      vertex 0 -4.59754 0.200962
      vertex 0 -4 0.084764
    endloop
  endfacet
  facet normal -0.0111434 -0.234961 0.971941
    outer loop
      vertex 18.7832 -38.326 0
      vertex 18.9844 -38.2088 0.0306392
      vertex 18.8544 -38.2845 0.0108487
    endloop
  endfacet
  facet normal 0.115212 0.0612596 -0.99145
    outer loop
      vertex 18.9844 -38.2088 0.0306392
      vertex 0.971405 -4 0.0511122
      vertex 19.1274 -38.1464 0.0511122
    endloop
  endfacet
  facet normal 0.115275 0.0612928 -0.991441
    outer loop
      vertex 18.7832 -38.326 0
      vertex 0.971405 -4 0.0511122
      vertex 18.9844 -38.2088 0.0306392
    endloop
  endfacet
  facet normal 0.11525 0.0612796 -0.991445
    outer loop
      vertex 0.971405 -4 0.0511122
      vertex 18.7832 -38.326 0
      vertex 0.531709 -4 0
    endloop
  endfacet
  facet normal -0.815737 -0.433735 0.382685
    outer loop
      vertex 0 -6.08621 1.88823
      vertex 17.6376 -38.9385 2.25
      vertex 0 -5.76702 2.25
    endloop
  endfacet
  facet normal -0.815849 -0.433799 0.382374
    outer loop
      vertex 0 -6.08621 1.88823
      vertex 17.6068 -38.9447 2.17725
      vertex 17.6376 -38.9385 2.25
    endloop
  endfacet
  facet normal -0.815549 -0.433631 0.383203
    outer loop
      vertex 0 -6.08621 1.88823
      vertex 17.5564 -38.9715 2.03966
      vertex 17.6068 -38.9447 2.17725
    endloop
  endfacet
  facet normal -0.815981 -0.433867 0.382013
    outer loop
      vertex 0 -6.08621 1.88823
      vertex 17.5277 -38.9868 1.96098
      vertex 17.5564 -38.9715 2.03966
    endloop
  endfacet
  facet normal -0.815636 -0.433681 0.382961
    outer loop
      vertex 0 -6.08621 1.88823
      vertex 17.5057 -39.0085 1.88955
      vertex 17.5277 -38.9868 1.96098
    endloop
  endfacet
  facet normal -0.816999 -0.434406 0.379214
    outer loop
      vertex 17.5057 -39.0085 1.88955
      vertex 0 -6.08621 1.88823
      vertex 17.5053 -39.0089 1.88823
    endloop
  endfacet
  facet normal -0.875366 -0.465439 0.130773
    outer loop
      vertex 0 -6.19508 1.5
      vertex 17.4668 -39.0223 1.5824
      vertex 17.4816 -39.0079 1.73272
    endloop
  endfacet
  facet normal -0.875377 -0.465445 0.130674
    outer loop
      vertex 17.4668 -39.0223 1.5824
      vertex 0 -6.19508 1.5
      vertex 17.4587 -39.0302 1.5
    endloop
  endfacet
  facet normal -0.875406 -0.465463 0.13042
    outer loop
      vertex 17.5053 -39.0089 1.88823
      vertex 0 -6.19508 1.5
      vertex 17.4816 -39.0079 1.73272
    endloop
  endfacet
  facet normal -0.875394 -0.465455 0.130526
    outer loop
      vertex 0 -6.19508 1.5
      vertex 17.5053 -39.0089 1.88823
      vertex 0 -6.08621 1.88823
    endloop
  endfacet
  facet normal 0.173727 -0.984485 -0.0246743
    outer loop
      vertex 20.3438 -42.5042 1.5
      vertex 19.9678 -42.5668 1.35034
      vertex 20.3501 -42.5008 1.4087
    endloop
  endfacet
  facet normal 0.088641 0.560005 0.823734
    outer loop
      vertex 19.959 -38.4761 3.39927
      vertex 19.6862 -38.6212 3.52727
      vertex 20.1945 -38.7468 3.55796
    endloop
  endfacet
  facet normal 0.939483 -0.300152 -0.16517
    outer loop
      vertex 22.0262 -41.0094 1.24601
      vertex 21.9737 -41.0374 0.998274
      vertex 22.1379 -40.6359 1.20262
    endloop
  endfacet
  facet normal 0.468175 -0.827915 0.308819
    outer loop
      vertex 20.9343 -42.0529 2.44493
      vertex 20.8591 -42.2302 2.08361
      vertex 20.9397 -42.1873 2.07643
    endloop
  endfacet
  facet normal -0.206161 -0.109567 0.972365
    outer loop
      vertex 19.2815 -40.0936 3.96161
      vertex 19.1299 -40.6186 3.87031
      vertex 19.4656 -40.44 3.96161
    endloop
  endfacet
  facet normal -0.206091 -0.10959 0.972377
    outer loop
      vertex 19.1299 -40.6186 3.87031
      vertex 19.2815 -40.0936 3.96161
      vertex 18.9457 -40.2722 3.87031
    endloop
  endfacet
  facet normal 0.173517 -0.984535 0.0241238
    outer loop
      vertex 19.9678 -42.5668 1.64966
      vertex 19.9574 -42.5723 1.5
      vertex 20.3438 -42.5042 1.5
    endloop
  endfacet
  facet normal 0.878922 0.290696 -0.378144
    outer loop
      vertex 21.9042 -39.5822 0.396383
      vertex 21.7706 -39.2145 0.368523
      vertex 21.9028 -39.1442 0.729839
    endloop
  endfacet
  facet normal -0.816857 -0.25755 0.516152
    outer loop
      vertex 17.7074 -40.4918 2.92886
      vertex 17.5314 -40.5854 2.60362
      vertex 17.8454 -40.8572 2.96493
    endloop
  endfacet
  facet normal 0.325749 -0.945385 -0.0115988
    outer loop
      vertex 20.7147 -42.3764 1.5
      vertex 20.3438 -42.5042 1.5
      vertex 20.7168 -42.3753 1.46932
    endloop
  endfacet
  facet normal 0.72365 -0.623754 0.295402
    outer loop
      vertex 21.5341 -41.5323 2.42366
      vertex 21.4855 -41.7598 2.06234
      vertex 21.6516 -41.4698 2.26779
    endloop
  endfacet
  facet normal 0.650989 -0.569145 0.502282
    outer loop
      vertex 21.2611 -41.4162 2.94666
      vertex 21.2421 -41.6875 2.66387
      vertex 21.4529 -41.3143 2.81354
    endloop
  endfacet
  facet normal -0.276491 -0.946644 -0.165587
    outer loop
      vertex 19.1944 -42.5152 1.24601
      vertex 18.8222 -42.3989 1.20262
      vertex 19.2469 -42.4872 0.998274
    endloop
  endfacet
  facet normal 0.942683 0.324563 -0.0775121
    outer loop
      vertex 22.1382 -39.4578 1.5
      vertex 21.9834 -39.1013 1.11012
      vertex 22.0105 -39.0869 1.5
    endloop
  endfacet
  facet normal -0.0417981 0.89308 0.447953
    outer loop
      vertex 19.839 -37.8663 2.64807
      vertex 19.6119 -37.8789 2.652
      vertex 19.668 -37.9573 2.81354
    endloop
  endfacet
  facet normal -0.0417837 0.892919 0.448274
    outer loop
      vertex 19.6119 -37.8789 2.652
      vertex 19.839 -37.8663 2.64807
      vertex 19.7197 -37.828 2.56066
    endloop
  endfacet
  facet normal -0.639641 -0.163462 0.751092
    outer loop
      vertex 18.1822 -40.2393 3.46666
      vertex 17.9261 -40.3755 3.21892
      vertex 18.0697 -40.738 3.26232
    endloop
  endfacet
  facet normal -0.528868 -0.104612 0.842232
    outer loop
      vertex 18.4694 -40.0866 3.66597
      vertex 18.1822 -40.2393 3.46666
      vertex 18.3323 -40.5984 3.51631
    endloop
  endfacet
  facet normal 0.997412 0.0174701 0.0697388
    outer loop
      vertex 22.2131 -40.2364 1.5
      vertex 22.1812 -39.8575 1.86132
      vertex 22.19 -40.2487 1.83346
    endloop
  endfacet
  facet normal -0.139026 -0.989221 -0.0459691
    outer loop
      vertex 19.5652 -42.5791 1.5
      vertex 19.1767 -42.5245 1.5
      vertex 19.5794 -42.5716 1.29566
    endloop
  endfacet
  facet normal -0.631423 -0.684637 0.364112
    outer loop
      vertex 18.3499 -41.8947 2.54858
      vertex 17.9505 -41.6845 2.2512
      vertex 18.2274 -41.9598 2.21374
    endloop
  endfacet
  facet normal -0.419877 -0.887633 -0.189238
    outer loop
      vertex 18.8222 -42.3989 1.20262
      vertex 18.4721 -42.2256 1.16654
      vertex 18.5411 -42.1889 0.8413
    endloop
  endfacet
  facet normal 0.494048 0.611731 -0.61782
    outer loop
      vertex 21.0168 -38.585 0
      vertex 20.9185 -38.3618 0.142393
      vertex 21.1803 -38.6452 0.0711384
    endloop
  endfacet
  facet normal 0.493967 0.611734 -0.617882
    outer loop
      vertex 20.9185 -38.3618 0.142393
      vertex 21.0168 -38.585 0
      vertex 20.8111 -38.4189 0
    endloop
  endfacet
  facet normal 0.970716 -0.148145 -0.189112
    outer loop
      vertex 22.1379 -40.6359 1.20262
      vertex 22.0764 -40.6686 0.912555
      vertex 22.121 -40.2854 0.8413
    endloop
  endfacet
  facet normal 0.811157 -0.0815438 -0.579116
    outer loop
      vertex 21.8168 -40.0513 0.142393
      vertex 21.6694 -40.5063 0
      vertex 21.7094 -40.1084 0
    endloop
  endfacet
  facet normal 0.732623 0.565915 0.378159
    outer loop
      vertex 21.7186 -38.7978 2.27016
      vertex 21.3563 -38.5516 2.60362
      vertex 21.5864 -38.8681 2.63148
    endloop
  endfacet
  facet normal -0.265361 -0.809134 -0.524295
    outer loop
      vertex 19.0133 -41.9538 0
      vertex 18.8084 -42.0467 0.247077
      vertex 18.9947 -41.9477 0
    endloop
  endfacet
  facet normal -0.268353 -0.807045 -0.52599
    outer loop
      vertex 18.8084 -42.0467 0.247077
      vertex 19.0133 -41.9538 0
      vertex 19.2932 -42.1484 0.15578
    endloop
  endfacet
  facet normal -0.5528 -0.806918 -0.208075
    outer loop
      vertex 18.5411 -42.1889 0.8413
      vertex 18.1527 -41.9995 1.13868
      vertex 18.2274 -41.9598 0.786264
    endloop
  endfacet
  facet normal -0.571539 -0.652933 0.497012
    outer loop
      vertex 18.2553 -41.5224 2.92886
      vertex 18.0794 -41.616 2.60362
      vertex 18.5171 -41.8058 2.85761
    endloop
  endfacet
  facet normal 0.78331 0.0675375 0.617951
    outer loop
      vertex 21.7283 -39.6758 2.92886
      vertex 21.5095 -39.7921 3.21892
      vertex 21.609 -40.1618 3.1332
    endloop
  endfacet
  facet normal 0.474315 -0.866343 0.156445
    outer loop
      vertex 20.915 -42.27 1.69373
      vertex 20.8591 -42.2302 2.08361
      vertex 20.8879 -42.2844 1.69615
    endloop
  endfacet
  facet normal 0.373595 -0.919885 0.119325
    outer loop
      vertex 20.7861 -42.3385 1.65869
      vertex 20.4947 -42.4239 1.91268
      vertex 20.7654 -42.3495 1.6387
    endloop
  endfacet
  facet normal 0.589753 -0.763296 0.263762
    outer loop
      vertex 21.2987 -41.8591 2.27399
      vertex 21.093 -42.1058 2.02
      vertex 21.1619 -42.0691 1.97215
    endloop
  endfacet
  facet normal 0.589876 0.490347 0.641565
    outer loop
      vertex 21.1803 -38.6452 2.92886
      vertex 20.9615 -38.7615 3.21892
      vertex 21.1818 -39.0833 3.26232
    endloop
  endfacet
  facet normal 0.06927 0.0368253 0.996918
    outer loop
      vertex 19.97 -39.7276 3.96161
      vertex 19.8099 -40.257 3.99229
      vertex 20.1541 -40.0739 3.96161
    endloop
  endfacet
  facet normal 0.0692588 0.0368287 0.996919
    outer loop
      vertex 19.8099 -40.257 3.99229
      vertex 19.97 -39.7276 3.96161
      vertex 19.6257 -39.9106 3.99229
    endloop
  endfacet
  facet normal 0.424068 -0.851409 -0.308658
    outer loop
      vertex 20.7784 -42.273 0.923573
      vertex 20.67 -42.1934 0.555071
      vertex 20.8591 -42.2302 0.916387
    endloop
  endfacet
  facet normal -0.180676 0.819291 0.544168
    outer loop
      vertex 19.4762 -38.0592 2.94666
      vertex 19.2568 -38.0674 2.88616
      vertex 19.2683 -38.1698 3.04415
    endloop
  endfacet
  facet normal -0.180605 0.819496 0.543883
    outer loop
      vertex 19.2568 -38.0674 2.88616
      vertex 19.4762 -38.0592 2.94666
      vertex 19.3783 -38.0028 2.82917
    endloop
  endfacet
  facet normal -0.774863 -0.588517 -0.23073
    outer loop
      vertex 17.8718 -41.7263 1.11972
      vertex 17.6364 -41.4126 1.11012
      vertex 17.9505 -41.6845 0.748803
    endloop
  endfacet
  facet normal -0.672183 -0.706304 -0.222045
    outer loop
      vertex 18.1527 -41.9995 1.13868
      vertex 17.9505 -41.6845 0.748803
      vertex 18.2274 -41.9598 0.786264
    endloop
  endfacet
  facet normal 0.2919 0.954848 -0.055317
    outer loop
      vertex 20.6134 -37.7687 1.20262
      vertex 20.2589 -37.6431 1.5
      vertex 20.6341 -37.7578 1.5
    endloop
  endfacet
  facet normal 0.982017 0.173317 -0.0748586
    outer loop
      vertex 22.1812 -39.8575 1.13868
      vertex 22.1117 -39.4719 1.11972
      vertex 22.1382 -39.4578 1.5
    endloop
  endfacet
  facet normal 0.970683 -0.148241 0.189204
    outer loop
      vertex 22.19 -40.2487 1.83346
      vertex 22.121 -40.2854 2.1587
      vertex 22.1379 -40.6359 1.79738
    endloop
  endfacet
  facet normal 0.740059 -0.270879 -0.615579
    outer loop
      vertex 21.6669 -40.8863 0.15578
      vertex 21.5729 -40.7891 0
      vertex 21.6621 -40.5454 0
    endloop
  endfacet
  facet normal 0.569063 -0.815928 -0.102117
    outer loop
      vertex 21.2759 -42.0085 1.15696
      vertex 21.028 -42.2099 1.38471
      vertex 21.2234 -42.0364 1.08732
    endloop
  endfacet
  facet normal 0.78932 -0.588807 -0.17401
    outer loop
      vertex 21.8154 -41.3827 1.09635
      vertex 21.6055 -41.696 1.20436
      vertex 21.7462 -41.4195 0.906977
    endloop
  endfacet
  facet normal 0.639641 0.163462 0.751092
    outer loop
      vertex 21.3659 -39.4296 3.26232
      vertex 21.2534 -39.9283 3.46666
      vertex 21.5095 -39.7921 3.21892
    endloop
  endfacet
  facet normal -0.17688 -0.443009 0.878895
    outer loop
      vertex 19.3285 -40.9518 3.81195
      vertex 19.0174 -41.1172 3.66597
      vertex 19.2411 -41.4208 3.55796
    endloop
  endfacet
  facet normal -0.736444 -0.214937 0.641445
    outer loop
      vertex 17.9261 -40.3755 3.21892
      vertex 17.7074 -40.4918 2.92886
      vertex 18.0697 -40.738 3.26232
    endloop
  endfacet
  facet normal -0.138995 -0.989228 -0.0459075
    outer loop
      vertex 19.5794 -42.5716 1.29566
      vertex 19.1767 -42.5245 1.5
      vertex 19.1944 -42.5152 1.24601
    endloop
  endfacet
  facet normal 0.385332 0.869155 0.309983
    outer loop
      vertex 20.5519 -37.8014 2.08745
      vertex 20.4511 -37.855 2.36304
      vertex 20.8945 -37.9787 2.1587
    endloop
  endfacet
  facet normal 0.340873 -0.167863 0.925001
    outer loop
      vertex 20.6551 -40.2464 3.81195
      vertex 20.486 -40.7589 3.78126
      vertex 20.7971 -40.5934 3.69665
    endloop
  endfacet
  facet normal 0.988281 -0.138894 0.0633222
    outer loop
      vertex 22.2131 -40.2364 1.5
      vertex 22.1379 -40.6359 1.79738
      vertex 22.1585 -40.6249 1.5
    endloop
  endfacet
  facet normal 0.883827 -0.0429438 0.465839
    outer loop
      vertex 21.984 -39.9624 2.54858
      vertex 21.8168 -40.0513 2.85761
      vertex 21.8537 -40.4275 2.75292
    endloop
  endfacet
  facet normal 0.921316 0.313059 0.230589
    outer loop
      vertex 21.9834 -39.1013 1.88988
      vertex 21.9028 -39.1442 2.27016
      vertex 22.0331 -39.5137 2.2512
    endloop
  endfacet
  facet normal 0.601658 -0.798657 0.0124334
    outer loop
      vertex 21.368 -41.9596 1.5913
      vertex 21.0589 -42.1934 1.53068
      vertex 21.3744 -41.9562 1.5
    endloop
  endfacet
  facet normal 0.752855 0.400334 0.522438
    outer loop
      vertex 21.406 -38.964 2.96493
      vertex 21.7706 -39.2145 2.63148
      vertex 21.5864 -38.8681 2.63148
    endloop
  endfacet
  facet normal 0.752855 0.400334 0.522438
    outer loop
      vertex 21.7706 -39.2145 2.63148
      vertex 21.406 -38.964 2.96493
      vertex 21.5902 -39.3104 2.96493
    endloop
  endfacet
  facet normal 0.198728 0.618537 0.76021
    outer loop
      vertex 20.2108 -38.3422 3.2245
      vertex 19.959 -38.4761 3.39927
      vertex 20.1945 -38.7468 3.55796
    endloop
  endfacet
  facet normal 0.100948 0.969107 0.225037
    outer loop
      vertex 20.1027 -37.7261 2.23711
      vertex 20.0043 -37.67 2.03966
      vertex 19.9539 -37.6967 2.17725
    endloop
  endfacet
  facet normal 0.100946 0.969107 0.225038
    outer loop
      vertex 20.0043 -37.67 2.03966
      vertex 20.1027 -37.7261 2.23711
      vertex 20.1887 -37.6804 2.00173
    endloop
  endfacet
  facet normal -0.442429 0.429129 0.787467
    outer loop
      vertex 18.693 -38.7898 3.37761
      vertex 18.523 -39.2397 3.52727
      vertex 18.8101 -39.087 3.60536
    endloop
  endfacet
  facet normal -0.631424 -0.684639 -0.364107
    outer loop
      vertex 18.2274 -41.9598 0.786264
      vertex 17.9505 -41.6845 0.748803
      vertex 18.3499 -41.8947 0.451419
    endloop
  endfacet
  facet normal -0.954811 0.291993 -0.0554712
    outer loop
      vertex 17.4094 -39.1582 1.24601
      vertex 17.2977 -39.5317 1.20262
      vertex 17.3918 -39.1675 1.5
    endloop
  endfacet
  facet normal -0.860875 -0.108736 -0.497062
    outer loop
      vertex 17.5314 -40.5854 0.396383
      vertex 17.4516 -40.2052 0.451419
      vertex 17.6188 -40.1163 0.142393
    endloop
  endfacet
  facet normal -0.954846 0.2919 0.0553465
    outer loop
      vertex 17.3918 -39.1675 1.5
      vertex 17.2771 -39.5427 1.5
      vertex 17.2977 -39.5317 1.79738
    endloop
  endfacet
  facet normal -0.420011 -0.887596 -0.189113
    outer loop
      vertex 18.8222 -42.3989 1.20262
      vertex 18.5411 -42.1889 0.8413
      vertex 18.8837 -42.3662 0.912555
    endloop
  endfacet
  facet normal 0.0272837 -0.993933 -0.10655
    outer loop
      vertex 19.9678 -42.5668 1.35034
      vertex 19.5794 -42.5716 1.29566
      vertex 19.9988 -42.5503 1.20436
    endloop
  endfacet
  facet normal 0.112508 -0.948666 -0.295591
    outer loop
      vertex 20.1187 -42.4865 0.937661
      vertex 19.7855 -42.462 0.732208
      vertex 19.903 -42.3995 0.576344
    endloop
  endfacet
  facet normal -0.961425 -0.162369 -0.222031
    outer loop
      vertex 17.3239 -40.6957 1.11972
      vertex 17.2544 -40.3101 1.13868
      vertex 17.4025 -40.6539 0.748803
    endloop
  endfacet
  facet normal -0.291973 -0.954831 0.0552233
    outer loop
      vertex 18.8222 -42.3989 1.79738
      vertex 18.8016 -42.4098 1.5
      vertex 19.1767 -42.5245 1.5
    endloop
  endfacet
  facet normal -0.572306 -0.817066 0.069784
    outer loop
      vertex 18.4721 -42.2256 1.83346
      vertex 18.1527 -41.9995 1.86132
      vertex 18.449 -42.2379 1.5
    endloop
  endfacet
  facet normal 0.631342 0.684849 0.363853
    outer loop
      vertex 21.4851 -38.4831 2.2512
      vertex 21.0857 -38.2729 2.54858
      vertex 21.3563 -38.5516 2.60362
    endloop
  endfacet
  facet normal 0.880152 0.468161 -0.0784694
    outer loop
      vertex 22.0105 -39.0869 1.5
      vertex 21.7992 -38.755 1.11012
      vertex 21.8263 -38.7406 1.5
    endloop
  endfacet
  facet normal 0.880152 0.468161 -0.0784694
    outer loop
      vertex 21.7992 -38.755 1.11012
      vertex 22.0105 -39.0869 1.5
      vertex 21.9834 -39.1013 1.11012
    endloop
  endfacet
  facet normal 0.24607 0.930597 0.270996
    outer loop
      vertex 20.5519 -37.8014 2.08745
      vertex 20.1887 -37.6804 2.00173
      vertex 20.4511 -37.855 2.36304
    endloop
  endfacet
  facet normal 0.921317 0.313057 -0.230588
    outer loop
      vertex 22.0331 -39.5137 0.748803
      vertex 21.9028 -39.1442 0.729839
      vertex 21.9834 -39.1013 1.11012
    endloop
  endfacet
  facet normal 0.631344 0.684847 -0.363853
    outer loop
      vertex 21.3563 -38.5516 0.396383
      vertex 21.0857 -38.2729 0.451419
      vertex 21.4851 -38.4831 0.748803
    endloop
  endfacet
  facet normal 0.143995 0.876116 -0.460094
    outer loop
      vertex 20.1424 -38.0192 0.15578
      vertex 19.9851 -37.7886 0.545661
      vertex 20.3135 -37.9282 0.382612
    endloop
  endfacet
  facet normal 0.920663 0.140603 0.364157
    outer loop
      vertex 22.0331 -39.5137 2.2512
      vertex 21.984 -39.9624 2.54858
      vertex 22.1065 -39.8973 2.21374
    endloop
  endfacet
  facet normal 0.692671 0.717377 0.0746858
    outer loop
      vertex 21.5902 -38.4272 1.5
      vertex 21.2829 -38.1681 1.86132
      vertex 21.5638 -38.4413 1.88028
    endloop
  endfacet
  facet normal 0.939873 -0.0132831 0.341267
    outer loop
      vertex 22.1065 -39.8973 2.21374
      vertex 21.984 -39.9624 2.54858
      vertex 22.121 -40.2854 2.1587
    endloop
  endfacet
  facet normal 0.936062 -0.166629 0.309875
    outer loop
      vertex 22.008 -40.3455 2.46773
      vertex 21.9756 -40.7222 2.36304
      vertex 22.121 -40.2854 2.1587
    endloop
  endfacet
  facet normal 0.93948 -0.300053 -0.165364
    outer loop
      vertex 22.1379 -40.6359 1.20262
      vertex 21.9737 -41.0374 0.998274
      vertex 22.0764 -40.6686 0.912555
    endloop
  endfacet
  facet normal 0.954825 -0.291971 0.0553423
    outer loop
      vertex 22.1379 -40.6359 1.79738
      vertex 22.0438 -41 1.5
      vertex 22.1585 -40.6249 1.5
    endloop
  endfacet
  facet normal 0.864661 -0.339905 0.369901
    outer loop
      vertex 21.9756 -40.7222 2.36304
      vertex 21.7701 -41.1456 2.45434
      vertex 21.8876 -41.0831 2.23711
    endloop
  endfacet
  facet normal 0.97808 0.00702849 0.208111
    outer loop
      vertex 22.1812 -39.8575 1.86132
      vertex 22.1065 -39.8973 2.21374
      vertex 22.121 -40.2854 2.1587
    endloop
  endfacet
  facet normal -0.858588 -0.456311 0.23368
    outer loop
      vertex 17.4522 -41.0663 1.88988
      vertex 17.717 -41.3698 2.27016
      vertex 17.5329 -41.0234 2.27016
    endloop
  endfacet
  facet normal -0.8585 -0.456644 0.233353
    outer loop
      vertex 17.717 -41.3698 2.27016
      vertex 17.4522 -41.0663 1.88988
      vertex 17.6364 -41.4126 1.88988
    endloop
  endfacet
  facet normal -0.921191 -0.313252 0.230826
    outer loop
      vertex 17.5329 -41.0234 2.27016
      vertex 17.4025 -40.6539 2.2512
      vertex 17.4522 -41.0663 1.88988
    endloop
  endfacet
  facet normal 0.719119 -0.694453 0.0245479
    outer loop
      vertex 21.6365 -41.6795 1.64966
      vertex 21.368 -41.9596 1.5913
      vertex 21.3744 -41.9562 1.5
    endloop
  endfacet
  facet normal -0.334399 -0.842048 0.42324
    outer loop
      vertex 19.1221 -42.2394 2.61739
      vertex 18.8084 -42.0467 2.75292
      vertex 18.9845 -42.3126 2.36304
    endloop
  endfacet
  facet normal 0.0173246 -0.999221 -0.035471
    outer loop
      vertex 19.9574 -42.5723 1.5
      vertex 19.5652 -42.5791 1.5
      vertex 19.5794 -42.5716 1.29566
    endloop
  endfacet
  facet normal 0.0173487 -0.999219 -0.0355157
    outer loop
      vertex 19.9574 -42.5723 1.5
      vertex 19.5794 -42.5716 1.29566
      vertex 19.9678 -42.5668 1.35034
    endloop
  endfacet
  facet normal -0.092273 0.750389 0.654524
    outer loop
      vertex 19.4762 -38.0592 2.94666
      vertex 19.2683 -38.1698 3.04415
      vertex 19.7176 -38.2451 3.19382
    endloop
  endfacet
  facet normal -0.407022 -0.0398394 0.912549
    outer loop
      vertex 18.7805 -39.9212 3.81195
      vertex 18.4694 -40.0866 3.66597
      vertex 18.9457 -40.2722 3.87031
    endloop
  endfacet
  facet normal -0.650809 0.569289 -0.502352
    outer loop
      vertex 18.1745 -38.7514 0.0533447
      vertex 18.1224 -38.6807 0.200962
      vertex 18.1824 -38.6387 0.170827
    endloop
  endfacet
  facet normal -0.650994 0.5691 -0.502327
    outer loop
      vertex 17.9827 -38.8533 0.186464
      vertex 18.1224 -38.6807 0.200962
      vertex 18.1745 -38.7514 0.0533447
    endloop
  endfacet
  facet normal -0.651334 0.569317 -0.501639
    outer loop
      vertex 18.1224 -38.6807 0.200962
      vertex 17.9827 -38.8533 0.186464
      vertex 18.0673 -38.7036 0.246515
    endloop
  endfacet
  facet normal 0.879025 0.290583 0.37799
    outer loop
      vertex 22.0331 -39.5137 2.2512
      vertex 21.9028 -39.1442 2.27016
      vertex 21.9042 -39.5822 2.60362
    endloop
  endfacet
  facet normal 0.571468 0.652899 0.49714
    outer loop
      vertex 21.3563 -38.5516 2.60362
      vertex 20.9185 -38.3618 2.85761
      vertex 21.1803 -38.6452 2.92886
    endloop
  endfacet
  facet normal 0.970717 -0.148142 0.189109
    outer loop
      vertex 22.121 -40.2854 2.1587
      vertex 22.0764 -40.6686 2.08745
      vertex 22.1379 -40.6359 1.79738
    endloop
  endfacet
  facet normal 0.860977 0.108634 0.496907
    outer loop
      vertex 21.9042 -39.5822 2.60362
      vertex 21.7283 -39.6758 2.92886
      vertex 21.8168 -40.0513 2.85761
    endloop
  endfacet
  facet normal -0.589962 -0.490224 0.64158
    outer loop
      vertex 18.4741 -41.4061 3.21892
      vertex 18.2539 -41.0843 3.26232
      vertex 18.2553 -41.5224 2.92886
    endloop
  endfacet
  facet normal 0.338445 -0.735323 0.587158
    outer loop
      vertex 20.6103 -41.7623 3.12362
      vertex 20.386 -41.8815 3.10363
      vertex 20.5381 -42.0618 2.79016
    endloop
  endfacet
  facet normal 0.528868 0.104612 0.842232
    outer loop
      vertex 21.1033 -39.5692 3.51631
      vertex 20.9662 -40.081 3.66597
      vertex 21.2534 -39.9283 3.46666
    endloop
  endfacet
  facet normal 0.583598 -0.0386427 0.811123
    outer loop
      vertex 21.3656 -40.2912 3.36859
      vertex 20.9662 -40.081 3.66597
      vertex 21.0928 -40.4362 3.55796
    endloop
  endfacet
  facet normal 0.210538 -0.237102 0.948397
    outer loop
      vertex 20.3276 -40.4206 3.901
      vertex 19.9918 -40.5991 3.93092
      vertex 20.486 -40.7589 3.78126
    endloop
  endfacet
  facet normal 0.294312 0.50539 0.811148
    outer loop
      vertex 20.4674 -38.6017 3.36859
      vertex 20.4183 -39.0504 3.66597
      vertex 20.7054 -38.8977 3.46666
    endloop
  endfacet
  facet normal 0.260494 0.315174 0.912583
    outer loop
      vertex 20.4183 -39.0504 3.66597
      vertex 20.3057 -39.549 3.87031
      vertex 20.6248 -39.3794 3.72065
    endloop
  endfacet
  facet normal 0.670568 0.532939 0.516057
    outer loop
      vertex 21.5864 -38.8681 2.63148
      vertex 21.3563 -38.5516 2.60362
      vertex 21.406 -38.964 2.96493
    endloop
  endfacet
  facet normal 0.461349 0.245263 0.852645
    outer loop
      vertex 20.9192 -39.2229 3.51631
      vertex 20.8089 -39.7258 3.72065
      vertex 21.1033 -39.5692 3.51631
    endloop
  endfacet
  facet normal 0.461426 0.245232 0.852612
    outer loop
      vertex 20.8089 -39.7258 3.72065
      vertex 20.9192 -39.2229 3.51631
      vertex 20.6248 -39.3794 3.72065
    endloop
  endfacet
  facet normal 0.141586 -0.101296 0.98473
    outer loop
      vertex 20.1541 -40.0739 3.96161
      vertex 19.9918 -40.5991 3.93092
      vertex 20.3276 -40.4206 3.901
    endloop
  endfacet
  facet normal -0.00479138 0.174102 0.984716
    outer loop
      vertex 19.97 -39.7276 3.96161
      vertex 19.4438 -39.5685 3.93092
      vertex 19.6257 -39.9106 3.99229
    endloop
  endfacet
  facet normal 0.0513963 0.376271 0.925083
    outer loop
      vertex 20.1071 -39.2158 3.81195
      vertex 19.5877 -39.0694 3.78126
      vertex 19.7796 -39.39 3.901
    endloop
  endfacet
  facet normal 0.325661 -0.945401 -0.0127349
    outer loop
      vertex 20.7168 -42.3753 1.46932
      vertex 20.3438 -42.5042 1.5
      vertex 20.3501 -42.5008 1.4087
    endloop
  endfacet
  facet normal 0.107658 -0.857972 -0.502288
    outer loop
      vertex 20.1949 -42.2443 0.336126
      vertex 19.7676 -42.2103 0.186464
      vertex 19.9594 -42.1083 0.0533447
    endloop
  endfacet
  facet normal -0.650786 0.569318 0.502349
    outer loop
      vertex 18.1224 -38.6807 2.79904
      vertex 18.1745 -38.7514 2.94666
      vertex 18.1824 -38.6387 2.82917
    endloop
  endfacet
  facet normal -0.651322 0.569315 0.501658
    outer loop
      vertex 17.9827 -38.8533 2.81354
      vertex 18.1224 -38.6807 2.79904
      vertex 18.0673 -38.7036 2.75349
    endloop
  endfacet
  facet normal -0.650994 0.569105 0.50232
    outer loop
      vertex 18.1224 -38.6807 2.79904
      vertex 17.9827 -38.8533 2.81354
      vertex 18.1745 -38.7514 2.94666
    endloop
  endfacet
  facet normal -0.878997 -0.290739 -0.377936
    outer loop
      vertex 17.5329 -41.0234 0.729839
      vertex 17.5314 -40.5854 0.396383
      vertex 17.665 -40.9531 0.368523
    endloop
  endfacet
  facet normal -0.578397 0.607478 -0.544451
    outer loop
      vertex 18.3604 -38.6222 0
      vertex 18.3733 -38.5371 0.0812471
      vertex 18.3792 -38.6043 0
    endloop
  endfacet
  facet normal -0.579149 0.607164 -0.544002
    outer loop
      vertex 18.3733 -38.5371 0.0812471
      vertex 18.3604 -38.6222 0
      vertex 18.3039 -38.5741 0.113835
    endloop
  endfacet
  facet normal 0.516537 -0.843893 -0.145032
    outer loop
      vertex 21.093 -42.1058 0.979997
      vertex 20.9414 -42.2559 1.31345
      vertex 21.0183 -42.1455 0.944951
    endloop
  endfacet
  facet normal -0.385331 -0.869158 -0.309975
    outer loop
      vertex 18.8837 -42.3662 0.912555
      vertex 18.5411 -42.1889 0.8413
      vertex 18.9845 -42.3126 0.636958
    endloop
  endfacet
  facet normal 0.467358 -0.82825 -0.309157
    outer loop
      vertex 20.8591 -42.2302 0.916387
      vertex 20.8021 -42.1231 0.543292
      vertex 20.9343 -42.0529 0.555071
    endloop
  endfacet
  facet normal 0.181336 -0.819248 -0.544013
    outer loop
      vertex 20.1958 -42.0209 0
      vertex 20.1949 -42.2443 0.336126
      vertex 20.1705 -42.0265 0
    endloop
  endfacet
  facet normal 0.180409 -0.819389 -0.544109
    outer loop
      vertex 20.1949 -42.2443 0.336126
      vertex 20.1958 -42.0209 0
      vertex 20.3621 -42.1554 0.257687
    endloop
  endfacet
  facet normal 0.860981 0.10863 -0.496901
    outer loop
      vertex 21.8168 -40.0513 0.142393
      vertex 21.7283 -39.6758 0.0711384
      vertex 21.9042 -39.5822 0.396383
    endloop
  endfacet
  facet normal -0.860831 -0.10878 -0.497128
    outer loop
      vertex 17.7074 -40.4918 0.0711384
      vertex 17.5314 -40.5854 0.396383
      vertex 17.6188 -40.1163 0.142393
    endloop
  endfacet
  facet normal -0.878951 -0.29079 -0.378003
    outer loop
      vertex 17.5329 -41.0234 0.729839
      vertex 17.4025 -40.6539 0.748803
      vertex 17.5314 -40.5854 0.396383
    endloop
  endfacet
  facet normal -0.589946 -0.490109 -0.641682
    outer loop
      vertex 18.2553 -41.5224 0.0711384
      vertex 18.255 -41.4289 0
      vertex 18.309 -41.4939 0
    endloop
  endfacet
  facet normal -0.572306 -0.817066 -0.069784
    outer loop
      vertex 18.449 -42.2379 1.5
      vertex 18.1527 -41.9995 1.13868
      vertex 18.4721 -42.2256 1.16654
    endloop
  endfacet
  facet normal -0.736419 -0.214795 0.641522
    outer loop
      vertex 18.0697 -40.738 3.26232
      vertex 17.7074 -40.4918 2.92886
      vertex 17.8454 -40.8572 2.96493
    endloop
  endfacet
  facet normal -0.942742 -0.324362 -0.0776368
    outer loop
      vertex 17.4522 -41.0663 1.11012
      vertex 17.2974 -40.7097 1.5
      vertex 17.3239 -40.6957 1.11972
    endloop
  endfacet
  facet normal -0.572088 -0.817196 -0.0700482
    outer loop
      vertex 18.449 -42.2379 1.5
      vertex 18.1276 -42.0129 1.5
      vertex 18.1527 -41.9995 1.13868
    endloop
  endfacet
  facet normal -0.437479 -0.896991 -0.0633922
    outer loop
      vertex 18.8222 -42.3989 1.20262
      vertex 18.449 -42.2379 1.5
      vertex 18.4721 -42.2256 1.16654
    endloop
  endfacet
  facet normal 0.291995 0.954826 0.0551951
    outer loop
      vertex 20.2589 -37.6431 1.5
      vertex 20.2413 -37.6524 1.75399
      vertex 20.6134 -37.7687 1.79738
    endloop
  endfacet
  facet normal 0.0160135 0.924114 0.381781
    outer loop
      vertex 19.8416 -37.7531 2.37443
      vertex 19.7976 -37.7801 2.44163
      vertex 19.9851 -37.7886 2.45434
    endloop
  endfacet
  facet normal 0.268198 0.80714 0.525923
    outer loop
      vertex 20.6272 -38.1208 2.75292
      vertex 20.1424 -38.0192 2.84422
      vertex 20.4354 -38.2228 3.00727
    endloop
  endfacet
  facet normal -0.578444 0.607809 0.544032
    outer loop
      vertex 18.3039 -38.5741 2.88616
      vertex 18.1745 -38.7514 2.94666
      vertex 18.3823 -38.6409 3.04415
    endloop
  endfacet
  facet normal -0.578377 0.607792 0.544122
    outer loop
      vertex 18.1745 -38.7514 2.94666
      vertex 18.3039 -38.5741 2.88616
      vertex 18.1824 -38.6387 2.82917
    endloop
  endfacet
  facet normal 0.670404 0.533026 0.51618
    outer loop
      vertex 21.3563 -38.5516 2.60362
      vertex 21.1803 -38.6452 2.92886
      vertex 21.406 -38.964 2.96493
    endloop
  endfacet
  facet normal 0.437338 0.897065 -0.0633227
    outer loop
      vertex 20.9867 -37.9297 1.5
      vertex 20.6134 -37.7687 1.20262
      vertex 20.6341 -37.7578 1.5
    endloop
  endfacet
  facet normal 0.921355 0.312998 -0.230515
    outer loop
      vertex 22.0331 -39.5137 0.748803
      vertex 21.9834 -39.1013 1.11012
      vertex 22.1117 -39.4719 1.11972
    endloop
  endfacet
  facet normal 0.291995 0.954826 -0.0551951
    outer loop
      vertex 20.6134 -37.7687 1.20262
      vertex 20.2413 -37.6524 1.24601
      vertex 20.2589 -37.6431 1.5
    endloop
  endfacet
  facet normal 0.816876 0.257703 -0.516045
    outer loop
      vertex 21.9042 -39.5822 0.396383
      vertex 21.5902 -39.3104 0.0350676
      vertex 21.7706 -39.2145 0.368523
    endloop
  endfacet
  facet normal 0.385319 0.869177 -0.309937
    outer loop
      vertex 20.7815 -38.0388 0.532274
      vertex 20.4511 -37.855 0.636958
      vertex 20.8945 -37.9787 0.8413
    endloop
  endfacet
  facet normal 0.571467 0.652904 -0.497134
    outer loop
      vertex 21.1803 -38.6452 0.0711384
      vertex 20.9185 -38.3618 0.142393
      vertex 21.3563 -38.5516 0.396383
    endloop
  endfacet
  facet normal 0.8585 0.456644 -0.233352
    outer loop
      vertex 21.9834 -39.1013 1.11012
      vertex 21.7186 -38.7978 0.729839
      vertex 21.7992 -38.755 1.11012
    endloop
  endfacet
  facet normal 0.858531 0.456528 -0.233466
    outer loop
      vertex 21.7186 -38.7978 0.729839
      vertex 21.9834 -39.1013 1.11012
      vertex 21.9028 -39.1442 0.729839
    endloop
  endfacet
  facet normal 0.51461 0.786612 0.341202
    outer loop
      vertex 21.2082 -38.2078 2.21374
      vertex 20.8945 -37.9787 2.1587
      vertex 21.0857 -38.2729 2.54858
    endloop
  endfacet
  facet normal 0.139 0.98923 -0.0458532
    outer loop
      vertex 20.2413 -37.6524 1.24601
      vertex 20.0965 -37.6241 1.4176
      vertex 20.2589 -37.6431 1.5
    endloop
  endfacet
  facet normal 0.138532 0.989277 -0.0462567
    outer loop
      vertex 20.0965 -37.6241 1.4176
      vertex 20.2413 -37.6524 1.24601
      vertex 20.0763 -37.6283 1.26728
    endloop
  endfacet
  facet normal 0.997402 0.0172931 -0.0699236
    outer loop
      vertex 22.2131 -40.2364 1.5
      vertex 22.1812 -39.8575 1.13868
      vertex 22.2063 -39.8442 1.5
    endloop
  endfacet
  facet normal 0.982078 0.173084 -0.0745937
    outer loop
      vertex 22.1812 -39.8575 1.13868
      vertex 22.1382 -39.4578 1.5
      vertex 22.2063 -39.8442 1.5
    endloop
  endfacet
  facet normal 0.885141 -0.444597 -0.137328
    outer loop
      vertex 22.0262 -41.0094 1.24601
      vertex 21.8577 -41.3602 1.29566
      vertex 21.9737 -41.0374 0.998274
    endloop
  endfacet
  facet normal 0.897894 -0.437799 -0.0460161
    outer loop
      vertex 22.0438 -41 1.5
      vertex 21.8577 -41.3602 1.29566
      vertex 22.0262 -41.0094 1.24601
    endloop
  endfacet
  facet normal 0.939919 -0.0131172 -0.341145
    outer loop
      vertex 22.008 -40.3455 0.532274
      vertex 21.984 -39.9624 0.451419
      vertex 22.121 -40.2854 0.8413
    endloop
  endfacet
  facet normal 0.970683 -0.148241 -0.189204
    outer loop
      vertex 22.1379 -40.6359 1.20262
      vertex 22.121 -40.2854 0.8413
      vertex 22.19 -40.2487 1.16654
    endloop
  endfacet
  facet normal 0.449143 -0.769695 -0.453697
    outer loop
      vertex 20.9343 -42.0529 0.555071
      vertex 20.8021 -42.1231 0.543292
      vertex 20.899 -41.87 0.209836
    endloop
  endfacet
  facet normal 0.860875 0.108736 -0.497062
    outer loop
      vertex 21.984 -39.9624 0.451419
      vertex 21.8168 -40.0513 0.142393
      vertex 21.9042 -39.5822 0.396383
    endloop
  endfacet
  facet normal 0.811188 -0.0815691 -0.579068
    outer loop
      vertex 21.8537 -40.4275 0.247077
      vertex 21.6694 -40.5063 0
      vertex 21.8168 -40.0513 0.142393
    endloop
  endfacet
  facet normal 0.811049 -0.0799063 -0.579495
    outer loop
      vertex 21.6694 -40.5063 0
      vertex 21.8537 -40.4275 0.247077
      vertex 21.6674 -40.5266 0
    endloop
  endfacet
  facet normal 0.818689 -0.573134 -0.0355759
    outer loop
      vertex 21.8719 -41.3526 1.5
      vertex 21.6469 -41.674 1.5
      vertex 21.8577 -41.3602 1.29566
    endloop
  endfacet
  facet normal 0.717143 -0.533935 0.447906
    outer loop
      vertex 21.624 -41.2233 2.64807
      vertex 21.4529 -41.3143 2.81354
      vertex 21.5341 -41.5323 2.42366
    endloop
  endfacet
  facet normal 0.978039 0.00716638 0.208301
    outer loop
      vertex 22.1812 -39.8575 1.86132
      vertex 22.121 -40.2854 2.1587
      vertex 22.19 -40.2487 1.83346
    endloop
  endfacet
  facet normal 0.822899 -0.477677 0.307673
    outer loop
      vertex 21.7701 -41.1456 2.45434
      vertex 21.7462 -41.4195 2.09302
      vertex 21.8876 -41.0831 2.23711
    endloop
  endfacet
  facet normal 0.939483 -0.300152 0.165167
    outer loop
      vertex 22.1379 -40.6359 1.79738
      vertex 21.9737 -41.0374 2.00173
      vertex 22.0262 -41.0094 1.75399
    endloop
  endfacet
  facet normal -0.276792 0.0294232 0.960479
    outer loop
      vertex 19.2815 -40.0936 3.96161
      vertex 18.7805 -39.9212 3.81195
      vertex 18.9457 -40.2722 3.87031
    endloop
  endfacet
  facet normal -0.811224 0.0815613 0.579019
    outer loop
      vertex 17.7737 -39.6381 3.00727
      vertex 17.5819 -39.7401 2.75292
      vertex 17.6188 -40.1163 2.85761
    endloop
  endfacet
  facet normal -0.461282 -0.245289 0.852674
    outer loop
      vertex 18.6267 -40.4418 3.72065
      vertex 18.5164 -40.9447 3.51631
      vertex 18.8109 -40.7882 3.72065
    endloop
  endfacet
  facet normal -0.461349 -0.245263 0.852645
    outer loop
      vertex 18.5164 -40.9447 3.51631
      vertex 18.6267 -40.4418 3.72065
      vertex 18.3323 -40.5984 3.51631
    endloop
  endfacet
  facet normal -0.396479 0.30208 0.866921
    outer loop
      vertex 18.9496 -39.4087 3.78126
      vertex 18.523 -39.2397 3.52727
      vertex 18.6385 -39.5742 3.69665
    endloop
  endfacet
  facet normal -0.141648 0.101334 0.984717
    outer loop
      vertex 19.4438 -39.5685 3.93092
      vertex 19.2815 -40.0936 3.96161
      vertex 19.6257 -39.9106 3.99229
    endloop
  endfacet
  facet normal -0.477489 0.545751 0.688593
    outer loop
      vertex 18.693 -38.7898 3.37761
      vertex 18.3823 -38.6409 3.04415
      vertex 18.4369 -38.926 3.30797
    endloop
  endfacet
  facet normal -0.796311 -0.599919 -0.0773679
    outer loop
      vertex 17.8454 -41.7403 1.5
      vertex 17.6364 -41.4126 1.11012
      vertex 17.8718 -41.7263 1.11972
    endloop
  endfacet
  facet normal -0.589925 -0.49024 0.641602
    outer loop
      vertex 18.2539 -41.0843 3.26232
      vertex 18.0296 -41.2036 2.96493
      vertex 18.2553 -41.5224 2.92886
    endloop
  endfacet
  facet normal -0.0692588 -0.0368287 0.996919
    outer loop
      vertex 19.6257 -39.9106 3.99229
      vertex 19.4656 -40.44 3.96161
      vertex 19.8099 -40.257 3.99229
    endloop
  endfacet
  facet normal -0.0692827 -0.0368214 0.996917
    outer loop
      vertex 19.4656 -40.44 3.96161
      vertex 19.6257 -39.9106 3.99229
      vertex 19.2815 -40.0936 3.96161
    endloop
  endfacet
  facet normal -0.57353 -0.3049 0.760328
    outer loop
      vertex 18.3323 -40.5984 3.51631
      vertex 18.2539 -41.0843 3.26232
      vertex 18.5164 -40.9447 3.51631
    endloop
  endfacet
  facet normal -0.573363 -0.304977 0.760423
    outer loop
      vertex 18.2539 -41.0843 3.26232
      vertex 18.3323 -40.5984 3.51631
      vertex 18.0697 -40.738 3.26232
    endloop
  endfacet
  facet normal 0.112624 -0.948634 -0.295652
    outer loop
      vertex 20.1187 -42.4865 0.937661
      vertex 19.903 -42.3995 0.576344
      vertex 20.2048 -42.4407 0.823505
    endloop
  endfacet
  facet normal -0.101109 -0.969027 -0.225307
    outer loop
      vertex 19.6216 -42.5491 1.09635
      vertex 19.2469 -42.4872 0.998274
      vertex 19.6909 -42.5123 0.906977
    endloop
  endfacet
  facet normal -0.997402 -0.0172931 0.0699236
    outer loop
      vertex 17.2544 -40.3101 1.86132
      vertex 17.2225 -39.9312 1.5
      vertex 17.2293 -40.3234 1.5
    endloop
  endfacet
  facet normal -0.737534 0.407375 0.538599
    outer loop
      vertex 17.9827 -38.8533 2.81354
      vertex 17.7687 -39.2813 2.84422
      vertex 17.969 -39.1748 3.03795
    endloop
  endfacet
  facet normal -0.650853 0.5693 0.502283
    outer loop
      vertex 18.0069 -38.7286 2.70356
      vertex 17.9827 -38.8533 2.81354
      vertex 18.0673 -38.7036 2.75349
    endloop
  endfacet
  facet normal 0.816872 0.257702 0.516052
    outer loop
      vertex 21.7706 -39.2145 2.63148
      vertex 21.5902 -39.3104 2.96493
      vertex 21.9042 -39.5822 2.60362
    endloop
  endfacet
  facet normal 0.878923 0.290697 0.37814
    outer loop
      vertex 21.9028 -39.1442 2.27016
      vertex 21.7706 -39.2145 2.63148
      vertex 21.9042 -39.5822 2.60362
    endloop
  endfacet
  facet normal 0.921356 0.312998 0.230513
    outer loop
      vertex 22.1117 -39.4719 1.88028
      vertex 21.9834 -39.1013 1.88988
      vertex 22.0331 -39.5137 2.2512
    endloop
  endfacet
  facet normal 0.961423 0.162273 0.222112
    outer loop
      vertex 22.1812 -39.8575 1.86132
      vertex 22.0331 -39.5137 2.2512
      vertex 22.1065 -39.8973 2.21374
    endloop
  endfacet
  facet normal 0.920706 0.140541 0.364072
    outer loop
      vertex 22.0331 -39.5137 2.2512
      vertex 21.9042 -39.5822 2.60362
      vertex 21.984 -39.9624 2.54858
    endloop
  endfacet
  facet normal 0.860879 0.108733 0.497056
    outer loop
      vertex 21.9042 -39.5822 2.60362
      vertex 21.8168 -40.0513 2.85761
      vertex 21.984 -39.9624 2.54858
    endloop
  endfacet
  facet normal 0.72382 -0.128029 0.678006
    outer loop
      vertex 21.6619 -40.5295 3.00727
      vertex 21.3656 -40.2912 3.36859
      vertex 21.4373 -40.6489 3.2245
    endloop
  endfacet
  facet normal 0.806909 -0.370523 0.460012
    outer loop
      vertex 21.838 -40.7953 2.61739
      vertex 21.6669 -40.8863 2.84422
      vertex 21.7701 -41.1456 2.45434
    endloop
  endfacet
  facet normal 0.739755 -0.271069 0.615861
    outer loop
      vertex 21.6619 -40.5295 3.00727
      vertex 21.4373 -40.6489 3.2245
      vertex 21.6669 -40.8863 2.84422
    endloop
  endfacet
  facet normal 0.816882 0.257799 0.515987
    outer loop
      vertex 21.9042 -39.5822 2.60362
      vertex 21.5902 -39.3104 2.96493
      vertex 21.7283 -39.6758 2.92886
    endloop
  endfacet
  facet normal 0.513816 -0.239719 0.823728
    outer loop
      vertex 21.0928 -40.4362 3.55796
      vertex 20.9126 -40.9279 3.52727
      vertex 21.1855 -40.7828 3.39927
    endloop
  endfacet
  facet normal 0.260575 0.315149 0.912569
    outer loop
      vertex 20.4183 -39.0504 3.66597
      vertex 20.1071 -39.2158 3.81195
      vertex 20.3057 -39.549 3.87031
    endloop
  endfacet
  facet normal 0.298651 0.671713 0.677945
    outer loop
      vertex 20.7107 -38.4723 3.1332
      vertex 20.4354 -38.2228 3.00727
      vertex 20.4674 -38.6017 3.36859
    endloop
  endfacet
  facet normal 0.400953 0.562065 0.723408
    outer loop
      vertex 20.7107 -38.4723 3.1332
      vertex 20.4674 -38.6017 3.36859
      vertex 20.7054 -38.8977 3.46666
    endloop
  endfacet
  facet normal 0.573432 0.304848 0.760423
    outer loop
      vertex 21.1818 -39.0833 3.26232
      vertex 21.1033 -39.5692 3.51631
      vertex 21.3659 -39.4296 3.26232
    endloop
  endfacet
  facet normal 0.573432 0.304848 0.760423
    outer loop
      vertex 21.1033 -39.5692 3.51631
      vertex 21.1818 -39.0833 3.26232
      vertex 20.9192 -39.2229 3.51631
    endloop
  endfacet
  facet normal 0.493159 0.438899 0.751107
    outer loop
      vertex 21.1818 -39.0833 3.26232
      vertex 20.7054 -38.8977 3.46666
      vertex 20.9192 -39.2229 3.51631
    endloop
  endfacet
  facet normal 0.783457 0.0674283 0.617777
    outer loop
      vertex 21.7283 -39.6758 2.92886
      vertex 21.609 -40.1618 3.1332
      vertex 21.8168 -40.0513 2.85761
    endloop
  endfacet
  facet normal -0.0788235 0.307114 0.948403
    outer loop
      vertex 19.5877 -39.0694 3.78126
      vertex 19.2687 -39.2391 3.8097
      vertex 19.4438 -39.5685 3.93092
    endloop
  endfacet
  facet normal -0.0288586 0.497615 0.866918
    outer loop
      vertex 19.6862 -38.6212 3.52727
      vertex 19.399 -38.7739 3.60536
      vertex 19.5877 -39.0694 3.78126
    endloop
  endfacet
  facet normal -0.210541 0.237095 0.948398
    outer loop
      vertex 19.2687 -39.2391 3.8097
      vertex 18.9496 -39.4087 3.78126
      vertex 19.4438 -39.5685 3.93092
    endloop
  endfacet
  facet normal -0.0787358 0.307093 0.948417
    outer loop
      vertex 19.5877 -39.0694 3.78126
      vertex 19.4438 -39.5685 3.93092
      vertex 19.7796 -39.39 3.901
    endloop
  endfacet
  facet normal -0.419877 -0.887633 0.189238
    outer loop
      vertex 18.5411 -42.1889 2.1587
      vertex 18.4721 -42.2256 1.83346
      vertex 18.8222 -42.3989 1.79738
    endloop
  endfacet
  facet normal 0.496072 -0.854773 0.152562
    outer loop
      vertex 21.0183 -42.1455 2.05505
      vertex 20.9397 -42.1873 2.07643
      vertex 20.9414 -42.2559 1.68655
    endloop
  endfacet
  facet normal -0.400813 -0.562104 0.723455
    outer loop
      vertex 18.7302 -41.2699 3.46666
      vertex 18.7249 -41.6953 3.1332
      vertex 18.9683 -41.5659 3.36859
    endloop
  endfacet
  facet normal 0.651001 -0.569146 0.502266
    outer loop
      vertex 21.4529 -41.3143 2.81354
      vertex 21.2421 -41.6875 2.66387
      vertex 21.3965 -41.6054 2.55678
    endloop
  endfacet
  facet normal 0.193636 -0.973805 0.119201
    outer loop
      vertex 20.3999 -42.4743 1.76495
      vertex 19.9988 -42.5503 1.79564
      vertex 20.369 -42.4908 1.68035
    endloop
  endfacet
  facet normal 0.188933 0.765038 -0.615647
    outer loop
      vertex 20.1705 -38.1515 0
      vertex 19.9814 -38.1048 0
      vertex 20.1424 -38.0192 0.15578
    endloop
  endfacet
  facet normal 0.00486042 -0.797108 -0.603817
    outer loop
      vertex 19.9073 -42.0682 0
      vertex 19.7676 -42.2103 0.186464
      vertex 19.7433 -42.0692 0
    endloop
  endfacet
  facet normal 0.00478589 -0.797082 -0.603852
    outer loop
      vertex 19.7676 -42.2103 0.186464
      vertex 19.9073 -42.0682 0
      vertex 19.9594 -42.1083 0.0533447
    endloop
  endfacet
  facet normal -0.921191 -0.31325 -0.230826
    outer loop
      vertex 17.4522 -41.0663 1.11012
      vertex 17.4025 -40.6539 0.748803
      vertex 17.5329 -41.0234 0.729839
    endloop
  endfacet
  facet normal -0.885095 0.193732 0.423171
    outer loop
      vertex 17.46 -39.4454 2.36304
      vertex 17.4276 -39.8221 2.46773
      vertex 17.5819 -39.7401 2.75292
    endloop
  endfacet
  facet normal -0.961423 -0.162273 0.222112
    outer loop
      vertex 17.3291 -40.2703 2.21374
      vertex 17.2544 -40.3101 1.86132
      vertex 17.4025 -40.6539 2.2512
    endloop
  endfacet
  facet normal -0.385958 -0.71827 -0.578899
    outer loop
      vertex 18.9767 -41.938 0
      vertex 18.8084 -42.0467 0.247077
      vertex 18.5171 -41.8058 0.142393
    endloop
  endfacet
  facet normal -0.386733 -0.717648 -0.579153
    outer loop
      vertex 18.8084 -42.0467 0.247077
      vertex 18.9767 -41.938 0
      vertex 18.9947 -41.9477 0
    endloop
  endfacet
  facet normal -0.334321 -0.842058 -0.423282
    outer loop
      vertex 18.9845 -42.3126 0.636958
      vertex 18.6541 -42.1288 0.532274
      vertex 18.8084 -42.0467 0.247077
    endloop
  endfacet
  facet normal 0.624022 -0.745057 -0.235557
    outer loop
      vertex 21.3995 -41.8055 0.823505
      vertex 21.2234 -42.0364 1.08732
      vertex 21.2987 -41.8591 0.726007
    endloop
  endfacet
  facet normal 0.567034 -0.817087 -0.104126
    outer loop
      vertex 21.028 -42.2099 1.38471
      vertex 21.0103 -42.2192 1.3613
      vertex 21.2234 -42.0364 1.08732
    endloop
  endfacet
  facet normal 0.344895 -0.93517 -0.0806507
    outer loop
      vertex 20.7336 -42.3664 1.41095
      vertex 20.3999 -42.4743 1.23505
      vertex 20.7478 -42.3589 1.38471
    endloop
  endfacet
  facet normal 0.411874 -0.899527 -0.145639
    outer loop
      vertex 20.8092 -42.3262 1.32523
      vertex 20.6251 -42.3546 0.979997
      vertex 20.8343 -42.3128 1.31345
    endloop
  endfacet
  facet normal 0.0273119 -0.993946 -0.106423
    outer loop
      vertex 19.9988 -42.5503 1.20436
      vertex 19.5794 -42.5716 1.29566
      vertex 19.6216 -42.5491 1.09635
    endloop
  endfacet
  facet normal 0.303335 -0.915458 -0.264433
    outer loop
      vertex 20.6251 -42.3546 0.979997
      vertex 20.3056 -42.3871 0.726007
      vertex 20.4186 -42.327 0.647567
    endloop
  endfacet
  facet normal -0.101073 -0.969074 -0.225121
    outer loop
      vertex 19.6909 -42.5123 0.906977
      vertex 19.2469 -42.4872 0.998274
      vertex 19.333 -42.4415 0.762893
    endloop
  endfacet
  facet normal -0.81686 -0.25755 -0.516147
    outer loop
      vertex 17.8454 -40.8572 0.0350676
      vertex 17.5314 -40.5854 0.396383
      vertex 17.7074 -40.4918 0.0711384
    endloop
  endfacet
  facet normal -0.774765 -0.588746 -0.230473
    outer loop
      vertex 17.9505 -41.6845 0.748803
      vertex 17.6364 -41.4126 1.11012
      vertex 17.717 -41.3698 0.729839
    endloop
  endfacet
  facet normal -0.493967 -0.611734 -0.617882
    outer loop
      vertex 18.5171 -41.8058 0.142393
      vertex 18.4188 -41.5826 0
      vertex 18.6245 -41.7487 0
    endloop
  endfacet
  facet normal -0.494048 -0.611731 -0.61782
    outer loop
      vertex 18.4188 -41.5826 0
      vertex 18.5171 -41.8058 0.142393
      vertex 18.2553 -41.5224 0.0711384
    endloop
  endfacet
  facet normal -0.4585 -0.756841 -0.4658
    outer loop
      vertex 18.8084 -42.0467 0.247077
      vertex 18.3499 -41.8947 0.451419
      vertex 18.5171 -41.8058 0.142393
    endloop
  endfacet
  facet normal -0.0638218 -0.949319 -0.307768
    outer loop
      vertex 19.6909 -42.5123 0.906977
      vertex 19.4505 -42.379 0.545661
      vertex 19.7855 -42.462 0.732208
    endloop
  endfacet
  facet normal -0.552927 -0.806763 -0.208339
    outer loop
      vertex 18.4721 -42.2256 1.16654
      vertex 18.1527 -41.9995 1.13868
      vertex 18.5411 -42.1889 0.8413
    endloop
  endfacet
  facet normal -0.732465 -0.566248 -0.377966
    outer loop
      vertex 17.9505 -41.6845 0.748803
      vertex 17.717 -41.3698 0.729839
      vertex 18.0794 -41.616 0.396383
    endloop
  endfacet
  facet normal -0.732511 -0.566064 -0.378152
    outer loop
      vertex 18.0794 -41.616 0.396383
      vertex 17.717 -41.3698 0.729839
      vertex 17.8492 -41.2995 0.368523
    endloop
  endfacet
  facet normal -0.692687 -0.71738 -0.0744984
    outer loop
      vertex 18.1527 -41.9995 1.13868
      vertex 17.8454 -41.7403 1.5
      vertex 17.8718 -41.7263 1.11972
    endloop
  endfacet
  facet normal -0.732512 -0.566065 0.378148
    outer loop
      vertex 17.8492 -41.2995 2.63148
      vertex 17.717 -41.3698 2.27016
      vertex 18.0794 -41.616 2.60362
    endloop
  endfacet
  facet normal -0.732467 -0.566245 0.377966
    outer loop
      vertex 18.0794 -41.616 2.60362
      vertex 17.717 -41.3698 2.27016
      vertex 17.9505 -41.6845 2.2512
    endloop
  endfacet
  facet normal -0.670469 -0.533077 0.516043
    outer loop
      vertex 18.0296 -41.2036 2.96493
      vertex 17.8492 -41.2995 2.63148
      vertex 18.0794 -41.616 2.60362
    endloop
  endfacet
  facet normal -0.572088 -0.817196 0.0700482
    outer loop
      vertex 18.1527 -41.9995 1.86132
      vertex 18.1276 -42.0129 1.5
      vertex 18.449 -42.2379 1.5
    endloop
  endfacet
  facet normal -0.29191 -0.954846 -0.0553048
    outer loop
      vertex 19.1767 -42.5245 1.5
      vertex 18.8222 -42.3989 1.20262
      vertex 19.1944 -42.5152 1.24601
    endloop
  endfacet
  facet normal 0.328986 -0.943643 0.0361436
    outer loop
      vertex 20.369 -42.4908 1.68035
      vertex 20.3501 -42.5008 1.5913
      vertex 20.7232 -42.3719 1.56061
    endloop
  endfacet
  facet normal 0.335999 -0.939911 0.060593
    outer loop
      vertex 20.3999 -42.4743 1.76495
      vertex 20.369 -42.4908 1.68035
      vertex 20.7232 -42.3719 1.56061
    endloop
  endfacet
  facet normal -0.672184 -0.706304 0.222043
    outer loop
      vertex 18.2274 -41.9598 2.21374
      vertex 17.9505 -41.6845 2.2512
      vertex 18.1527 -41.9995 1.86132
    endloop
  endfacet
  facet normal -0.796311 -0.599919 0.0773679
    outer loop
      vertex 17.8718 -41.7263 1.88028
      vertex 17.6364 -41.4126 1.88988
      vertex 17.8454 -41.7403 1.5
    endloop
  endfacet
  facet normal -0.331412 0.488071 0.807436
    outer loop
      vertex 18.9556 -38.6502 3.40101
      vertex 18.693 -38.7898 3.37761
      vertex 19.1046 -38.9305 3.6316
    endloop
  endfacet
  facet normal 0.176818 0.443023 0.8789
    outer loop
      vertex 20.1945 -38.7468 3.55796
      vertex 20.1071 -39.2158 3.81195
      vertex 20.4183 -39.0504 3.66597
    endloop
  endfacet
  facet normal 0.125854 0.982312 0.138649
    outer loop
      vertex 20.0633 -37.6485 1.88955
      vertex 20.033 -37.6547 1.96098
      vertex 20.1887 -37.6804 2.00173
    endloop
  endfacet
  facet normal 0.572289 0.817063 0.0699543
    outer loop
      vertex 20.9867 -37.9297 1.5
      vertex 20.9635 -37.942 1.83346
      vertex 21.2829 -38.1681 1.86132
    endloop
  endfacet
  facet normal -0.380512 0.597297 0.706008
    outer loop
      vertex 18.8253 -38.4053 3.12362
      vertex 18.6011 -38.5245 3.10363
      vertex 18.693 -38.7898 3.37761
    endloop
  endfacet
  facet normal 0.334222 0.842151 0.423175
    outer loop
      vertex 20.4511 -37.855 2.36304
      vertex 20.3135 -37.9282 2.61739
      vertex 20.6272 -38.1208 2.75292
    endloop
  endfacet
  facet normal 0.572207 0.817112 -0.0700534
    outer loop
      vertex 21.2829 -38.1681 1.13868
      vertex 20.9867 -37.9297 1.5
      vertex 21.308 -38.1547 1.5
    endloop
  endfacet
  facet normal 0.670571 0.53294 -0.516051
    outer loop
      vertex 21.406 -38.964 0.0350676
      vertex 21.3563 -38.5516 0.396383
      vertex 21.5864 -38.8681 0.368523
    endloop
  endfacet
  facet normal 0.8851 -0.193724 -0.423166
    outer loop
      vertex 21.9756 -40.7222 0.636958
      vertex 21.8537 -40.4275 0.247077
      vertex 22.008 -40.3455 0.532274
    endloop
  endfacet
  facet normal 0.55095 -0.783859 -0.286389
    outer loop
      vertex 21.093 -42.1058 0.979997
      vertex 21.0183 -42.1455 0.944951
      vertex 21.0632 -41.9843 0.590117
    endloop
  endfacet
  facet normal 0.589946 0.490109 -0.641682
    outer loop
      vertex 21.1806 -38.7387 0
      vertex 21.1266 -38.6737 0
      vertex 21.1803 -38.6452 0.0711384
    endloop
  endfacet
  facet normal 0.672036 0.706397 -0.222197
    outer loop
      vertex 21.4851 -38.4831 0.748803
      vertex 21.2829 -38.1681 1.13868
      vertex 21.5638 -38.4413 1.11972
    endloop
  endfacet
  facet normal 0.458623 0.756811 -0.465727
    outer loop
      vertex 21.0857 -38.2729 0.451419
      vertex 20.6272 -38.1208 0.247077
      vertex 20.7815 -38.0388 0.532274
    endloop
  endfacet
  facet normal 0.670406 0.533029 -0.516174
    outer loop
      vertex 21.406 -38.964 0.0350676
      vertex 21.1803 -38.6452 0.0711384
      vertex 21.3563 -38.5516 0.396383
    endloop
  endfacet
  facet normal 0.514614 0.786611 -0.341198
    outer loop
      vertex 21.0857 -38.2729 0.451419
      vertex 20.8945 -37.9787 0.8413
      vertex 21.2082 -38.2078 0.786264
    endloop
  endfacet
  facet normal 0.276541 0.946609 0.165702
    outer loop
      vertex 20.2413 -37.6524 1.75399
      vertex 20.1887 -37.6804 2.00173
      vertex 20.6134 -37.7687 1.79738
    endloop
  endfacet
  facet normal 0.942736 0.324358 0.0777215
    outer loop
      vertex 22.1382 -39.4578 1.5
      vertex 21.9834 -39.1013 1.88988
      vertex 22.1117 -39.4719 1.88028
    endloop
  endfacet
  facet normal 0.942683 0.324563 0.0775121
    outer loop
      vertex 22.0105 -39.0869 1.5
      vertex 21.9834 -39.1013 1.88988
      vertex 22.1382 -39.4578 1.5
    endloop
  endfacet
  facet normal 0.909162 -0.316171 -0.271036
    outer loop
      vertex 22.0764 -40.6686 0.912555
      vertex 21.9737 -41.0374 0.998274
      vertex 21.9756 -40.7222 0.636958
    endloop
  endfacet
  facet normal 0.988281 -0.138881 -0.0633391
    outer loop
      vertex 22.2131 -40.2364 1.5
      vertex 22.1379 -40.6359 1.20262
      vertex 22.19 -40.2487 1.16654
    endloop
  endfacet
  facet normal 0.988281 -0.138894 -0.0633222
    outer loop
      vertex 22.1585 -40.6249 1.5
      vertex 22.1379 -40.6359 1.20262
      vertex 22.2131 -40.2364 1.5
    endloop
  endfacet
  facet normal 0.806911 -0.370521 -0.46001
    outer loop
      vertex 21.7701 -41.1456 0.545661
      vertex 21.6669 -40.8863 0.15578
      vertex 21.838 -40.7953 0.382612
    endloop
  endfacet
  facet normal 0.859832 -0.458038 -0.225588
    outer loop
      vertex 21.9737 -41.0374 0.998274
      vertex 21.7462 -41.4195 0.906977
      vertex 21.8876 -41.0831 0.762893
    endloop
  endfacet
  facet normal 0.808735 -0.578477 -0.106356
    outer loop
      vertex 21.6365 -41.6795 1.35034
      vertex 21.6055 -41.696 1.20436
      vertex 21.8577 -41.3602 1.29566
    endloop
  endfacet
  facet normal 0.598503 -0.800353 -0.0350607
    outer loop
      vertex 21.0589 -42.1934 1.46932
      vertex 21.0526 -42.1968 1.43939
      vertex 21.368 -41.9596 1.4087
    endloop
  endfacet
  facet normal 0.883826 -0.0429428 0.465841
    outer loop
      vertex 21.984 -39.9624 2.54858
      vertex 21.8537 -40.4275 2.75292
      vertex 22.008 -40.3455 2.46773
    endloop
  endfacet
  facet normal 0.988281 -0.138881 0.0633391
    outer loop
      vertex 22.19 -40.2487 1.83346
      vertex 22.1379 -40.6359 1.79738
      vertex 22.2131 -40.2364 1.5
    endloop
  endfacet
  facet normal 0.819092 -0.228809 0.526055
    outer loop
      vertex 21.8537 -40.4275 2.75292
      vertex 21.6669 -40.8863 2.84422
      vertex 21.838 -40.7953 2.61739
    endloop
  endfacet
  facet normal 0.864611 -0.339844 0.370072
    outer loop
      vertex 21.838 -40.7953 2.61739
      vertex 21.7701 -41.1456 2.45434
      vertex 21.9756 -40.7222 2.36304
    endloop
  endfacet
  facet normal 0.897913 -0.437751 0.0461165
    outer loop
      vertex 22.0438 -41 1.5
      vertex 21.8577 -41.3602 1.70434
      vertex 21.8719 -41.3526 1.5
    endloop
  endfacet
  facet normal 0.885141 -0.444597 0.137326
    outer loop
      vertex 21.9737 -41.0374 2.00173
      vertex 21.8577 -41.3602 1.70434
      vertex 22.0262 -41.0094 1.75399
    endloop
  endfacet
  facet normal -0.57916 0.607084 0.544081
    outer loop
      vertex 18.3733 -38.5371 2.91875
      vertex 18.3039 -38.5741 2.88616
      vertex 18.3823 -38.6409 3.04415
    endloop
  endfacet
  facet normal -0.583545 0.038788 0.811154
    outer loop
      vertex 18.4694 -40.0866 3.66597
      vertex 18.07 -39.8764 3.36859
      vertex 18.1822 -40.2393 3.46666
    endloop
  endfacet
  facet normal -0.883827 0.0429438 0.465839
    outer loop
      vertex 17.5819 -39.7401 2.75292
      vertex 17.4516 -40.2052 2.54858
      vertex 17.6188 -40.1163 2.85761
    endloop
  endfacet
  facet normal -0.141597 0.101319 0.984726
    outer loop
      vertex 19.4438 -39.5685 3.93092
      vertex 19.108 -39.747 3.901
      vertex 19.2815 -40.0936 3.96161
    endloop
  endfacet
  facet normal -0.400886 -0.562084 0.723431
    outer loop
      vertex 18.7302 -41.2699 3.46666
      vertex 18.4741 -41.4061 3.21892
      vertex 18.7249 -41.6953 3.1332
    endloop
  endfacet
  facet normal -0.494067 -0.611618 0.617917
    outer loop
      vertex 18.4741 -41.4061 3.21892
      vertex 18.2553 -41.5224 2.92886
      vertex 18.7249 -41.6953 3.1332
    endloop
  endfacet
  facet normal 0.150852 -0.432629 0.888862
    outer loop
      vertex 20.3311 -41.2371 3.6316
      vertex 19.8479 -41.0981 3.78126
      vertex 20.0366 -41.3937 3.60536
    endloop
  endfacet
  facet normal -0.260632 -0.315178 0.912543
    outer loop
      vertex 19.1299 -40.6186 3.87031
      vertex 19.0174 -41.1172 3.66597
      vertex 19.3285 -40.9518 3.81195
    endloop
  endfacet
  facet normal -0.260548 -0.315203 0.912558
    outer loop
      vertex 19.1299 -40.6186 3.87031
      vertex 18.8109 -40.7882 3.72065
      vertex 19.0174 -41.1172 3.66597
    endloop
  endfacet
  facet normal -0.623957 0.181161 0.76017
    outer loop
      vertex 18.2501 -39.3848 3.39927
      vertex 17.9983 -39.5187 3.2245
      vertex 18.3428 -39.7314 3.55796
    endloop
  endfacet
  facet normal -0.63959 -0.163489 0.75113
    outer loop
      vertex 18.1822 -40.2393 3.46666
      vertex 18.0697 -40.738 3.26232
      vertex 18.3323 -40.5984 3.51631
    endloop
  endfacet
  facet normal 0.382344 -0.873562 -0.30117
    outer loop
      vertex 20.7784 -42.273 0.923573
      vertex 20.5411 -42.2619 0.590117
      vertex 20.67 -42.1934 0.555071
    endloop
  endfacet
  facet normal -0.246344 -0.930585 -0.270786
    outer loop
      vertex 19.2469 -42.4872 0.998274
      vertex 18.9845 -42.3126 0.636958
      vertex 19.333 -42.4415 0.762893
    endloop
  endfacet
  facet normal -0.570914 0.496211 -0.654089
    outer loop
      vertex 18.1786 -38.817 0
      vertex 18.1745 -38.7514 0.0533447
      vertex 18.2882 -38.6909 0
    endloop
  endfacet
  facet normal -0.65807 0.449864 -0.603793
    outer loop
      vertex 18.1786 -38.817 0
      vertex 17.9827 -38.8533 0.186464
      vertex 18.1745 -38.7514 0.0533447
    endloop
  endfacet
  facet normal -0.658134 0.449612 -0.603911
    outer loop
      vertex 17.9827 -38.8533 0.186464
      vertex 18.1786 -38.817 0
      vertex 18.0861 -38.9524 0
    endloop
  endfacet
  facet normal -0.811049 0.0799063 -0.579495
    outer loop
      vertex 17.7662 -39.6613 0
      vertex 17.5819 -39.7401 0.247077
      vertex 17.7682 -39.641 0
    endloop
  endfacet
  facet normal -0.811188 0.0815691 -0.579068
    outer loop
      vertex 17.5819 -39.7401 0.247077
      vertex 17.7662 -39.6613 0
      vertex 17.6188 -40.1163 0.142393
    endloop
  endfacet
  facet normal -0.883824 0.0429383 -0.465845
    outer loop
      vertex 17.6188 -40.1163 0.142393
      vertex 17.4516 -40.2052 0.451419
      vertex 17.5819 -39.7401 0.247077
    endloop
  endfacet
  facet normal -0.97808 -0.00703027 -0.208113
    outer loop
      vertex 17.3291 -40.2703 0.786264
      vertex 17.2544 -40.3101 1.13868
      vertex 17.3146 -39.8822 0.8413
    endloop
  endfacet
  facet normal -0.921356 -0.312998 0.230513
    outer loop
      vertex 17.4025 -40.6539 2.2512
      vertex 17.3239 -40.6957 1.88028
      vertex 17.4522 -41.0663 1.88988
    endloop
  endfacet
  facet normal -0.548977 0.372391 0.748297
    outer loop
      vertex 18.523 -39.2397 3.52727
      vertex 18.1935 -39.0554 3.19382
      vertex 18.2501 -39.3848 3.39927
    endloop
  endfacet
  facet normal -0.909162 0.316171 -0.271036
    outer loop
      vertex 17.46 -39.4454 0.636958
      vertex 17.3592 -39.499 0.912555
      vertex 17.4619 -39.1302 0.998274
    endloop
  endfacet
  facet normal 0.997402 0.0172931 0.0699236
    outer loop
      vertex 22.2063 -39.8442 1.5
      vertex 22.1812 -39.8575 1.86132
      vertex 22.2131 -40.2364 1.5
    endloop
  endfacet
  facet normal 0.982078 0.173084 0.0745937
    outer loop
      vertex 22.2063 -39.8442 1.5
      vertex 22.1382 -39.4578 1.5
      vertex 22.1812 -39.8575 1.86132
    endloop
  endfacet
  facet normal 0.909096 -0.316277 0.271133
    outer loop
      vertex 21.9756 -40.7222 2.36304
      vertex 21.8876 -41.0831 2.23711
      vertex 21.9737 -41.0374 2.00173
    endloop
  endfacet
  facet normal 0.90916 -0.316172 0.271042
    outer loop
      vertex 21.9756 -40.7222 2.36304
      vertex 21.9737 -41.0374 2.00173
      vertex 22.0764 -40.6686 2.08745
    endloop
  endfacet
  facet normal 0.528928 0.104586 0.842198
    outer loop
      vertex 21.1033 -39.5692 3.51631
      vertex 20.8089 -39.7258 3.72065
      vertex 20.9662 -40.081 3.66597
    endloop
  endfacet
  facet normal 0.63959 0.163489 0.75113
    outer loop
      vertex 21.3659 -39.4296 3.26232
      vertex 21.1033 -39.5692 3.51631
      vertex 21.2534 -39.9283 3.46666
    endloop
  endfacet
  facet normal 0.466168 -0.101107 0.8789
    outer loop
      vertex 20.9662 -40.081 3.66597
      vertex 20.6551 -40.2464 3.81195
      vertex 21.0928 -40.4362 3.55796
    endloop
  endfacet
  facet normal 0.46609 -0.101309 0.878918
    outer loop
      vertex 21.0928 -40.4362 3.55796
      vertex 20.6551 -40.2464 3.81195
      vertex 20.7971 -40.5934 3.69665
    endloop
  endfacet
  facet normal 0.723798 -0.128078 0.678021
    outer loop
      vertex 21.609 -40.1618 3.1332
      vertex 21.3656 -40.2912 3.36859
      vertex 21.6619 -40.5295 3.00727
    endloop
  endfacet
  facet normal 0.583545 -0.038788 0.811154
    outer loop
      vertex 21.2534 -39.9283 3.46666
      vertex 20.9662 -40.081 3.66597
      vertex 21.3656 -40.2912 3.36859
    endloop
  endfacet
  facet normal 0.141671 -0.101321 0.984715
    outer loop
      vertex 20.1541 -40.0739 3.96161
      vertex 19.8099 -40.257 3.99229
      vertex 19.9918 -40.5991 3.93092
    endloop
  endfacet
  facet normal -0.337906 -0.179683 0.923869
    outer loop
      vertex 18.9457 -40.2722 3.87031
      vertex 18.8109 -40.7882 3.72065
      vertex 19.1299 -40.6186 3.87031
    endloop
  endfacet
  facet normal -0.337906 -0.179683 0.923869
    outer loop
      vertex 18.8109 -40.7882 3.72065
      vertex 18.9457 -40.2722 3.87031
      vertex 18.6267 -40.4418 3.72065
    endloop
  endfacet
  facet normal 0.0981439 0.716667 0.690475
    outer loop
      vertex 20.2108 -38.3422 3.2245
      vertex 19.7176 -38.2451 3.19382
      vertex 19.959 -38.4761 3.39927
    endloop
  endfacet
  facet normal 0.298615 0.671719 0.677955
    outer loop
      vertex 20.4354 -38.2228 3.00727
      vertex 20.2108 -38.3422 3.2245
      vertex 20.4674 -38.6017 3.36859
    endloop
  endfacet
  facet normal -0.0287777 0.497603 0.866928
    outer loop
      vertex 19.6862 -38.6212 3.52727
      vertex 19.5877 -39.0694 3.78126
      vertex 19.8988 -38.904 3.69665
    endloop
  endfacet
  facet normal 0.0514446 0.376428 0.925016
    outer loop
      vertex 19.8988 -38.904 3.69665
      vertex 19.5877 -39.0694 3.78126
      vertex 20.1071 -39.2158 3.81195
    endloop
  endfacet
  facet normal 0.386003 0.71816 0.579006
    outer loop
      vertex 20.9185 -38.3618 2.85761
      vertex 20.4354 -38.2228 3.00727
      vertex 20.7107 -38.4723 3.1332
    endloop
  endfacet
  facet normal 0.49316 0.438909 0.751101
    outer loop
      vertex 20.9615 -38.7615 3.21892
      vertex 20.7054 -38.8977 3.46666
      vertex 21.1818 -39.0833 3.26232
    endloop
  endfacet
  facet normal 0.736351 0.214969 0.641541
    outer loop
      vertex 21.5902 -39.3104 2.96493
      vertex 21.3659 -39.4296 3.26232
      vertex 21.7283 -39.6758 2.92886
    endloop
  endfacet
  facet normal 0.736334 0.214876 0.641592
    outer loop
      vertex 21.7283 -39.6758 2.92886
      vertex 21.3659 -39.4296 3.26232
      vertex 21.5095 -39.7921 3.21892
    endloop
  endfacet
  facet normal 0.590011 0.490288 0.641487
    outer loop
      vertex 21.406 -38.964 2.96493
      vertex 21.1803 -38.6452 2.92886
      vertex 21.1818 -39.0833 3.26232
    endloop
  endfacet
  facet normal 0.67142 0.357031 0.649403
    outer loop
      vertex 21.1818 -39.0833 3.26232
      vertex 21.5902 -39.3104 2.96493
      vertex 21.406 -38.964 2.96493
    endloop
  endfacet
  facet normal 0.671411 0.356936 0.649464
    outer loop
      vertex 21.5902 -39.3104 2.96493
      vertex 21.1818 -39.0833 3.26232
      vertex 21.3659 -39.4296 3.26232
    endloop
  endfacet
  facet normal -0.210538 0.237102 0.948397
    outer loop
      vertex 19.4438 -39.5685 3.93092
      vertex 18.9496 -39.4087 3.78126
      vertex 19.108 -39.747 3.901
    endloop
  endfacet
  facet normal -0.528928 -0.104586 0.842198
    outer loop
      vertex 18.4694 -40.0866 3.66597
      vertex 18.3323 -40.5984 3.51631
      vertex 18.6267 -40.4418 3.72065
    endloop
  endfacet
  facet normal -0.331356 0.488168 0.8074
    outer loop
      vertex 19.1046 -38.9305 3.6316
      vertex 18.693 -38.7898 3.37761
      vertex 18.8101 -39.087 3.60536
    endloop
  endfacet
  facet normal -0.274262 0.367073 0.888841
    outer loop
      vertex 19.1046 -38.9305 3.6316
      vertex 18.8101 -39.087 3.60536
      vertex 18.9496 -39.4087 3.78126
    endloop
  endfacet
  facet normal 0.67888 -0.647539 0.346144
    outer loop
      vertex 21.3965 -41.6054 2.55678
      vertex 21.2987 -41.8591 2.27399
      vertex 21.5341 -41.5323 2.42366
    endloop
  endfacet
  facet normal 0.338522 -0.735311 0.58713
    outer loop
      vertex 20.6103 -41.7623 3.12362
      vertex 20.5381 -42.0618 2.79016
      vertex 20.7185 -41.9659 2.80625
    endloop
  endfacet
  facet normal -0.0886278 -0.56002 0.823725
    outer loop
      vertex 19.5368 -41.2636 3.69665
      vertex 19.2411 -41.4208 3.55796
      vertex 19.7495 -41.5464 3.52727
    endloop
  endfacet
  facet normal 0.00185235 -0.663492 0.748181
    outer loop
      vertex 19.7495 -41.5464 3.52727
      vertex 19.4766 -41.6915 3.39927
      vertex 19.718 -41.9225 3.19382
    endloop
  endfacet
  facet normal 0.18042 -0.98091 0.0725579
    outer loop
      vertex 19.9988 -42.5503 1.79564
      vertex 19.9678 -42.5668 1.64966
      vertex 20.3501 -42.5008 1.5913
    endloop
  endfacet
  facet normal 0.173517 -0.984535 -0.0241238
    outer loop
      vertex 20.3438 -42.5042 1.5
      vertex 19.9574 -42.5723 1.5
      vertex 19.9678 -42.5668 1.35034
    endloop
  endfacet
  facet normal 0.391534 -0.910369 -0.1339
    outer loop
      vertex 20.7861 -42.3385 1.34131
      vertex 20.6251 -42.3546 0.979997
      vertex 20.8092 -42.3262 1.32523
    endloop
  endfacet
  facet normal 0.429066 -0.890323 0.152405
    outer loop
      vertex 20.8608 -42.2988 1.69373
      vertex 20.7784 -42.273 2.07643
      vertex 20.8343 -42.3128 1.68655
    endloop
  endfacet
  facet normal 0.760583 -0.604115 0.237822
    outer loop
      vertex 21.6516 -41.4698 2.26779
      vertex 21.4855 -41.7598 2.06234
      vertex 21.7462 -41.4195 2.09302
    endloop
  endfacet
  facet normal 0.651017 -0.569139 -0.502253
    outer loop
      vertex 21.3965 -41.6054 0.443225
      vertex 21.2421 -41.6875 0.336126
      vertex 21.4529 -41.3143 0.186464
    endloop
  endfacet
  facet normal 0.139255 0.98917 -0.0463692
    outer loop
      vertex 20.2589 -37.6431 1.5
      vertex 20.0965 -37.6241 1.4176
      vertex 20.1076 -37.6218 1.5
    endloop
  endfacet
  facet normal 0.139255 0.98917 0.0463692
    outer loop
      vertex 20.1076 -37.6218 1.5
      vertex 20.0965 -37.6241 1.5824
      vertex 20.2589 -37.6431 1.5
    endloop
  endfacet
  facet normal 0.334427 0.842126 -0.423063
    outer loop
      vertex 20.6272 -38.1208 0.247077
      vertex 20.4511 -37.855 0.636958
      vertex 20.7815 -38.0388 0.532274
    endloop
  endfacet
  facet normal -0.0416688 0.893101 -0.447921
    outer loop
      vertex 19.668 -37.9573 0.186464
      vertex 19.551 -37.9076 0.296444
      vertex 19.6119 -37.8789 0.348003
    endloop
  endfacet
  facet normal -0.961426 -0.162369 0.222029
    outer loop
      vertex 17.4025 -40.6539 2.2512
      vertex 17.2544 -40.3101 1.86132
      vertex 17.3239 -40.6957 1.88028
    endloop
  endfacet
  facet normal -0.978039 -0.00716638 -0.208301
    outer loop
      vertex 17.2544 -40.3101 1.13868
      vertex 17.2456 -39.9189 1.16654
      vertex 17.3146 -39.8822 0.8413
    endloop
  endfacet
  facet normal -0.858588 -0.456311 -0.233679
    outer loop
      vertex 17.717 -41.3698 0.729839
      vertex 17.4522 -41.0663 1.11012
      vertex 17.5329 -41.0234 0.729839
    endloop
  endfacet
  facet normal -0.8585 -0.456644 -0.233352
    outer loop
      vertex 17.4522 -41.0663 1.11012
      vertex 17.717 -41.3698 0.729839
      vertex 17.6364 -41.4126 1.11012
    endloop
  endfacet
  facet normal -0.942649 -0.324718 -0.0772737
    outer loop
      vertex 17.4252 -41.0807 1.5
      vertex 17.2974 -40.7097 1.5
      vertex 17.4522 -41.0663 1.11012
    endloop
  endfacet
  facet normal -0.783427 -0.0676048 0.617796
    outer loop
      vertex 17.8266 -40.0058 3.1332
      vertex 17.7074 -40.4918 2.92886
      vertex 17.9261 -40.3755 3.21892
    endloop
  endfacet
  facet normal -0.690196 -0.0180277 0.723398
    outer loop
      vertex 18.1822 -40.2393 3.46666
      vertex 17.8266 -40.0058 3.1332
      vertex 17.9261 -40.3755 3.21892
    endloop
  endfacet
  facet normal -0.514614 -0.786611 -0.341198
    outer loop
      vertex 18.5411 -42.1889 0.8413
      vertex 18.2274 -41.9598 0.786264
      vertex 18.3499 -41.8947 0.451419
    endloop
  endfacet
  facet normal -0.291973 -0.954831 -0.0552233
    outer loop
      vertex 19.1767 -42.5245 1.5
      vertex 18.8016 -42.4098 1.5
      vertex 18.8222 -42.3989 1.20262
    endloop
  endfacet
  facet normal 0.760581 -0.604117 -0.237822
    outer loop
      vertex 21.7462 -41.4195 0.906977
      vertex 21.4855 -41.7598 0.937661
      vertex 21.6516 -41.4698 0.732208
    endloop
  endfacet
  facet normal 0.338288 -0.735269 -0.587316
    outer loop
      vertex 20.6524 -41.8416 0
      vertex 20.5381 -42.0618 0.209836
      vertex 20.5835 -41.8733 0
    endloop
  endfacet
  facet normal 0.338519 -0.735266 -0.587187
    outer loop
      vertex 20.5381 -42.0618 0.209836
      vertex 20.6524 -41.8416 0
      vertex 20.7185 -41.9659 0.193754
    endloop
  endfacet
  facet normal 0.303035 -0.915674 -0.264028
    outer loop
      vertex 20.5562 -42.3912 1.02785
      vertex 20.3056 -42.3871 0.726007
      vertex 20.6251 -42.3546 0.979997
    endloop
  endfacet
  facet normal 0.699082 -0.705129 -0.118647
    outer loop
      vertex 21.3491 -41.9696 1.31965
      vertex 21.3182 -41.986 1.23505
      vertex 21.6055 -41.696 1.20436
    endloop
  endfacet
  facet normal 0.591681 -0.803917 -0.0602683
    outer loop
      vertex 21.3491 -41.9696 1.31965
      vertex 21.0526 -42.1968 1.43939
      vertex 21.3182 -41.986 1.23505
    endloop
  endfacet
  facet normal 0.18042 -0.98091 -0.0725579
    outer loop
      vertex 20.3501 -42.5008 1.4087
      vertex 19.9678 -42.5668 1.35034
      vertex 19.9988 -42.5503 1.20436
    endloop
  endfacet
  facet normal -0.201711 -0.906862 -0.370019
    outer loop
      vertex 19.333 -42.4415 0.762893
      vertex 18.9845 -42.3126 0.636958
      vertex 19.4505 -42.379 0.545661
    endloop
  endfacet
  facet normal -0.0639201 -0.949332 -0.307707
    outer loop
      vertex 19.6909 -42.5123 0.906977
      vertex 19.333 -42.4415 0.762893
      vertex 19.4505 -42.379 0.545661
    endloop
  endfacet
  facet normal 0.78322 0.0673053 -0.618091
    outer loop
      vertex 21.8168 -40.0513 0.142393
      vertex 21.6867 -39.845 0
      vertex 21.7283 -39.6758 0.0711384
    endloop
  endfacet
  facet normal 0.783345 0.0675093 -0.61791
    outer loop
      vertex 21.6867 -39.845 0
      vertex 21.8168 -40.0513 0.142393
      vertex 21.7094 -40.1084 0
    endloop
  endfacet
  facet normal 0.864609 -0.339845 -0.370077
    outer loop
      vertex 21.9756 -40.7222 0.636958
      vertex 21.7701 -41.1456 0.545661
      vertex 21.838 -40.7953 0.382612
    endloop
  endfacet
  facet normal 0.73988 -0.271181 -0.61566
    outer loop
      vertex 21.6669 -40.8863 0.15578
      vertex 21.5059 -40.9719 0
      vertex 21.5729 -40.7891 0
    endloop
  endfacet
  facet normal -0.783345 -0.0675093 -0.61791
    outer loop
      vertex 17.7489 -40.3226 0
      vertex 17.6188 -40.1163 0.142393
      vertex 17.7262 -40.0592 0
    endloop
  endfacet
  facet normal -0.783407 -0.0676091 -0.617821
    outer loop
      vertex 17.6188 -40.1163 0.142393
      vertex 17.7489 -40.3226 0
      vertex 17.7074 -40.4918 0.0711384
    endloop
  endfacet
  facet normal -0.458525 -0.756751 -0.465922
    outer loop
      vertex 18.6541 -42.1288 0.532274
      vertex 18.3499 -41.8947 0.451419
      vertex 18.8084 -42.0467 0.247077
    endloop
  endfacet
  facet normal -0.1441 -0.87612 -0.460054
    outer loop
      vertex 19.4505 -42.379 0.545661
      vertex 19.2932 -42.1484 0.15578
      vertex 19.5966 -42.3013 0.351928
    endloop
  endfacet
  facet normal -0.246072 -0.930598 -0.27099
    outer loop
      vertex 19.2469 -42.4872 0.998274
      vertex 18.8837 -42.3662 0.912555
      vertex 18.9845 -42.3126 0.636958
    endloop
  endfacet
  facet normal -0.276381 -0.946721 -0.165326
    outer loop
      vertex 19.2469 -42.4872 0.998274
      vertex 18.8222 -42.3989 1.20262
      vertex 18.8837 -42.3662 0.912555
    endloop
  endfacet
  facet normal -0.631398 -0.684706 -0.364025
    outer loop
      vertex 18.3499 -41.8947 0.451419
      vertex 17.9505 -41.6845 0.748803
      vertex 18.0794 -41.616 0.396383
    endloop
  endfacet
  facet normal -0.571548 -0.652888 -0.497061
    outer loop
      vertex 18.3499 -41.8947 0.451419
      vertex 18.0794 -41.616 0.396383
      vertex 18.5171 -41.8058 0.142393
    endloop
  endfacet
  facet normal -0.494055 -0.611582 -0.617962
    outer loop
      vertex 18.4188 -41.5826 0
      vertex 18.2553 -41.5224 0.0711384
      vertex 18.309 -41.4939 0
    endloop
  endfacet
  facet normal -0.571538 -0.652938 -0.497006
    outer loop
      vertex 18.5171 -41.8058 0.142393
      vertex 18.0794 -41.616 0.396383
      vertex 18.2553 -41.5224 0.0711384
    endloop
  endfacet
  facet normal -0.589801 -0.490173 -0.641767
    outer loop
      vertex 18.0296 -41.2036 0.0350676
      vertex 18.255 -41.4289 0
      vertex 18.2553 -41.5224 0.0711384
    endloop
  endfacet
  facet normal -0.590007 -0.490441 -0.641373
    outer loop
      vertex 18.255 -41.4289 0
      vertex 18.0296 -41.2036 0.0350676
      vertex 18.056 -41.1895 0
    endloop
  endfacet
  facet normal -0.692825 -0.717224 0.0747279
    outer loop
      vertex 18.1527 -41.9995 1.86132
      vertex 17.8454 -41.7403 1.5
      vertex 18.1276 -42.0129 1.5
    endloop
  endfacet
  facet normal -0.672036 -0.706397 -0.222197
    outer loop
      vertex 18.1527 -41.9995 1.13868
      vertex 17.8718 -41.7263 1.11972
      vertex 17.9505 -41.6845 0.748803
    endloop
  endfacet
  facet normal -0.571547 -0.652894 0.497055
    outer loop
      vertex 18.5171 -41.8058 2.85761
      vertex 18.0794 -41.616 2.60362
      vertex 18.3499 -41.8947 2.54858
    endloop
  endfacet
  facet normal -0.880168 -0.468169 0.078245
    outer loop
      vertex 17.4252 -41.0807 1.5
      vertex 17.6364 -41.4126 1.88988
      vertex 17.4522 -41.0663 1.88988
    endloop
  endfacet
  facet normal -0.880258 -0.467963 0.0784694
    outer loop
      vertex 17.6364 -41.4126 1.88988
      vertex 17.4252 -41.0807 1.5
      vertex 17.6093 -41.427 1.5
    endloop
  endfacet
  facet normal -0.692825 -0.717224 -0.0747279
    outer loop
      vertex 18.1276 -42.0129 1.5
      vertex 17.8454 -41.7403 1.5
      vertex 18.1527 -41.9995 1.13868
    endloop
  endfacet
  facet normal -0.294264 -0.505402 0.811158
    outer loop
      vertex 19.0174 -41.1172 3.66597
      vertex 18.9683 -41.5659 3.36859
      vertex 19.2411 -41.4208 3.55796
    endloop
  endfacet
  facet normal -0.29191 -0.954846 0.0553048
    outer loop
      vertex 19.1944 -42.5152 1.75399
      vertex 18.8222 -42.3989 1.79738
      vertex 19.1767 -42.5245 1.5
    endloop
  endfacet
  facet normal -0.126149 -0.982399 0.137765
    outer loop
      vertex 19.2469 -42.4872 2.00173
      vertex 19.1944 -42.5152 1.75399
      vertex 19.5794 -42.5716 1.70434
    endloop
  endfacet
  facet normal -0.138995 -0.989228 0.0459075
    outer loop
      vertex 19.1944 -42.5152 1.75399
      vertex 19.1767 -42.5245 1.5
      vertex 19.5794 -42.5716 1.70434
    endloop
  endfacet
  facet normal -0.139026 -0.989221 0.0459691
    outer loop
      vertex 19.5794 -42.5716 1.70434
      vertex 19.1767 -42.5245 1.5
      vertex 19.5652 -42.5791 1.5
    endloop
  endfacet
  facet normal 0.0173246 -0.999221 0.035471
    outer loop
      vertex 19.5794 -42.5716 1.70434
      vertex 19.5652 -42.5791 1.5
      vertex 19.9574 -42.5723 1.5
    endloop
  endfacet
  facet normal 0.108478 -0.606646 0.787536
    outer loop
      vertex 20.2175 -41.657 3.37761
      vertex 19.7495 -41.5464 3.52727
      vertex 19.9614 -41.7932 3.30797
    endloop
  endfacet
  facet normal 0.25805 -0.778035 0.572775
    outer loop
      vertex 20.5381 -42.0618 2.79016
      vertex 20.1673 -41.9978 3.04415
      vertex 20.3621 -42.1554 2.74231
    endloop
  endfacet
  facet normal 0.0921515 -0.750621 0.654275
    outer loop
      vertex 20.1673 -41.9978 3.04415
      vertex 19.718 -41.9225 3.19382
      vertex 19.9594 -42.1083 2.94666
    endloop
  endfacet
  facet normal -0.670486 -0.533068 0.51603
    outer loop
      vertex 18.2553 -41.5224 2.92886
      vertex 18.0296 -41.2036 2.96493
      vertex 18.0794 -41.616 2.60362
    endloop
  endfacet
  facet normal -0.0920686 0.750779 0.654106
    outer loop
      vertex 19.7176 -38.2451 3.19382
      vertex 19.2683 -38.1698 3.04415
      vertex 19.4742 -38.3744 3.30797
    endloop
  endfacet
  facet normal -0.380442 0.597297 0.706045
    outer loop
      vertex 18.8253 -38.4053 3.12362
      vertex 18.693 -38.7898 3.37761
      vertex 18.9556 -38.6502 3.40101
    endloop
  endfacet
  facet normal 0.458623 0.756805 0.465737
    outer loop
      vertex 20.7815 -38.0388 2.46773
      vertex 20.6272 -38.1208 2.75292
      vertex 21.0857 -38.2729 2.54858
    endloop
  endfacet
  facet normal 0.514657 0.786596 0.341167
    outer loop
      vertex 20.8945 -37.9787 2.1587
      vertex 20.7815 -38.0388 2.46773
      vertex 21.0857 -38.2729 2.54858
    endloop
  endfacet
  facet normal -0.00156741 0.663479 0.748194
    outer loop
      vertex 19.7176 -38.2451 3.19382
      vertex 19.4742 -38.3744 3.30797
      vertex 19.6862 -38.6212 3.52727
    endloop
  endfacet
  facet normal 0.0159479 0.923802 0.382539
    outer loop
      vertex 19.7976 -37.7801 2.44163
      vertex 19.839 -37.8663 2.64807
      vertex 19.9851 -37.7886 2.45434
    endloop
  endfacet
  facet normal 0.0163535 0.923824 0.382468
    outer loop
      vertex 19.839 -37.8663 2.64807
      vertex 19.7976 -37.7801 2.44163
      vertex 19.7197 -37.828 2.56066
    endloop
  endfacet
  facet normal 0.138532 0.989277 0.0462567
    outer loop
      vertex 20.2413 -37.6524 1.75399
      vertex 20.0965 -37.6241 1.5824
      vertex 20.0763 -37.6283 1.73272
    endloop
  endfacet
  facet normal 0.139 0.98923 0.0458532
    outer loop
      vertex 20.0965 -37.6241 1.5824
      vertex 20.2413 -37.6524 1.75399
      vertex 20.2589 -37.6431 1.5
    endloop
  endfacet
  facet normal 0.130336 0.982418 0.133669
    outer loop
      vertex 20.1887 -37.6804 2.00173
      vertex 20.0639 -37.6484 1.88823
      vertex 20.0633 -37.6485 1.88955
    endloop
  endfacet
  facet normal 0.126485 0.982339 0.137881
    outer loop
      vertex 20.2413 -37.6524 1.75399
      vertex 20.0639 -37.6484 1.88823
      vertex 20.1887 -37.6804 2.00173
    endloop
  endfacet
  facet normal 0.125846 0.98254 0.13703
    outer loop
      vertex 20.0639 -37.6484 1.88823
      vertex 20.2413 -37.6524 1.75399
      vertex 20.0763 -37.6283 1.73272
    endloop
  endfacet
  facet normal 0.939874 -0.013279 -0.341263
    outer loop
      vertex 22.121 -40.2854 0.8413
      vertex 21.984 -39.9624 0.451419
      vertex 22.1065 -39.8973 0.786264
    endloop
  endfacet
  facet normal 0.942736 0.324358 -0.0777215
    outer loop
      vertex 22.1117 -39.4719 1.11972
      vertex 21.9834 -39.1013 1.11012
      vertex 22.1382 -39.4578 1.5
    endloop
  endfacet
  facet normal 0.732528 0.566285 -0.377788
    outer loop
      vertex 21.7186 -38.7978 0.729839
      vertex 21.3563 -38.5516 0.396383
      vertex 21.4851 -38.4831 0.748803
    endloop
  endfacet
  facet normal 0.8585 0.456644 0.233353
    outer loop
      vertex 21.7186 -38.7978 2.27016
      vertex 21.9834 -39.1013 1.88988
      vertex 21.7992 -38.755 1.88988
    endloop
  endfacet
  facet normal 0.858531 0.456528 0.233467
    outer loop
      vertex 21.9834 -39.1013 1.88988
      vertex 21.7186 -38.7978 2.27016
      vertex 21.9028 -39.1442 2.27016
    endloop
  endfacet
  facet normal 0.816886 0.2578 -0.515982
    outer loop
      vertex 21.7283 -39.6758 0.0711384
      vertex 21.5902 -39.3104 0.0350676
      vertex 21.9042 -39.5822 0.396383
    endloop
  endfacet
  facet normal 0.735973 0.214956 -0.641979
    outer loop
      vertex 21.5902 -39.3104 0.0350676
      vertex 21.651 -39.6233 0
      vertex 21.5637 -39.3244 0
    endloop
  endfacet
  facet normal 0.73638 0.214982 -0.641504
    outer loop
      vertex 21.651 -39.6233 0
      vertex 21.5902 -39.3104 0.0350676
      vertex 21.7283 -39.6758 0.0711384
    endloop
  endfacet
  facet normal 0.961425 0.162369 -0.222031
    outer loop
      vertex 22.1812 -39.8575 1.13868
      vertex 22.0331 -39.5137 0.748803
      vertex 22.1117 -39.4719 1.11972
    endloop
  endfacet
  facet normal 0.920665 0.140603 -0.364153
    outer loop
      vertex 22.1065 -39.8973 0.786264
      vertex 21.984 -39.9624 0.451419
      vertex 22.0331 -39.5137 0.748803
    endloop
  endfacet
  facet normal 0.736297 0.214526 -0.641751
    outer loop
      vertex 21.6746 -39.7043 0
      vertex 21.651 -39.6233 0
      vertex 21.7283 -39.6758 0.0711384
    endloop
  endfacet
  facet normal 0.783159 0.0673506 -0.618163
    outer loop
      vertex 21.6867 -39.845 0
      vertex 21.6746 -39.7043 0
      vertex 21.7283 -39.6758 0.0711384
    endloop
  endfacet
  facet normal 0.590007 0.490441 -0.641373
    outer loop
      vertex 21.1806 -38.7387 0
      vertex 21.406 -38.964 0.0350676
      vertex 21.3796 -38.9781 0
    endloop
  endfacet
  facet normal 0.589801 0.490173 -0.641767
    outer loop
      vertex 21.406 -38.964 0.0350676
      vertex 21.1806 -38.7387 0
      vertex 21.1803 -38.6452 0.0711384
    endloop
  endfacet
  facet normal 0.671586 0.357119 -0.649182
    outer loop
      vertex 21.5902 -39.3104 0.0350676
      vertex 21.3796 -38.9781 0
      vertex 21.406 -38.964 0.0350676
    endloop
  endfacet
  facet normal 0.671233 0.356841 -0.649701
    outer loop
      vertex 21.3796 -38.9781 0
      vertex 21.5902 -39.3104 0.0350676
      vertex 21.5637 -39.3244 0
    endloop
  endfacet
  facet normal 0.5528 0.806918 -0.208075
    outer loop
      vertex 21.2082 -38.2078 0.786264
      vertex 20.8945 -37.9787 0.8413
      vertex 21.2829 -38.1681 1.13868
    endloop
  endfacet
  facet normal 0.246439 0.930581 -0.270716
    outer loop
      vertex 20.4511 -37.855 0.636958
      vertex 20.1027 -37.7261 0.762893
      vertex 20.1887 -37.6804 0.998274
    endloop
  endfacet
  facet normal 0.796311 0.599901 0.0775074
    outer loop
      vertex 21.8263 -38.7406 1.5
      vertex 21.5902 -38.4272 1.5
      vertex 21.7992 -38.755 1.88988
    endloop
  endfacet
  facet normal 0.961426 0.162369 0.222029
    outer loop
      vertex 22.1117 -39.4719 1.88028
      vertex 22.0331 -39.5137 2.2512
      vertex 22.1812 -39.8575 1.86132
    endloop
  endfacet
  facet normal 0.982017 0.173317 0.0748586
    outer loop
      vertex 22.1382 -39.4578 1.5
      vertex 22.1117 -39.4719 1.88028
      vertex 22.1812 -39.8575 1.86132
    endloop
  endfacet
  facet normal -0.0917852 0.750107 -0.654916
    outer loop
      vertex 19.5283 -38.0994 0
      vertex 19.3624 -38.1197 0
      vertex 19.4762 -38.0592 0.0533447
    endloop
  endfacet
  facet normal 0.859874 -0.45816 -0.22518
    outer loop
      vertex 21.8154 -41.3827 1.09635
      vertex 21.7462 -41.4195 0.906977
      vertex 21.9737 -41.0374 0.998274
    endloop
  endfacet
  facet normal 0.581914 -0.809097 -0.0820884
    outer loop
      vertex 21.3182 -41.986 1.23505
      vertex 21.028 -42.2099 1.38471
      vertex 21.2759 -42.0085 1.15696
    endloop
  endfacet
  facet normal 0.885103 -0.193718 -0.423162
    outer loop
      vertex 21.9756 -40.7222 0.636958
      vertex 21.838 -40.7953 0.382612
      vertex 21.8537 -40.4275 0.247077
    endloop
  endfacet
  facet normal 0.978039 0.00716638 -0.208301
    outer loop
      vertex 22.19 -40.2487 1.16654
      vertex 22.121 -40.2854 0.8413
      vertex 22.1812 -39.8575 1.13868
    endloop
  endfacet
  facet normal 0.997412 0.0174701 -0.0697388
    outer loop
      vertex 22.19 -40.2487 1.16654
      vertex 22.1812 -39.8575 1.13868
      vertex 22.2131 -40.2364 1.5
    endloop
  endfacet
  facet normal 0.425148 -0.850691 -0.30915
    outer loop
      vertex 20.8591 -42.2302 0.916387
      vertex 20.67 -42.1934 0.555071
      vertex 20.8021 -42.1231 0.543292
    endloop
  endfacet
  facet normal 0.95482 -0.291982 0.0553573
    outer loop
      vertex 22.1379 -40.6359 1.79738
      vertex 22.0262 -41.0094 1.75399
      vertex 22.0438 -41 1.5
    endloop
  endfacet
  facet normal 0.185538 -0.701051 0.688551
    outer loop
      vertex 20.2175 -41.657 3.37761
      vertex 20.1673 -41.9978 3.04415
      vertex 20.386 -41.8815 3.10363
    endloop
  endfacet
  facet normal 0.897894 -0.437799 0.0460161
    outer loop
      vertex 22.0262 -41.0094 1.75399
      vertex 21.8577 -41.3602 1.70434
      vertex 22.0438 -41 1.5
    endloop
  endfacet
  facet normal 0.822748 -0.477847 0.307812
    outer loop
      vertex 21.7701 -41.1456 2.45434
      vertex 21.6516 -41.4698 2.26779
      vertex 21.7462 -41.4195 2.09302
    endloop
  endfacet
  facet normal 0.699082 -0.705129 0.118647
    outer loop
      vertex 21.6055 -41.696 1.79564
      vertex 21.3182 -41.986 1.76495
      vertex 21.3491 -41.9696 1.68035
    endloop
  endfacet
  facet normal 0.897913 -0.437751 -0.0461165
    outer loop
      vertex 21.8719 -41.3526 1.5
      vertex 21.8577 -41.3602 1.29566
      vertex 22.0438 -41 1.5
    endloop
  endfacet
  facet normal 0.623967 -0.181141 0.760167
    outer loop
      vertex 21.3656 -40.2912 3.36859
      vertex 21.0928 -40.4362 3.55796
      vertex 21.4373 -40.6489 3.2245
    endloop
  endfacet
  facet normal 0.623957 -0.181161 0.76017
    outer loop
      vertex 21.4373 -40.6489 3.2245
      vertex 21.0928 -40.4362 3.55796
      vertex 21.1855 -40.7828 3.39927
    endloop
  endfacet
  facet normal 0.939481 -0.300053 0.165361
    outer loop
      vertex 22.0764 -40.6686 2.08745
      vertex 21.9737 -41.0374 2.00173
      vertex 22.1379 -40.6359 1.79738
    endloop
  endfacet
  facet normal 0.885095 -0.193732 0.423171
    outer loop
      vertex 22.008 -40.3455 2.46773
      vertex 21.8537 -40.4275 2.75292
      vertex 21.9756 -40.7222 2.36304
    endloop
  endfacet
  facet normal -0.219365 0.547686 0.807415
    outer loop
      vertex 19.2181 -38.5106 3.37761
      vertex 19.1046 -38.9305 3.6316
      vertex 19.399 -38.7739 3.60536
    endloop
  endfacet
  facet normal -0.108439 0.606683 0.787513
    outer loop
      vertex 19.6862 -38.6212 3.52727
      vertex 19.2181 -38.5106 3.37761
      vertex 19.399 -38.7739 3.60536
    endloop
  endfacet
  facet normal -0.396473 0.302093 0.86692
    outer loop
      vertex 18.8101 -39.087 3.60536
      vertex 18.523 -39.2397 3.52727
      vertex 18.9496 -39.4087 3.78126
    endloop
  endfacet
  facet normal -0.649038 0.319185 0.690558
    outer loop
      vertex 18.1935 -39.0554 3.19382
      vertex 17.9983 -39.5187 3.2245
      vertex 18.2501 -39.3848 3.39927
    endloop
  endfacet
  facet normal -0.57066 0.496195 0.654322
    outer loop
      vertex 18.3823 -38.6409 3.04415
      vertex 18.1935 -39.0554 3.19382
      vertex 18.4369 -38.926 3.30797
    endloop
  endfacet
  facet normal -0.988281 0.138894 0.0633222
    outer loop
      vertex 17.2771 -39.5427 1.5
      vertex 17.2225 -39.9312 1.5
      vertex 17.2977 -39.5317 1.79738
    endloop
  endfacet
  facet normal -0.130376 -0.245937 0.960478
    outer loop
      vertex 19.4656 -40.44 3.96161
      vertex 19.1299 -40.6186 3.87031
      vertex 19.3285 -40.9518 3.81195
    endloop
  endfacet
  facet normal 0.0787724 -0.307158 0.948393
    outer loop
      vertex 19.9918 -40.5991 3.93092
      vertex 19.656 -40.7776 3.901
      vertex 19.8479 -41.0981 3.78126
    endloop
  endfacet
  facet normal -0.2768 0.0293993 0.960478
    outer loop
      vertex 19.108 -39.747 3.901
      vertex 18.7805 -39.9212 3.81195
      vertex 19.2815 -40.0936 3.96161
    endloop
  endfacet
  facet normal -0.3408 0.167841 0.925032
    outer loop
      vertex 18.9496 -39.4087 3.78126
      vertex 18.7805 -39.9212 3.81195
      vertex 19.108 -39.747 3.901
    endloop
  endfacet
  facet normal -0.0159237 -0.923842 0.382442
    outer loop
      vertex 19.903 -42.3995 2.42366
      vertex 19.4505 -42.379 2.45434
      vertex 19.7855 -42.462 2.26779
    endloop
  endfacet
  facet normal -0.382433 -0.380015 0.842219
    outer loop
      vertex 18.8109 -40.7882 3.72065
      vertex 18.5164 -40.9447 3.51631
      vertex 19.0174 -41.1172 3.66597
    endloop
  endfacet
  facet normal -0.51461 -0.786612 0.341202
    outer loop
      vertex 18.3499 -41.8947 2.54858
      vertex 18.2274 -41.9598 2.21374
      vertex 18.5411 -42.1889 2.1587
    endloop
  endfacet
  facet normal -0.246347 -0.930584 0.270788
    outer loop
      vertex 19.333 -42.4415 2.23711
      vertex 18.9845 -42.3126 2.36304
      vertex 19.2469 -42.4872 2.00173
    endloop
  endfacet
  facet normal -0.493244 -0.438942 0.751026
    outer loop
      vertex 18.5164 -40.9447 3.51631
      vertex 18.2539 -41.0843 3.26232
      vertex 18.7302 -41.2699 3.46666
    endloop
  endfacet
  facet normal -0.49323 -0.438805 0.751116
    outer loop
      vertex 18.7302 -41.2699 3.46666
      vertex 18.2539 -41.0843 3.26232
      vertex 18.4741 -41.4061 3.21892
    endloop
  endfacet
  facet normal -0.650848 0.569302 -0.502287
    outer loop
      vertex 18.0673 -38.7036 0.246515
      vertex 17.9827 -38.8533 0.186464
      vertex 18.0069 -38.7286 0.296444
    endloop
  endfacet
  facet normal -0.578383 0.607772 -0.544138
    outer loop
      vertex 18.3039 -38.5741 0.113835
      vertex 18.1745 -38.7514 0.0533447
      vertex 18.1824 -38.6387 0.170827
    endloop
  endfacet
  facet normal -0.578427 0.607896 -0.543953
    outer loop
      vertex 18.2882 -38.6909 0
      vertex 18.3039 -38.5741 0.113835
      vertex 18.3604 -38.6222 0
    endloop
  endfacet
  facet normal -0.578588 0.607826 -0.543859
    outer loop
      vertex 18.3039 -38.5741 0.113835
      vertex 18.2882 -38.6909 0
      vertex 18.1745 -38.7514 0.0533447
    endloop
  endfacet
  facet normal -0.041665 0.893103 0.447918
    outer loop
      vertex 19.6119 -37.8789 2.652
      vertex 19.551 -37.9076 2.70356
      vertex 19.668 -37.9573 2.81354
    endloop
  endfacet
  facet normal -0.8851 0.193724 -0.423166
    outer loop
      vertex 17.5819 -39.7401 0.247077
      vertex 17.4276 -39.8221 0.532274
      vertex 17.46 -39.4454 0.636958
    endloop
  endfacet
  facet normal -0.87895 -0.290793 0.378003
    outer loop
      vertex 17.5314 -40.5854 2.60362
      vertex 17.4025 -40.6539 2.2512
      vertex 17.5329 -41.0234 2.27016
    endloop
  endfacet
  facet normal -0.500507 0.648916 0.573063
    outer loop
      vertex 18.4405 -38.5114 2.94834
      vertex 18.3733 -38.5371 2.91875
      vertex 18.3823 -38.6409 3.04415
    endloop
  endfacet
  facet normal -0.885106 0.193711 0.423158
    outer loop
      vertex 17.5976 -39.3723 2.61739
      vertex 17.46 -39.4454 2.36304
      vertex 17.5819 -39.7401 2.75292
    endloop
  endfacet
  facet normal -0.909096 0.316277 0.271133
    outer loop
      vertex 17.4619 -39.1302 2.00173
      vertex 17.46 -39.4454 2.36304
      vertex 17.548 -39.0845 2.23711
    endloop
  endfacet
  facet normal -0.717076 0.534132 0.447777
    outer loop
      vertex 17.8116 -38.9443 2.64807
      vertex 17.9491 -38.763 2.652
      vertex 17.8467 -38.8239 2.56066
    endloop
  endfacet
  facet normal -0.717091 0.534145 0.447738
    outer loop
      vertex 17.9491 -38.763 2.652
      vertex 17.8116 -38.9443 2.64807
      vertex 17.9827 -38.8533 2.81354
    endloop
  endfacet
  facet normal -0.774992 0.502994 0.382602
    outer loop
      vertex 17.7163 -38.8831 2.37443
      vertex 17.6656 -39.022 2.45434
      vertex 17.7633 -38.8618 2.44163
    endloop
  endfacet
  facet normal -0.978039 -0.00716638 0.208301
    outer loop
      vertex 17.3146 -39.8822 2.1587
      vertex 17.2456 -39.9189 1.83346
      vertex 17.2544 -40.3101 1.86132
    endloop
  endfacet
  facet normal -0.954846 0.2919 -0.0553465
    outer loop
      vertex 17.2977 -39.5317 1.20262
      vertex 17.2771 -39.5427 1.5
      vertex 17.3918 -39.1675 1.5
    endloop
  endfacet
  facet normal 0.93992 -0.013112 0.341142
    outer loop
      vertex 22.121 -40.2854 2.1587
      vertex 21.984 -39.9624 2.54858
      vertex 22.008 -40.3455 2.46773
    endloop
  endfacet
  facet normal 0.93604 -0.166578 0.309969
    outer loop
      vertex 22.121 -40.2854 2.1587
      vertex 21.9756 -40.7222 2.36304
      vertex 22.0764 -40.6686 2.08745
    endloop
  endfacet
  facet normal 0.885106 -0.193711 0.423158
    outer loop
      vertex 21.8537 -40.4275 2.75292
      vertex 21.838 -40.7953 2.61739
      vertex 21.9756 -40.7222 2.36304
    endloop
  endfacet
  facet normal 0.811247 -0.0815792 0.578985
    outer loop
      vertex 21.8168 -40.0513 2.85761
      vertex 21.609 -40.1618 3.1332
      vertex 21.6619 -40.5295 3.00727
    endloop
  endfacet
  facet normal 0.690143 0.0178704 0.723452
    outer loop
      vertex 21.609 -40.1618 3.1332
      vertex 21.2534 -39.9283 3.46666
      vertex 21.3656 -40.2912 3.36859
    endloop
  endfacet
  facet normal 0.690196 0.0180277 0.723398
    outer loop
      vertex 21.5095 -39.7921 3.21892
      vertex 21.2534 -39.9283 3.46666
      vertex 21.609 -40.1618 3.1332
    endloop
  endfacet
  facet normal 0.407022 0.0398394 0.912549
    outer loop
      vertex 20.9662 -40.081 3.66597
      vertex 20.4899 -39.8954 3.87031
      vertex 20.6551 -40.2464 3.81195
    endloop
  endfacet
  facet normal 0.276785 -0.0294265 0.960481
    outer loop
      vertex 20.4899 -39.8954 3.87031
      vertex 20.1541 -40.0739 3.96161
      vertex 20.6551 -40.2464 3.81195
    endloop
  endfacet
  facet normal 0.337946 0.179607 0.923869
    outer loop
      vertex 20.6248 -39.3794 3.72065
      vertex 20.4899 -39.8954 3.87031
      vertex 20.8089 -39.7258 3.72065
    endloop
  endfacet
  facet normal 0.337835 0.179646 0.923902
    outer loop
      vertex 20.4899 -39.8954 3.87031
      vertex 20.6248 -39.3794 3.72065
      vertex 20.3057 -39.549 3.87031
    endloop
  endfacet
  facet normal 0.406996 0.0397563 0.912564
    outer loop
      vertex 20.8089 -39.7258 3.72065
      vertex 20.4899 -39.8954 3.87031
      vertex 20.9662 -40.081 3.66597
    endloop
  endfacet
  facet normal 0.130376 0.245937 0.960478
    outer loop
      vertex 20.1071 -39.2158 3.81195
      vertex 19.97 -39.7276 3.96161
      vertex 20.3057 -39.549 3.87031
    endloop
  endfacet
  facet normal 0.206115 0.109603 0.97237
    outer loop
      vertex 20.3057 -39.549 3.87031
      vertex 20.1541 -40.0739 3.96161
      vertex 20.4899 -39.8954 3.87031
    endloop
  endfacet
  facet normal 0.206148 0.109592 0.972365
    outer loop
      vertex 20.1541 -40.0739 3.96161
      vertex 20.3057 -39.549 3.87031
      vertex 19.97 -39.7276 3.96161
    endloop
  endfacet
  facet normal 0.198649 0.618549 0.76022
    outer loop
      vertex 20.2108 -38.3422 3.2245
      vertex 20.1945 -38.7468 3.55796
      vertex 20.4674 -38.6017 3.36859
    endloop
  endfacet
  facet normal 0.294157 0.505428 0.81118
    outer loop
      vertex 20.4674 -38.6017 3.36859
      vertex 20.1945 -38.7468 3.55796
      vertex 20.4183 -39.0504 3.66597
    endloop
  endfacet
  facet normal 0.382508 0.380053 0.842168
    outer loop
      vertex 20.9192 -39.2229 3.51631
      vertex 20.4183 -39.0504 3.66597
      vertex 20.6248 -39.3794 3.72065
    endloop
  endfacet
  facet normal 0.382508 0.380055 0.842167
    outer loop
      vertex 20.7054 -38.8977 3.46666
      vertex 20.4183 -39.0504 3.66597
      vertex 20.9192 -39.2229 3.51631
    endloop
  endfacet
  facet normal 0.494062 0.61173 0.61781
    outer loop
      vertex 20.9185 -38.3618 2.85761
      vertex 20.7107 -38.4723 3.1332
      vertex 21.1803 -38.6452 2.92886
    endloop
  endfacet
  facet normal 0.571448 0.652998 0.497032
    outer loop
      vertex 21.0857 -38.2729 2.54858
      vertex 20.9185 -38.3618 2.85761
      vertex 21.3563 -38.5516 2.60362
    endloop
  endfacet
  facet normal -0.0047975 0.174083 0.984719
    outer loop
      vertex 19.7796 -39.39 3.901
      vertex 19.4438 -39.5685 3.93092
      vertex 19.97 -39.7276 3.96161
    endloop
  endfacet
  facet normal 0.130341 0.245947 0.96048
    outer loop
      vertex 20.1071 -39.2158 3.81195
      vertex 19.7796 -39.39 3.901
      vertex 19.97 -39.7276 3.96161
    endloop
  endfacet
  facet normal -0.15094 0.432692 0.888816
    outer loop
      vertex 19.5877 -39.0694 3.78126
      vertex 19.1046 -38.9305 3.6316
      vertex 19.2687 -39.2391 3.8097
    endloop
  endfacet
  facet normal -0.27432 0.367085 0.888818
    outer loop
      vertex 19.1046 -38.9305 3.6316
      vertex 18.9496 -39.4087 3.78126
      vertex 19.2687 -39.2391 3.8097
    endloop
  endfacet
  facet normal -0.257998 0.77808 0.572738
    outer loop
      vertex 19.1274 -38.1464 2.94889
      vertex 19.0496 -38.2861 3.10363
      vertex 19.2683 -38.1698 3.04415
    endloop
  endfacet
  facet normal -0.257501 0.778068 0.572978
    outer loop
      vertex 19.0496 -38.2861 3.10363
      vertex 19.1274 -38.1464 2.94889
      vertex 18.9844 -38.2088 2.96936
    endloop
  endfacet
  facet normal -0.276734 0.754794 0.59473
    outer loop
      vertex 19.1274 -38.1464 2.94889
      vertex 19.2683 -38.1698 3.04415
      vertex 19.1284 -38.1456 2.94834
    endloop
  endfacet
  facet normal -0.150941 0.432691 0.888817
    outer loop
      vertex 19.399 -38.7739 3.60536
      vertex 19.1046 -38.9305 3.6316
      vertex 19.5877 -39.0694 3.78126
    endloop
  endfacet
  facet normal 0.0467104 -0.983628 0.174053
    outer loop
      vertex 19.6909 -42.5123 2.09302
      vertex 19.6216 -42.5491 1.90365
      vertex 19.9988 -42.5503 1.79564
    endloop
  endfacet
  facet normal 0.386762 -0.802801 0.453791
    outer loop
      vertex 20.8021 -42.1231 2.45671
      vertex 20.5381 -42.0618 2.79016
      vertex 20.67 -42.1934 2.44493
    endloop
  endfacet
  facet normal 0.108467 -0.606669 0.78752
    outer loop
      vertex 20.0366 -41.3937 3.60536
      vertex 19.7495 -41.5464 3.52727
      vertex 20.2175 -41.657 3.37761
    endloop
  endfacet
  facet normal 0.219308 -0.547719 0.807408
    outer loop
      vertex 20.3311 -41.2371 3.6316
      vertex 20.0366 -41.3937 3.60536
      vertex 20.2175 -41.657 3.37761
    endloop
  endfacet
  facet normal 0.274335 -0.367037 0.888833
    outer loop
      vertex 20.486 -40.7589 3.78126
      vertex 20.3311 -41.2371 3.6316
      vertex 20.6255 -41.0806 3.60536
    endloop
  endfacet
  facet normal 0.806957 -0.370456 0.459981
    outer loop
      vertex 21.6669 -40.8863 2.84422
      vertex 21.624 -41.2233 2.64807
      vertex 21.7701 -41.1456 2.45434
    endloop
  endfacet
  facet normal 0.589147 -0.763519 0.26447
    outer loop
      vertex 21.1856 -41.9192 2.35243
      vertex 21.093 -42.1058 2.02
      vertex 21.2987 -41.8591 2.27399
    endloop
  endfacet
  facet normal 0.345457 -0.934826 -0.0822227
    outer loop
      vertex 20.7478 -42.3589 1.38471
      vertex 20.3999 -42.4743 1.23505
      vertex 20.4422 -42.4518 1.15696
    endloop
  endfacet
  facet normal 0.325749 -0.945385 0.0115988
    outer loop
      vertex 20.7168 -42.3753 1.53068
      vertex 20.3438 -42.5042 1.5
      vertex 20.7147 -42.3764 1.5
    endloop
  endfacet
  facet normal 0.193616 -0.973858 0.118802
    outer loop
      vertex 20.0495 -42.5233 1.93434
      vertex 19.9988 -42.5503 1.79564
      vertex 20.3999 -42.4743 1.76495
    endloop
  endfacet
  facet normal 0.335255 -0.940263 -0.0592402
    outer loop
      vertex 20.7232 -42.3719 1.43939
      vertex 20.3999 -42.4743 1.23505
      vertex 20.7336 -42.3664 1.41095
    endloop
  endfacet
  facet normal 0.329029 -0.943601 -0.0368346
    outer loop
      vertex 20.7168 -42.3753 1.46932
      vertex 20.3501 -42.5008 1.4087
      vertex 20.7232 -42.3719 1.43939
    endloop
  endfacet
  facet normal -0.107162 0.858284 0.501861
    outer loop
      vertex 19.551 -37.9076 2.70356
      vertex 19.4965 -37.9436 2.75349
      vertex 19.668 -37.9573 2.81354
    endloop
  endfacet
  facet normal 0.27654 0.946608 -0.165705
    outer loop
      vertex 20.6134 -37.7687 1.20262
      vertex 20.1887 -37.6804 0.998274
      vertex 20.2413 -37.6524 1.24601
    endloop
  endfacet
  facet normal 0.0745307 0.839451 -0.5383
    outer loop
      vertex 19.8958 -38.0972 0
      vertex 20.1424 -38.0192 0.15578
      vertex 19.9814 -38.1048 0
    endloop
  endfacet
  facet normal 0.0746863 0.839321 -0.538482
    outer loop
      vertex 20.1424 -38.0192 0.15578
      vertex 19.8958 -38.0972 0
      vertex 19.668 -37.9573 0.186464
    endloop
  endfacet
  facet normal 0.100946 0.969107 -0.225037
    outer loop
      vertex 20.1027 -37.7261 0.762893
      vertex 20.0043 -37.67 0.960344
      vertex 20.1887 -37.6804 0.998274
    endloop
  endfacet
  facet normal 0.100948 0.969107 -0.225036
    outer loop
      vertex 20.0043 -37.67 0.960344
      vertex 20.1027 -37.7261 0.762893
      vertex 19.9539 -37.6967 0.822753
    endloop
  endfacet
  facet normal 0.385971 0.718114 -0.579085
    outer loop
      vertex 20.8111 -38.4189 0
      vertex 20.4589 -38.2296 0
      vertex 20.9185 -38.3618 0.142393
    endloop
  endfacet
  facet normal 0.385973 0.718085 -0.579119
    outer loop
      vertex 20.4589 -38.2296 0
      vertex 20.6272 -38.1208 0.247077
      vertex 20.9185 -38.3618 0.142393
    endloop
  endfacet
  facet normal 0.386668 0.717528 -0.579346
    outer loop
      vertex 20.6272 -38.1208 0.247077
      vertex 20.4589 -38.2296 0
      vertex 20.4409 -38.2199 0
    endloop
  endfacet
  facet normal -0.961422 -0.162273 -0.222114
    outer loop
      vertex 17.4025 -40.6539 0.748803
      vertex 17.2544 -40.3101 1.13868
      vertex 17.3291 -40.2703 0.786264
    endloop
  endfacet
  facet normal -0.98202 -0.173319 0.0748133
    outer loop
      vertex 17.3239 -40.6957 1.88028
      vertex 17.2544 -40.3101 1.86132
      vertex 17.2974 -40.7097 1.5
    endloop
  endfacet
  facet normal -0.982071 -0.173127 0.0745947
    outer loop
      vertex 17.2544 -40.3101 1.86132
      vertex 17.2293 -40.3234 1.5
      vertex 17.2974 -40.7097 1.5
    endloop
  endfacet
  facet normal -0.98202 -0.173319 -0.0748133
    outer loop
      vertex 17.2974 -40.7097 1.5
      vertex 17.2544 -40.3101 1.13868
      vertex 17.3239 -40.6957 1.11972
    endloop
  endfacet
  facet normal -0.982071 -0.173127 -0.0745947
    outer loop
      vertex 17.2974 -40.7097 1.5
      vertex 17.2293 -40.3234 1.5
      vertex 17.2544 -40.3101 1.13868
    endloop
  endfacet
  facet normal -0.860879 -0.108733 0.497056
    outer loop
      vertex 17.6188 -40.1163 2.85761
      vertex 17.4516 -40.2052 2.54858
      vertex 17.5314 -40.5854 2.60362
    endloop
  endfacet
  facet normal -0.860827 -0.108784 0.497134
    outer loop
      vertex 17.6188 -40.1163 2.85761
      vertex 17.5314 -40.5854 2.60362
      vertex 17.7074 -40.4918 2.92886
    endloop
  endfacet
  facet normal -0.920706 -0.140541 0.364072
    outer loop
      vertex 17.4516 -40.2052 2.54858
      vertex 17.4025 -40.6539 2.2512
      vertex 17.5314 -40.5854 2.60362
    endloop
  endfacet
  facet normal -0.920663 -0.140603 0.364157
    outer loop
      vertex 17.4516 -40.2052 2.54858
      vertex 17.3291 -40.2703 2.21374
      vertex 17.4025 -40.6539 2.2512
    endloop
  endfacet
  facet normal -0.878998 -0.29074 0.377933
    outer loop
      vertex 17.665 -40.9531 2.63148
      vertex 17.5314 -40.5854 2.60362
      vertex 17.5329 -41.0234 2.27016
    endloop
  endfacet
  facet normal -0.81574 -0.433774 0.382635
    outer loop
      vertex 17.5329 -41.0234 2.27016
      vertex 17.8492 -41.2995 2.63148
      vertex 17.665 -40.9531 2.63148
    endloop
  endfacet
  facet normal -0.815767 -0.433553 0.382827
    outer loop
      vertex 17.8492 -41.2995 2.63148
      vertex 17.5329 -41.0234 2.27016
      vertex 17.717 -41.3698 2.27016
    endloop
  endfacet
  facet normal -0.783692 -0.0673964 -0.617482
    outer loop
      vertex 17.761 -40.4633 0
      vertex 17.7074 -40.4918 0.0711384
      vertex 17.7489 -40.3226 0
    endloop
  endfacet
  facet normal -0.514652 -0.786598 -0.34117
    outer loop
      vertex 18.5411 -42.1889 0.8413
      vertex 18.3499 -41.8947 0.451419
      vertex 18.6541 -42.1288 0.532274
    endloop
  endfacet
  facet normal -0.385319 -0.869177 -0.309937
    outer loop
      vertex 18.9845 -42.3126 0.636958
      vertex 18.5411 -42.1889 0.8413
      vertex 18.6541 -42.1288 0.532274
    endloop
  endfacet
  facet normal 0.112502 -0.948669 0.295585
    outer loop
      vertex 19.903 -42.3995 2.42366
      vertex 19.7855 -42.462 2.26779
      vertex 20.1187 -42.4865 2.06234
    endloop
  endfacet
  facet normal 0.0754483 -0.96842 -0.237633
    outer loop
      vertex 20.0495 -42.5233 1.06566
      vertex 19.6909 -42.5123 0.906977
      vertex 20.1187 -42.4865 0.937661
    endloop
  endfacet
  facet normal 0.390946 -0.910662 0.133627
    outer loop
      vertex 20.6251 -42.3546 2.02
      vertex 20.5562 -42.3912 1.97215
      vertex 20.7861 -42.3385 1.65869
    endloop
  endfacet
  facet normal 0.373644 -0.919856 -0.119391
    outer loop
      vertex 20.7861 -42.3385 1.34131
      vertex 20.4947 -42.4239 1.08732
      vertex 20.5562 -42.3912 1.02785
    endloop
  endfacet
  facet normal 0.325661 -0.945401 0.0127349
    outer loop
      vertex 20.3501 -42.5008 1.5913
      vertex 20.3438 -42.5042 1.5
      vertex 20.7168 -42.3753 1.53068
    endloop
  endfacet
  facet normal 0.551217 -0.783684 0.286355
    outer loop
      vertex 21.1856 -41.9192 2.35243
      vertex 21.0632 -41.9843 2.40988
      vertex 21.093 -42.1058 2.02
    endloop
  endfacet
  facet normal 0.679561 -0.715522 0.161944
    outer loop
      vertex 21.4855 -41.7598 2.06234
      vertex 21.2759 -42.0085 1.84304
      vertex 21.3182 -41.986 1.76495
    endloop
  endfacet
  facet normal 0.699064 -0.705125 -0.118779
    outer loop
      vertex 21.6055 -41.696 1.20436
      vertex 21.3182 -41.986 1.23505
      vertex 21.5548 -41.7229 1.06566
    endloop
  endfacet
  facet normal 0.712253 -0.698141 0.07277
    outer loop
      vertex 21.6055 -41.696 1.79564
      vertex 21.3491 -41.9696 1.68035
      vertex 21.368 -41.9596 1.5913
    endloop
  endfacet
  facet normal 0.60177 -0.798537 0.014521
    outer loop
      vertex 21.3744 -41.9562 1.5
      vertex 21.0589 -42.1934 1.53068
      vertex 21.0611 -42.1923 1.5
    endloop
  endfacet
  facet normal 0.075461 -0.968364 -0.237857
    outer loop
      vertex 20.1187 -42.4865 0.937661
      vertex 19.6909 -42.5123 0.906977
      vertex 19.7855 -42.462 0.732208
    endloop
  endfacet
  facet normal 0.207935 -0.897931 -0.387921
    outer loop
      vertex 20.3056 -42.3871 0.726007
      vertex 20.0406 -42.3263 0.443225
      vertex 20.1949 -42.2443 0.336126
    endloop
  endfacet
  facet normal 0.0469588 -0.983572 -0.174302
    outer loop
      vertex 19.9988 -42.5503 1.20436
      vertex 19.6909 -42.5123 0.906977
      vertex 20.0495 -42.5233 1.06566
    endloop
  endfacet
  facet normal 0.0467097 -0.983628 -0.174051
    outer loop
      vertex 19.9988 -42.5503 1.20436
      vertex 19.6216 -42.5491 1.09635
      vertex 19.6909 -42.5123 0.906977
    endloop
  endfacet
  facet normal -0.816876 -0.257703 -0.516045
    outer loop
      vertex 17.665 -40.9531 0.368523
      vertex 17.5314 -40.5854 0.396383
      vertex 17.8454 -40.8572 0.0350676
    endloop
  endfacet
  facet normal -0.752858 -0.400336 -0.522432
    outer loop
      vertex 18.0296 -41.2036 0.0350676
      vertex 17.665 -40.9531 0.368523
      vertex 17.8454 -40.8572 0.0350676
    endloop
  endfacet
  facet normal -0.752858 -0.400336 -0.522432
    outer loop
      vertex 17.665 -40.9531 0.368523
      vertex 18.0296 -41.2036 0.0350676
      vertex 17.8492 -41.2995 0.368523
    endloop
  endfacet
  facet normal -0.670489 -0.53307 -0.516025
    outer loop
      vertex 18.0794 -41.616 0.396383
      vertex 18.0296 -41.2036 0.0350676
      vertex 18.2553 -41.5224 0.0711384
    endloop
  endfacet
  facet normal -0.670472 -0.533079 -0.516037
    outer loop
      vertex 18.0794 -41.616 0.396383
      vertex 17.8492 -41.2995 0.368523
      vertex 18.0296 -41.2036 0.0350676
    endloop
  endfacet
  facet normal -0.936061 0.166625 -0.309879
    outer loop
      vertex 17.4276 -39.8221 0.532274
      vertex 17.3146 -39.8822 0.8413
      vertex 17.46 -39.4454 0.636958
    endloop
  endfacet
  facet normal -0.819154 0.230932 -0.525031
    outer loop
      vertex 17.5819 -39.7401 0.247077
      vertex 17.7735 -39.6222 0
      vertex 17.7682 -39.641 0
    endloop
  endfacet
  facet normal -0.819118 0.228833 -0.526005
    outer loop
      vertex 17.7735 -39.6222 0
      vertex 17.5819 -39.7401 0.247077
      vertex 17.7687 -39.2813 0.15578
    endloop
  endfacet
  facet normal -0.201723 -0.906821 -0.370112
    outer loop
      vertex 19.4505 -42.379 0.545661
      vertex 18.9845 -42.3126 0.636958
      vertex 19.1221 -42.2394 0.382612
    endloop
  endfacet
  facet normal -0.143995 -0.876116 -0.460094
    outer loop
      vertex 19.4505 -42.379 0.545661
      vertex 19.1221 -42.2394 0.382612
      vertex 19.2932 -42.1484 0.15578
    endloop
  endfacet
  facet normal -0.268361 -0.806937 -0.526151
    outer loop
      vertex 19.1221 -42.2394 0.382612
      vertex 18.8084 -42.0467 0.247077
      vertex 19.2932 -42.1484 0.15578
    endloop
  endfacet
  facet normal -0.334392 -0.842049 -0.423244
    outer loop
      vertex 18.9845 -42.3126 0.636958
      vertex 18.8084 -42.0467 0.247077
      vertex 19.1221 -42.2394 0.382612
    endloop
  endfacet
  facet normal -0.0746566 -0.839193 -0.538684
    outer loop
      vertex 19.5966 -42.3013 0.351928
      vertex 19.2932 -42.1484 0.15578
      vertex 19.7676 -42.2103 0.186464
    endloop
  endfacet
  facet normal -0.189018 -0.764975 -0.6157
    outer loop
      vertex 19.2932 -42.1484 0.15578
      vertex 19.2652 -42.0161 0
      vertex 19.4542 -42.0628 0
    endloop
  endfacet
  facet normal -0.126266 -0.982402 -0.137637
    outer loop
      vertex 19.5794 -42.5716 1.29566
      vertex 19.2469 -42.4872 0.998274
      vertex 19.6216 -42.5491 1.09635
    endloop
  endfacet
  facet normal -0.126148 -0.982398 -0.137767
    outer loop
      vertex 19.5794 -42.5716 1.29566
      vertex 19.1944 -42.5152 1.24601
      vertex 19.2469 -42.4872 0.998274
    endloop
  endfacet
  facet normal 0.0918698 -0.750798 -0.654112
    outer loop
      vertex 19.9594 -42.1083 0.0533447
      vertex 19.9073 -42.0682 0
      vertex 20.0732 -42.0479 0
    endloop
  endfacet
  facet normal -0.189191 -0.764964 -0.615659
    outer loop
      vertex 19.2932 -42.1484 0.15578
      vertex 19.0133 -41.9538 0
      vertex 19.2652 -42.0161 0
    endloop
  endfacet
  facet normal -0.385971 -0.718114 -0.579085
    outer loop
      vertex 18.9767 -41.938 0
      vertex 18.5171 -41.8058 0.142393
      vertex 18.6245 -41.7487 0
    endloop
  endfacet
  facet normal -0.752855 -0.400334 0.522438
    outer loop
      vertex 17.665 -40.9531 2.63148
      vertex 18.0296 -41.2036 2.96493
      vertex 17.8454 -40.8572 2.96493
    endloop
  endfacet
  facet normal -0.752855 -0.400334 0.522438
    outer loop
      vertex 18.0296 -41.2036 2.96493
      vertex 17.665 -40.9531 2.63148
      vertex 17.8492 -41.2995 2.63148
    endloop
  endfacet
  facet normal -0.816872 -0.257702 0.516052
    outer loop
      vertex 17.8454 -40.8572 2.96493
      vertex 17.5314 -40.5854 2.60362
      vertex 17.665 -40.9531 2.63148
    endloop
  endfacet
  facet normal -0.880168 -0.468169 -0.078245
    outer loop
      vertex 17.6364 -41.4126 1.11012
      vertex 17.4252 -41.0807 1.5
      vertex 17.4522 -41.0663 1.11012
    endloop
  endfacet
  facet normal -0.880258 -0.467963 -0.0784694
    outer loop
      vertex 17.4252 -41.0807 1.5
      vertex 17.6364 -41.4126 1.11012
      vertex 17.6093 -41.427 1.5
    endloop
  endfacet
  facet normal -0.774863 -0.588517 0.230728
    outer loop
      vertex 17.9505 -41.6845 2.2512
      vertex 17.6364 -41.4126 1.88988
      vertex 17.8718 -41.7263 1.88028
    endloop
  endfacet
  facet normal -0.437342 -0.897073 -0.0631762
    outer loop
      vertex 18.8016 -42.4098 1.5
      vertex 18.449 -42.2379 1.5
      vertex 18.8222 -42.3989 1.20262
    endloop
  endfacet
  facet normal -0.774766 -0.588744 0.230473
    outer loop
      vertex 17.717 -41.3698 2.27016
      vertex 17.6364 -41.4126 1.88988
      vertex 17.9505 -41.6845 2.2512
    endloop
  endfacet
  facet normal -0.942742 -0.324362 0.0776368
    outer loop
      vertex 17.3239 -40.6957 1.88028
      vertex 17.2974 -40.7097 1.5
      vertex 17.4522 -41.0663 1.88988
    endloop
  endfacet
  facet normal -0.942649 -0.324718 0.0772737
    outer loop
      vertex 17.4522 -41.0663 1.88988
      vertex 17.2974 -40.7097 1.5
      vertex 17.4252 -41.0807 1.5
    endloop
  endfacet
  facet normal -0.437342 -0.897073 0.0631762
    outer loop
      vertex 18.8222 -42.3989 1.79738
      vertex 18.449 -42.2379 1.5
      vertex 18.8016 -42.4098 1.5
    endloop
  endfacet
  facet normal -0.437479 -0.896991 0.0633922
    outer loop
      vertex 18.4721 -42.2256 1.83346
      vertex 18.449 -42.2379 1.5
      vertex 18.8222 -42.3989 1.79738
    endloop
  endfacet
  facet normal 0.0273119 -0.993946 0.106423
    outer loop
      vertex 19.6216 -42.5491 1.90365
      vertex 19.5794 -42.5716 1.70434
      vertex 19.9988 -42.5503 1.79564
    endloop
  endfacet
  facet normal 0.173727 -0.984485 0.0246743
    outer loop
      vertex 20.3501 -42.5008 1.5913
      vertex 19.9678 -42.5668 1.64966
      vertex 20.3438 -42.5042 1.5
    endloop
  endfacet
  facet normal 0.358902 -0.92771 0.102683
    outer loop
      vertex 20.7654 -42.3495 1.6387
      vertex 20.4947 -42.4239 1.91268
      vertex 20.7478 -42.3589 1.61529
    endloop
  endfacet
  facet normal 0.373644 -0.919856 0.119391
    outer loop
      vertex 20.5562 -42.3912 1.97215
      vertex 20.4947 -42.4239 1.91268
      vertex 20.7861 -42.3385 1.65869
    endloop
  endfacet
  facet normal -0.276382 -0.946721 0.165323
    outer loop
      vertex 18.8837 -42.3662 2.08745
      vertex 18.8222 -42.3989 1.79738
      vertex 19.2469 -42.4872 2.00173
    endloop
  endfacet
  facet normal -0.126264 -0.982402 0.137637
    outer loop
      vertex 19.6216 -42.5491 1.90365
      vertex 19.2469 -42.4872 2.00173
      vertex 19.5794 -42.5716 1.70434
    endloop
  endfacet
  facet normal -0.108464 0.606628 0.787552
    outer loop
      vertex 19.4742 -38.3744 3.30797
      vertex 19.2181 -38.5106 3.37761
      vertex 19.6862 -38.6212 3.52727
    endloop
  endfacet
  facet normal -0.185603 0.701048 0.688538
    outer loop
      vertex 19.2683 -38.1698 3.04415
      vertex 19.2181 -38.5106 3.37761
      vertex 19.4742 -38.3744 3.30797
    endloop
  endfacet
  facet normal 0.334418 0.842126 0.423069
    outer loop
      vertex 20.7815 -38.0388 2.46773
      vertex 20.4511 -37.855 2.36304
      vertex 20.6272 -38.1208 2.75292
    endloop
  endfacet
  facet normal 0.385316 0.86918 0.309932
    outer loop
      vertex 20.8945 -37.9787 2.1587
      vertex 20.4511 -37.855 2.36304
      vertex 20.7815 -38.0388 2.46773
    endloop
  endfacet
  facet normal 0.0746625 0.839199 0.538674
    outer loop
      vertex 19.839 -37.8663 2.64807
      vertex 19.668 -37.9573 2.81354
      vertex 20.1424 -38.0192 2.84422
    endloop
  endfacet
  facet normal 0.188893 0.764957 0.615759
    outer loop
      vertex 20.4354 -38.2228 3.00727
      vertex 20.1424 -38.0192 2.84422
      vertex 20.2108 -38.3422 3.2245
    endloop
  endfacet
  facet normal 0.144095 0.876119 0.460057
    outer loop
      vertex 19.9851 -37.7886 2.45434
      vertex 19.839 -37.8663 2.64807
      vertex 20.1424 -38.0192 2.84422
    endloop
  endfacet
  facet normal 0.100992 0.969046 0.225278
    outer loop
      vertex 20.033 -37.6547 1.96098
      vertex 20.0043 -37.67 2.03966
      vertex 20.1887 -37.6804 2.00173
    endloop
  endfacet
  facet normal -0.107305 0.858058 0.502217
    outer loop
      vertex 19.4965 -37.9436 2.75349
      vertex 19.4762 -38.0592 2.94666
      vertex 19.668 -37.9573 2.81354
    endloop
  endfacet
  facet normal -0.108481 0.857907 0.502223
    outer loop
      vertex 19.4762 -38.0592 2.94666
      vertex 19.4468 -37.9765 2.79904
      vertex 19.3783 -38.0028 2.82917
    endloop
  endfacet
  facet normal -0.107772 0.858036 0.502155
    outer loop
      vertex 19.4762 -38.0592 2.94666
      vertex 19.4965 -37.9436 2.75349
      vertex 19.4468 -37.9765 2.79904
    endloop
  endfacet
  facet normal 0.276382 0.946721 0.165323
    outer loop
      vertex 20.6134 -37.7687 1.79738
      vertex 20.1887 -37.6804 2.00173
      vertex 20.5519 -37.8014 2.08745
    endloop
  endfacet
  facet normal 0.420013 0.887596 0.18911
    outer loop
      vertex 20.6134 -37.7687 1.79738
      vertex 20.5519 -37.8014 2.08745
      vertex 20.8945 -37.9787 2.1587
    endloop
  endfacet
  facet normal 0.920706 0.140545 -0.364072
    outer loop
      vertex 21.984 -39.9624 0.451419
      vertex 21.9042 -39.5822 0.396383
      vertex 22.0331 -39.5137 0.748803
    endloop
  endfacet
  facet normal 0.879026 0.290579 -0.37799
    outer loop
      vertex 21.9042 -39.5822 0.396383
      vertex 21.9028 -39.1442 0.729839
      vertex 22.0331 -39.5137 0.748803
    endloop
  endfacet
  facet normal 0.815668 0.433736 -0.382831
    outer loop
      vertex 21.9028 -39.1442 0.729839
      vertex 21.5864 -38.8681 0.368523
      vertex 21.7186 -38.7978 0.729839
    endloop
  endfacet
  facet normal 0.815668 0.433736 -0.382831
    outer loop
      vertex 21.5864 -38.8681 0.368523
      vertex 21.9028 -39.1442 0.729839
      vertex 21.7706 -39.2145 0.368523
    endloop
  endfacet
  facet normal 0.752858 0.400336 -0.522432
    outer loop
      vertex 21.7706 -39.2145 0.368523
      vertex 21.406 -38.964 0.0350676
      vertex 21.5864 -38.8681 0.368523
    endloop
  endfacet
  facet normal 0.752858 0.400336 -0.522432
    outer loop
      vertex 21.406 -38.964 0.0350676
      vertex 21.7706 -39.2145 0.368523
      vertex 21.5902 -39.3104 0.0350676
    endloop
  endfacet
  facet normal 0.514652 0.786598 -0.34117
    outer loop
      vertex 21.0857 -38.2729 0.451419
      vertex 20.7815 -38.0388 0.532274
      vertex 20.8945 -37.9787 0.8413
    endloop
  endfacet
  facet normal 0.100994 0.969043 -0.22529
    outer loop
      vertex 20.1887 -37.6804 0.998274
      vertex 20.0043 -37.67 0.960344
      vertex 20.033 -37.6547 1.03902
    endloop
  endfacet
  facet normal 0.420011 0.887596 -0.189113
    outer loop
      vertex 20.8945 -37.9787 0.8413
      vertex 20.5519 -37.8014 0.912555
      vertex 20.6134 -37.7687 1.20262
    endloop
  endfacet
  facet normal 0.385331 0.869158 -0.309975
    outer loop
      vertex 20.8945 -37.9787 0.8413
      vertex 20.4511 -37.855 0.636958
      vertex 20.5519 -37.8014 0.912555
    endloop
  endfacet
  facet normal 0.880152 0.468161 0.0784694
    outer loop
      vertex 21.7992 -38.755 1.88988
      vertex 22.0105 -39.0869 1.5
      vertex 21.8263 -38.7406 1.5
    endloop
  endfacet
  facet normal 0.880152 0.468161 0.0784694
    outer loop
      vertex 22.0105 -39.0869 1.5
      vertex 21.7992 -38.755 1.88988
      vertex 21.9834 -39.1013 1.88988
    endloop
  endfacet
  facet normal 0.796311 0.599901 -0.0775074
    outer loop
      vertex 21.7992 -38.755 1.11012
      vertex 21.5902 -38.4272 1.5
      vertex 21.8263 -38.7406 1.5
    endloop
  endfacet
  facet normal 0.572207 0.817112 0.0700534
    outer loop
      vertex 21.308 -38.1547 1.5
      vertex 20.9867 -37.9297 1.5
      vertex 21.2829 -38.1681 1.86132
    endloop
  endfacet
  facet normal 0.552927 0.806763 0.208339
    outer loop
      vertex 20.9635 -37.942 1.83346
      vertex 20.8945 -37.9787 2.1587
      vertex 21.2829 -38.1681 1.86132
    endloop
  endfacet
  facet normal 0.774766 0.588744 0.230473
    outer loop
      vertex 21.7992 -38.755 1.88988
      vertex 21.4851 -38.4831 2.2512
      vertex 21.7186 -38.7978 2.27016
    endloop
  endfacet
  facet normal 0.672036 0.706397 0.222195
    outer loop
      vertex 21.5638 -38.4413 1.88028
      vertex 21.2829 -38.1681 1.86132
      vertex 21.4851 -38.4831 2.2512
    endloop
  endfacet
  facet normal -0.181374 0.81942 -0.54374
    outer loop
      vertex 19.2398 -38.1467 0
      vertex 19.2568 -38.0674 0.113835
      vertex 19.2651 -38.1411 0
    endloop
  endfacet
  facet normal -0.180307 0.819509 -0.543961
    outer loop
      vertex 19.2568 -38.0674 0.113835
      vertex 19.2398 -38.1467 0
      vertex 19.1874 -38.1043 0.0812471
    endloop
  endfacet
  facet normal 0.884993 -0.444804 -0.13761
    outer loop
      vertex 21.8577 -41.3602 1.29566
      vertex 21.8154 -41.3827 1.09635
      vertex 21.9737 -41.0374 0.998274
    endloop
  endfacet
  facet normal 0.808734 -0.578482 -0.106335
    outer loop
      vertex 21.8577 -41.3602 1.29566
      vertex 21.6055 -41.696 1.20436
      vertex 21.8154 -41.3827 1.09635
    endloop
  endfacet
  facet normal 0.936061 -0.166625 -0.309879
    outer loop
      vertex 22.121 -40.2854 0.8413
      vertex 21.9756 -40.7222 0.636958
      vertex 22.008 -40.3455 0.532274
    endloop
  endfacet
  facet normal 0.936042 -0.166581 -0.309961
    outer loop
      vertex 22.0764 -40.6686 0.912555
      vertex 21.9756 -40.7222 0.636958
      vertex 22.121 -40.2854 0.8413
    endloop
  endfacet
  facet normal 0.822901 -0.477672 -0.307673
    outer loop
      vertex 21.8876 -41.0831 0.762893
      vertex 21.7462 -41.4195 0.906977
      vertex 21.7701 -41.1456 0.545661
    endloop
  endfacet
  facet normal 0.822748 -0.477845 -0.307814
    outer loop
      vertex 21.7462 -41.4195 0.906977
      vertex 21.6516 -41.4698 0.732208
      vertex 21.7701 -41.1456 0.545661
    endloop
  endfacet
  facet normal 0.678881 -0.647535 -0.34615
    outer loop
      vertex 21.5341 -41.5323 0.576344
      vertex 21.2987 -41.8591 0.726007
      vertex 21.3965 -41.6054 0.443225
    endloop
  endfacet
  facet normal 0.386465 -0.803055 -0.453595
    outer loop
      vertex 20.8021 -42.1231 0.543292
      vertex 20.5381 -42.0618 0.209836
      vertex 20.7185 -41.9659 0.193754
    endloop
  endfacet
  facet normal 0.386766 -0.802801 -0.453787
    outer loop
      vertex 20.67 -42.1934 0.555071
      vertex 20.5381 -42.0618 0.209836
      vertex 20.8021 -42.1231 0.543292
    endloop
  endfacet
  facet normal 0.654376 -0.728919 -0.20117
    outer loop
      vertex 21.4855 -41.7598 0.937661
      vertex 21.2234 -42.0364 1.08732
      vertex 21.3995 -41.8055 0.823505
    endloop
  endfacet
  facet normal 0.95482 -0.291982 -0.0553573
    outer loop
      vertex 22.0438 -41 1.5
      vertex 22.0262 -41.0094 1.24601
      vertex 22.1379 -40.6359 1.20262
    endloop
  endfacet
  facet normal 0.954825 -0.291971 -0.0553423
    outer loop
      vertex 22.1585 -40.6249 1.5
      vertex 22.0438 -41 1.5
      vertex 22.1379 -40.6359 1.20262
    endloop
  endfacet
  facet normal 0.451865 -0.878252 0.1565
    outer loop
      vertex 20.8591 -42.2302 2.08361
      vertex 20.7784 -42.273 2.07643
      vertex 20.8608 -42.2988 1.69373
    endloop
  endfacet
  facet normal 0.627899 -0.674636 0.388085
    outer loop
      vertex 21.3965 -41.6054 2.55678
      vertex 21.2421 -41.6875 2.66387
      vertex 21.2987 -41.8591 2.27399
    endloop
  endfacet
  facet normal 0.774929 -0.503269 0.382369
    outer loop
      vertex 21.7701 -41.1456 2.45434
      vertex 21.5341 -41.5323 2.42366
      vertex 21.6516 -41.4698 2.26779
    endloop
  endfacet
  facet normal 0.774868 -0.503245 0.382523
    outer loop
      vertex 21.624 -41.2233 2.64807
      vertex 21.5341 -41.5323 2.42366
      vertex 21.7701 -41.1456 2.45434
    endloop
  endfacet
  facet normal 0.739769 -0.271045 0.615854
    outer loop
      vertex 21.6669 -40.8863 2.84422
      vertex 21.4373 -40.6489 3.2245
      vertex 21.4666 -40.9928 3.03795
    endloop
  endfacet
  facet normal 0.65807 -0.449806 0.603836
    outer loop
      vertex 21.4529 -41.3143 2.81354
      vertex 21.2421 -41.1122 3.19382
      vertex 21.2611 -41.4162 2.94666
    endloop
  endfacet
  facet normal 0.818689 -0.573134 0.0355759
    outer loop
      vertex 21.8577 -41.3602 1.70434
      vertex 21.6469 -41.674 1.5
      vertex 21.8719 -41.3526 1.5
    endloop
  endfacet
  facet normal 0.85983 -0.458041 0.225588
    outer loop
      vertex 21.8876 -41.0831 2.23711
      vertex 21.7462 -41.4195 2.09302
      vertex 21.9737 -41.0374 2.00173
    endloop
  endfacet
  facet normal -0.477513 0.54572 0.688601
    outer loop
      vertex 18.6011 -38.5245 3.10363
      vertex 18.3823 -38.6409 3.04415
      vertex 18.693 -38.7898 3.37761
    endloop
  endfacet
  facet normal -0.339032 0.735145 0.587043
    outer loop
      vertex 18.8544 -38.2845 2.98915
      vertex 18.7832 -38.326 3
      vertex 18.8253 -38.4053 3.12362
    endloop
  endfacet
  facet normal -0.50095 0.649145 0.572416
    outer loop
      vertex 18.5735 -38.4274 2.96936
      vertex 18.3823 -38.6409 3.04415
      vertex 18.6011 -38.5245 3.10363
    endloop
  endfacet
  facet normal -0.500514 0.648962 0.573005
    outer loop
      vertex 18.4418 -38.5109 2.94889
      vertex 18.3823 -38.6409 3.04415
      vertex 18.5735 -38.4274 2.96936
    endloop
  endfacet
  facet normal -0.494258 0.649564 0.577734
    outer loop
      vertex 18.3823 -38.6409 3.04415
      vertex 18.4418 -38.5109 2.94889
      vertex 18.4405 -38.5114 2.94834
    endloop
  endfacet
  facet normal -0.737537 0.407376 0.538595
    outer loop
      vertex 17.8116 -38.9443 2.64807
      vertex 17.7687 -39.2813 2.84422
      vertex 17.9827 -38.8533 2.81354
    endloop
  endfacet
  facet normal -0.811247 0.0815792 0.578985
    outer loop
      vertex 17.7737 -39.6381 3.00727
      vertex 17.6188 -40.1163 2.85761
      vertex 17.8266 -40.0058 3.1332
    endloop
  endfacet
  facet normal -0.406996 -0.0397563 0.912564
    outer loop
      vertex 18.9457 -40.2722 3.87031
      vertex 18.4694 -40.0866 3.66597
      vertex 18.6267 -40.4418 3.72065
    endloop
  endfacet
  facet normal -0.623967 0.181141 0.760167
    outer loop
      vertex 18.3428 -39.7314 3.55796
      vertex 17.9983 -39.5187 3.2245
      vertex 18.07 -39.8764 3.36859
    endloop
  endfacet
  facet normal -0.72382 0.128029 0.678006
    outer loop
      vertex 17.9983 -39.5187 3.2245
      vertex 17.7737 -39.6381 3.00727
      vertex 18.07 -39.8764 3.36859
    endloop
  endfacet
  facet normal -0.583598 0.0386427 0.811123
    outer loop
      vertex 18.3428 -39.7314 3.55796
      vertex 18.07 -39.8764 3.36859
      vertex 18.4694 -40.0866 3.66597
    endloop
  endfacet
  facet normal -0.552799 -0.80692 0.208072
    outer loop
      vertex 18.2274 -41.9598 2.21374
      vertex 18.1527 -41.9995 1.86132
      vertex 18.5411 -42.1889 2.1587
    endloop
  endfacet
  facet normal -0.552927 -0.806763 0.208339
    outer loop
      vertex 18.5411 -42.1889 2.1587
      vertex 18.1527 -41.9995 1.86132
      vertex 18.4721 -42.2256 1.83346
    endloop
  endfacet
  facet normal -0.514657 -0.786596 0.341167
    outer loop
      vertex 18.6541 -42.1288 2.46773
      vertex 18.3499 -41.8947 2.54858
      vertex 18.5411 -42.1889 2.1587
    endloop
  endfacet
  facet normal 0.00500025 -0.797062 0.603877
    outer loop
      vertex 19.718 -41.9225 3.19382
      vertex 19.4935 -42.042 3.03795
      vertex 19.7676 -42.2103 2.81354
    endloop
  endfacet
  facet normal -0.458497 -0.756846 0.465794
    outer loop
      vertex 18.5171 -41.8058 2.85761
      vertex 18.3499 -41.8947 2.54858
      vertex 18.8084 -42.0467 2.75292
    endloop
  endfacet
  facet normal -0.631395 -0.684709 0.364024
    outer loop
      vertex 18.0794 -41.616 2.60362
      vertex 17.9505 -41.6845 2.2512
      vertex 18.3499 -41.8947 2.54858
    endloop
  endfacet
  facet normal 0.00479138 -0.174102 0.984716
    outer loop
      vertex 19.8099 -40.257 3.99229
      vertex 19.4656 -40.44 3.96161
      vertex 19.9918 -40.5991 3.93092
    endloop
  endfacet
  facet normal -0.294211 -0.505415 0.811169
    outer loop
      vertex 19.0174 -41.1172 3.66597
      vertex 18.7302 -41.2699 3.46666
      vertex 18.9683 -41.5659 3.36859
    endloop
  endfacet
  facet normal -0.382433 -0.380014 0.84222
    outer loop
      vertex 19.0174 -41.1172 3.66597
      vertex 18.5164 -40.9447 3.51631
      vertex 18.7302 -41.2699 3.46666
    endloop
  endfacet
  facet normal -0.337263 0.733042 -0.59068
    outer loop
      vertex 18.8521 -38.2943 0
      vertex 18.7832 -38.326 0
      vertex 18.8544 -38.2845 0.0108487
    endloop
  endfacet
  facet normal -0.717084 0.534151 -0.447742
    outer loop
      vertex 17.8116 -38.9443 0.351928
      vertex 17.9491 -38.763 0.348003
      vertex 17.9827 -38.8533 0.186464
    endloop
  endfacet
  facet normal -0.717071 0.534141 -0.447775
    outer loop
      vertex 17.9491 -38.763 0.348003
      vertex 17.8116 -38.9443 0.351928
      vertex 17.8467 -38.8239 0.439341
    endloop
  endfacet
  facet normal -0.859922 0.458387 0.224535
    outer loop
      vertex 17.5277 -38.9868 1.96098
      vertex 17.4619 -39.1302 2.00173
      vertex 17.5564 -38.9715 2.03966
    endloop
  endfacet
  facet normal -0.420058 0.691923 -0.587192
    outer loop
      vertex 18.7183 -38.3654 0
      vertex 18.7089 -38.3619 0.0108487
      vertex 18.7832 -38.326 0
    endloop
  endfacet
  facet normal -0.73988 0.271181 -0.61566
    outer loop
      vertex 17.8627 -39.3785 0
      vertex 17.7687 -39.2813 0.15578
      vertex 17.9297 -39.1957 0
    endloop
  endfacet
  facet normal -0.811157 0.0815438 -0.579116
    outer loop
      vertex 17.7262 -40.0592 0
      vertex 17.6188 -40.1163 0.142393
      vertex 17.7662 -39.6613 0
    endloop
  endfacet
  facet normal -0.806882 0.370702 -0.459916
    outer loop
      vertex 17.7687 -39.2813 0.15578
      vertex 17.5976 -39.3723 0.382612
      vertex 17.6656 -39.022 0.545661
    endloop
  endfacet
  facet normal -0.42022 0.691928 0.58707
    outer loop
      vertex 18.7089 -38.3619 2.98915
      vertex 18.6011 -38.5245 3.10363
      vertex 18.8253 -38.4053 3.12362
    endloop
  endfacet
  facet normal -0.420505 0.691953 0.586837
    outer loop
      vertex 18.6011 -38.5245 3.10363
      vertex 18.7089 -38.3619 2.98915
      vertex 18.5735 -38.4274 2.96936
    endloop
  endfacet
  facet normal -0.939483 0.300152 -0.16517
    outer loop
      vertex 17.4619 -39.1302 0.998274
      vertex 17.2977 -39.5317 1.20262
      vertex 17.4094 -39.1582 1.24601
    endloop
  endfacet
  facet normal -0.936062 0.166629 0.309875
    outer loop
      vertex 17.46 -39.4454 2.36304
      vertex 17.3146 -39.8822 2.1587
      vertex 17.4276 -39.8221 2.46773
    endloop
  endfacet
  facet normal -0.864508 0.339971 0.370197
    outer loop
      vertex 17.548 -39.0845 2.23711
      vertex 17.46 -39.4454 2.36304
      vertex 17.6656 -39.022 2.45434
    endloop
  endfacet
  facet normal -0.884902 0.44507 0.137335
    outer loop
      vertex 17.5057 -39.0085 1.88955
      vertex 17.4619 -39.1302 2.00173
      vertex 17.5277 -38.9868 1.96098
    endloop
  endfacet
  facet normal -0.864567 0.340045 0.369991
    outer loop
      vertex 17.6656 -39.022 2.45434
      vertex 17.46 -39.4454 2.36304
      vertex 17.5976 -39.3723 2.61739
    endloop
  endfacet
  facet normal -0.774912 0.502961 0.382806
    outer loop
      vertex 17.6656 -39.022 2.45434
      vertex 17.8467 -38.8239 2.56066
      vertex 17.7633 -38.8618 2.44163
    endloop
  endfacet
  facet normal -0.774972 0.503367 0.382152
    outer loop
      vertex 17.8467 -38.8239 2.56066
      vertex 17.6656 -39.022 2.45434
      vertex 17.8116 -38.9443 2.64807
    endloop
  endfacet
  facet normal -0.936042 0.166581 -0.309961
    outer loop
      vertex 17.46 -39.4454 0.636958
      vertex 17.3146 -39.8822 0.8413
      vertex 17.3592 -39.499 0.912555
    endloop
  endfacet
  facet normal -0.939873 0.0132831 0.341267
    outer loop
      vertex 17.4516 -40.2052 2.54858
      vertex 17.3146 -39.8822 2.1587
      vertex 17.3291 -40.2703 2.21374
    endloop
  endfacet
  facet normal -0.909096 0.31628 -0.271131
    outer loop
      vertex 17.548 -39.0845 0.762893
      vertex 17.46 -39.4454 0.636958
      vertex 17.4619 -39.1302 0.998274
    endloop
  endfacet
  facet normal -0.939483 0.300152 0.165167
    outer loop
      vertex 17.4094 -39.1582 1.75399
      vertex 17.2977 -39.5317 1.79738
      vertex 17.4619 -39.1302 2.00173
    endloop
  endfacet
  facet normal 0.3408 -0.167841 0.925032
    outer loop
      vertex 20.6551 -40.2464 3.81195
      vertex 20.3276 -40.4206 3.901
      vertex 20.486 -40.7589 3.78126
    endloop
  endfacet
  facet normal 0.276796 -0.0293927 0.960479
    outer loop
      vertex 20.6551 -40.2464 3.81195
      vertex 20.1541 -40.0739 3.96161
      vertex 20.3276 -40.4206 3.901
    endloop
  endfacet
  facet normal 0.396479 -0.30208 0.866921
    outer loop
      vertex 20.7971 -40.5934 3.69665
      vertex 20.486 -40.7589 3.78126
      vertex 20.9126 -40.9279 3.52727
    endloop
  endfacet
  facet normal 0.513791 -0.239711 0.823746
    outer loop
      vertex 21.0928 -40.4362 3.55796
      vertex 20.7971 -40.5934 3.69665
      vertex 20.9126 -40.9279 3.52727
    endloop
  endfacet
  facet normal 0.0886408 0.560004 0.823734
    outer loop
      vertex 20.1945 -38.7468 3.55796
      vertex 19.6862 -38.6212 3.52727
      vertex 19.8988 -38.904 3.69665
    endloop
  endfacet
  facet normal 0.176694 0.443052 0.878911
    outer loop
      vertex 20.1945 -38.7468 3.55796
      vertex 19.8988 -38.904 3.69665
      vertex 20.1071 -39.2158 3.81195
    endloop
  endfacet
  facet normal 0.494067 0.611618 0.617917
    outer loop
      vertex 21.1803 -38.6452 2.92886
      vertex 20.7107 -38.4723 3.1332
      vertex 20.9615 -38.7615 3.21892
    endloop
  endfacet
  facet normal 0.400886 0.562084 0.723431
    outer loop
      vertex 20.7107 -38.4723 3.1332
      vertex 20.7054 -38.8977 3.46666
      vertex 20.9615 -38.7615 3.21892
    endloop
  endfacet
  facet normal 0.458644 0.756729 0.46584
    outer loop
      vertex 21.0857 -38.2729 2.54858
      vertex 20.6272 -38.1208 2.75292
      vertex 20.9185 -38.3618 2.85761
    endloop
  endfacet
  facet normal 0.386007 0.718115 0.57906
    outer loop
      vertex 20.6272 -38.1208 2.75292
      vertex 20.4354 -38.2228 3.00727
      vertex 20.9185 -38.3618 2.85761
    endloop
  endfacet
  facet normal 0.51571 -0.844302 0.145594
    outer loop
      vertex 21.093 -42.1058 2.02
      vertex 20.9414 -42.2559 1.68655
      vertex 20.9665 -42.2426 1.67477
    endloop
  endfacet
  facet normal 0.789152 -0.588965 0.174238
    outer loop
      vertex 21.7462 -41.4195 2.09302
      vertex 21.5548 -41.7229 1.93434
      vertex 21.6055 -41.696 1.79564
    endloop
  endfacet
  facet normal 0.420003 -0.692009 0.58713
    outer loop
      vertex 20.899 -41.87 2.79016
      vertex 20.6103 -41.7623 3.12362
      vertex 20.7185 -41.9659 2.80625
    endloop
  endfacet
  facet normal 0.571807 -0.704462 0.420442
    outer loop
      vertex 21.0749 -41.7764 2.74231
      vertex 21.0632 -41.9843 2.40988
      vertex 21.2421 -41.6875 2.66387
    endloop
  endfacet
  facet normal -0.298598 -0.671681 0.678
    outer loop
      vertex 18.9683 -41.5659 3.36859
      vertex 18.7249 -41.6953 3.1332
      vertex 19.0002 -41.9448 3.00727
    endloop
  endfacet
  facet normal -0.176694 -0.443052 0.878911
    outer loop
      vertex 19.3285 -40.9518 3.81195
      vertex 19.2411 -41.4208 3.55796
      vertex 19.5368 -41.2636 3.69665
    endloop
  endfacet
  facet normal 0.157133 -0.924967 0.346043
    outer loop
      vertex 20.3056 -42.3871 2.27399
      vertex 19.903 -42.3995 2.42366
      vertex 20.2048 -42.4407 2.17649
    endloop
  endfacet
  facet normal 0.00477626 -0.797077 0.603859
    outer loop
      vertex 19.9594 -42.1083 2.94666
      vertex 19.718 -41.9225 3.19382
      vertex 19.7676 -42.2103 2.81354
    endloop
  endfacet
  facet normal 0.282433 -0.649426 0.706029
    outer loop
      vertex 20.48 -41.5174 3.40101
      vertex 20.2175 -41.657 3.37761
      vertex 20.6103 -41.7623 3.12362
    endloop
  endfacet
  facet normal -0.0513567 -0.376379 0.925041
    outer loop
      vertex 19.8479 -41.0981 3.78126
      vertex 19.3285 -40.9518 3.81195
      vertex 19.5368 -41.2636 3.69665
    endloop
  endfacet
  facet normal 0.380442 -0.597297 0.706045
    outer loop
      vertex 20.7426 -41.3778 3.37761
      vertex 20.48 -41.5174 3.40101
      vertex 20.6103 -41.7623 3.12362
    endloop
  endfacet
  facet normal 0.282309 -0.649607 0.705912
    outer loop
      vertex 20.6103 -41.7623 3.12362
      vertex 20.2175 -41.657 3.37761
      vertex 20.386 -41.8815 3.10363
    endloop
  endfacet
  facet normal 0.658296 -0.449515 0.603807
    outer loop
      vertex 21.4666 -40.9928 3.03795
      vertex 21.2421 -41.1122 3.19382
      vertex 21.4529 -41.3143 2.81354
    endloop
  endfacet
  facet normal 0.578443 -0.607705 0.544149
    outer loop
      vertex 21.2611 -41.4162 2.94666
      vertex 21.0533 -41.5267 3.04415
      vertex 21.2421 -41.6875 2.66387
    endloop
  endfacet
  facet normal 0.268645 -0.933951 -0.235724
    outer loop
      vertex 20.4947 -42.4239 1.08732
      vertex 20.3056 -42.3871 0.726007
      vertex 20.5562 -42.3912 1.02785
    endloop
  endfacet
  facet normal 0.391533 -0.910369 0.133901
    outer loop
      vertex 20.8092 -42.3262 1.67477
      vertex 20.6251 -42.3546 2.02
      vertex 20.7861 -42.3385 1.65869
    endloop
  endfacet
  facet normal 0.589759 -0.763294 -0.263755
    outer loop
      vertex 21.1619 -42.0691 1.02785
      vertex 21.093 -42.1058 0.979997
      vertex 21.2987 -41.8591 0.726007
    endloop
  endfacet
  facet normal 0.429066 -0.890323 -0.152406
    outer loop
      vertex 20.8343 -42.3128 1.31345
      vertex 20.7784 -42.273 0.923573
      vertex 20.8608 -42.2988 1.30627
    endloop
  endfacet
  facet normal 0.678973 -0.64753 0.345978
    outer loop
      vertex 21.5341 -41.5323 2.42366
      vertex 21.2987 -41.8591 2.27399
      vertex 21.3995 -41.8055 2.17649
    endloop
  endfacet
  facet normal 0.063702 0.949288 -0.307888
    outer loop
      vertex 20.1027 -37.7261 0.762893
      vertex 19.9316 -37.7188 0.75
      vertex 19.9539 -37.6967 0.822753
    endloop
  endfacet
  facet normal 0.0636856 0.949375 -0.307622
    outer loop
      vertex 19.9851 -37.7886 0.545661
      vertex 19.9316 -37.7188 0.75
      vertex 20.1027 -37.7261 0.762893
    endloop
  endfacet
  facet normal 0.0646287 0.94939 -0.30738
    outer loop
      vertex 19.9316 -37.7188 0.75
      vertex 19.9851 -37.7886 0.545661
      vertex 19.8887 -37.7351 0.690635
    endloop
  endfacet
  facet normal 0.276381 0.946721 -0.165326
    outer loop
      vertex 20.5519 -37.8014 0.912555
      vertex 20.1887 -37.6804 0.998274
      vertex 20.6134 -37.7687 1.20262
    endloop
  endfacet
  facet normal -0.107166 0.858282 -0.501864
    outer loop
      vertex 19.668 -37.9573 0.186464
      vertex 19.4965 -37.9436 0.246515
      vertex 19.551 -37.9076 0.296444
    endloop
  endfacet
  facet normal 0.458647 0.756724 -0.465846
    outer loop
      vertex 20.9185 -38.3618 0.142393
      vertex 20.6272 -38.1208 0.247077
      vertex 21.0857 -38.2729 0.451419
    endloop
  endfacet
  facet normal 0.571449 0.652993 -0.497037
    outer loop
      vertex 21.3563 -38.5516 0.396383
      vertex 20.9185 -38.3618 0.142393
      vertex 21.0857 -38.2729 0.451419
    endloop
  endfacet
  facet normal -0.815738 -0.433773 -0.382638
    outer loop
      vertex 17.8492 -41.2995 0.368523
      vertex 17.5329 -41.0234 0.729839
      vertex 17.665 -40.9531 0.368523
    endloop
  endfacet
  facet normal -0.815765 -0.433552 -0.382831
    outer loop
      vertex 17.5329 -41.0234 0.729839
      vertex 17.8492 -41.2995 0.368523
      vertex 17.717 -41.3698 0.729839
    endloop
  endfacet
  facet normal -0.939874 0.013279 -0.341263
    outer loop
      vertex 17.3291 -40.2703 0.786264
      vertex 17.3146 -39.8822 0.8413
      vertex 17.4516 -40.2052 0.451419
    endloop
  endfacet
  facet normal -0.921355 -0.312998 -0.230515
    outer loop
      vertex 17.4522 -41.0663 1.11012
      vertex 17.3239 -40.6957 1.11972
      vertex 17.4025 -40.6539 0.748803
    endloop
  endfacet
  facet normal -0.783409 -0.0676181 0.617817
    outer loop
      vertex 17.8266 -40.0058 3.1332
      vertex 17.6188 -40.1163 2.85761
      vertex 17.7074 -40.4918 2.92886
    endloop
  endfacet
  facet normal -0.466168 0.101107 0.8789
    outer loop
      vertex 18.7805 -39.9212 3.81195
      vertex 18.3428 -39.7314 3.55796
      vertex 18.4694 -40.0866 3.66597
    endloop
  endfacet
  facet normal 0.536542 -0.833249 0.13349
    outer loop
      vertex 21.093 -42.1058 2.02
      vertex 20.9897 -42.2302 1.65869
      vertex 21.1619 -42.0691 1.97215
    endloop
  endfacet
  facet normal 0.34234 -0.894825 -0.286516
    outer loop
      vertex 20.6251 -42.3546 0.979997
      vertex 20.5411 -42.2619 0.590117
      vertex 20.6998 -42.3148 0.944951
    endloop
  endfacet
  facet normal 0.180079 -0.981018 -0.0719449
    outer loop
      vertex 20.3501 -42.5008 1.4087
      vertex 19.9988 -42.5503 1.20436
      vertex 20.369 -42.4908 1.31965
    endloop
  endfacet
  facet normal 0.474315 -0.866343 -0.156444
    outer loop
      vertex 20.8879 -42.2844 1.30385
      vertex 20.8591 -42.2302 0.916387
      vertex 20.915 -42.27 1.30627
    endloop
  endfacet
  facet normal 0.554568 -0.823696 -0.118232
    outer loop
      vertex 21.0103 -42.2192 1.3613
      vertex 20.9897 -42.2302 1.34131
      vertex 21.2234 -42.0364 1.08732
    endloop
  endfacet
  facet normal 0.373595 -0.919885 -0.119325
    outer loop
      vertex 20.7654 -42.3495 1.3613
      vertex 20.4947 -42.4239 1.08732
      vertex 20.7861 -42.3385 1.34131
    endloop
  endfacet
  facet normal 0.571939 -0.704431 -0.420311
    outer loop
      vertex 21.1856 -41.9192 0.647567
      vertex 21.0632 -41.9843 0.590117
      vertex 21.2421 -41.6875 0.336126
    endloop
  endfacet
  facet normal 0.627913 -0.674625 -0.388081
    outer loop
      vertex 21.2987 -41.8591 0.726007
      vertex 21.2421 -41.6875 0.336126
      vertex 21.3965 -41.6054 0.443225
    endloop
  endfacet
  facet normal 0.623975 -0.745088 -0.235582
    outer loop
      vertex 21.2234 -42.0364 1.08732
      vertex 21.1619 -42.0691 1.02785
      vertex 21.2987 -41.8591 0.726007
    endloop
  endfacet
  facet normal 0.335255 -0.940263 0.0592402
    outer loop
      vertex 20.7336 -42.3664 1.58905
      vertex 20.3999 -42.4743 1.76495
      vertex 20.7232 -42.3719 1.56061
    endloop
  endfacet
  facet normal 0.515709 -0.844303 -0.145593
    outer loop
      vertex 20.9665 -42.2426 1.32523
      vertex 20.9414 -42.2559 1.31345
      vertex 21.093 -42.1058 0.979997
    endloop
  endfacet
  facet normal 0.510312 -0.805464 -0.301346
    outer loop
      vertex 21.0183 -42.1455 0.944951
      vertex 20.9397 -42.1873 0.923573
      vertex 21.0632 -41.9843 0.590117
    endloop
  endfacet
  facet normal 0.623976 -0.745087 0.235583
    outer loop
      vertex 21.2987 -41.8591 2.27399
      vertex 21.1619 -42.0691 1.97215
      vertex 21.2234 -42.0364 1.91268
    endloop
  endfacet
  facet normal 0.719147 -0.694428 0.0244539
    outer loop
      vertex 21.6365 -41.6795 1.64966
      vertex 21.3744 -41.9562 1.5
      vertex 21.6469 -41.674 1.5
    endloop
  endfacet
  facet normal 0.712253 -0.698141 -0.07277
    outer loop
      vertex 21.368 -41.9596 1.4087
      vertex 21.3491 -41.9696 1.31965
      vertex 21.6055 -41.696 1.20436
    endloop
  endfacet
  facet normal 0.382543 -0.873427 -0.301307
    outer loop
      vertex 20.6998 -42.3148 0.944951
      vertex 20.5411 -42.2619 0.590117
      vertex 20.7784 -42.273 0.923573
    endloop
  endfacet
  facet normal -0.670832 -0.356525 -0.650288
    outer loop
      vertex 18.056 -41.1895 0
      vertex 17.8454 -40.8572 0.0350676
      vertex 17.8719 -40.8431 0
    endloop
  endfacet
  facet normal -0.671586 -0.357119 -0.649182
    outer loop
      vertex 17.8454 -40.8572 0.0350676
      vertex 18.056 -41.1895 0
      vertex 18.0296 -41.2036 0.0350676
    endloop
  endfacet
  facet normal -0.735744 -0.214715 -0.642322
    outer loop
      vertex 17.8454 -40.8572 0.0350676
      vertex 17.7847 -40.5443 0
      vertex 17.8719 -40.8431 0
    endloop
  endfacet
  facet normal -0.736338 -0.214753 -0.641629
    outer loop
      vertex 17.7847 -40.5443 0
      vertex 17.8454 -40.8572 0.0350676
      vertex 17.7074 -40.4918 0.0711384
    endloop
  endfacet
  facet normal 0.179963 -0.819544 -0.544022
    outer loop
      vertex 20.0732 -42.0479 0
      vertex 20.1949 -42.2443 0.336126
      vertex 19.9594 -42.1083 0.0533447
    endloop
  endfacet
  facet normal 0.18023 -0.819456 -0.544067
    outer loop
      vertex 20.1949 -42.2443 0.336126
      vertex 20.0732 -42.0479 0
      vertex 20.1705 -42.0265 0
    endloop
  endfacet
  facet normal 0.107563 -0.858123 -0.502051
    outer loop
      vertex 20.0406 -42.3263 0.443225
      vertex 19.7676 -42.2103 0.186464
      vertex 20.1949 -42.2443 0.336126
    endloop
  endfacet
  facet normal -0.671331 -0.357087 0.649464
    outer loop
      vertex 17.8454 -40.8572 2.96493
      vertex 18.2539 -41.0843 3.26232
      vertex 18.0697 -40.738 3.26232
    endloop
  endfacet
  facet normal -0.671321 -0.356979 0.649534
    outer loop
      vertex 18.2539 -41.0843 3.26232
      vertex 17.8454 -40.8572 2.96493
      vertex 18.0296 -41.2036 2.96493
    endloop
  endfacet
  facet normal -0.796219 -0.600023 0.0775056
    outer loop
      vertex 17.6364 -41.4126 1.88988
      vertex 17.6093 -41.427 1.5
      vertex 17.8454 -41.7403 1.5
    endloop
  endfacet
  facet normal -0.796219 -0.600023 -0.0775056
    outer loop
      vertex 17.8454 -41.7403 1.5
      vertex 17.6093 -41.427 1.5
      vertex 17.6364 -41.4126 1.11012
    endloop
  endfacet
  facet normal 0.0272837 -0.993933 0.10655
    outer loop
      vertex 19.9988 -42.5503 1.79564
      vertex 19.5794 -42.5716 1.70434
      vertex 19.9678 -42.5668 1.64966
    endloop
  endfacet
  facet normal 0.0173487 -0.999219 0.0355157
    outer loop
      vertex 19.9678 -42.5668 1.64966
      vertex 19.5794 -42.5716 1.70434
      vertex 19.9574 -42.5723 1.5
    endloop
  endfacet
  facet normal 0.238226 -0.950167 0.201074
    outer loop
      vertex 20.4947 -42.4239 1.91268
      vertex 20.1187 -42.4865 2.06234
      vertex 20.4422 -42.4518 1.84304
    endloop
  endfacet
  facet normal 0.180079 -0.981018 0.0719449
    outer loop
      vertex 20.369 -42.4908 1.68035
      vertex 19.9988 -42.5503 1.79564
      vertex 20.3501 -42.5008 1.5913
    endloop
  endfacet
  facet normal 0.268628 -0.933957 0.235718
    outer loop
      vertex 20.3056 -42.3871 2.27399
      vertex 20.2048 -42.4407 2.17649
      vertex 20.4947 -42.4239 1.91268
    endloop
  endfacet
  facet normal 0.0417805 -0.893101 0.447912
    outer loop
      vertex 20.0406 -42.3263 2.55678
      vertex 19.7676 -42.2103 2.81354
      vertex 19.903 -42.3995 2.42366
    endloop
  endfacet
  facet normal 0.329029 -0.943601 0.0368346
    outer loop
      vertex 20.7232 -42.3719 1.56061
      vertex 20.3501 -42.5008 1.5913
      vertex 20.7168 -42.3753 1.53068
    endloop
  endfacet
  facet normal -0.268364 -0.806933 0.526156
    outer loop
      vertex 19.2932 -42.1484 2.84422
      vertex 18.8084 -42.0467 2.75292
      vertex 19.1221 -42.2394 2.61739
    endloop
  endfacet
  facet normal -0.276491 -0.946644 0.165584
    outer loop
      vertex 19.2469 -42.4872 2.00173
      vertex 18.8222 -42.3989 1.79738
      vertex 19.1944 -42.5152 1.75399
    endloop
  endfacet
  facet normal -0.0638205 -0.949319 0.307766
    outer loop
      vertex 19.7855 -42.462 2.26779
      vertex 19.4505 -42.379 2.45434
      vertex 19.6909 -42.5123 2.09302
    endloop
  endfacet
  facet normal 0.0469575 -0.983572 0.174302
    outer loop
      vertex 20.0495 -42.5233 1.93434
      vertex 19.6909 -42.5123 2.09302
      vertex 19.9988 -42.5503 1.79564
    endloop
  endfacet
  facet normal 0.0980979 0.716492 0.690663
    outer loop
      vertex 19.9422 -38.1256 3.03795
      vertex 19.7176 -38.2451 3.19382
      vertex 20.2108 -38.3422 3.2245
    endloop
  endfacet
  facet normal 0.189242 0.764936 0.615679
    outer loop
      vertex 20.1424 -38.0192 2.84422
      vertex 19.9422 -38.1256 3.03795
      vertex 20.2108 -38.3422 3.2245
    endloop
  endfacet
  facet normal 0.201725 0.906823 0.370107
    outer loop
      vertex 20.4511 -37.855 2.36304
      vertex 19.9851 -37.7886 2.45434
      vertex 20.3135 -37.9282 2.61739
    endloop
  endfacet
  facet normal 0.0646536 0.94939 0.307372
    outer loop
      vertex 19.9851 -37.7886 2.45434
      vertex 19.9316 -37.7188 2.25
      vertex 19.8887 -37.7351 2.30937
    endloop
  endfacet
  facet normal 0.0636802 0.949375 0.307622
    outer loop
      vertex 20.1027 -37.7261 2.23711
      vertex 19.9316 -37.7188 2.25
      vertex 19.9851 -37.7886 2.45434
    endloop
  endfacet
  facet normal 0.0636972 0.949284 0.307899
    outer loop
      vertex 19.9316 -37.7188 2.25
      vertex 20.1027 -37.7261 2.23711
      vertex 19.9539 -37.6967 2.17725
    endloop
  endfacet
  facet normal 0.143992 0.876115 0.460096
    outer loop
      vertex 20.3135 -37.9282 2.61739
      vertex 19.9851 -37.7886 2.45434
      vertex 20.1424 -38.0192 2.84422
    endloop
  endfacet
  facet normal 0.268205 0.807037 0.526078
    outer loop
      vertex 20.3135 -37.9282 2.61739
      vertex 20.1424 -38.0192 2.84422
      vertex 20.6272 -38.1208 2.75292
    endloop
  endfacet
  facet normal 0.0747228 0.839458 0.538263
    outer loop
      vertex 20.1424 -38.0192 2.84422
      vertex 19.668 -37.9573 2.81354
      vertex 19.9422 -38.1256 3.03795
    endloop
  endfacet
  facet normal -0.00185279 0.663492 0.748181
    outer loop
      vertex 19.7176 -38.2451 3.19382
      vertex 19.6862 -38.6212 3.52727
      vertex 19.959 -38.4761 3.39927
    endloop
  endfacet
  facet normal 0.961422 0.162273 -0.222114
    outer loop
      vertex 22.1065 -39.8973 0.786264
      vertex 22.0331 -39.5137 0.748803
      vertex 22.1812 -39.8575 1.13868
    endloop
  endfacet
  facet normal 0.97808 0.00703027 -0.208113
    outer loop
      vertex 22.121 -40.2854 0.8413
      vertex 22.1065 -39.8973 0.786264
      vertex 22.1812 -39.8575 1.13868
    endloop
  endfacet
  facet normal 0.796299 0.599914 0.0775247
    outer loop
      vertex 21.5902 -38.4272 1.5
      vertex 21.5638 -38.4413 1.88028
      vertex 21.7992 -38.755 1.88988
    endloop
  endfacet
  facet normal 0.732621 0.565914 -0.378163
    outer loop
      vertex 21.5864 -38.8681 0.368523
      vertex 21.3563 -38.5516 0.396383
      vertex 21.7186 -38.7978 0.729839
    endloop
  endfacet
  facet normal 0.774863 0.588517 -0.23073
    outer loop
      vertex 21.7992 -38.755 1.11012
      vertex 21.4851 -38.4831 0.748803
      vertex 21.5638 -38.4413 1.11972
    endloop
  endfacet
  facet normal 0.774765 0.588746 -0.230473
    outer loop
      vertex 21.7186 -38.7978 0.729839
      vertex 21.4851 -38.4831 0.748803
      vertex 21.7992 -38.755 1.11012
    endloop
  endfacet
  facet normal 0.494055 0.611582 -0.617962
    outer loop
      vertex 21.1266 -38.6737 0
      vertex 21.0168 -38.585 0
      vertex 21.1803 -38.6452 0.0711384
    endloop
  endfacet
  facet normal 0.2919 0.954848 0.055317
    outer loop
      vertex 20.6341 -37.7578 1.5
      vertex 20.2589 -37.6431 1.5
      vertex 20.6134 -37.7687 1.79738
    endloop
  endfacet
  facet normal 0.437338 0.897065 0.0633227
    outer loop
      vertex 20.6341 -37.7578 1.5
      vertex 20.6134 -37.7687 1.79738
      vertex 20.9867 -37.9297 1.5
    endloop
  endfacet
  facet normal 0.437465 0.896989 -0.0635223
    outer loop
      vertex 20.9635 -37.942 1.16654
      vertex 20.6134 -37.7687 1.20262
      vertex 20.9867 -37.9297 1.5
    endloop
  endfacet
  facet normal 0.572289 0.817063 -0.0699543
    outer loop
      vertex 21.2829 -38.1681 1.13868
      vertex 20.9635 -37.942 1.16654
      vertex 20.9867 -37.9297 1.5
    endloop
  endfacet
  facet normal 0.732531 0.566281 0.377789
    outer loop
      vertex 21.4851 -38.4831 2.2512
      vertex 21.3563 -38.5516 2.60362
      vertex 21.7186 -38.7978 2.27016
    endloop
  endfacet
  facet normal 0.774863 0.588517 0.230728
    outer loop
      vertex 21.5638 -38.4413 1.88028
      vertex 21.4851 -38.4831 2.2512
      vertex 21.7992 -38.755 1.88988
    endloop
  endfacet
  facet normal 0.552799 0.80692 0.208072
    outer loop
      vertex 21.2829 -38.1681 1.86132
      vertex 20.8945 -37.9787 2.1587
      vertex 21.2082 -38.2078 2.21374
    endloop
  endfacet
  facet normal 0.437465 0.896989 0.0635223
    outer loop
      vertex 20.9867 -37.9297 1.5
      vertex 20.6134 -37.7687 1.79738
      vertex 20.9635 -37.942 1.83346
    endloop
  endfacet
  facet normal 0.419877 0.887633 0.189238
    outer loop
      vertex 20.9635 -37.942 1.83346
      vertex 20.6134 -37.7687 1.79738
      vertex 20.8945 -37.9787 2.1587
    endloop
  endfacet
  facet normal 0.864661 -0.339909 -0.369897
    outer loop
      vertex 21.8876 -41.0831 0.762893
      vertex 21.7701 -41.1456 0.545661
      vertex 21.9756 -40.7222 0.636958
    endloop
  endfacet
  facet normal 0.909096 -0.31628 -0.271131
    outer loop
      vertex 21.9737 -41.0374 0.998274
      vertex 21.8876 -41.0831 0.762893
      vertex 21.9756 -40.7222 0.636958
    endloop
  endfacet
  facet normal 0.883824 -0.0429383 -0.465845
    outer loop
      vertex 21.8537 -40.4275 0.247077
      vertex 21.8168 -40.0513 0.142393
      vertex 21.984 -39.9624 0.451419
    endloop
  endfacet
  facet normal 0.883831 -0.0429465 -0.465831
    outer loop
      vertex 22.008 -40.3455 0.532274
      vertex 21.8537 -40.4275 0.247077
      vertex 21.984 -39.9624 0.451419
    endloop
  endfacet
  facet normal 0.257946 -0.778173 -0.572635
    outer loop
      vertex 20.2317 -42.009 0
      vertex 20.3621 -42.1554 0.257687
      vertex 20.1958 -42.0209 0
    endloop
  endfacet
  facet normal 0.258106 -0.778093 -0.572671
    outer loop
      vertex 20.3621 -42.1554 0.257687
      vertex 20.2317 -42.009 0
      vertex 20.5381 -42.0618 0.209836
    endloop
  endfacet
  facet normal 0.264294 -0.867998 -0.420391
    outer loop
      vertex 20.5411 -42.2619 0.590117
      vertex 20.1949 -42.2443 0.336126
      vertex 20.3621 -42.1554 0.257687
    endloop
  endfacet
  facet normal 0.500891 -0.648839 -0.572814
    outer loop
      vertex 20.899 -41.87 0.209836
      vertex 20.8558 -41.7181 0
      vertex 21.0264 -41.5864 0
    endloop
  endfacet
  facet normal 0.737607 -0.407496 -0.538407
    outer loop
      vertex 21.6669 -40.8863 0.15578
      vertex 21.4643 -41.0472 0
      vertex 21.5059 -40.9719 0
    endloop
  endfacet
  facet normal 0.737598 -0.407404 -0.53849
    outer loop
      vertex 21.4643 -41.0472 0
      vertex 21.6669 -40.8863 0.15578
      vertex 21.4529 -41.3143 0.186464
    endloop
  endfacet
  facet normal 0.578573 -0.607663 -0.544058
    outer loop
      vertex 21.0752 -41.5454 0
      vertex 21.0749 -41.7764 0.257687
      vertex 21.0564 -41.5633 0
    endloop
  endfacet
  facet normal 0.578411 -0.607749 -0.544135
    outer loop
      vertex 21.0749 -41.7764 0.257687
      vertex 21.0752 -41.5454 0
      vertex 21.2421 -41.6875 0.336126
    endloop
  endfacet
  facet normal 0.550961 -0.783852 0.286387
    outer loop
      vertex 21.0632 -41.9843 2.40988
      vertex 21.0183 -42.1455 2.05505
      vertex 21.093 -42.1058 2.02
    endloop
  endfacet
  facet normal 0.46736 -0.82825 0.309153
    outer loop
      vertex 20.9343 -42.0529 2.44493
      vertex 20.8021 -42.1231 2.45671
      vertex 20.8591 -42.2302 2.08361
    endloop
  endfacet
  facet normal 0.737534 -0.407375 0.538599
    outer loop
      vertex 21.4666 -40.9928 3.03795
      vertex 21.4529 -41.3143 2.81354
      vertex 21.6669 -40.8863 2.84422
    endloop
  endfacet
  facet normal 0.737537 -0.407376 0.538595
    outer loop
      vertex 21.6669 -40.8863 2.84422
      vertex 21.4529 -41.3143 2.81354
      vertex 21.624 -41.2233 2.64807
    endloop
  endfacet
  facet normal 0.808734 -0.578482 0.106335
    outer loop
      vertex 21.8154 -41.3827 1.90365
      vertex 21.6055 -41.696 1.79564
      vertex 21.8577 -41.3602 1.70434
    endloop
  endfacet
  facet normal 0.884993 -0.444805 0.13761
    outer loop
      vertex 21.9737 -41.0374 2.00173
      vertex 21.8154 -41.3827 1.90365
      vertex 21.8577 -41.3602 1.70434
    endloop
  endfacet
  facet normal -0.570786 0.496209 0.654202
    outer loop
      vertex 18.3823 -38.6409 3.04415
      vertex 18.1745 -38.7514 2.94666
      vertex 18.1935 -39.0554 3.19382
    endloop
  endfacet
  facet normal -0.65807 0.449806 0.603836
    outer loop
      vertex 18.1745 -38.7514 2.94666
      vertex 17.9827 -38.8533 2.81354
      vertex 18.1935 -39.0554 3.19382
    endloop
  endfacet
  facet normal -0.819158 0.22886 0.525931
    outer loop
      vertex 17.7687 -39.2813 2.84422
      vertex 17.5819 -39.7401 2.75292
      vertex 17.7737 -39.6381 3.00727
    endloop
  endfacet
  facet normal -0.807141 0.370344 0.459748
    outer loop
      vertex 17.8116 -38.9443 2.64807
      vertex 17.6656 -39.022 2.45434
      vertex 17.7687 -39.2813 2.84422
    endloop
  endfacet
  facet normal -0.723798 0.128078 0.678021
    outer loop
      vertex 18.07 -39.8764 3.36859
      vertex 17.7737 -39.6381 3.00727
      vertex 17.8266 -40.0058 3.1332
    endloop
  endfacet
  facet normal -0.690143 -0.0178704 0.723452
    outer loop
      vertex 18.07 -39.8764 3.36859
      vertex 17.8266 -40.0058 3.1332
      vertex 18.1822 -40.2393 3.46666
    endloop
  endfacet
  facet normal -0.46609 0.101309 0.878918
    outer loop
      vertex 18.6385 -39.5742 3.69665
      vertex 18.3428 -39.7314 3.55796
      vertex 18.7805 -39.9212 3.81195
    endloop
  endfacet
  facet normal -0.340873 0.167863 0.925001
    outer loop
      vertex 18.9496 -39.4087 3.78126
      vertex 18.6385 -39.5742 3.69665
      vertex 18.7805 -39.9212 3.81195
    endloop
  endfacet
  facet normal -0.0746625 -0.839199 0.538674
    outer loop
      vertex 19.7676 -42.2103 2.81354
      vertex 19.2932 -42.1484 2.84422
      vertex 19.5966 -42.3013 2.64807
    endloop
  endfacet
  facet normal -0.494062 -0.61173 0.61781
    outer loop
      vertex 18.7249 -41.6953 3.1332
      vertex 18.2553 -41.5224 2.92886
      vertex 18.5171 -41.8058 2.85761
    endloop
  endfacet
  facet normal -0.338196 0.734254 -0.588638
    outer loop
      vertex 18.8521 -38.2943 0
      vertex 18.9844 -38.2088 0.0306392
      vertex 18.9993 -38.2265 0
    endloop
  endfacet
  facet normal -0.336947 0.733095 -0.590794
    outer loop
      vertex 18.9844 -38.2088 0.0306392
      vertex 18.8521 -38.2943 0
      vertex 18.8544 -38.2845 0.0108487
    endloop
  endfacet
  facet normal -0.822846 0.477514 -0.308067
    outer loop
      vertex 17.548 -39.0845 0.762893
      vertex 17.6751 -38.9121 0.690635
      vertex 17.6656 -39.022 0.545661
    endloop
  endfacet
  facet normal -0.822915 0.477885 -0.307305
    outer loop
      vertex 17.6751 -38.9121 0.690635
      vertex 17.548 -39.0845 0.762893
      vertex 17.6376 -38.9385 0.75
    endloop
  endfacet
  facet normal -0.822838 0.477808 -0.30763
    outer loop
      vertex 17.6376 -38.9385 0.75
      vertex 17.548 -39.0845 0.762893
      vertex 17.6068 -38.9447 0.822753
    endloop
  endfacet
  facet normal -0.737528 0.407378 -0.538605
    outer loop
      vertex 17.9827 -38.8533 0.186464
      vertex 17.7687 -39.2813 0.15578
      vertex 17.8116 -38.9443 0.351928
    endloop
  endfacet
  facet normal -0.00486042 0.797108 -0.603817
    outer loop
      vertex 19.5283 -38.0994 0
      vertex 19.668 -37.9573 0.186464
      vertex 19.6923 -38.0984 0
    endloop
  endfacet
  facet normal -0.0039186 0.796773 -0.604267
    outer loop
      vertex 19.668 -37.9573 0.186464
      vertex 19.5283 -38.0994 0
      vertex 19.4762 -38.0592 0.0533447
    endloop
  endfacet
  facet normal -0.897998 0.437553 0.0463242
    outer loop
      vertex 17.4587 -39.0302 1.5
      vertex 17.3918 -39.1675 1.5
      vertex 17.4668 -39.0223 1.5824
    endloop
  endfacet
  facet normal -0.885103 0.193718 -0.423162
    outer loop
      vertex 17.5819 -39.7401 0.247077
      vertex 17.46 -39.4454 0.636958
      vertex 17.5976 -39.3723 0.382612
    endloop
  endfacet
  facet normal -0.819094 0.228814 -0.52605
    outer loop
      vertex 17.7687 -39.2813 0.15578
      vertex 17.5819 -39.7401 0.247077
      vertex 17.5976 -39.3723 0.382612
    endloop
  endfacet
  facet normal -0.954811 0.291993 0.0554712
    outer loop
      vertex 17.3918 -39.1675 1.5
      vertex 17.2977 -39.5317 1.79738
      vertex 17.4094 -39.1582 1.75399
    endloop
  endfacet
  facet normal -0.883826 0.0429428 0.465841
    outer loop
      vertex 17.5819 -39.7401 2.75292
      vertex 17.4276 -39.8221 2.46773
      vertex 17.4516 -40.2052 2.54858
    endloop
  endfacet
  facet normal -0.717199 0.534034 0.447698
    outer loop
      vertex 18.0069 -38.7286 2.70356
      vertex 17.9491 -38.763 2.652
      vertex 17.9827 -38.8533 2.81354
    endloop
  endfacet
  facet normal -0.822769 0.477596 0.308143
    outer loop
      vertex 17.6751 -38.9121 2.30937
      vertex 17.6656 -39.022 2.45434
      vertex 17.7163 -38.8831 2.37443
    endloop
  endfacet
  facet normal -0.739769 0.271045 0.615854
    outer loop
      vertex 17.969 -39.1748 3.03795
      vertex 17.7687 -39.2813 2.84422
      vertex 17.9983 -39.5187 3.2245
    endloop
  endfacet
  facet normal -0.739755 0.271069 0.615861
    outer loop
      vertex 17.9983 -39.5187 3.2245
      vertex 17.7687 -39.2813 2.84422
      vertex 17.7737 -39.6381 3.00727
    endloop
  endfacet
  facet normal -0.988281 0.138894 -0.0633222
    outer loop
      vertex 17.2977 -39.5317 1.20262
      vertex 17.2225 -39.9312 1.5
      vertex 17.2771 -39.5427 1.5
    endloop
  endfacet
  facet normal -0.93992 0.013112 0.341142
    outer loop
      vertex 17.4276 -39.8221 2.46773
      vertex 17.3146 -39.8822 2.1587
      vertex 17.4516 -40.2052 2.54858
    endloop
  endfacet
  facet normal 0.548977 -0.372391 0.748297
    outer loop
      vertex 21.1855 -40.7828 3.39927
      vertex 20.9126 -40.9279 3.52727
      vertex 21.2421 -41.1122 3.19382
    endloop
  endfacet
  facet normal 0.442359 -0.429118 0.787512
    outer loop
      vertex 20.9126 -40.9279 3.52727
      vertex 20.7426 -41.3778 3.37761
      vertex 20.9987 -41.2416 3.30797
    endloop
  endfacet
  facet normal 0.344895 -0.93517 0.0806507
    outer loop
      vertex 20.7478 -42.3589 1.61529
      vertex 20.3999 -42.4743 1.76495
      vertex 20.7336 -42.3664 1.58905
    endloop
  endfacet
  facet normal 0.358902 -0.92771 -0.102683
    outer loop
      vertex 20.7478 -42.3589 1.38471
      vertex 20.4947 -42.4239 1.08732
      vertex 20.7654 -42.3495 1.3613
    endloop
  endfacet
  facet normal -0.0981439 -0.716667 0.690475
    outer loop
      vertex 19.4766 -41.6915 3.39927
      vertex 19.2248 -41.8254 3.2245
      vertex 19.718 -41.9225 3.19382
    endloop
  endfacet
  facet normal 0.185603 -0.701048 0.688538
    outer loop
      vertex 20.2175 -41.657 3.37761
      vertex 19.9614 -41.7932 3.30797
      vertex 20.1673 -41.9978 3.04415
    endloop
  endfacet
  facet normal 0.386449 -0.803063 0.453593
    outer loop
      vertex 20.7185 -41.9659 2.80625
      vertex 20.5381 -42.0618 2.79016
      vertex 20.8021 -42.1231 2.45671
    endloop
  endfacet
  facet normal 0.449343 -0.769635 0.453601
    outer loop
      vertex 20.899 -41.87 2.79016
      vertex 20.7185 -41.9659 2.80625
      vertex 20.8021 -42.1231 2.45671
    endloop
  endfacet
  facet normal -0.0886199 -0.559993 0.823744
    outer loop
      vertex 19.7495 -41.5464 3.52727
      vertex 19.2411 -41.4208 3.55796
      vertex 19.4766 -41.6915 3.39927
    endloop
  endfacet
  facet normal -0.201725 -0.906823 0.370107
    outer loop
      vertex 19.1221 -42.2394 2.61739
      vertex 18.9845 -42.3126 2.36304
      vertex 19.4505 -42.379 2.45434
    endloop
  endfacet
  facet normal 0.0288893 -0.497531 0.866965
    outer loop
      vertex 19.8479 -41.0981 3.78126
      vertex 19.5368 -41.2636 3.69665
      vertex 19.7495 -41.5464 3.52727
    endloop
  endfacet
  facet normal 0.0288012 -0.497518 0.866976
    outer loop
      vertex 19.8479 -41.0981 3.78126
      vertex 19.7495 -41.5464 3.52727
      vertex 20.0366 -41.3937 3.60536
    endloop
  endfacet
  facet normal 0.331445 -0.488125 0.80739
    outer loop
      vertex 20.6255 -41.0806 3.60536
      vertex 20.3311 -41.2371 3.6316
      vertex 20.7426 -41.3778 3.37761
    endloop
  endfacet
  facet normal 0.0787192 -0.307145 0.948401
    outer loop
      vertex 19.9918 -40.5991 3.93092
      vertex 19.8479 -41.0981 3.78126
      vertex 20.167 -40.9285 3.8097
    endloop
  endfacet
  facet normal 0.380512 -0.597297 0.706008
    outer loop
      vertex 20.7426 -41.3778 3.37761
      vertex 20.6103 -41.7623 3.12362
      vertex 20.8345 -41.6431 3.10363
    endloop
  endfacet
  facet normal 0.420178 -0.691824 0.587222
    outer loop
      vertex 20.8345 -41.6431 3.10363
      vertex 20.6103 -41.7623 3.12362
      vertex 20.899 -41.87 2.79016
    endloop
  endfacet
  facet normal 0.328986 -0.943643 -0.0361436
    outer loop
      vertex 20.7232 -42.3719 1.43939
      vertex 20.3501 -42.5008 1.4087
      vertex 20.369 -42.4908 1.31965
    endloop
  endfacet
  facet normal 0.335999 -0.939911 -0.060593
    outer loop
      vertex 20.7232 -42.3719 1.43939
      vertex 20.369 -42.4908 1.31965
      vertex 20.3999 -42.4743 1.23505
    endloop
  endfacet
  facet normal 0.591417 -0.804072 0.0607715
    outer loop
      vertex 21.3182 -41.986 1.76495
      vertex 21.0422 -42.2023 1.58905
      vertex 21.0526 -42.1968 1.56061
    endloop
  endfacet
  facet normal 0.49607 -0.854775 -0.152563
    outer loop
      vertex 20.9414 -42.2559 1.31345
      vertex 20.9397 -42.1873 0.923573
      vertex 21.0183 -42.1455 0.944951
    endloop
  endfacet
  facet normal 0.0631539 0.949194 -0.308289
    outer loop
      vertex 19.9851 -37.7886 0.545661
      vertex 19.8416 -37.7531 0.625566
      vertex 19.8887 -37.7351 0.690635
    endloop
  endfacet
  facet normal 0.0160045 0.9241 -0.381815
    outer loop
      vertex 19.9851 -37.7886 0.545661
      vertex 19.7976 -37.7801 0.558374
      vertex 19.8416 -37.7531 0.625566
    endloop
  endfacet
  facet normal -0.920665 -0.140603 -0.364153
    outer loop
      vertex 17.4025 -40.6539 0.748803
      vertex 17.3291 -40.2703 0.786264
      vertex 17.4516 -40.2052 0.451419
    endloop
  endfacet
  facet normal -0.920706 -0.140545 -0.364072
    outer loop
      vertex 17.5314 -40.5854 0.396383
      vertex 17.4025 -40.6539 0.748803
      vertex 17.4516 -40.2052 0.451419
    endloop
  endfacet
  facet normal 0.390943 -0.910664 -0.133624
    outer loop
      vertex 20.7861 -42.3385 1.34131
      vertex 20.5562 -42.3912 1.02785
      vertex 20.6251 -42.3546 0.979997
    endloop
  endfacet
  facet normal 0.208215 -0.897846 -0.387969
    outer loop
      vertex 20.3056 -42.3871 0.726007
      vertex 20.1949 -42.2443 0.336126
      vertex 20.4186 -42.327 0.647567
    endloop
  endfacet
  facet normal 0.193636 -0.973805 -0.119201
    outer loop
      vertex 20.369 -42.4908 1.31965
      vertex 19.9988 -42.5503 1.20436
      vertex 20.3999 -42.4743 1.23505
    endloop
  endfacet
  facet normal 0.193616 -0.973858 -0.118802
    outer loop
      vertex 20.3999 -42.4743 1.23505
      vertex 19.9988 -42.5503 1.20436
      vertex 20.0495 -42.5233 1.06566
    endloop
  endfacet
  facet normal 0.452527 -0.877921 -0.156444
    outer loop
      vertex 20.8608 -42.2988 1.30627
      vertex 20.8591 -42.2302 0.916387
      vertex 20.8879 -42.2844 1.30385
    endloop
  endfacet
  facet normal 0.451856 -0.878256 -0.1565
    outer loop
      vertex 20.8608 -42.2988 1.30627
      vertex 20.7784 -42.273 0.923573
      vertex 20.8591 -42.2302 0.916387
    endloop
  endfacet
  facet normal 0.411301 -0.899854 -0.145239
    outer loop
      vertex 20.8343 -42.3128 1.31345
      vertex 20.6251 -42.3546 0.979997
      vertex 20.6998 -42.3148 0.944951
    endloop
  endfacet
  facet normal 0.537359 -0.832785 -0.133096
    outer loop
      vertex 20.9897 -42.2302 1.34131
      vertex 20.9665 -42.2426 1.32523
      vertex 21.093 -42.1058 0.979997
    endloop
  endfacet
  facet normal 0.570914 -0.496211 -0.654089
    outer loop
      vertex 21.2611 -41.4162 0.0533447
      vertex 21.1474 -41.4767 0
      vertex 21.257 -41.3506 0
    endloop
  endfacet
  facet normal 0.723644 -0.623757 -0.295407
    outer loop
      vertex 21.6516 -41.4698 0.732208
      vertex 21.4855 -41.7598 0.937661
      vertex 21.5341 -41.5323 0.576344
    endloop
  endfacet
  facet normal 0.654337 -0.728929 -0.201258
    outer loop
      vertex 21.2759 -42.0085 1.15696
      vertex 21.2234 -42.0364 1.08732
      vertex 21.4855 -41.7598 0.937661
    endloop
  endfacet
  facet normal 0.510517 -0.805381 -0.30122
    outer loop
      vertex 20.9397 -42.1873 0.923573
      vertex 20.9343 -42.0529 0.555071
      vertex 21.0632 -41.9843 0.590117
    endloop
  endfacet
  facet normal 0.468193 -0.827906 -0.308815
    outer loop
      vertex 20.9397 -42.1873 0.923573
      vertex 20.8591 -42.2302 0.916387
      vertex 20.9343 -42.0529 0.555071
    endloop
  endfacet
  facet normal 0.598331 -0.800389 -0.037109
    outer loop
      vertex 21.368 -41.9596 1.4087
      vertex 21.0526 -42.1968 1.43939
      vertex 21.3491 -41.9696 1.31965
    endloop
  endfacet
  facet normal 0.818607 -0.573236 -0.0358193
    outer loop
      vertex 21.6469 -41.674 1.5
      vertex 21.6365 -41.6795 1.35034
      vertex 21.8577 -41.3602 1.29566
    endloop
  endfacet
  facet normal 0.679561 -0.715521 -0.161944
    outer loop
      vertex 21.3182 -41.986 1.23505
      vertex 21.2759 -42.0085 1.15696
      vertex 21.4855 -41.7598 0.937661
    endloop
  endfacet
  facet normal 0.679722 -0.715409 -0.161768
    outer loop
      vertex 21.5548 -41.7229 1.06566
      vertex 21.3182 -41.986 1.23505
      vertex 21.4855 -41.7598 0.937661
    endloop
  endfacet
  facet normal 0.719147 -0.694428 -0.0244539
    outer loop
      vertex 21.6469 -41.674 1.5
      vertex 21.3744 -41.9562 1.5
      vertex 21.6365 -41.6795 1.35034
    endloop
  endfacet
  facet normal 0.582376 -0.808886 0.0808768
    outer loop
      vertex 21.3182 -41.986 1.76495
      vertex 21.028 -42.2099 1.61529
      vertex 21.0422 -42.2023 1.58905
    endloop
  endfacet
  facet normal 0.719119 -0.694453 -0.0245479
    outer loop
      vertex 21.3744 -41.9562 1.5
      vertex 21.368 -41.9596 1.4087
      vertex 21.6365 -41.6795 1.35034
    endloop
  endfacet
  facet normal 0.712425 -0.698004 -0.0723942
    outer loop
      vertex 21.6365 -41.6795 1.35034
      vertex 21.368 -41.9596 1.4087
      vertex 21.6055 -41.696 1.20436
    endloop
  endfacet
  facet normal 0.324332 -0.836069 -0.44249
    outer loop
      vertex 20.5411 -42.2619 0.590117
      vertex 20.3621 -42.1554 0.257687
      vertex 20.5381 -42.0618 0.209836
    endloop
  endfacet
  facet normal 0.324033 -0.836161 -0.442536
    outer loop
      vertex 20.5411 -42.2619 0.590117
      vertex 20.5381 -42.0618 0.209836
      vertex 20.67 -42.1934 0.555071
    endloop
  endfacet
  facet normal 0.358074 -0.928117 -0.101889
    outer loop
      vertex 20.7478 -42.3589 1.38471
      vertex 20.4422 -42.4518 1.15696
      vertex 20.4947 -42.4239 1.08732
    endloop
  endfacet
  facet normal 0.212995 -0.963551 -0.161872
    outer loop
      vertex 20.3999 -42.4743 1.23505
      vertex 20.0495 -42.5233 1.06566
      vertex 20.1187 -42.4865 0.937661
    endloop
  endfacet
  facet normal 0.157164 -0.924923 -0.346146
    outer loop
      vertex 20.3056 -42.3871 0.726007
      vertex 19.903 -42.3995 0.576344
      vertex 20.0406 -42.3263 0.443225
    endloop
  endfacet
  facet normal 0.238342 -0.950067 -0.201407
    outer loop
      vertex 20.4947 -42.4239 1.08732
      vertex 20.1187 -42.4865 0.937661
      vertex 20.2048 -42.4407 0.823505
    endloop
  endfacet
  facet normal -0.73647 -0.215486 -0.641231
    outer loop
      vertex 17.7847 -40.5443 0
      vertex 17.7074 -40.4918 0.0711384
      vertex 17.761 -40.4633 0
    endloop
  endfacet
  facet normal 0.00470046 -0.797119 -0.603804
    outer loop
      vertex 19.7676 -42.2103 0.186464
      vertex 19.5398 -42.0704 0
      vertex 19.7433 -42.0692 0
    endloop
  endfacet
  facet normal -0.0745307 -0.839451 -0.5383
    outer loop
      vertex 19.5398 -42.0704 0
      vertex 19.2932 -42.1484 0.15578
      vertex 19.4542 -42.0628 0
    endloop
  endfacet
  facet normal -0.0746863 -0.839321 -0.538482
    outer loop
      vertex 19.2932 -42.1484 0.15578
      vertex 19.5398 -42.0704 0
      vertex 19.7676 -42.2103 0.186464
    endloop
  endfacet
  facet normal -0.692687 -0.71738 0.0744984
    outer loop
      vertex 17.8718 -41.7263 1.88028
      vertex 17.8454 -41.7403 1.5
      vertex 18.1527 -41.9995 1.86132
    endloop
  endfacet
  facet normal -0.672036 -0.706397 0.222195
    outer loop
      vertex 17.9505 -41.6845 2.2512
      vertex 17.8718 -41.7263 1.88028
      vertex 18.1527 -41.9995 1.86132
    endloop
  endfacet
  facet normal 0.382537 -0.87343 0.301308
    outer loop
      vertex 20.7784 -42.273 2.07643
      vertex 20.5411 -42.2619 2.40988
      vertex 20.6998 -42.3148 2.05505
    endloop
  endfacet
  facet normal 0.34142 -0.895211 0.286409
    outer loop
      vertex 20.5411 -42.2619 2.40988
      vertex 20.4186 -42.327 2.35243
      vertex 20.6251 -42.3546 2.02
    endloop
  endfacet
  facet normal -0.458525 -0.756745 0.465932
    outer loop
      vertex 18.8084 -42.0467 2.75292
      vertex 18.3499 -41.8947 2.54858
      vertex 18.6541 -42.1288 2.46773
    endloop
  endfacet
  facet normal -0.24607 -0.930597 0.270996
    outer loop
      vertex 18.9845 -42.3126 2.36304
      vertex 18.8837 -42.3662 2.08745
      vertex 19.2469 -42.4872 2.00173
    endloop
  endfacet
  facet normal -0.201714 -0.90686 0.370023
    outer loop
      vertex 19.4505 -42.379 2.45434
      vertex 18.9845 -42.3126 2.36304
      vertex 19.333 -42.4415 2.23711
    endloop
  endfacet
  facet normal -0.101106 -0.969027 0.225309
    outer loop
      vertex 19.6909 -42.5123 2.09302
      vertex 19.2469 -42.4872 2.00173
      vertex 19.6216 -42.5491 1.90365
    endloop
  endfacet
  facet normal 0.0754588 -0.968365 0.237857
    outer loop
      vertex 19.7855 -42.462 2.26779
      vertex 19.6909 -42.5123 2.09302
      vertex 20.1187 -42.4865 2.06234
    endloop
  endfacet
  facet normal 0.0754461 -0.968421 0.237633
    outer loop
      vertex 20.1187 -42.4865 2.06234
      vertex 19.6909 -42.5123 2.09302
      vertex 20.0495 -42.5233 1.93434
    endloop
  endfacet
  facet normal -0.00499821 0.797062 0.603877
    outer loop
      vertex 19.9422 -38.1256 3.03795
      vertex 19.668 -37.9573 2.81354
      vertex 19.7176 -38.2451 3.19382
    endloop
  endfacet
  facet normal -0.00439532 0.797102 0.603829
    outer loop
      vertex 19.668 -37.9573 2.81354
      vertex 19.4762 -38.0592 2.94666
      vertex 19.7176 -38.2451 3.19382
    endloop
  endfacet
  facet normal -0.282433 0.649426 0.706029
    outer loop
      vertex 19.2181 -38.5106 3.37761
      vertex 18.8253 -38.4053 3.12362
      vertex 18.9556 -38.6502 3.40101
    endloop
  endfacet
  facet normal -0.219284 0.54768 0.807441
    outer loop
      vertex 19.2181 -38.5106 3.37761
      vertex 18.9556 -38.6502 3.40101
      vertex 19.1046 -38.9305 3.6316
    endloop
  endfacet
  facet normal 0.201725 0.906821 0.370111
    outer loop
      vertex 20.1027 -37.7261 2.23711
      vertex 19.9851 -37.7886 2.45434
      vertex 20.4511 -37.855 2.36304
    endloop
  endfacet
  facet normal 0.246442 0.93058 0.270717
    outer loop
      vertex 20.1887 -37.6804 2.00173
      vertex 20.1027 -37.7261 2.23711
      vertex 20.4511 -37.855 2.36304
    endloop
  endfacet
  facet normal 0.0631289 0.949188 0.308312
    outer loop
      vertex 19.8887 -37.7351 2.30937
      vertex 19.8416 -37.7531 2.37443
      vertex 19.9851 -37.7886 2.45434
    endloop
  endfacet
  facet normal 0.631424 0.684639 -0.364107
    outer loop
      vertex 21.4851 -38.4831 0.748803
      vertex 21.0857 -38.2729 0.451419
      vertex 21.2082 -38.2078 0.786264
    endloop
  endfacet
  facet normal 0.672183 0.706304 -0.222045
    outer loop
      vertex 21.4851 -38.4831 0.748803
      vertex 21.2082 -38.2078 0.786264
      vertex 21.2829 -38.1681 1.13868
    endloop
  endfacet
  facet normal 0.796299 0.599914 -0.0775247
    outer loop
      vertex 21.7992 -38.755 1.11012
      vertex 21.5638 -38.4413 1.11972
      vertex 21.5902 -38.4272 1.5
    endloop
  endfacet
  facet normal 0.692671 0.717377 -0.0746858
    outer loop
      vertex 21.5638 -38.4413 1.11972
      vertex 21.2829 -38.1681 1.13868
      vertex 21.5902 -38.4272 1.5
    endloop
  endfacet
  facet normal 0.419877 0.887633 -0.189238
    outer loop
      vertex 20.8945 -37.9787 0.8413
      vertex 20.6134 -37.7687 1.20262
      vertex 20.9635 -37.942 1.16654
    endloop
  endfacet
  facet normal 0.552927 0.806763 -0.208339
    outer loop
      vertex 21.2829 -38.1681 1.13868
      vertex 20.8945 -37.9787 0.8413
      vertex 20.9635 -37.942 1.16654
    endloop
  endfacet
  facet normal 0.815669 0.433736 0.382827
    outer loop
      vertex 21.5864 -38.8681 2.63148
      vertex 21.9028 -39.1442 2.27016
      vertex 21.7186 -38.7978 2.27016
    endloop
  endfacet
  facet normal 0.815669 0.433736 0.382827
    outer loop
      vertex 21.9028 -39.1442 2.27016
      vertex 21.5864 -38.8681 2.63148
      vertex 21.7706 -39.2145 2.63148
    endloop
  endfacet
  facet normal -0.500874 0.649827 -0.571708
    outer loop
      vertex 18.5798 -38.4495 0
      vertex 18.4418 -38.5109 0.0511122
      vertex 18.5735 -38.4274 0.0306392
    endloop
  endfacet
  facet normal -0.492722 0.649522 -0.579091
    outer loop
      vertex 18.4418 -38.5109 0.0511122
      vertex 18.4092 -38.5812 0
      vertex 18.4405 -38.5114 0.0516575
    endloop
  endfacet
  facet normal -0.500855 0.648791 -0.5729
    outer loop
      vertex 18.4092 -38.5812 0
      vertex 18.4418 -38.5109 0.0511122
      vertex 18.5798 -38.4495 0
    endloop
  endfacet
  facet normal -0.420114 0.691864 -0.587222
    outer loop
      vertex 18.5798 -38.4495 0
      vertex 18.7089 -38.3619 0.0108487
      vertex 18.7183 -38.3654 0
    endloop
  endfacet
  facet normal -0.420672 0.692539 -0.586025
    outer loop
      vertex 18.7089 -38.3619 0.0108487
      vertex 18.5798 -38.4495 0
      vertex 18.5735 -38.4274 0.0306392
    endloop
  endfacet
  facet normal -0.500521 0.648716 -0.573277
    outer loop
      vertex 18.4092 -38.5812 0
      vertex 18.3733 -38.5371 0.0812471
      vertex 18.4405 -38.5114 0.0516575
    endloop
  endfacet
  facet normal -0.499892 0.64921 -0.573267
    outer loop
      vertex 18.3733 -38.5371 0.0812471
      vertex 18.4092 -38.5812 0
      vertex 18.3792 -38.6043 0
    endloop
  endfacet
  facet normal 0.420087 -0.69182 -0.587293
    outer loop
      vertex 20.899 -41.87 0.209836
      vertex 20.7173 -41.8022 0
      vertex 20.8558 -41.7181 0
    endloop
  endfacet
  facet normal 0.501046 -0.648822 -0.572698
    outer loop
      vertex 21.0264 -41.5864 0
      vertex 21.0749 -41.7764 0.257687
      vertex 20.899 -41.87 0.209836
    endloop
  endfacet
  facet normal 0.500035 -0.649396 -0.572931
    outer loop
      vertex 21.0749 -41.7764 0.257687
      vertex 21.0264 -41.5864 0
      vertex 21.0564 -41.5633 0
    endloop
  endfacet
  facet normal 0.338637 -0.735211 -0.587188
    outer loop
      vertex 20.5381 -42.0618 0.209836
      vertex 20.4363 -41.9411 0
      vertex 20.5835 -41.8733 0
    endloop
  endfacet
  facet normal 0.25819 -0.777993 -0.572769
    outer loop
      vertex 20.5381 -42.0618 0.209836
      vertex 20.2317 -42.009 0
      vertex 20.4363 -41.9411 0
    endloop
  endfacet
  facet normal 0.717054 -0.534027 -0.447939
    outer loop
      vertex 21.5341 -41.5323 0.576344
      vertex 21.3965 -41.6054 0.443225
      vertex 21.4529 -41.3143 0.186464
    endloop
  endfacet
  facet normal 0.737528 -0.407378 -0.538605
    outer loop
      vertex 21.624 -41.2233 0.351928
      vertex 21.4529 -41.3143 0.186464
      vertex 21.6669 -40.8863 0.15578
    endloop
  endfacet
  facet normal 0.658134 -0.449612 -0.603911
    outer loop
      vertex 21.4529 -41.3143 0.186464
      vertex 21.257 -41.3506 0
      vertex 21.3495 -41.2152 0
    endloop
  endfacet
  facet normal 0.65807 -0.449864 -0.603793
    outer loop
      vertex 21.257 -41.3506 0
      vertex 21.4529 -41.3143 0.186464
      vertex 21.2611 -41.4162 0.0533447
    endloop
  endfacet
  facet normal 0.819154 -0.230932 -0.525031
    outer loop
      vertex 21.8537 -40.4275 0.247077
      vertex 21.6621 -40.5454 0
      vertex 21.6674 -40.5266 0
    endloop
  endfacet
  facet normal 0.819118 -0.228833 -0.526005
    outer loop
      vertex 21.6621 -40.5454 0
      vertex 21.8537 -40.4275 0.247077
      vertex 21.6669 -40.8863 0.15578
    endloop
  endfacet
  facet normal 0.819094 -0.228814 -0.52605
    outer loop
      vertex 21.838 -40.7953 0.382612
      vertex 21.6669 -40.8863 0.15578
      vertex 21.8537 -40.4275 0.247077
    endloop
  endfacet
  facet normal 0.449145 -0.769691 0.453701
    outer loop
      vertex 20.899 -41.87 2.79016
      vertex 20.8021 -42.1231 2.45671
      vertex 20.9343 -42.0529 2.44493
    endloop
  endfacet
  facet normal 0.452526 -0.877921 0.156445
    outer loop
      vertex 20.8879 -42.2844 1.69615
      vertex 20.8591 -42.2302 2.08361
      vertex 20.8608 -42.2988 1.69373
    endloop
  endfacet
  facet normal 0.57066 -0.496195 0.654322
    outer loop
      vertex 21.2421 -41.1122 3.19382
      vertex 20.9987 -41.2416 3.30797
      vertex 21.0533 -41.5267 3.04415
    endloop
  endfacet
  facet normal 0.477489 -0.545751 0.688593
    outer loop
      vertex 20.9987 -41.2416 3.30797
      vertex 20.7426 -41.3778 3.37761
      vertex 21.0533 -41.5267 3.04415
    endloop
  endfacet
  facet normal 0.819158 -0.22886 0.525931
    outer loop
      vertex 21.8537 -40.4275 2.75292
      vertex 21.6619 -40.5295 3.00727
      vertex 21.6669 -40.8863 2.84422
    endloop
  endfacet
  facet normal 0.811224 -0.0815613 0.579019
    outer loop
      vertex 21.8168 -40.0513 2.85761
      vertex 21.6619 -40.5295 3.00727
      vertex 21.8537 -40.4275 2.75292
    endloop
  endfacet
  facet normal 0.818607 -0.573236 0.0358193
    outer loop
      vertex 21.8577 -41.3602 1.70434
      vertex 21.6365 -41.6795 1.64966
      vertex 21.6469 -41.674 1.5
    endloop
  endfacet
  facet normal 0.808735 -0.578477 0.106356
    outer loop
      vertex 21.8577 -41.3602 1.70434
      vertex 21.6055 -41.696 1.79564
      vertex 21.6365 -41.6795 1.64966
    endloop
  endfacet
  facet normal 0.859872 -0.458163 0.225182
    outer loop
      vertex 21.9737 -41.0374 2.00173
      vertex 21.7462 -41.4195 2.09302
      vertex 21.8154 -41.3827 1.90365
    endloop
  endfacet
  facet normal 0.78932 -0.588807 0.174013
    outer loop
      vertex 21.7462 -41.4195 2.09302
      vertex 21.6055 -41.696 1.79564
      vertex 21.8154 -41.3827 1.90365
    endloop
  endfacet
  facet normal -0.649148 0.319224 0.690437
    outer loop
      vertex 18.1935 -39.0554 3.19382
      vertex 17.969 -39.1748 3.03795
      vertex 17.9983 -39.5187 3.2245
    endloop
  endfacet
  facet normal -0.658296 0.449515 0.603807
    outer loop
      vertex 17.9827 -38.8533 2.81354
      vertex 17.969 -39.1748 3.03795
      vertex 18.1935 -39.0554 3.19382
    endloop
  endfacet
  facet normal -0.548942 0.372448 0.748294
    outer loop
      vertex 18.4369 -38.926 3.30797
      vertex 18.1935 -39.0554 3.19382
      vertex 18.523 -39.2397 3.52727
    endloop
  endfacet
  facet normal -0.442359 0.429118 0.787512
    outer loop
      vertex 18.693 -38.7898 3.37761
      vertex 18.4369 -38.926 3.30797
      vertex 18.523 -39.2397 3.52727
    endloop
  endfacet
  facet normal -0.513791 0.239711 0.823746
    outer loop
      vertex 18.523 -39.2397 3.52727
      vertex 18.3428 -39.7314 3.55796
      vertex 18.6385 -39.5742 3.69665
    endloop
  endfacet
  facet normal -0.513816 0.239719 0.823728
    outer loop
      vertex 18.523 -39.2397 3.52727
      vertex 18.2501 -39.3848 3.39927
      vertex 18.3428 -39.7314 3.55796
    endloop
  endfacet
  facet normal -0.807145 0.37034 -0.459745
    outer loop
      vertex 17.7687 -39.2813 0.15578
      vertex 17.6656 -39.022 0.545661
      vertex 17.8116 -38.9443 0.351928
    endloop
  endfacet
  facet normal -0.774973 0.503372 -0.382145
    outer loop
      vertex 17.6656 -39.022 0.545661
      vertex 17.8467 -38.8239 0.439341
      vertex 17.8116 -38.9443 0.351928
    endloop
  endfacet
  facet normal -0.774913 0.502968 -0.382795
    outer loop
      vertex 17.8467 -38.8239 0.439341
      vertex 17.6656 -39.022 0.545661
      vertex 17.7633 -38.8618 0.558374
    endloop
  endfacet
  facet normal -0.859921 0.458383 -0.224547
    outer loop
      vertex 17.5564 -38.9715 0.960344
      vertex 17.4619 -39.1302 0.998274
      vertex 17.5277 -38.9868 1.03902
    endloop
  endfacet
  facet normal -0.859714 0.458222 -0.225663
    outer loop
      vertex 17.548 -39.0845 0.762893
      vertex 17.5564 -38.9715 0.960344
      vertex 17.6068 -38.9447 0.822753
    endloop
  endfacet
  facet normal -0.859816 0.458075 -0.225575
    outer loop
      vertex 17.5564 -38.9715 0.960344
      vertex 17.548 -39.0845 0.762893
      vertex 17.4619 -39.1302 0.998274
    endloop
  endfacet
  facet normal -0.897837 0.43787 -0.046452
    outer loop
      vertex 17.4094 -39.1582 1.24601
      vertex 17.4668 -39.0223 1.4176
      vertex 17.4816 -39.0079 1.26728
    endloop
  endfacet
  facet normal -0.897976 0.437612 -0.046201
    outer loop
      vertex 17.4668 -39.0223 1.4176
      vertex 17.4094 -39.1582 1.24601
      vertex 17.3918 -39.1675 1.5
    endloop
  endfacet
  facet normal -0.897998 0.437553 -0.0463242
    outer loop
      vertex 17.4668 -39.0223 1.4176
      vertex 17.3918 -39.1675 1.5
      vertex 17.4587 -39.0302 1.5
    endloop
  endfacet
  facet normal -0.00470046 0.797119 -0.603804
    outer loop
      vertex 19.6923 -38.0984 0
      vertex 19.668 -37.9573 0.186464
      vertex 19.8958 -38.0972 0
    endloop
  endfacet
  facet normal -0.740059 0.270879 -0.615579
    outer loop
      vertex 17.7735 -39.6222 0
      vertex 17.7687 -39.2813 0.15578
      vertex 17.8627 -39.3785 0
    endloop
  endfacet
  facet normal -0.883831 0.0429465 -0.465831
    outer loop
      vertex 17.4516 -40.2052 0.451419
      vertex 17.4276 -39.8221 0.532274
      vertex 17.5819 -39.7401 0.247077
    endloop
  endfacet
  facet normal -0.939919 0.0131172 -0.341145
    outer loop
      vertex 17.4516 -40.2052 0.451419
      vertex 17.3146 -39.8822 0.8413
      vertex 17.4276 -39.8221 0.532274
    endloop
  endfacet
  facet normal -0.338396 0.735251 0.587276
    outer loop
      vertex 19.0496 -38.2861 3.10363
      vertex 18.8544 -38.2845 2.98915
      vertex 18.8253 -38.4053 3.12362
    endloop
  endfacet
  facet normal -0.338546 0.734982 0.587527
    outer loop
      vertex 18.8544 -38.2845 2.98915
      vertex 19.0496 -38.2861 3.10363
      vertex 18.9844 -38.2088 2.96936
    endloop
  endfacet
  facet normal -0.822919 0.477896 0.307277
    outer loop
      vertex 17.548 -39.0845 2.23711
      vertex 17.6751 -38.9121 2.30937
      vertex 17.6376 -38.9385 2.25
    endloop
  endfacet
  facet normal -0.822833 0.477811 0.30764
    outer loop
      vertex 17.548 -39.0845 2.23711
      vertex 17.6376 -38.9385 2.25
      vertex 17.6068 -38.9447 2.17725
    endloop
  endfacet
  facet normal -0.822847 0.477509 0.308072
    outer loop
      vertex 17.6751 -38.9121 2.30937
      vertex 17.548 -39.0845 2.23711
      vertex 17.6656 -39.022 2.45434
    endloop
  endfacet
  facet normal -0.859714 0.458222 0.225665
    outer loop
      vertex 17.5564 -38.9715 2.03966
      vertex 17.548 -39.0845 2.23711
      vertex 17.6068 -38.9447 2.17725
    endloop
  endfacet
  facet normal -0.859816 0.458075 0.225576
    outer loop
      vertex 17.548 -39.0845 2.23711
      vertex 17.5564 -38.9715 2.03966
      vertex 17.4619 -39.1302 2.00173
    endloop
  endfacet
  facet normal -0.80688 0.370703 0.459918
    outer loop
      vertex 17.6656 -39.022 2.45434
      vertex 17.5976 -39.3723 2.61739
      vertex 17.7687 -39.2813 2.84422
    endloop
  endfacet
  facet normal -0.819092 0.228809 0.526055
    outer loop
      vertex 17.5976 -39.3723 2.61739
      vertex 17.5819 -39.7401 2.75292
      vertex 17.7687 -39.2813 2.84422
    endloop
  endfacet
  facet normal -0.997412 -0.0174701 -0.0697388
    outer loop
      vertex 17.2544 -40.3101 1.13868
      vertex 17.2225 -39.9312 1.5
      vertex 17.2456 -39.9189 1.16654
    endloop
  endfacet
  facet normal -0.997402 -0.0172931 -0.0699236
    outer loop
      vertex 17.2293 -40.3234 1.5
      vertex 17.2225 -39.9312 1.5
      vertex 17.2544 -40.3101 1.13868
    endloop
  endfacet
  facet normal -0.93948 0.300053 -0.165364
    outer loop
      vertex 17.3592 -39.499 0.912555
      vertex 17.2977 -39.5317 1.20262
      vertex 17.4619 -39.1302 0.998274
    endloop
  endfacet
  facet normal -0.970716 0.148145 -0.189112
    outer loop
      vertex 17.3146 -39.8822 0.8413
      vertex 17.2977 -39.5317 1.20262
      vertex 17.3592 -39.499 0.912555
    endloop
  endfacet
  facet normal 0.570786 -0.496209 0.654202
    outer loop
      vertex 21.2421 -41.1122 3.19382
      vertex 21.0533 -41.5267 3.04415
      vertex 21.2611 -41.4162 2.94666
    endloop
  endfacet
  facet normal 0.548942 -0.372448 0.748294
    outer loop
      vertex 21.2421 -41.1122 3.19382
      vertex 20.9126 -40.9279 3.52727
      vertex 20.9987 -41.2416 3.30797
    endloop
  endfacet
  facet normal 0.591681 -0.803917 0.0602683
    outer loop
      vertex 21.3182 -41.986 1.76495
      vertex 21.0526 -42.1968 1.56061
      vertex 21.3491 -41.9696 1.68035
    endloop
  endfacet
  facet normal 0.712425 -0.698004 0.0723942
    outer loop
      vertex 21.6055 -41.696 1.79564
      vertex 21.368 -41.9596 1.5913
      vertex 21.6365 -41.6795 1.64966
    endloop
  endfacet
  facet normal 0.567034 -0.817087 0.104126
    outer loop
      vertex 21.2234 -42.0364 1.91268
      vertex 21.0103 -42.2192 1.6387
      vertex 21.028 -42.2099 1.61529
    endloop
  endfacet
  facet normal 0.760624 -0.604131 0.237647
    outer loop
      vertex 21.7462 -41.4195 2.09302
      vertex 21.4855 -41.7598 2.06234
      vertex 21.5548 -41.7229 1.93434
    endloop
  endfacet
  facet normal 0.112637 -0.948631 0.295657
    outer loop
      vertex 20.2048 -42.4407 2.17649
      vertex 19.903 -42.3995 2.42366
      vertex 20.1187 -42.4865 2.06234
    endloop
  endfacet
  facet normal 0.258006 -0.778087 0.572724
    outer loop
      vertex 20.386 -41.8815 3.10363
      vertex 20.1673 -41.9978 3.04415
      vertex 20.5381 -42.0618 2.79016
    endloop
  endfacet
  facet normal 0.107578 -0.858113 0.502064
    outer loop
      vertex 20.1949 -42.2443 2.66387
      vertex 19.7676 -42.2103 2.81354
      vertex 20.0406 -42.3263 2.55678
    endloop
  endfacet
  facet normal -0.386003 -0.71816 0.579006
    outer loop
      vertex 18.7249 -41.6953 3.1332
      vertex 18.5171 -41.8058 2.85761
      vertex 19.0002 -41.9448 3.00727
    endloop
  endfacet
  facet normal 0.207952 -0.897926 0.387925
    outer loop
      vertex 20.1949 -42.2443 2.66387
      vertex 20.0406 -42.3263 2.55678
      vertex 20.3056 -42.3871 2.27399
    endloop
  endfacet
  facet normal 0.107665 -0.857976 0.50228
    outer loop
      vertex 19.9594 -42.1083 2.94666
      vertex 19.7676 -42.2103 2.81354
      vertex 20.1949 -42.2443 2.66387
    endloop
  endfacet
  facet normal -0.198728 -0.618537 0.76021
    outer loop
      vertex 19.2411 -41.4208 3.55796
      vertex 19.2248 -41.8254 3.2245
      vertex 19.4766 -41.6915 3.39927
    endloop
  endfacet
  facet normal -0.198721 -0.618538 0.760211
    outer loop
      vertex 19.2411 -41.4208 3.55796
      vertex 18.9683 -41.5659 3.36859
      vertex 19.2248 -41.8254 3.2245
    endloop
  endfacet
  facet normal 0.150796 -0.432763 0.888806
    outer loop
      vertex 20.167 -40.9285 3.8097
      vertex 19.8479 -41.0981 3.78126
      vertex 20.3311 -41.2371 3.6316
    endloop
  endfacet
  facet normal -0.0513473 -0.376348 0.925054
    outer loop
      vertex 19.656 -40.7776 3.901
      vertex 19.3285 -40.9518 3.81195
      vertex 19.8479 -41.0981 3.78126
    endloop
  endfacet
  facet normal 0.33144 -0.488133 0.807387
    outer loop
      vertex 20.7426 -41.3778 3.37761
      vertex 20.3311 -41.2371 3.6316
      vertex 20.48 -41.5174 3.40101
    endloop
  endfacet
  facet normal 0.219307 -0.547719 0.807409
    outer loop
      vertex 20.3311 -41.2371 3.6316
      vertex 20.2175 -41.657 3.37761
      vertex 20.48 -41.5174 3.40101
    endloop
  endfacet
  facet normal 0.442429 -0.429129 0.787467
    outer loop
      vertex 20.9126 -40.9279 3.52727
      vertex 20.6255 -41.0806 3.60536
      vertex 20.7426 -41.3778 3.37761
    endloop
  endfacet
  facet normal 0.396473 -0.302093 0.86692
    outer loop
      vertex 20.9126 -40.9279 3.52727
      vertex 20.486 -40.7589 3.78126
      vertex 20.6255 -41.0806 3.60536
    endloop
  endfacet
  facet normal 0.213231 -0.963461 0.162098
    outer loop
      vertex 20.4422 -42.4518 1.84304
      vertex 20.1187 -42.4865 2.06234
      vertex 20.3999 -42.4743 1.76495
    endloop
  endfacet
  facet normal 0.212995 -0.963551 0.161871
    outer loop
      vertex 20.1187 -42.4865 2.06234
      vertex 20.0495 -42.5233 1.93434
      vertex 20.3999 -42.4743 1.76495
    endloop
  endfacet
  facet normal 0.246072 0.930598 -0.27099
    outer loop
      vertex 20.4511 -37.855 0.636958
      vertex 20.1887 -37.6804 0.998274
      vertex 20.5519 -37.8014 0.912555
    endloop
  endfacet
  facet normal 0.201723 0.906824 -0.370107
    outer loop
      vertex 20.4511 -37.855 0.636958
      vertex 19.9851 -37.7886 0.545661
      vertex 20.1027 -37.7261 0.762893
    endloop
  endfacet
  facet normal 0.268202 0.807041 -0.526072
    outer loop
      vertex 20.6272 -38.1208 0.247077
      vertex 20.1424 -38.0192 0.15578
      vertex 20.3135 -37.9282 0.382612
    endloop
  endfacet
  facet normal 0.265316 0.808996 -0.524532
    outer loop
      vertex 20.4223 -38.2138 0
      vertex 20.6272 -38.1208 0.247077
      vertex 20.4409 -38.2199 0
    endloop
  endfacet
  facet normal 0.268206 0.806977 -0.526169
    outer loop
      vertex 20.6272 -38.1208 0.247077
      vertex 20.4223 -38.2138 0
      vertex 20.1424 -38.0192 0.15578
    endloop
  endfacet
  facet normal 0.189279 0.765017 -0.615567
    outer loop
      vertex 20.1705 -38.1515 0
      vertex 20.1424 -38.0192 0.15578
      vertex 20.4223 -38.2138 0
    endloop
  endfacet
  facet normal 0.43136 -0.889177 -0.152618
    outer loop
      vertex 20.8343 -42.3128 1.31345
      vertex 20.6998 -42.3148 0.944951
      vertex 20.7784 -42.273 0.923573
    endloop
  endfacet
  facet normal 0.582376 -0.808886 -0.0808768
    outer loop
      vertex 21.0422 -42.2023 1.41095
      vertex 21.028 -42.2099 1.38471
      vertex 21.3182 -41.986 1.23505
    endloop
  endfacet
  facet normal 0.760623 -0.604133 -0.237648
    outer loop
      vertex 21.5548 -41.7229 1.06566
      vertex 21.4855 -41.7598 0.937661
      vertex 21.7462 -41.4195 0.906977
    endloop
  endfacet
  facet normal 0.789152 -0.588966 -0.174238
    outer loop
      vertex 21.6055 -41.696 1.20436
      vertex 21.5548 -41.7229 1.06566
      vertex 21.7462 -41.4195 0.906977
    endloop
  endfacet
  facet normal 0.537359 -0.832785 0.133097
    outer loop
      vertex 21.093 -42.1058 2.02
      vertex 20.9665 -42.2426 1.67477
      vertex 20.9897 -42.2302 1.65869
    endloop
  endfacet
  facet normal 0.553661 -0.824137 -0.119403
    outer loop
      vertex 21.2234 -42.0364 1.08732
      vertex 20.9897 -42.2302 1.34131
      vertex 21.1619 -42.0691 1.02785
    endloop
  endfacet
  facet normal 0.536545 -0.833247 -0.133488
    outer loop
      vertex 21.1619 -42.0691 1.02785
      vertex 20.9897 -42.2302 1.34131
      vertex 21.093 -42.1058 0.979997
    endloop
  endfacet
  facet normal 0.678972 -0.647526 -0.345987
    outer loop
      vertex 21.3995 -41.8055 0.823505
      vertex 21.2987 -41.8591 0.726007
      vertex 21.5341 -41.5323 0.576344
    endloop
  endfacet
  facet normal 0.723619 -0.623779 -0.295425
    outer loop
      vertex 21.4855 -41.7598 0.937661
      vertex 21.3995 -41.8055 0.823505
      vertex 21.5341 -41.5323 0.576344
    endloop
  endfacet
  facet normal 0.5121 -0.736228 -0.442404
    outer loop
      vertex 20.9343 -42.0529 0.555071
      vertex 20.899 -41.87 0.209836
      vertex 21.0632 -41.9843 0.590117
    endloop
  endfacet
  facet normal 0.512109 -0.736222 -0.442405
    outer loop
      vertex 21.0632 -41.9843 0.590117
      vertex 20.899 -41.87 0.209836
      vertex 21.0749 -41.7764 0.257687
    endloop
  endfacet
  facet normal 0.497539 -0.853945 -0.152424
    outer loop
      vertex 20.9414 -42.2559 1.31345
      vertex 20.915 -42.27 1.30627
      vertex 20.9397 -42.1873 0.923573
    endloop
  endfacet
  facet normal 0.474896 -0.866016 -0.156493
    outer loop
      vertex 20.915 -42.27 1.30627
      vertex 20.8591 -42.2302 0.916387
      vertex 20.9397 -42.1873 0.923573
    endloop
  endfacet
  facet normal 0.591417 -0.804072 -0.0607715
    outer loop
      vertex 21.0526 -42.1968 1.43939
      vertex 21.0422 -42.2023 1.41095
      vertex 21.3182 -41.986 1.23505
    endloop
  endfacet
  facet normal 0.601658 -0.798657 -0.0124334
    outer loop
      vertex 21.3744 -41.9562 1.5
      vertex 21.0589 -42.1934 1.46932
      vertex 21.368 -41.9596 1.4087
    endloop
  endfacet
  facet normal 0.60177 -0.798537 -0.014521
    outer loop
      vertex 21.0611 -42.1923 1.5
      vertex 21.0589 -42.1934 1.46932
      vertex 21.3744 -41.9562 1.5
    endloop
  endfacet
  facet normal 0.264213 -0.868073 -0.420286
    outer loop
      vertex 20.4186 -42.327 0.647567
      vertex 20.1949 -42.2443 0.336126
      vertex 20.5411 -42.2619 0.590117
    endloop
  endfacet
  facet normal 0.34142 -0.895211 -0.286409
    outer loop
      vertex 20.6251 -42.3546 0.979997
      vertex 20.4186 -42.327 0.647567
      vertex 20.5411 -42.2619 0.590117
    endloop
  endfacet
  facet normal 0.21323 -0.963461 -0.162098
    outer loop
      vertex 20.3999 -42.4743 1.23505
      vertex 20.1187 -42.4865 0.937661
      vertex 20.4422 -42.4518 1.15696
    endloop
  endfacet
  facet normal 0.238226 -0.950167 -0.201074
    outer loop
      vertex 20.4422 -42.4518 1.15696
      vertex 20.1187 -42.4865 0.937661
      vertex 20.4947 -42.4239 1.08732
    endloop
  endfacet
  facet normal -0.0159202 -0.923838 -0.382452
    outer loop
      vertex 19.7855 -42.462 0.732208
      vertex 19.4505 -42.379 0.545661
      vertex 19.903 -42.3995 0.576344
    endloop
  endfacet
  facet normal -0.0159149 -0.923813 -0.382513
    outer loop
      vertex 19.903 -42.3995 0.576344
      vertex 19.4505 -42.379 0.545661
      vertex 19.5966 -42.3013 0.351928
    endloop
  endfacet
  facet normal 0.0417829 -0.893101 -0.447912
    outer loop
      vertex 19.903 -42.3995 0.576344
      vertex 19.7676 -42.2103 0.186464
      vertex 20.0406 -42.3263 0.443225
    endloop
  endfacet
  facet normal 0.0418433 -0.89309 -0.447928
    outer loop
      vertex 19.903 -42.3995 0.576344
      vertex 19.5966 -42.3013 0.351928
      vertex 19.7676 -42.2103 0.186464
    endloop
  endfacet
  facet normal 0.324021 -0.836164 0.442538
    outer loop
      vertex 20.67 -42.1934 2.44493
      vertex 20.5381 -42.0618 2.79016
      vertex 20.5411 -42.2619 2.40988
    endloop
  endfacet
  facet normal 0.382337 -0.873565 0.30117
    outer loop
      vertex 20.67 -42.1934 2.44493
      vertex 20.5411 -42.2619 2.40988
      vertex 20.7784 -42.273 2.07643
    endloop
  endfacet
  facet normal 0.411873 -0.899527 0.14564
    outer loop
      vertex 20.8343 -42.3128 1.68655
      vertex 20.6251 -42.3546 2.02
      vertex 20.8092 -42.3262 1.67477
    endloop
  endfacet
  facet normal 0.342328 -0.89483 0.286515
    outer loop
      vertex 20.6998 -42.3148 2.05505
      vertex 20.5411 -42.2619 2.40988
      vertex 20.6251 -42.3546 2.02
    endloop
  endfacet
  facet normal -0.385332 -0.869155 0.309983
    outer loop
      vertex 18.9845 -42.3126 2.36304
      vertex 18.5411 -42.1889 2.1587
      vertex 18.8837 -42.3662 2.08745
    endloop
  endfacet
  facet normal -0.420013 -0.887596 0.18911
    outer loop
      vertex 18.8837 -42.3662 2.08745
      vertex 18.5411 -42.1889 2.1587
      vertex 18.8222 -42.3989 1.79738
    endloop
  endfacet
  facet normal -0.385316 -0.86918 0.309932
    outer loop
      vertex 18.6541 -42.1288 2.46773
      vertex 18.5411 -42.1889 2.1587
      vertex 18.9845 -42.3126 2.36304
    endloop
  endfacet
  facet normal -0.334312 -0.842059 0.423287
    outer loop
      vertex 18.8084 -42.0467 2.75292
      vertex 18.6541 -42.1288 2.46773
      vertex 18.9845 -42.3126 2.36304
    endloop
  endfacet
  facet normal -0.10107 -0.969075 0.22512
    outer loop
      vertex 19.333 -42.4415 2.23711
      vertex 19.2469 -42.4872 2.00173
      vertex 19.6909 -42.5123 2.09302
    endloop
  endfacet
  facet normal -0.0639149 -0.949332 0.307707
    outer loop
      vertex 19.4505 -42.379 2.45434
      vertex 19.333 -42.4415 2.23711
      vertex 19.6909 -42.5123 2.09302
    endloop
  endfacet
  facet normal 0.157168 -0.924924 0.34614
    outer loop
      vertex 20.0406 -42.3263 2.55678
      vertex 19.903 -42.3995 2.42366
      vertex 20.3056 -42.3871 2.27399
    endloop
  endfacet
  facet normal 0.238345 -0.950065 0.201415
    outer loop
      vertex 20.2048 -42.4407 2.17649
      vertex 20.1187 -42.4865 2.06234
      vertex 20.4947 -42.4239 1.91268
    endloop
  endfacet
  facet normal -0.282309 0.649607 0.705912
    outer loop
      vertex 19.0496 -38.2861 3.10363
      vertex 18.8253 -38.4053 3.12362
      vertex 19.2181 -38.5106 3.37761
    endloop
  endfacet
  facet normal -0.185538 0.701051 0.688551
    outer loop
      vertex 19.2683 -38.1698 3.04415
      vertex 19.0496 -38.2861 3.10363
      vertex 19.2181 -38.5106 3.37761
    endloop
  endfacet
  facet normal 0.692693 0.717351 0.0747235
    outer loop
      vertex 21.308 -38.1547 1.5
      vertex 21.2829 -38.1681 1.86132
      vertex 21.5902 -38.4272 1.5
    endloop
  endfacet
  facet normal 0.692693 0.717351 -0.0747235
    outer loop
      vertex 21.5902 -38.4272 1.5
      vertex 21.2829 -38.1681 1.13868
      vertex 21.308 -38.1547 1.5
    endloop
  endfacet
  facet normal 0.672184 0.706304 0.222043
    outer loop
      vertex 21.2829 -38.1681 1.86132
      vertex 21.2082 -38.2078 2.21374
      vertex 21.4851 -38.4831 2.2512
    endloop
  endfacet
  facet normal 0.631423 0.684637 0.364112
    outer loop
      vertex 21.2082 -38.2078 2.21374
      vertex 21.0857 -38.2729 2.54858
      vertex 21.4851 -38.4831 2.2512
    endloop
  endfacet
  facet normal 0.420057 -0.691921 -0.587195
    outer loop
      vertex 20.7173 -41.8022 0
      vertex 20.7185 -41.9659 0.193754
      vertex 20.6524 -41.8416 0
    endloop
  endfacet
  facet normal 0.419957 -0.691956 -0.587225
    outer loop
      vertex 20.7185 -41.9659 0.193754
      vertex 20.7173 -41.8022 0
      vertex 20.899 -41.87 0.209836
    endloop
  endfacet
  facet normal 0.449327 -0.769642 -0.453603
    outer loop
      vertex 20.8021 -42.1231 0.543292
      vertex 20.7185 -41.9659 0.193754
      vertex 20.899 -41.87 0.209836
    endloop
  endfacet
  facet normal 0.551217 -0.783684 -0.286355
    outer loop
      vertex 21.093 -42.1058 0.979997
      vertex 21.0632 -41.9843 0.590117
      vertex 21.1856 -41.9192 0.647567
    endloop
  endfacet
  facet normal 0.571805 -0.704462 -0.420442
    outer loop
      vertex 21.2421 -41.6875 0.336126
      vertex 21.0632 -41.9843 0.590117
      vertex 21.0749 -41.7764 0.257687
    endloop
  endfacet
  facet normal 0.806961 -0.370452 -0.459978
    outer loop
      vertex 21.7701 -41.1456 0.545661
      vertex 21.624 -41.2233 0.351928
      vertex 21.6669 -40.8863 0.15578
    endloop
  endfacet
  facet normal 0.717134 -0.533943 -0.447909
    outer loop
      vertex 21.5341 -41.5323 0.576344
      vertex 21.4529 -41.3143 0.186464
      vertex 21.624 -41.2233 0.351928
    endloop
  endfacet
  facet normal 0.658077 -0.449686 -0.603918
    outer loop
      vertex 21.4529 -41.3143 0.186464
      vertex 21.3495 -41.2152 0
      vertex 21.4643 -41.0472 0
    endloop
  endfacet
  facet normal 0.425147 -0.850693 0.309147
    outer loop
      vertex 20.8021 -42.1231 2.45671
      vertex 20.67 -42.1934 2.44493
      vertex 20.8591 -42.2302 2.08361
    endloop
  endfacet
  facet normal 0.424085 -0.851398 0.308663
    outer loop
      vertex 20.8591 -42.2302 2.08361
      vertex 20.67 -42.1934 2.44493
      vertex 20.7784 -42.273 2.07643
    endloop
  endfacet
  facet normal 0.510318 -0.80546 0.301347
    outer loop
      vertex 21.0632 -41.9843 2.40988
      vertex 20.9397 -42.1873 2.07643
      vertex 21.0183 -42.1455 2.05505
    endloop
  endfacet
  facet normal 0.516542 -0.84389 0.145029
    outer loop
      vertex 21.0183 -42.1455 2.05505
      vertex 20.9414 -42.2559 1.68655
      vertex 21.093 -42.1058 2.02
    endloop
  endfacet
  facet normal 0.571939 -0.704431 0.420312
    outer loop
      vertex 21.2421 -41.6875 2.66387
      vertex 21.0632 -41.9843 2.40988
      vertex 21.1856 -41.9192 2.35243
    endloop
  endfacet
  facet normal 0.512107 -0.736223 0.442406
    outer loop
      vertex 21.0749 -41.7764 2.74231
      vertex 20.899 -41.87 2.79016
      vertex 21.0632 -41.9843 2.40988
    endloop
  endfacet
  facet normal 0.62774 -0.674764 0.388118
    outer loop
      vertex 21.2421 -41.6875 2.66387
      vertex 21.1856 -41.9192 2.35243
      vertex 21.2987 -41.8591 2.27399
    endloop
  endfacet
  facet normal 0.717055 -0.534025 0.447939
    outer loop
      vertex 21.4529 -41.3143 2.81354
      vertex 21.3965 -41.6054 2.55678
      vertex 21.5341 -41.5323 2.42366
    endloop
  endfacet
  facet normal -0.658077 0.449686 -0.603918
    outer loop
      vertex 18.0861 -38.9524 0
      vertex 17.9713 -39.1204 0
      vertex 17.9827 -38.8533 0.186464
    endloop
  endfacet
  facet normal -0.737607 0.407496 -0.538407
    outer loop
      vertex 17.7687 -39.2813 0.15578
      vertex 17.9713 -39.1204 0
      vertex 17.9297 -39.1957 0
    endloop
  endfacet
  facet normal -0.737598 0.407404 -0.53849
    outer loop
      vertex 17.9713 -39.1204 0
      vertex 17.7687 -39.2813 0.15578
      vertex 17.9827 -38.8533 0.186464
    endloop
  endfacet
  facet normal -0.774976 0.502994 -0.382636
    outer loop
      vertex 17.7633 -38.8618 0.558374
      vertex 17.6656 -39.022 0.545661
      vertex 17.7163 -38.8831 0.625566
    endloop
  endfacet
  facet normal -0.822788 0.477579 -0.30812
    outer loop
      vertex 17.7163 -38.8831 0.625566
      vertex 17.6656 -39.022 0.545661
      vertex 17.6751 -38.9121 0.690635
    endloop
  endfacet
  facet normal -0.897837 0.43787 0.046452
    outer loop
      vertex 17.4668 -39.0223 1.5824
      vertex 17.4094 -39.1582 1.75399
      vertex 17.4816 -39.0079 1.73272
    endloop
  endfacet
  facet normal -0.897976 0.437612 0.046201
    outer loop
      vertex 17.4094 -39.1582 1.75399
      vertex 17.4668 -39.0223 1.5824
      vertex 17.3918 -39.1675 1.5
    endloop
  endfacet
  facet normal -0.885051 0.444647 0.137743
    outer loop
      vertex 17.4094 -39.1582 1.75399
      vertex 17.5053 -39.0089 1.88823
      vertex 17.4816 -39.0079 1.73272
    endloop
  endfacet
  facet normal -0.884937 0.445031 0.137234
    outer loop
      vertex 17.5053 -39.0089 1.88823
      vertex 17.4094 -39.1582 1.75399
      vertex 17.4619 -39.1302 2.00173
    endloop
  endfacet
  facet normal -0.886433 0.442915 0.1344
    outer loop
      vertex 17.5057 -39.0085 1.88955
      vertex 17.5053 -39.0089 1.88823
      vertex 17.4619 -39.1302 2.00173
    endloop
  endfacet
  facet normal -0.884904 0.445067 -0.137336
    outer loop
      vertex 17.5277 -38.9868 1.03902
      vertex 17.4619 -39.1302 0.998274
      vertex 17.5057 -39.0085 1.11045
    endloop
  endfacet
  facet normal -0.886434 0.442912 -0.134401
    outer loop
      vertex 17.5057 -39.0085 1.11045
      vertex 17.4619 -39.1302 0.998274
      vertex 17.5053 -39.0089 1.11177
    endloop
  endfacet
  facet normal -0.884938 0.44503 -0.137236
    outer loop
      vertex 17.4094 -39.1582 1.24601
      vertex 17.5053 -39.0089 1.11177
      vertex 17.4619 -39.1302 0.998274
    endloop
  endfacet
  facet normal -0.885051 0.444647 -0.137743
    outer loop
      vertex 17.5053 -39.0089 1.11177
      vertex 17.4094 -39.1582 1.24601
      vertex 17.4816 -39.0079 1.26728
    endloop
  endfacet
  facet normal -0.277913 0.753509 -0.595809
    outer loop
      vertex 19.2039 -38.1586 0
      vertex 19.1274 -38.1464 0.0511122
      vertex 19.1284 -38.1456 0.0516575
    endloop
  endfacet
  facet normal -0.258284 0.778276 -0.572343
    outer loop
      vertex 18.9993 -38.2265 0
      vertex 19.1274 -38.1464 0.0511122
      vertex 19.2039 -38.1586 0
    endloop
  endfacet
  facet normal -0.257036 0.777398 -0.574094
    outer loop
      vertex 19.1274 -38.1464 0.0511122
      vertex 18.9993 -38.2265 0
      vertex 18.9844 -38.2088 0.0306392
    endloop
  endfacet
  facet normal -0.257971 0.77825 -0.572519
    outer loop
      vertex 19.2039 -38.1586 0
      vertex 19.1874 -38.1043 0.0812471
      vertex 19.2398 -38.1467 0
    endloop
  endfacet
  facet normal -0.257705 0.778336 -0.572522
    outer loop
      vertex 19.1874 -38.1043 0.0812471
      vertex 19.2039 -38.1586 0
      vertex 19.1284 -38.1456 0.0516575
    endloop
  endfacet
  facet normal -0.257572 0.778264 0.572679
    outer loop
      vertex 19.1874 -38.1043 2.91875
      vertex 19.1284 -38.1456 2.94834
      vertex 19.2683 -38.1698 3.04415
    endloop
  endfacet
  facet normal -0.18012 0.819395 0.544195
    outer loop
      vertex 19.2568 -38.0674 2.88616
      vertex 19.1874 -38.1043 2.91875
      vertex 19.2683 -38.1698 3.04415
    endloop
  endfacet
  facet normal -0.420103 0.692051 0.587008
    outer loop
      vertex 18.7832 -38.326 3
      vertex 18.7089 -38.3619 2.98915
      vertex 18.8253 -38.4053 3.12362
    endloop
  endfacet
  facet normal -0.970683 0.148241 0.189204
    outer loop
      vertex 17.2977 -39.5317 1.79738
      vertex 17.2456 -39.9189 1.83346
      vertex 17.3146 -39.8822 2.1587
    endloop
  endfacet
  facet normal -0.97808 -0.00702849 0.208111
    outer loop
      vertex 17.3146 -39.8822 2.1587
      vertex 17.2544 -40.3101 1.86132
      vertex 17.3291 -40.2703 2.21374
    endloop
  endfacet
  facet normal -0.988281 0.138881 -0.0633391
    outer loop
      vertex 17.2456 -39.9189 1.16654
      vertex 17.2225 -39.9312 1.5
      vertex 17.2977 -39.5317 1.20262
    endloop
  endfacet
  facet normal -0.970683 0.148241 -0.189204
    outer loop
      vertex 17.3146 -39.8822 0.8413
      vertex 17.2456 -39.9189 1.16654
      vertex 17.2977 -39.5317 1.20262
    endloop
  endfacet
  facet normal 0.649148 -0.319224 0.690437
    outer loop
      vertex 21.4373 -40.6489 3.2245
      vertex 21.2421 -41.1122 3.19382
      vertex 21.4666 -40.9928 3.03795
    endloop
  endfacet
  facet normal 0.649038 -0.319185 0.690558
    outer loop
      vertex 21.4373 -40.6489 3.2245
      vertex 21.1855 -40.7828 3.39927
      vertex 21.2421 -41.1122 3.19382
    endloop
  endfacet
  facet normal 0.477513 -0.54572 0.688601
    outer loop
      vertex 21.0533 -41.5267 3.04415
      vertex 20.7426 -41.3778 3.37761
      vertex 20.8345 -41.6431 3.10363
    endloop
  endfacet
  facet normal 0.500903 -0.648886 0.572751
    outer loop
      vertex 21.0533 -41.5267 3.04415
      vertex 20.8345 -41.6431 3.10363
      vertex 20.899 -41.87 2.79016
    endloop
  endfacet
  facet normal 0.598331 -0.800389 0.037109
    outer loop
      vertex 21.3491 -41.9696 1.68035
      vertex 21.0526 -42.1968 1.56061
      vertex 21.368 -41.9596 1.5913
    endloop
  endfacet
  facet normal 0.598503 -0.800353 0.0350607
    outer loop
      vertex 21.368 -41.9596 1.5913
      vertex 21.0526 -42.1968 1.56061
      vertex 21.0589 -42.1934 1.53068
    endloop
  endfacet
  facet normal 0.679722 -0.715408 0.161767
    outer loop
      vertex 21.4855 -41.7598 2.06234
      vertex 21.3182 -41.986 1.76495
      vertex 21.5548 -41.7229 1.93434
    endloop
  endfacet
  facet normal 0.699064 -0.705125 0.118779
    outer loop
      vertex 21.5548 -41.7229 1.93434
      vertex 21.3182 -41.986 1.76495
      vertex 21.6055 -41.696 1.79564
    endloop
  endfacet
  facet normal 0.581914 -0.809097 0.0820884
    outer loop
      vertex 21.2759 -42.0085 1.84304
      vertex 21.028 -42.2099 1.61529
      vertex 21.3182 -41.986 1.76495
    endloop
  endfacet
  facet normal 0.624025 -0.745054 0.235557
    outer loop
      vertex 21.2987 -41.8591 2.27399
      vertex 21.2234 -42.0364 1.91268
      vertex 21.3995 -41.8055 2.17649
    endloop
  endfacet
  facet normal 0.654337 -0.72893 0.201257
    outer loop
      vertex 21.4855 -41.7598 2.06234
      vertex 21.2234 -42.0364 1.91268
      vertex 21.2759 -42.0085 1.84304
    endloop
  endfacet
  facet normal 0.569063 -0.815928 0.102117
    outer loop
      vertex 21.2234 -42.0364 1.91268
      vertex 21.028 -42.2099 1.61529
      vertex 21.2759 -42.0085 1.84304
    endloop
  endfacet
  facet normal 0.180302 -0.819354 0.544197
    outer loop
      vertex 20.1673 -41.9978 3.04415
      vertex 19.9594 -42.1083 2.94666
      vertex 20.1949 -42.2443 2.66387
    endloop
  endfacet
  facet normal -0.0981054 -0.716521 0.690633
    outer loop
      vertex 19.718 -41.9225 3.19382
      vertex 19.2248 -41.8254 3.2245
      vertex 19.4935 -42.042 3.03795
    endloop
  endfacet
  facet normal -0.143992 -0.876115 0.460096
    outer loop
      vertex 19.2932 -42.1484 2.84422
      vertex 19.1221 -42.2394 2.61739
      vertex 19.4505 -42.379 2.45434
    endloop
  endfacet
  facet normal -0.385992 -0.718299 0.57884
    outer loop
      vertex 19.0002 -41.9448 3.00727
      vertex 18.5171 -41.8058 2.85761
      vertex 18.8084 -42.0467 2.75292
    endloop
  endfacet
  facet normal 0.303335 -0.915458 0.264433
    outer loop
      vertex 20.4186 -42.327 2.35243
      vertex 20.3056 -42.3871 2.27399
      vertex 20.6251 -42.3546 2.02
    endloop
  endfacet
  facet normal 0.180343 -0.819346 0.544195
    outer loop
      vertex 20.3621 -42.1554 2.74231
      vertex 20.1673 -41.9978 3.04415
      vertex 20.1949 -42.2443 2.66387
    endloop
  endfacet
  facet normal 0.0418317 -0.893092 0.447925
    outer loop
      vertex 19.7676 -42.2103 2.81354
      vertex 19.5966 -42.3013 2.64807
      vertex 19.903 -42.3995 2.42366
    endloop
  endfacet
  facet normal -0.0159169 -0.92381 0.38252
    outer loop
      vertex 19.5966 -42.3013 2.64807
      vertex 19.4505 -42.379 2.45434
      vertex 19.903 -42.3995 2.42366
    endloop
  endfacet
  facet normal -0.144095 -0.876119 0.460057
    outer loop
      vertex 19.5966 -42.3013 2.64807
      vertex 19.2932 -42.1484 2.84422
      vertex 19.4505 -42.379 2.45434
    endloop
  endfacet
  facet normal -0.298666 -0.67167 0.677981
    outer loop
      vertex 19.2248 -41.8254 3.2245
      vertex 18.9683 -41.5659 3.36859
      vertex 19.0002 -41.9448 3.00727
    endloop
  endfacet
  facet normal 0.274386 -0.367048 0.888813
    outer loop
      vertex 20.486 -40.7589 3.78126
      vertex 20.167 -40.9285 3.8097
      vertex 20.3311 -41.2371 3.6316
    endloop
  endfacet
  facet normal 0.210569 -0.237021 0.94841
    outer loop
      vertex 20.486 -40.7589 3.78126
      vertex 19.9918 -40.5991 3.93092
      vertex 20.167 -40.9285 3.8097
    endloop
  endfacet
  facet normal 0.0047975 -0.174083 0.984719
    outer loop
      vertex 19.9918 -40.5991 3.93092
      vertex 19.4656 -40.44 3.96161
      vertex 19.656 -40.7776 3.901
    endloop
  endfacet
  facet normal -0.130341 -0.245947 0.96048
    outer loop
      vertex 19.4656 -40.44 3.96161
      vertex 19.3285 -40.9518 3.81195
      vertex 19.656 -40.7776 3.901
    endloop
  endfacet
  facet normal 0.345457 -0.934826 0.0822227
    outer loop
      vertex 20.4422 -42.4518 1.84304
      vertex 20.3999 -42.4743 1.76495
      vertex 20.7478 -42.3589 1.61529
    endloop
  endfacet
  facet normal 0.358074 -0.928117 0.101889
    outer loop
      vertex 20.4947 -42.4239 1.91268
      vertex 20.4422 -42.4518 1.84304
      vertex 20.7478 -42.3589 1.61529
    endloop
  endfacet
  facet normal 0.125857 0.982312 -0.13865
    outer loop
      vertex 20.1887 -37.6804 0.998274
      vertex 20.033 -37.6547 1.03902
      vertex 20.0633 -37.6485 1.11045
    endloop
  endfacet
  facet normal 0.125846 0.98254 -0.13703
    outer loop
      vertex 20.2413 -37.6524 1.24601
      vertex 20.0639 -37.6484 1.11177
      vertex 20.0763 -37.6283 1.26728
    endloop
  endfacet
  facet normal 0.126487 0.982339 -0.137884
    outer loop
      vertex 20.1887 -37.6804 0.998274
      vertex 20.0639 -37.6484 1.11177
      vertex 20.2413 -37.6524 1.24601
    endloop
  endfacet
  facet normal 0.130339 0.982417 -0.13367
    outer loop
      vertex 20.0639 -37.6484 1.11177
      vertex 20.1887 -37.6804 0.998274
      vertex 20.0633 -37.6485 1.11045
    endloop
  endfacet
  facet normal 0.0746566 0.839193 -0.538684
    outer loop
      vertex 20.1424 -38.0192 0.15578
      vertex 19.668 -37.9573 0.186464
      vertex 19.839 -37.8663 0.351928
    endloop
  endfacet
  facet normal -0.0417936 0.89292 -0.448272
    outer loop
      vertex 19.839 -37.8663 0.351928
      vertex 19.6119 -37.8789 0.348003
      vertex 19.7197 -37.828 0.439341
    endloop
  endfacet
  facet normal -0.0418077 0.893077 -0.447958
    outer loop
      vertex 19.6119 -37.8789 0.348003
      vertex 19.839 -37.8663 0.351928
      vertex 19.668 -37.9573 0.186464
    endloop
  endfacet
  facet normal 0.469235 -0.883074 1.64093e-12
    outer loop
      vertex 20.8608 -42.2988 1.69373
      vertex 20.915 -42.27 1.69373
      vertex 20.8879 -42.2844 1.69615
    endloop
  endfacet
  facet normal 0.469211 -0.88303 -0.00998399
    outer loop
      vertex 20.8343 -42.3128 1.68655
      vertex 20.915 -42.27 1.69373
      vertex 20.8608 -42.2988 1.69373
    endloop
  endfacet
  facet normal 0.469156 -0.883068 -0.00912951
    outer loop
      vertex 20.8343 -42.3128 1.68655
      vertex 20.9414 -42.2559 1.68655
      vertex 20.915 -42.27 1.69373
    endloop
  endfacet
  facet normal 0.46917 -0.883095 0.00486471
    outer loop
      vertex 20.8092 -42.3262 1.67477
      vertex 20.9414 -42.2559 1.68655
      vertex 20.8343 -42.3128 1.68655
    endloop
  endfacet
  facet normal 0.469304 -0.883032 0.00298793
    outer loop
      vertex 20.8092 -42.3262 1.67477
      vertex 20.9665 -42.2426 1.67477
      vertex 20.9414 -42.2559 1.68655
    endloop
  endfacet
  facet normal 0.469305 -0.883035 0.00126727
    outer loop
      vertex 20.7861 -42.3385 1.65869
      vertex 20.9665 -42.2426 1.67477
      vertex 20.8092 -42.3262 1.67477
    endloop
  endfacet
  facet normal 0.469618 -0.882864 -0.00325759
    outer loop
      vertex 20.7861 -42.3385 1.65869
      vertex 20.9897 -42.2302 1.65869
      vertex 20.9665 -42.2426 1.67477
    endloop
  endfacet
  facet normal 0.46962 -0.882868 -0.0004794
    outer loop
      vertex 20.7654 -42.3495 1.6387
      vertex 20.9897 -42.2302 1.65869
      vertex 20.7861 -42.3385 1.65869
    endloop
  endfacet
  facet normal 0.469708 -0.88282 -0.00175282
    outer loop
      vertex 20.7654 -42.3495 1.6387
      vertex 21.0103 -42.2192 1.6387
      vertex 20.9897 -42.2302 1.65869
    endloop
  endfacet
  facet normal 0.469708 -0.882821 0.001352
    outer loop
      vertex 20.7478 -42.3589 1.61529
      vertex 21.0103 -42.2192 1.6387
      vertex 20.7654 -42.3495 1.6387
    endloop
  endfacet
  facet normal 0.469504 -0.88292 0.00423189
    outer loop
      vertex 20.7478 -42.3589 1.61529
      vertex 21.028 -42.2099 1.61529
      vertex 21.0103 -42.2192 1.6387
    endloop
  endfacet
  facet normal 0.469508 -0.882927 -0.00171723
    outer loop
      vertex 20.7336 -42.3664 1.58905
      vertex 21.028 -42.2099 1.61529
      vertex 20.7478 -42.3589 1.61529
    endloop
  endfacet
  facet normal 0.469503 -0.882929 -0.00165079
    outer loop
      vertex 20.7336 -42.3664 1.58905
      vertex 21.0422 -42.2023 1.58905
      vertex 21.028 -42.2099 1.61529
    endloop
  endfacet
  facet normal 0.469504 -0.88293 -0.00093961
    outer loop
      vertex 20.7232 -42.3719 1.56061
      vertex 21.0422 -42.2023 1.58905
      vertex 20.7336 -42.3664 1.58905
    endloop
  endfacet
  facet normal 0.469377 -0.882997 0.000880345
    outer loop
      vertex 20.7232 -42.3719 1.56061
      vertex 21.0526 -42.1968 1.56061
      vertex 21.0422 -42.2023 1.58905
    endloop
  endfacet
  facet normal 0.469377 -0.882998 -6.09029e-05
    outer loop
      vertex 20.7168 -42.3753 1.53068
      vertex 21.0526 -42.1968 1.56061
      vertex 20.7232 -42.3719 1.56061
    endloop
  endfacet
  facet normal 0.469475 -0.882944 -0.00148062
    outer loop
      vertex 20.7168 -42.3753 1.53068
      vertex 21.0589 -42.1934 1.53068
      vertex 21.0526 -42.1968 1.56061
    endloop
  endfacet
  facet normal 0.469476 -0.882945 -0.00047783
    outer loop
      vertex 20.7147 -42.3764 1.5
      vertex 21.0589 -42.1934 1.53068
      vertex 20.7168 -42.3753 1.53068
    endloop
  endfacet
  facet normal 0.469303 -0.883035 0.00199248
    outer loop
      vertex 20.7147 -42.3764 1.5
      vertex 21.0611 -42.1923 1.5
      vertex 21.0589 -42.1934 1.53068
    endloop
  endfacet
  facet normal 0.469304 -0.883036 0.000462808
    outer loop
      vertex 20.7168 -42.3753 1.46932
      vertex 21.0611 -42.1923 1.5
      vertex 20.7147 -42.3764 1.5
    endloop
  endfacet
  facet normal 0.469475 -0.882943 -0.00200806
    outer loop
      vertex 20.7168 -42.3753 1.46932
      vertex 21.0589 -42.1934 1.46932
      vertex 21.0611 -42.1923 1.5
    endloop
  endfacet
  facet normal 0.469476 -0.882945 8.79578e-05
    outer loop
      vertex 20.7232 -42.3719 1.43939
      vertex 21.0589 -42.1934 1.46932
      vertex 20.7168 -42.3753 1.46932
    endloop
  endfacet
  facet normal 0.469377 -0.882997 0.00150735
    outer loop
      vertex 20.7232 -42.3719 1.43939
      vertex 21.0526 -42.1968 1.43939
      vertex 21.0589 -42.1934 1.46932
    endloop
  endfacet
  facet normal 0.469377 -0.882997 0.000880345
    outer loop
      vertex 20.7336 -42.3664 1.41095
      vertex 21.0526 -42.1968 1.43939
      vertex 20.7232 -42.3719 1.43939
    endloop
  endfacet
  facet normal 0.469504 -0.88293 -0.00093961
    outer loop
      vertex 20.7336 -42.3664 1.41095
      vertex 21.0422 -42.2023 1.41095
      vertex 21.0526 -42.1968 1.43939
    endloop
  endfacet
  facet normal 0.469503 -0.882929 0.00171403
    outer loop
      vertex 20.7478 -42.3589 1.38471
      vertex 21.0422 -42.2023 1.41095
      vertex 20.7336 -42.3664 1.41095
    endloop
  endfacet
  facet normal 0.469508 -0.882927 0.00164758
    outer loop
      vertex 20.7478 -42.3589 1.38471
      vertex 21.028 -42.2099 1.38471
      vertex 21.0422 -42.2023 1.41095
    endloop
  endfacet
  facet normal 0.469508 -0.882927 -0.00154524
    outer loop
      vertex 20.7654 -42.3495 1.3613
      vertex 21.028 -42.2099 1.38471
      vertex 20.7478 -42.3589 1.38471
    endloop
  endfacet
  facet normal 0.469704 -0.882813 -0.00442553
    outer loop
      vertex 20.7654 -42.3495 1.3613
      vertex 21.0103 -42.2192 1.3613
      vertex 21.028 -42.2099 1.38471
    endloop
  endfacet
  facet normal 0.469709 -0.882821 0.000596897
    outer loop
      vertex 20.7861 -42.3385 1.34131
      vertex 21.0103 -42.2192 1.3613
      vertex 20.7654 -42.3495 1.3613
    endloop
  endfacet
  facet normal 0.469619 -0.882867 0.00186987
    outer loop
      vertex 20.7861 -42.3385 1.34131
      vertex 20.9897 -42.2302 1.34131
      vertex 21.0103 -42.2192 1.3613
    endloop
  endfacet
  facet normal 0.46962 -0.882868 -0.000687658
    outer loop
      vertex 20.8092 -42.3262 1.32523
      vertex 20.9897 -42.2302 1.34131
      vertex 20.7861 -42.3385 1.34131
    endloop
  endfacet
  facet normal 0.469302 -0.883029 0.00384019
    outer loop
      vertex 20.8092 -42.3262 1.32523
      vertex 20.9665 -42.2426 1.32523
      vertex 20.9897 -42.2302 1.34131
    endloop
  endfacet
  facet normal 0.469301 -0.883027 -0.00450807
    outer loop
      vertex 20.8343 -42.3128 1.31345
      vertex 20.9665 -42.2426 1.32523
      vertex 20.8092 -42.3262 1.32523
    endloop
  endfacet
  facet normal 0.469174 -0.883102 -0.00263187
    outer loop
      vertex 20.8343 -42.3128 1.31345
      vertex 20.9414 -42.2559 1.31345
      vertex 20.9665 -42.2426 1.32523
    endloop
  endfacet
  facet normal 0.469153 -0.883063 0.00970364
    outer loop
      vertex 20.8608 -42.2988 1.30627
      vertex 20.9414 -42.2559 1.31345
      vertex 20.8343 -42.3128 1.31345
    endloop
  endfacet
  facet normal 0.469216 -0.883039 0.00884954
    outer loop
      vertex 20.8608 -42.2988 1.30627
      vertex 20.915 -42.27 1.30627
      vertex 20.9414 -42.2559 1.31345
    endloop
  endfacet
  facet normal 0.469235 -0.883074 -1.6402e-12
    outer loop
      vertex 20.915 -42.27 1.30627
      vertex 20.8608 -42.2988 1.30627
      vertex 20.8879 -42.2844 1.30385
    endloop
  endfacet
  facet normal 0.774869 -0.503248 -0.382517
    outer loop
      vertex 21.7701 -41.1456 0.545661
      vertex 21.5341 -41.5323 0.576344
      vertex 21.624 -41.2233 0.351928
    endloop
  endfacet
  facet normal 0.774923 -0.50327 -0.382379
    outer loop
      vertex 21.6516 -41.4698 0.732208
      vertex 21.5341 -41.5323 0.576344
      vertex 21.7701 -41.1456 0.545661
    endloop
  endfacet
  facet normal 0.15713 -0.924964 -0.346052
    outer loop
      vertex 20.2048 -42.4407 0.823505
      vertex 19.903 -42.3995 0.576344
      vertex 20.3056 -42.3871 0.726007
    endloop
  endfacet
  facet normal 0.268632 -0.933956 -0.235718
    outer loop
      vertex 20.4947 -42.4239 1.08732
      vertex 20.2048 -42.4407 0.823505
      vertex 20.3056 -42.3871 0.726007
    endloop
  endfacet
  facet normal 0.411296 -0.899857 0.145236
    outer loop
      vertex 20.6998 -42.3148 2.05505
      vertex 20.6251 -42.3546 2.02
      vertex 20.8343 -42.3128 1.68655
    endloop
  endfacet
  facet normal 0.431358 -0.889179 0.152617
    outer loop
      vertex 20.7784 -42.273 2.07643
      vertex 20.6998 -42.3148 2.05505
      vertex 20.8343 -42.3128 1.68655
    endloop
  endfacet
  facet normal 0.30304 -0.91567 0.264035
    outer loop
      vertex 20.6251 -42.3546 2.02
      vertex 20.3056 -42.3871 2.27399
      vertex 20.5562 -42.3912 1.97215
    endloop
  endfacet
  facet normal 0.268644 -0.933951 0.235725
    outer loop
      vertex 20.5562 -42.3912 1.97215
      vertex 20.3056 -42.3871 2.27399
      vertex 20.4947 -42.4239 1.91268
    endloop
  endfacet
  facet normal 0.650989 -0.569138 -0.50229
    outer loop
      vertex 21.4529 -41.3143 0.186464
      vertex 21.2421 -41.6875 0.336126
      vertex 21.2611 -41.4162 0.0533447
    endloop
  endfacet
  facet normal 0.578348 -0.607812 -0.54413
    outer loop
      vertex 21.1474 -41.4767 0
      vertex 21.2421 -41.6875 0.336126
      vertex 21.0752 -41.5454 0
    endloop
  endfacet
  facet normal 0.578587 -0.607628 -0.544082
    outer loop
      vertex 21.2421 -41.6875 0.336126
      vertex 21.1474 -41.4767 0
      vertex 21.2611 -41.4162 0.0533447
    endloop
  endfacet
  facet normal 0.627739 -0.674765 -0.388118
    outer loop
      vertex 21.2987 -41.8591 0.726007
      vertex 21.1856 -41.9192 0.647567
      vertex 21.2421 -41.6875 0.336126
    endloop
  endfacet
  facet normal 0.589147 -0.763519 -0.26447
    outer loop
      vertex 21.2987 -41.8591 0.726007
      vertex 21.093 -42.1058 0.979997
      vertex 21.1856 -41.9192 0.647567
    endloop
  endfacet
  facet normal 0.474887 -0.866021 0.156494
    outer loop
      vertex 20.9397 -42.1873 2.07643
      vertex 20.8591 -42.2302 2.08361
      vertex 20.915 -42.27 1.69373
    endloop
  endfacet
  facet normal 0.497539 -0.853945 0.152422
    outer loop
      vertex 20.9397 -42.1873 2.07643
      vertex 20.915 -42.27 1.69373
      vertex 20.9414 -42.2559 1.68655
    endloop
  endfacet
  facet normal 0.510524 -0.805377 0.30122
    outer loop
      vertex 21.0632 -41.9843 2.40988
      vertex 20.9343 -42.0529 2.44493
      vertex 20.9397 -42.1873 2.07643
    endloop
  endfacet
  facet normal 0.51211 -0.73622 0.442407
    outer loop
      vertex 21.0632 -41.9843 2.40988
      vertex 20.899 -41.87 2.79016
      vertex 20.9343 -42.0529 2.44493
    endloop
  endfacet
  facet normal 0.578413 -0.607736 0.544147
    outer loop
      vertex 21.2421 -41.6875 2.66387
      vertex 21.0533 -41.5267 3.04415
      vertex 21.0749 -41.7764 2.74231
    endloop
  endfacet
  facet normal 0.501052 -0.648869 0.572639
    outer loop
      vertex 21.0533 -41.5267 3.04415
      vertex 20.899 -41.87 2.79016
      vertex 21.0749 -41.7764 2.74231
    endloop
  endfacet
  facet normal -0.717195 0.534036 -0.447701
    outer loop
      vertex 17.9827 -38.8533 0.186464
      vertex 17.9491 -38.763 0.348003
      vertex 18.0069 -38.7286 0.296444
    endloop
  endfacet
  facet normal -0.864565 0.340045 -0.369995
    outer loop
      vertex 17.5976 -39.3723 0.382612
      vertex 17.46 -39.4454 0.636958
      vertex 17.6656 -39.022 0.545661
    endloop
  endfacet
  facet normal -0.864508 0.339975 -0.370193
    outer loop
      vertex 17.6656 -39.022 0.545661
      vertex 17.46 -39.4454 0.636958
      vertex 17.548 -39.0845 0.762893
    endloop
  endfacet
  facet normal -0.180666 0.819442 -0.543943
    outer loop
      vertex 19.3624 -38.1197 0
      vertex 19.3783 -38.0028 0.170827
      vertex 19.4762 -38.0592 0.0533447
    endloop
  endfacet
  facet normal -0.180537 0.819456 -0.543965
    outer loop
      vertex 19.3783 -38.0028 0.170827
      vertex 19.3624 -38.1197 0
      vertex 19.2568 -38.0674 0.113835
    endloop
  endfacet
  facet normal -0.180268 0.819629 -0.543795
    outer loop
      vertex 19.2568 -38.0674 0.113835
      vertex 19.3624 -38.1197 0
      vertex 19.2651 -38.1411 0
    endloop
  endfacet
  facet normal -0.107307 0.858058 -0.502216
    outer loop
      vertex 19.4762 -38.0592 0.0533447
      vertex 19.4965 -37.9436 0.246515
      vertex 19.668 -37.9573 0.186464
    endloop
  endfacet
  facet normal -0.107739 0.858038 -0.502158
    outer loop
      vertex 19.4965 -37.9436 0.246515
      vertex 19.4762 -38.0592 0.0533447
      vertex 19.4468 -37.9765 0.200962
    endloop
  endfacet
  facet normal -0.108444 0.857909 -0.502227
    outer loop
      vertex 19.4468 -37.9765 0.200962
      vertex 19.4762 -38.0592 0.0533447
      vertex 19.3783 -38.0028 0.170827
    endloop
  endfacet
  facet normal -0.93604 0.166578 0.309969
    outer loop
      vertex 17.3592 -39.499 2.08745
      vertex 17.3146 -39.8822 2.1587
      vertex 17.46 -39.4454 2.36304
    endloop
  endfacet
  facet normal -0.90916 0.316172 0.271042
    outer loop
      vertex 17.4619 -39.1302 2.00173
      vertex 17.3592 -39.499 2.08745
      vertex 17.46 -39.4454 2.36304
    endloop
  endfacet
  facet normal 0.553661 -0.824137 0.119403
    outer loop
      vertex 21.1619 -42.0691 1.97215
      vertex 20.9897 -42.2302 1.65869
      vertex 21.2234 -42.0364 1.91268
    endloop
  endfacet
  facet normal 0.554568 -0.823696 0.118232
    outer loop
      vertex 21.2234 -42.0364 1.91268
      vertex 20.9897 -42.2302 1.65869
      vertex 21.0103 -42.2192 1.6387
    endloop
  endfacet
  facet normal 0.0920686 -0.750779 0.654106
    outer loop
      vertex 19.9614 -41.7932 3.30797
      vertex 19.718 -41.9225 3.19382
      vertex 20.1673 -41.9978 3.04415
    endloop
  endfacet
  facet normal 0.00156764 -0.663479 0.748193
    outer loop
      vertex 19.7495 -41.5464 3.52727
      vertex 19.718 -41.9225 3.19382
      vertex 19.9614 -41.7932 3.30797
    endloop
  endfacet
  facet normal -0.188893 -0.764957 0.615759
    outer loop
      vertex 19.2248 -41.8254 3.2245
      vertex 19.0002 -41.9448 3.00727
      vertex 19.2932 -42.1484 2.84422
    endloop
  endfacet
  facet normal -0.268345 -0.807208 0.525744
    outer loop
      vertex 19.0002 -41.9448 3.00727
      vertex 18.8084 -42.0467 2.75292
      vertex 19.2932 -42.1484 2.84422
    endloop
  endfacet
  facet normal 0.264292 -0.867999 0.42039
    outer loop
      vertex 20.3621 -42.1554 2.74231
      vertex 20.1949 -42.2443 2.66387
      vertex 20.5411 -42.2619 2.40988
    endloop
  endfacet
  facet normal 0.324334 -0.836068 0.44249
    outer loop
      vertex 20.5381 -42.0618 2.79016
      vertex 20.3621 -42.1554 2.74231
      vertex 20.5411 -42.2619 2.40988
    endloop
  endfacet
  facet normal 0.264213 -0.868073 0.420287
    outer loop
      vertex 20.5411 -42.2619 2.40988
      vertex 20.1949 -42.2443 2.66387
      vertex 20.4186 -42.327 2.35243
    endloop
  endfacet
  facet normal 0.208214 -0.897845 0.38797
    outer loop
      vertex 20.4186 -42.327 2.35243
      vertex 20.1949 -42.2443 2.66387
      vertex 20.3056 -42.3871 2.27399
    endloop
  endfacet
  facet normal 0.1441 0.87612 -0.460054
    outer loop
      vertex 20.1424 -38.0192 0.15578
      vertex 19.839 -37.8663 0.351928
      vertex 19.9851 -37.7886 0.545661
    endloop
  endfacet
  facet normal 0.0159425 0.923805 -0.382531
    outer loop
      vertex 19.839 -37.8663 0.351928
      vertex 19.7976 -37.7801 0.558374
      vertex 19.9851 -37.7886 0.545661
    endloop
  endfacet
  facet normal 0.0163519 0.923828 -0.382458
    outer loop
      vertex 19.7976 -37.7801 0.558374
      vertex 19.839 -37.8663 0.351928
      vertex 19.7197 -37.828 0.439341
    endloop
  endfacet
  facet normal -0.970717 0.148142 0.189109
    outer loop
      vertex 17.3592 -39.499 2.08745
      vertex 17.2977 -39.5317 1.79738
      vertex 17.3146 -39.8822 2.1587
    endloop
  endfacet
  facet normal -0.939481 0.300053 0.165361
    outer loop
      vertex 17.4619 -39.1302 2.00173
      vertex 17.2977 -39.5317 1.79738
      vertex 17.3592 -39.499 2.08745
    endloop
  endfacet
  facet normal 0.654373 -0.72892 0.201177
    outer loop
      vertex 21.3995 -41.8055 2.17649
      vertex 21.2234 -42.0364 1.91268
      vertex 21.4855 -41.7598 2.06234
    endloop
  endfacet
  facet normal 0.723609 -0.623788 0.295429
    outer loop
      vertex 21.5341 -41.5323 2.42366
      vertex 21.3995 -41.8055 2.17649
      vertex 21.4855 -41.7598 2.06234
    endloop
  endfacet
  facet normal -0.189162 -0.764941 0.615697
    outer loop
      vertex 19.4935 -42.042 3.03795
      vertex 19.2248 -41.8254 3.2245
      vertex 19.2932 -42.1484 2.84422
    endloop
  endfacet
  facet normal -0.074719 -0.839441 0.538289
    outer loop
      vertex 19.4935 -42.042 3.03795
      vertex 19.2932 -42.1484 2.84422
      vertex 19.7676 -42.2103 2.81354
    endloop
  endfacet
  facet normal 0.201723 0.906821 -0.370112
    outer loop
      vertex 20.3135 -37.9282 0.382612
      vertex 19.9851 -37.7886 0.545661
      vertex 20.4511 -37.855 0.636958
    endloop
  endfacet
  facet normal 0.334215 0.842153 -0.423178
    outer loop
      vertex 20.6272 -38.1208 0.247077
      vertex 20.3135 -37.9282 0.382612
      vertex 20.4511 -37.855 0.636958
    endloop
  endfacet
  facet normal -0.988281 0.138881 0.0633391
    outer loop
      vertex 17.2977 -39.5317 1.79738
      vertex 17.2225 -39.9312 1.5
      vertex 17.2456 -39.9189 1.83346
    endloop
  endfacet
  facet normal -0.997412 -0.0174701 0.0697388
    outer loop
      vertex 17.2456 -39.9189 1.83346
      vertex 17.2225 -39.9312 1.5
      vertex 17.2544 -40.3101 1.86132
    endloop
  endfacet
  facet normal -0.471398 0 0.881921
    outer loop
      vertex -1.11114 5 3.16294
      vertex -0.765367 0 3.34776
      vertex -0.765367 5 3.34776
    endloop
  endfacet
  facet normal -0.471398 0 0.881921
    outer loop
      vertex -0.765367 0 3.34776
      vertex -1.11114 5 3.16294
      vertex -1.11114 0 3.16294
    endloop
  endfacet
  facet normal 0.471398 0 0.881921
    outer loop
      vertex 0.765367 5 3.34776
      vertex 1.11114 0 3.16294
      vertex 1.11114 5 3.16294
    endloop
  endfacet
  facet normal 0.471398 0 0.881921
    outer loop
      vertex 1.11114 0 3.16294
      vertex 0.765367 5 3.34776
      vertex 0.765367 0 3.34776
    endloop
  endfacet
  facet normal 0.956942 -0 0.290279
    outer loop
      vertex 1.84776 0 2.26537
      vertex 1.96157 5 1.89018
      vertex 1.84776 5 2.26537
    endloop
  endfacet
  facet normal 0.956942 0 0.290279
    outer loop
      vertex 1.96157 5 1.89018
      vertex 1.84776 0 2.26537
      vertex 1.96157 0 1.89018
    endloop
  endfacet
  facet normal 0.995185 -0 0.0980187
    outer loop
      vertex 1.96157 0 1.89018
      vertex 2 5 1.5
      vertex 1.96157 5 1.89018
    endloop
  endfacet
  facet normal 0.995185 0 0.0980187
    outer loop
      vertex 2 5 1.5
      vertex 1.96157 0 1.89018
      vertex 2 0 1.5
    endloop
  endfacet
  facet normal 0.881919 -0 0.471401
    outer loop
      vertex 1.66294 0 2.61114
      vertex 1.84776 5 2.26537
      vertex 1.66294 5 2.61114
    endloop
  endfacet
  facet normal 0.881919 0 0.471401
    outer loop
      vertex 1.84776 5 2.26537
      vertex 1.66294 0 2.61114
      vertex 1.84776 0 2.26537
    endloop
  endfacet
  facet normal 0.0980185 0 0.995185
    outer loop
      vertex 0 5 3.5
      vertex 0.390181 0 3.46157
      vertex 0.390181 5 3.46157
    endloop
  endfacet
  facet normal 0.0980185 0 0.995185
    outer loop
      vertex 0.390181 0 3.46157
      vertex 0 5 3.5
      vertex 0 0 3.5
    endloop
  endfacet
  facet normal 0.290281 0 0.956941
    outer loop
      vertex 0.390181 5 3.46157
      vertex 0.765367 0 3.34776
      vertex 0.765367 5 3.34776
    endloop
  endfacet
  facet normal 0.290281 0 0.956941
    outer loop
      vertex 0.765367 0 3.34776
      vertex 0.390181 5 3.46157
      vertex 0.390181 0 3.46157
    endloop
  endfacet
  facet normal 0.634404 0 0.773002
    outer loop
      vertex 1.11114 5 3.16294
      vertex 1.41421 0 2.91421
      vertex 1.41421 5 2.91421
    endloop
  endfacet
  facet normal 0.634404 0 0.773002
    outer loop
      vertex 1.41421 0 2.91421
      vertex 1.11114 5 3.16294
      vertex 1.11114 0 3.16294
    endloop
  endfacet
  facet normal 0.773005 0 -0.6344
    outer loop
      vertex 1.66294 0 0.38886
      vertex 1.41421 5 0.0857868
      vertex 1.66294 5 0.38886
    endloop
  endfacet
  facet normal 0.773005 0 -0.6344
    outer loop
      vertex 1.41421 5 0.0857868
      vertex 1.66294 0 0.38886
      vertex 1.41421 0 0.0857868
    endloop
  endfacet
  facet normal -0.634404 0 0.773002
    outer loop
      vertex -1.41421 5 2.91421
      vertex -1.11114 0 3.16294
      vertex -1.11114 5 3.16294
    endloop
  endfacet
  facet normal -0.634404 0 0.773002
    outer loop
      vertex -1.11114 0 3.16294
      vertex -1.41421 5 2.91421
      vertex -1.41421 0 2.91421
    endloop
  endfacet
  facet normal -0.881921 0 -0.471398
    outer loop
      vertex -1.66294 0 0.38886
      vertex -1.84776 5 0.734633
      vertex -1.66294 5 0.38886
    endloop
  endfacet
  facet normal -0.881921 -0 -0.471398
    outer loop
      vertex -1.84776 5 0.734633
      vertex -1.66294 0 0.38886
      vertex -1.84776 0 0.734633
    endloop
  endfacet
  facet normal 0.995185 0 -0.0980187
    outer loop
      vertex 2 0 1.5
      vertex 1.96157 5 1.10982
      vertex 2 5 1.5
    endloop
  endfacet
  facet normal 0.995185 0 -0.0980187
    outer loop
      vertex 1.96157 5 1.10982
      vertex 2 0 1.5
      vertex 1.96157 0 1.10982
    endloop
  endfacet
  facet normal -0.290281 0 0.956941
    outer loop
      vertex -0.765367 5 3.34776
      vertex -0.390181 0 3.46157
      vertex -0.390181 5 3.46157
    endloop
  endfacet
  facet normal -0.290281 0 0.956941
    outer loop
      vertex -0.390181 0 3.46157
      vertex -0.765367 5 3.34776
      vertex -0.765367 0 3.34776
    endloop
  endfacet
  facet normal 0 1 0
    outer loop
      vertex 0.390181 5 3.46157
      vertex -0.390181 5 3.46157
      vertex 0 5 3.5
    endloop
  endfacet
  facet normal 0 1 0
    outer loop
      vertex 0.765367 5 3.34776
      vertex -0.390181 5 3.46157
      vertex 0.390181 5 3.46157
    endloop
  endfacet
  facet normal 0 1 0
    outer loop
      vertex 0.765367 5 3.34776
      vertex -0.765367 5 3.34776
      vertex -0.390181 5 3.46157
    endloop
  endfacet
  facet normal 0 1 0
    outer loop
      vertex 1.11114 5 3.16294
      vertex -0.765367 5 3.34776
      vertex 0.765367 5 3.34776
    endloop
  endfacet
  facet normal 0 1 0
    outer loop
      vertex 1.11114 5 3.16294
      vertex -1.11114 5 3.16294
      vertex -0.765367 5 3.34776
    endloop
  endfacet
  facet normal 0 1 0
    outer loop
      vertex 1.41421 5 2.91421
      vertex -1.11114 5 3.16294
      vertex 1.11114 5 3.16294
    endloop
  endfacet
  facet normal 0 1 0
    outer loop
      vertex 1.41421 5 2.91421
      vertex -1.41421 5 2.91421
      vertex -1.11114 5 3.16294
    endloop
  endfacet
  facet normal 0 1 0
    outer loop
      vertex 1.66294 5 2.61114
      vertex -1.41421 5 2.91421
      vertex 1.41421 5 2.91421
    endloop
  endfacet
  facet normal 0 1 0
    outer loop
      vertex 1.66294 5 2.61114
      vertex -1.66294 5 2.61114
      vertex -1.41421 5 2.91421
    endloop
  endfacet
  facet normal 0 1 0
    outer loop
      vertex 1.84776 5 2.26537
      vertex -1.66294 5 2.61114
      vertex 1.66294 5 2.61114
    endloop
  endfacet
  facet normal 0 1 0
    outer loop
      vertex 1.84776 5 2.26537
      vertex -1.84776 5 2.26537
      vertex -1.66294 5 2.61114
    endloop
  endfacet
  facet normal 0 1 0
    outer loop
      vertex 1.96157 5 1.89018
      vertex -1.84776 5 2.26537
      vertex 1.84776 5 2.26537
    endloop
  endfacet
  facet normal 0 1 0
    outer loop
      vertex 1.96157 5 1.89018
      vertex -1.96157 5 1.89018
      vertex -1.84776 5 2.26537
    endloop
  endfacet
  facet normal 0 1 0
    outer loop
      vertex 2 5 1.5
      vertex -1.96157 5 1.89018
      vertex 1.96157 5 1.89018
    endloop
  endfacet
  facet normal 0 1 0
    outer loop
      vertex 2 5 1.5
      vertex -2 5 1.5
      vertex -1.96157 5 1.89018
    endloop
  endfacet
  facet normal 0 1 -0
    outer loop
      vertex 1.96157 5 1.10982
      vertex -2 5 1.5
      vertex 2 5 1.5
    endloop
  endfacet
  facet normal 0 1 0
    outer loop
      vertex 1.96157 5 1.10982
      vertex -1.96157 5 1.10982
      vertex -2 5 1.5
    endloop
  endfacet
  facet normal 0 1 0
    outer loop
      vertex 1.30968 5 0
      vertex 1.96157 5 1.10982
      vertex 1.84776 5 0.734633
    endloop
  endfacet
  facet normal 0 1 0
    outer loop
      vertex 1.96157 5 1.10982
      vertex 1.30968 5 0
      vertex -1.96157 5 1.10982
    endloop
  endfacet
  facet normal 0 1 0
    outer loop
      vertex 1.30968 5 0
      vertex 1.84776 5 0.734633
      vertex 1.66294 5 0.38886
    endloop
  endfacet
  facet normal 0 1 -0
    outer loop
      vertex -1.30968 5 0
      vertex -1.96157 5 1.10982
      vertex 1.30968 5 0
    endloop
  endfacet
  facet normal 0 1 0
    outer loop
      vertex 1.30968 5 0
      vertex 1.66294 5 0.38886
      vertex 1.41421 5 0.0857868
    endloop
  endfacet
  facet normal 0 1 0
    outer loop
      vertex -1.96157 5 1.10982
      vertex -1.30968 5 0
      vertex -1.84776 5 0.734633
    endloop
  endfacet
  facet normal 0 1 0
    outer loop
      vertex -1.84776 5 0.734633
      vertex -1.30968 5 0
      vertex -1.66294 5 0.38886
    endloop
  endfacet
  facet normal 0 1 0
    outer loop
      vertex -1.66294 5 0.38886
      vertex -1.30968 5 0
      vertex -1.41421 5 0.0857868
    endloop
  endfacet
  facet normal -0.881919 0 0.471401
    outer loop
      vertex -1.84776 0 2.26537
      vertex -1.66294 5 2.61114
      vertex -1.84776 5 2.26537
    endloop
  endfacet
  facet normal -0.881919 0 0.471401
    outer loop
      vertex -1.66294 5 2.61114
      vertex -1.84776 0 2.26537
      vertex -1.66294 0 2.61114
    endloop
  endfacet
  facet normal 0.956942 0 -0.290281
    outer loop
      vertex 1.96157 0 1.10982
      vertex 1.84776 5 0.734633
      vertex 1.96157 5 1.10982
    endloop
  endfacet
  facet normal 0.956942 0 -0.290281
    outer loop
      vertex 1.84776 5 0.734633
      vertex 1.96157 0 1.10982
      vertex 1.84776 0 0.734633
    endloop
  endfacet
  facet normal 0.773002 -0 0.634404
    outer loop
      vertex 1.41421 0 2.91421
      vertex 1.66294 5 2.61114
      vertex 1.41421 5 2.91421
    endloop
  endfacet
  facet normal 0.773002 0 0.634404
    outer loop
      vertex 1.66294 5 2.61114
      vertex 1.41421 0 2.91421
      vertex 1.66294 0 2.61114
    endloop
  endfacet
  facet normal -0.995185 0 0.0980187
    outer loop
      vertex -2 0 1.5
      vertex -1.96157 5 1.89018
      vertex -2 5 1.5
    endloop
  endfacet
  facet normal -0.995185 0 0.0980187
    outer loop
      vertex -1.96157 5 1.89018
      vertex -2 0 1.5
      vertex -1.96157 0 1.89018
    endloop
  endfacet
  facet normal 0.634399 0 -0.773006
    outer loop
      vertex 1.30968 0 0
      vertex 1.41421 5 0.0857868
      vertex 1.41421 0 0.0857868
    endloop
  endfacet
  facet normal 0.634399 0 -0.773006
    outer loop
      vertex 1.41421 5 0.0857868
      vertex 1.30968 0 0
      vertex 1.30968 5 0
    endloop
  endfacet
  facet normal -0.634399 0 -0.773006
    outer loop
      vertex -1.41421 0 0.0857868
      vertex -1.30968 5 0
      vertex -1.30968 0 0
    endloop
  endfacet
  facet normal -0.634399 0 -0.773006
    outer loop
      vertex -1.30968 5 0
      vertex -1.41421 0 0.0857868
      vertex -1.41421 5 0.0857868
    endloop
  endfacet
  facet normal -0.0980185 0 0.995185
    outer loop
      vertex -0.390181 5 3.46157
      vertex 0 0 3.5
      vertex 0 5 3.5
    endloop
  endfacet
  facet normal -0.0980185 0 0.995185
    outer loop
      vertex 0 0 3.5
      vertex -0.390181 5 3.46157
      vertex -0.390181 0 3.46157
    endloop
  endfacet
  facet normal 0.881921 0 -0.471398
    outer loop
      vertex 1.84776 0 0.734633
      vertex 1.66294 5 0.38886
      vertex 1.84776 5 0.734633
    endloop
  endfacet
  facet normal 0.881921 0 -0.471398
    outer loop
      vertex 1.66294 5 0.38886
      vertex 1.84776 0 0.734633
      vertex 1.66294 0 0.38886
    endloop
  endfacet
  facet normal -0.956942 0 -0.290281
    outer loop
      vertex -1.84776 0 0.734633
      vertex -1.96157 5 1.10982
      vertex -1.84776 5 0.734633
    endloop
  endfacet
  facet normal -0.956942 -0 -0.290281
    outer loop
      vertex -1.96157 5 1.10982
      vertex -1.84776 0 0.734633
      vertex -1.96157 0 1.10982
    endloop
  endfacet
  facet normal -0.995185 0 -0.0980187
    outer loop
      vertex -1.96157 0 1.10982
      vertex -2 5 1.5
      vertex -1.96157 5 1.10982
    endloop
  endfacet
  facet normal -0.995185 -0 -0.0980187
    outer loop
      vertex -2 5 1.5
      vertex -1.96157 0 1.10982
      vertex -2 0 1.5
    endloop
  endfacet
  facet normal -0.773005 0 -0.6344
    outer loop
      vertex -1.41421 0 0.0857868
      vertex -1.66294 5 0.38886
      vertex -1.41421 5 0.0857868
    endloop
  endfacet
  facet normal -0.773005 -0 -0.6344
    outer loop
      vertex -1.66294 5 0.38886
      vertex -1.41421 0 0.0857868
      vertex -1.66294 0 0.38886
    endloop
  endfacet
  facet normal -0.773002 0 0.634404
    outer loop
      vertex -1.66294 0 2.61114
      vertex -1.41421 5 2.91421
      vertex -1.66294 5 2.61114
    endloop
  endfacet
  facet normal -0.773002 0 0.634404
    outer loop
      vertex -1.41421 5 2.91421
      vertex -1.66294 0 2.61114
      vertex -1.41421 0 2.91421
    endloop
  endfacet
  facet normal -0.956942 0 0.290279
    outer loop
      vertex -1.96157 0 1.89018
      vertex -1.84776 5 2.26537
      vertex -1.96157 5 1.89018
    endloop
  endfacet
  facet normal -0.956942 0 0.290279
    outer loop
      vertex -1.84776 5 2.26537
      vertex -1.96157 0 1.89018
      vertex -1.84776 0 2.26537
    endloop
  endfacet
  facet normal 0.124333 0 0.99224
    outer loop
      vertex 0.29892 0 5.48881
      vertex 0.694592 -4 5.43923
      vertex 0.694592 0 5.43923
    endloop
  endfacet
  facet normal 0.124333 0 0.99224
    outer loop
      vertex 0.694592 -4 5.43923
      vertex 0.29892 0 5.48881
      vertex 0.29892 -4 5.48881
    endloop
  endfacet
  facet normal -1 0 0
    outer loop
      vertex -3.99503 -4 1.30062
      vertex -3.99503 0 1.69938
      vertex -3.99503 0 1.30062
    endloop
  endfacet
  facet normal -1 -0 0
    outer loop
      vertex -3.99503 0 1.69938
      vertex -3.99503 -4 1.30062
      vertex -3.99503 -4 1.69938
    endloop
  endfacet
  facet normal 0.222512 0 0.97493
    outer loop
      vertex 0.694592 0 5.43923
      vertex 1.08336 -4 5.3505
      vertex 1.08336 0 5.3505
    endloop
  endfacet
  facet normal 0.222512 0 0.97493
    outer loop
      vertex 1.08336 -4 5.3505
      vertex 0.694592 0 5.43923
      vertex 0.694592 -4 5.43923
    endloop
  endfacet
  facet normal -0.826245 0 0.56331
    outer loop
      vertex -3.41316 -4 3.58574
      vertex -3.18853 0 3.91522
      vertex -3.41316 0 3.58574
    endloop
  endfacet
  facet normal -0.826245 0 0.56331
    outer loop
      vertex -3.18853 0 3.91522
      vertex -3.41316 -4 3.58574
      vertex -3.18853 -4 3.91522
    endloop
  endfacet
  facet normal -0.955572 0 -0.294758
    outer loop
      vertex -3.75877 -4 0.13192
      vertex -3.87631 0 0.512971
      vertex -3.75877 0 0.13192
    endloop
  endfacet
  facet normal -0.955572 -0 -0.294758
    outer loop
      vertex -3.87631 0 0.512971
      vertex -3.75877 -4 0.13192
      vertex -3.87631 -4 0.512971
    endloop
  endfacet
  facet normal -0.995029 0 0.0995807
    outer loop
      vertex -3.99503 -4 1.69938
      vertex -3.95532 0 2.09617
      vertex -3.99503 0 1.69938
    endloop
  endfacet
  facet normal -0.995029 0 0.0995807
    outer loop
      vertex -3.95532 0 2.09617
      vertex -3.99503 -4 1.69938
      vertex -3.95532 -4 2.09617
    endloop
  endfacet
  facet normal -0.17366 0 0.984806
    outer loop
      vertex -0.890083 0 5.39971
      vertex -0.497375 -4 5.46896
      vertex -0.497375 0 5.46896
    endloop
  endfacet
  facet normal -0.17366 0 0.984806
    outer loop
      vertex -0.497375 -4 5.46896
      vertex -0.890083 0 5.39971
      vertex -0.890083 -4 5.39971
    endloop
  endfacet
  facet normal 0.988832 -0 0.149036
    outer loop
      vertex 3.92069 -4 2.29258
      vertex 3.98012 0 1.89827
      vertex 3.92069 0 2.29258
    endloop
  endfacet
  facet normal 0.988832 0 0.149036
    outer loop
      vertex 3.98012 0 1.89827
      vertex 3.92069 -4 2.29258
      vertex 3.98012 -4 1.89827
    endloop
  endfacet
  facet normal 0.500015 0 0.866017
    outer loop
      vertex 1.82484 0 5.05949
      vertex 2.17018 -4 4.8601
      vertex 2.17018 0 4.8601
    endloop
  endfacet
  facet normal 0.500015 0 0.866017
    outer loop
      vertex 2.17018 -4 4.8601
      vertex 1.82484 0 5.05949
      vertex 1.82484 -4 5.05949
    endloop
  endfacet
  facet normal -0.921474 0 -0.388441
    outer loop
      vertex -3.70316 -4 0
      vertex -3.75877 0 0.13192
      vertex -3.70316 0 0
    endloop
  endfacet
  facet normal -0.921474 -0 -0.388441
    outer loop
      vertex -3.75877 0 0.13192
      vertex -3.70316 -4 0
      vertex -3.75877 -4 0.13192
    endloop
  endfacet
  facet normal -0.766044 0 0.642788
    outer loop
      vertex -3.18853 -4 3.91522
      vertex -2.93221 0 4.22069
      vertex -3.18853 0 3.91522
    endloop
  endfacet
  facet normal -0.766044 0 0.642788
    outer loop
      vertex -2.93221 0 4.22069
      vertex -3.18853 -4 3.91522
      vertex -2.93221 -4 4.22069
    endloop
  endfacet
  facet normal 0.998757 -0 0.0498538
    outer loop
      vertex 3.98012 -4 1.89827
      vertex 4 0 1.5
      vertex 3.98012 0 1.89827
    endloop
  endfacet
  facet normal 0.998757 0 0.0498538
    outer loop
      vertex 4 0 1.5
      vertex 3.98012 -4 1.89827
      vertex 4 -4 1.5
    endloop
  endfacet
  facet normal -0.365351 0 0.93087
    outer loop
      vertex -1.64515 0 5.14602
      vertex -1.27395 -4 5.29171
      vertex -1.27395 0 5.29171
    endloop
  endfacet
  facet normal -0.365351 0 0.93087
    outer loop
      vertex -1.27395 -4 5.29171
      vertex -1.64515 0 5.14602
      vertex -1.64515 -4 5.14602
    endloop
  endfacet
  facet normal 0.733056 -0 0.680168
    outer loop
      vertex 2.79295 -4 4.36347
      vertex 3.06418 0 4.07115
      vertex 2.79295 0 4.36347
    endloop
  endfacet
  facet normal 0.733056 0 0.680168
    outer loop
      vertex 3.06418 0 4.07115
      vertex 2.79295 -4 4.36347
      vertex 3.06418 -4 4.07115
    endloop
  endfacet
  facet normal 0.998757 0 -0.0498538
    outer loop
      vertex 4 -4 1.5
      vertex 3.98012 0 1.10173
      vertex 4 0 1.5
    endloop
  endfacet
  facet normal 0.998757 0 -0.0498538
    outer loop
      vertex 3.98012 0 1.10173
      vertex 4 -4 1.5
      vertex 3.98012 -4 1.10173
    endloop
  endfacet
  facet normal 0.900979 -0 0.433863
    outer loop
      vertex 3.51289 -4 3.41302
      vertex 3.6859 0 3.05374
      vertex 3.51289 0 3.41302
    endloop
  endfacet
  facet normal 0.900979 0 0.433863
    outer loop
      vertex 3.6859 0 3.05374
      vertex 3.51289 -4 3.41302
      vertex 3.6859 -4 3.05374
    endloop
  endfacet
  facet normal -0.0747301 0 0.997204
    outer loop
      vertex -0.497375 0 5.46896
      vertex -0.0997219 -4 5.49876
      vertex -0.0997219 0 5.49876
    endloop
  endfacet
  facet normal -0.0747301 0 0.997204
    outer loop
      vertex -0.0997219 -4 5.49876
      vertex -0.497375 0 5.46896
      vertex -0.497375 -4 5.46896
    endloop
  endfacet
  facet normal 0.583724 0 0.811952
    outer loop
      vertex 2.17018 0 4.8601
      vertex 2.49396 -4 4.62733
      vertex 2.49396 0 4.62733
    endloop
  endfacet
  facet normal 0.583724 0 0.811952
    outer loop
      vertex 2.49396 -4 4.62733
      vertex 2.17018 0 4.8601
      vertex 2.17018 -4 4.8601
    endloop
  endfacet
  facet normal 0.969077 -0 0.246758
    outer loop
      vertex 3.82229 -4 2.67902
      vertex 3.92069 0 2.29258
      vertex 3.82229 0 2.67902
    endloop
  endfacet
  facet normal 0.969077 0 0.246758
    outer loop
      vertex 3.92069 0 2.29258
      vertex 3.82229 -4 2.67902
      vertex 3.92069 -4 2.29258
    endloop
  endfacet
  facet normal 0.853278 -0 0.521456
    outer loop
      vertex 3.30495 -4 3.75328
      vertex 3.51289 0 3.41302
      vertex 3.30495 0 3.75328
    endloop
  endfacet
  facet normal 0.853278 0 0.521456
    outer loop
      vertex 3.51289 0 3.41302
      vertex 3.30495 -4 3.75328
      vertex 3.51289 -4 3.41302
    endloop
  endfacet
  facet normal -0.878215 0 0.478265
    outer loop
      vertex -3.60388 -4 3.23553
      vertex -3.41316 0 3.58574
      vertex -3.60388 0 3.23553
    endloop
  endfacet
  facet normal -0.878215 0 0.478265
    outer loop
      vertex -3.41316 0 3.58574
      vertex -3.60388 -4 3.23553
      vertex -3.41316 -4 3.58574
    endloop
  endfacet
  facet normal -0.955572 0 0.294759
    outer loop
      vertex -3.87631 -4 2.48703
      vertex -3.75877 0 2.86808
      vertex -3.87631 0 2.48703
    endloop
  endfacet
  facet normal -0.955572 0 0.294759
    outer loop
      vertex -3.75877 0 2.86808
      vertex -3.87631 -4 2.48703
      vertex -3.75877 -4 2.86808
    endloop
  endfacet
  facet normal 0.41127 0 0.911514
    outer loop
      vertex 1.46136 0 5.22349
      vertex 1.82484 -4 5.05949
      vertex 1.82484 0 5.05949
    endloop
  endfacet
  facet normal 0.41127 0 0.911514
    outer loop
      vertex 1.82484 -4 5.05949
      vertex 1.46136 0 5.22349
      vertex 1.46136 -4 5.22349
    endloop
  endfacet
  facet normal 0.797141 -0 0.603793
    outer loop
      vertex 3.06418 -4 4.07115
      vertex 3.30495 0 3.75328
      vertex 3.06418 0 4.07115
    endloop
  endfacet
  facet normal 0.797141 0 0.603793
    outer loop
      vertex 3.30495 0 3.75328
      vertex 3.06418 -4 4.07115
      vertex 3.30495 -4 3.75328
    endloop
  endfacet
  facet normal 0.988832 0 -0.149034
    outer loop
      vertex 3.98012 -4 1.10173
      vertex 3.92069 0 0.707416
      vertex 3.98012 0 1.10173
    endloop
  endfacet
  facet normal 0.988832 0 -0.149034
    outer loop
      vertex 3.92069 0 0.707416
      vertex 3.98012 -4 1.10173
      vertex 3.92069 -4 0.707416
    endloop
  endfacet
  facet normal 0.93969 0 -0.342027
    outer loop
      vertex 3.82229 -4 0.32098
      vertex 3.70546 0 0
      vertex 3.82229 0 0.32098
    endloop
  endfacet
  facet normal 0.93969 0 -0.342027
    outer loop
      vertex 3.70546 0 0
      vertex 3.82229 -4 0.32098
      vertex 3.70546 -4 0
    endloop
  endfacet
  facet normal -0.980174 0 -0.198136
    outer loop
      vertex -3.87631 -4 0.512971
      vertex -3.95532 0 0.903831
      vertex -3.87631 0 0.512971
    endloop
  endfacet
  facet normal -0.980174 -0 -0.198136
    outer loop
      vertex -3.95532 0 0.903831
      vertex -3.87631 -4 0.512971
      vertex -3.95532 -4 0.903831
    endloop
  endfacet
  facet normal -0.698225 0 0.715879
    outer loop
      vertex -2.93221 0 4.22069
      vertex -2.64674 -4 4.49912
      vertex -2.64674 0 4.49912
    endloop
  endfacet
  facet normal -0.698225 0 0.715879
    outer loop
      vertex -2.64674 -4 4.49912
      vertex -2.93221 0 4.22069
      vertex -2.93221 -4 4.22069
    endloop
  endfacet
  facet normal -0.623492 0 0.781829
    outer loop
      vertex -2.64674 0 4.49912
      vertex -2.33497 -4 4.74775
      vertex -2.33497 0 4.74775
    endloop
  endfacet
  facet normal -0.623492 0 0.781829
    outer loop
      vertex -2.33497 -4 4.74775
      vertex -2.64674 0 4.49912
      vertex -2.64674 -4 4.49912
    endloop
  endfacet
  facet normal 0.93969 -0 0.342027
    outer loop
      vertex 3.6859 -4 3.05374
      vertex 3.82229 0 2.67902
      vertex 3.6859 0 3.05374
    endloop
  endfacet
  facet normal 0.93969 0 0.342027
    outer loop
      vertex 3.82229 0 2.67902
      vertex 3.6859 -4 3.05374
      vertex 3.82229 -4 2.67902
    endloop
  endfacet
  facet normal 0.661685 0 0.749782
    outer loop
      vertex 2.49396 0 4.62733
      vertex 2.79295 -4 4.36347
      vertex 2.79295 0 4.36347
    endloop
  endfacet
  facet normal 0.661685 0 0.749782
    outer loop
      vertex 2.79295 -4 4.36347
      vertex 2.49396 0 4.62733
      vertex 2.49396 -4 4.62733
    endloop
  endfacet
  facet normal -0.995029 0 -0.0995809
    outer loop
      vertex -3.95532 -4 0.903831
      vertex -3.99503 0 1.30062
      vertex -3.95532 0 0.903831
    endloop
  endfacet
  facet normal -0.995029 -0 -0.0995809
    outer loop
      vertex -3.99503 0 1.30062
      vertex -3.95532 -4 0.903831
      vertex -3.99503 -4 1.30062
    endloop
  endfacet
  facet normal -0.270833 0 0.962626
    outer loop
      vertex -1.27395 0 5.29171
      vertex -0.890083 -4 5.39971
      vertex -0.890083 0 5.39971
    endloop
  endfacet
  facet normal -0.270833 0 0.962626
    outer loop
      vertex -0.890083 -4 5.39971
      vertex -1.27395 0 5.29171
      vertex -1.27395 -4 5.29171
    endloop
  endfacet
  facet normal 0 1 -0
    outer loop
      vertex 0 0 3.5
      vertex -0.0997219 0 5.49876
      vertex 0.29892 0 5.48881
    endloop
  endfacet
  facet normal 0 1 -0
    outer loop
      vertex 0.390181 0 3.46157
      vertex 0.29892 0 5.48881
      vertex 0.694592 0 5.43923
    endloop
  endfacet
  facet normal 0 1 0
    outer loop
      vertex -0.0997219 0 5.49876
      vertex 0 0 3.5
      vertex -0.497375 0 5.46896
    endloop
  endfacet
  facet normal 0 1 0
    outer loop
      vertex 0.390181 0 3.46157
      vertex 0.694592 0 5.43923
      vertex 1.08336 0 5.3505
    endloop
  endfacet
  facet normal 0 1 -0
    outer loop
      vertex -0.390181 0 3.46157
      vertex -0.497375 0 5.46896
      vertex 0 0 3.5
    endloop
  endfacet
  facet normal 0 1 0
    outer loop
      vertex 0.765367 0 3.34776
      vertex 1.08336 0 5.3505
      vertex 1.46136 0 5.22349
    endloop
  endfacet
  facet normal 0 1 0
    outer loop
      vertex -0.497375 0 5.46896
      vertex -0.390181 0 3.46157
      vertex -0.890083 0 5.39971
    endloop
  endfacet
  facet normal 0 1 0
    outer loop
      vertex 0.765367 0 3.34776
      vertex 1.46136 0 5.22349
      vertex 1.82484 0 5.05949
    endloop
  endfacet
  facet normal 0 1 0
    outer loop
      vertex -0.890083 0 5.39971
      vertex -0.390181 0 3.46157
      vertex -1.27395 0 5.29171
    endloop
  endfacet
  facet normal 0 1 0
    outer loop
      vertex 1.11114 0 3.16294
      vertex 1.82484 0 5.05949
      vertex 2.17018 0 4.8601
    endloop
  endfacet
  facet normal 0 1 -0
    outer loop
      vertex -0.765367 0 3.34776
      vertex -1.27395 0 5.29171
      vertex -0.390181 0 3.46157
    endloop
  endfacet
  facet normal 0 1 0
    outer loop
      vertex 1.11114 0 3.16294
      vertex 2.17018 0 4.8601
      vertex 2.49396 0 4.62733
    endloop
  endfacet
  facet normal 0 1 0
    outer loop
      vertex -1.27395 0 5.29171
      vertex -0.765367 0 3.34776
      vertex -1.64515 0 5.14602
    endloop
  endfacet
  facet normal 0 1 0
    outer loop
      vertex 1.41421 0 2.91421
      vertex 2.49396 0 4.62733
      vertex 2.79295 0 4.36347
    endloop
  endfacet
  facet normal 0 1 0
    outer loop
      vertex -1.64515 0 5.14602
      vertex -0.765367 0 3.34776
      vertex -2 0 4.9641
    endloop
  endfacet
  facet normal 0 1 0
    outer loop
      vertex 1.41421 0 2.91421
      vertex 2.79295 0 4.36347
      vertex 3.06418 0 4.07115
    endloop
  endfacet
  facet normal 0 1 -0
    outer loop
      vertex -1.11114 0 3.16294
      vertex -2 0 4.9641
      vertex -0.765367 0 3.34776
    endloop
  endfacet
  facet normal 0 1 0
    outer loop
      vertex 1.66294 0 2.61114
      vertex 3.06418 0 4.07115
      vertex 3.30495 0 3.75328
    endloop
  endfacet
  facet normal 0 1 0
    outer loop
      vertex -2 0 4.9641
      vertex -1.11114 0 3.16294
      vertex -2.33497 0 4.74775
    endloop
  endfacet
  facet normal 0 1 0
    outer loop
      vertex -2.33497 0 4.74775
      vertex -1.11114 0 3.16294
      vertex -2.64674 0 4.49912
    endloop
  endfacet
  facet normal 0 1 0
    outer loop
      vertex 0.29892 0 5.48881
      vertex 0.390181 0 3.46157
      vertex 0 0 3.5
    endloop
  endfacet
  facet normal 0 1 0
    outer loop
      vertex 1.66294 0 2.61114
      vertex 3.30495 0 3.75328
      vertex 3.51289 0 3.41302
    endloop
  endfacet
  facet normal 0 1 0
    outer loop
      vertex 1.08336 0 5.3505
      vertex 0.765367 0 3.34776
      vertex 0.390181 0 3.46157
    endloop
  endfacet
  facet normal 0 1 0
    outer loop
      vertex 1.82484 0 5.05949
      vertex 1.11114 0 3.16294
      vertex 0.765367 0 3.34776
    endloop
  endfacet
  facet normal 0 1 0
    outer loop
      vertex 1.84776 0 2.26537
      vertex 3.51289 0 3.41302
      vertex 3.6859 0 3.05374
    endloop
  endfacet
  facet normal 0 1 0
    outer loop
      vertex 2.49396 0 4.62733
      vertex 1.41421 0 2.91421
      vertex 1.11114 0 3.16294
    endloop
  endfacet
  facet normal 0 1 0
    outer loop
      vertex 1.84776 0 2.26537
      vertex 3.6859 0 3.05374
      vertex 3.82229 0 2.67902
    endloop
  endfacet
  facet normal 0 1 0
    outer loop
      vertex 3.06418 0 4.07115
      vertex 1.66294 0 2.61114
      vertex 1.41421 0 2.91421
    endloop
  endfacet
  facet normal 0 1 0
    outer loop
      vertex 1.96157 0 1.89018
      vertex 3.82229 0 2.67902
      vertex 3.92069 0 2.29258
    endloop
  endfacet
  facet normal 0 1 0
    outer loop
      vertex 3.51289 0 3.41302
      vertex 1.84776 0 2.26537
      vertex 1.66294 0 2.61114
    endloop
  endfacet
  facet normal 0 1 0
    outer loop
      vertex 1.96157 0 1.89018
      vertex 3.92069 0 2.29258
      vertex 3.98012 0 1.89827
    endloop
  endfacet
  facet normal 0 1 0
    outer loop
      vertex 3.82229 0 2.67902
      vertex 1.96157 0 1.89018
      vertex 1.84776 0 2.26537
    endloop
  endfacet
  facet normal 0 1 0
    outer loop
      vertex 2 0 1.5
      vertex 3.98012 0 1.89827
      vertex 4 0 1.5
    endloop
  endfacet
  facet normal 0 1 0
    outer loop
      vertex 3.98012 0 1.89827
      vertex 2 0 1.5
      vertex 1.96157 0 1.89018
    endloop
  endfacet
  facet normal 0 1 -0
    outer loop
      vertex 3.98012 0 1.10173
      vertex 2 0 1.5
      vertex 4 0 1.5
    endloop
  endfacet
  facet normal 0 1 0
    outer loop
      vertex 2 0 1.5
      vertex 3.98012 0 1.10173
      vertex 1.96157 0 1.10982
    endloop
  endfacet
  facet normal 0 1 -0
    outer loop
      vertex 3.92069 0 0.707416
      vertex 1.96157 0 1.10982
      vertex 3.98012 0 1.10173
    endloop
  endfacet
  facet normal 0 1 -0
    outer loop
      vertex 3.82229 0 0.32098
      vertex 1.96157 0 1.10982
      vertex 3.92069 0 0.707416
    endloop
  endfacet
  facet normal 0 1 0
    outer loop
      vertex 1.96157 0 1.10982
      vertex 3.82229 0 0.32098
      vertex 1.84776 0 0.734633
    endloop
  endfacet
  facet normal 0 1 -0
    outer loop
      vertex 3.70546 0 0
      vertex 1.84776 0 0.734633
      vertex 3.82229 0 0.32098
    endloop
  endfacet
  facet normal 0 1 0
    outer loop
      vertex 1.84776 0 0.734633
      vertex 3.70546 0 0
      vertex 1.66294 0 0.38886
    endloop
  endfacet
  facet normal 0 1 0
    outer loop
      vertex 1.66294 0 0.38886
      vertex 3.70546 0 0
      vertex 1.41421 0 0.0857868
    endloop
  endfacet
  facet normal 0 1 0
    outer loop
      vertex 1.41421 0 0.0857868
      vertex 3.70546 0 0
      vertex 1.30968 0 0
    endloop
  endfacet
  facet normal 0 1 -0
    outer loop
      vertex -1.41421 0 2.91421
      vertex -2.64674 0 4.49912
      vertex -1.11114 0 3.16294
    endloop
  endfacet
  facet normal 0 1 0
    outer loop
      vertex -2.64674 0 4.49912
      vertex -1.41421 0 2.91421
      vertex -2.93221 0 4.22069
    endloop
  endfacet
  facet normal 0 1 0
    outer loop
      vertex -2.93221 0 4.22069
      vertex -1.41421 0 2.91421
      vertex -3.18853 0 3.91522
    endloop
  endfacet
  facet normal 0 1 -0
    outer loop
      vertex -1.66294 0 2.61114
      vertex -3.18853 0 3.91522
      vertex -1.41421 0 2.91421
    endloop
  endfacet
  facet normal 0 1 0
    outer loop
      vertex -3.18853 0 3.91522
      vertex -1.66294 0 2.61114
      vertex -3.41316 0 3.58574
    endloop
  endfacet
  facet normal 0 1 0
    outer loop
      vertex -3.41316 0 3.58574
      vertex -1.66294 0 2.61114
      vertex -3.60388 0 3.23553
    endloop
  endfacet
  facet normal 0 1 -0
    outer loop
      vertex -1.84776 0 2.26537
      vertex -3.60388 0 3.23553
      vertex -1.66294 0 2.61114
    endloop
  endfacet
  facet normal 0 1 0
    outer loop
      vertex -3.60388 0 3.23553
      vertex -1.84776 0 2.26537
      vertex -3.75877 0 2.86808
    endloop
  endfacet
  facet normal 0 1 0
    outer loop
      vertex -3.75877 0 2.86808
      vertex -1.84776 0 2.26537
      vertex -3.87631 0 2.48703
    endloop
  endfacet
  facet normal 0 1 -0
    outer loop
      vertex -1.96157 0 1.89018
      vertex -3.87631 0 2.48703
      vertex -1.84776 0 2.26537
    endloop
  endfacet
  facet normal 0 1 0
    outer loop
      vertex -3.87631 0 2.48703
      vertex -1.96157 0 1.89018
      vertex -3.95532 0 2.09617
    endloop
  endfacet
  facet normal 0 1 0
    outer loop
      vertex -1.96157 0 1.89018
      vertex -3.99503 0 1.69938
      vertex -3.95532 0 2.09617
    endloop
  endfacet
  facet normal 0 1 -0
    outer loop
      vertex -2 0 1.5
      vertex -3.99503 0 1.69938
      vertex -1.96157 0 1.89018
    endloop
  endfacet
  facet normal 0 1 0
    outer loop
      vertex -2 0 1.5
      vertex -3.99503 0 1.30062
      vertex -3.99503 0 1.69938
    endloop
  endfacet
  facet normal 0 1 0
    outer loop
      vertex -1.96157 0 1.10982
      vertex -3.99503 0 1.30062
      vertex -2 0 1.5
    endloop
  endfacet
  facet normal 0 1 0
    outer loop
      vertex -1.96157 0 1.10982
      vertex -3.95532 0 0.903831
      vertex -3.99503 0 1.30062
    endloop
  endfacet
  facet normal 0 1 0
    outer loop
      vertex -3.87631 0 0.512971
      vertex -1.96157 0 1.10982
      vertex -1.84776 0 0.734633
    endloop
  endfacet
  facet normal 0 1 0
    outer loop
      vertex -1.96157 0 1.10982
      vertex -3.87631 0 0.512971
      vertex -3.95532 0 0.903831
    endloop
  endfacet
  facet normal 0 1 0
    outer loop
      vertex -3.70316 0 0
      vertex -1.84776 0 0.734633
      vertex -1.66294 0 0.38886
    endloop
  endfacet
  facet normal 0 1 0
    outer loop
      vertex -1.84776 0 0.734633
      vertex -3.75877 0 0.13192
      vertex -3.87631 0 0.512971
    endloop
  endfacet
  facet normal 0 1 0
    outer loop
      vertex -3.70316 0 0
      vertex -1.66294 0 0.38886
      vertex -1.41421 0 0.0857868
    endloop
  endfacet
  facet normal 0 1 0
    outer loop
      vertex -3.70316 0 0
      vertex -1.41421 0 0.0857868
      vertex -1.30968 0 0
    endloop
  endfacet
  facet normal 0 1 0
    outer loop
      vertex -1.84776 0 0.734633
      vertex -3.70316 0 0
      vertex -3.75877 0 0.13192
    endloop
  endfacet
  facet normal 0.024952 0 0.999689
    outer loop
      vertex -0.0997219 0 5.49876
      vertex 0.29892 -4 5.48881
      vertex 0.29892 0 5.48881
    endloop
  endfacet
  facet normal 0.024952 0 0.999689
    outer loop
      vertex 0.29892 -4 5.48881
      vertex -0.0997219 0 5.49876
      vertex -0.0997219 -4 5.49876
    endloop
  endfacet
  facet normal 0.969077 0 -0.24676
    outer loop
      vertex 3.92069 -4 0.707416
      vertex 3.82229 0 0.32098
      vertex 3.92069 0 0.707416
    endloop
  endfacet
  facet normal 0.969077 0 -0.24676
    outer loop
      vertex 3.82229 0 0.32098
      vertex 3.92069 -4 0.707416
      vertex 3.82229 -4 0.32098
    endloop
  endfacet
  facet normal 0.318506 0 0.947921
    outer loop
      vertex 1.08336 0 5.3505
      vertex 1.46136 -4 5.22349
      vertex 1.46136 0 5.22349
    endloop
  endfacet
  facet normal 0.318506 0 0.947921
    outer loop
      vertex 1.46136 -4 5.22349
      vertex 1.08336 0 5.3505
      vertex 1.08336 -4 5.3505
    endloop
  endfacet
  facet normal -0.980174 0 0.198136
    outer loop
      vertex -3.95532 -4 2.09617
      vertex -3.87631 0 2.48703
      vertex -3.95532 0 2.09617
    endloop
  endfacet
  facet normal -0.980174 0 0.198136
    outer loop
      vertex -3.87631 0 2.48703
      vertex -3.95532 -4 2.09617
      vertex -3.87631 -4 2.48703
    endloop
  endfacet
  facet normal -0.542552 0 0.840022
    outer loop
      vertex -2.33497 0 4.74775
      vertex -2 -4 4.9641
      vertex -2 0 4.9641
    endloop
  endfacet
  facet normal -0.542552 0 0.840022
    outer loop
      vertex -2 -4 4.9641
      vertex -2.33497 0 4.74775
      vertex -2.33497 -4 4.74775
    endloop
  endfacet
  facet normal -0.456209 0 0.889873
    outer loop
      vertex -2 0 4.9641
      vertex -1.64515 -4 5.14602
      vertex -1.64515 0 5.14602
    endloop
  endfacet
  facet normal -0.456209 0 0.889873
    outer loop
      vertex -1.64515 -4 5.14602
      vertex -2 0 4.9641
      vertex -2 -4 4.9641
    endloop
  endfacet
  facet normal -0.921479 0 0.388428
    outer loop
      vertex -3.75877 -4 2.86808
      vertex -3.60388 0 3.23553
      vertex -3.75877 0 2.86808
    endloop
  endfacet
  facet normal -0.921479 0 0.388428
    outer loop
      vertex -3.60388 0 3.23553
      vertex -3.75877 -4 2.86808
      vertex -3.60388 -4 3.23553
    endloop
  endfacet
  facet normal 0 -1 0
    outer loop
      vertex -0.0997219 -4 5.49876
      vertex 0.0920136 -4 2.94889
      vertex 0.29892 -4 5.48881
    endloop
  endfacet
  facet normal 0 -1 -0
    outer loop
      vertex 0.29892 -4 5.48881
      vertex 0.0920136 -4 2.94889
      vertex 0.531709 -4 3
    endloop
  endfacet
  facet normal -0 -1 0
    outer loop
      vertex 0.0920136 -4 2.94889
      vertex -0.0920136 -4 2.94889
      vertex 0 -4 2.91524
    endloop
  endfacet
  facet normal 0 -1 0
    outer loop
      vertex -0.531709 -4 3
      vertex -0.0997219 -4 5.49876
      vertex -0.497375 -4 5.46896
    endloop
  endfacet
  facet normal 0 -1 0
    outer loop
      vertex -0.0920136 -4 2.94889
      vertex -0.0997219 -4 5.49876
      vertex -0.531709 -4 3
    endloop
  endfacet
  facet normal 0 -1 0
    outer loop
      vertex -0.531709 -4 3
      vertex -0.497375 -4 5.46896
      vertex -0.890083 -4 5.39971
    endloop
  endfacet
  facet normal 0 -1 0
    outer loop
      vertex 0.0920136 -4 2.94889
      vertex -0.0997219 -4 5.49876
      vertex -0.0920136 -4 2.94889
    endloop
  endfacet
  facet normal 0 -1 0
    outer loop
      vertex -0.531709 -4 3
      vertex -0.890083 -4 5.39971
      vertex -1.27395 -4 5.29171
    endloop
  endfacet
  facet normal 0 -1 0
    outer loop
      vertex 0.29892 -4 5.48881
      vertex 0.531709 -4 3
      vertex 0.694592 -4 5.43923
    endloop
  endfacet
  facet normal 0 -1 0
    outer loop
      vertex -0.971405 -4 2.94889
      vertex -1.27395 -4 5.29171
      vertex -1.64515 -4 5.14602
    endloop
  endfacet
  facet normal 0 -1 -0
    outer loop
      vertex 0.694592 -4 5.43923
      vertex 0.531709 -4 3
      vertex 1.08336 -4 5.3505
    endloop
  endfacet
  facet normal 0 -1 0
    outer loop
      vertex -0.971405 -4 2.94889
      vertex -1.64515 -4 5.14602
      vertex -2 -4 4.9641
    endloop
  endfacet
  facet normal 0 -1 -0
    outer loop
      vertex 1.08336 -4 5.3505
      vertex 0.531709 -4 3
      vertex 1.46136 -4 5.22349
    endloop
  endfacet
  facet normal 0 -1 0
    outer loop
      vertex -0.971405 -4 2.94889
      vertex -2 -4 4.9641
      vertex -2.33497 -4 4.74775
    endloop
  endfacet
  facet normal 0 -1 0
    outer loop
      vertex 0.971405 -4 2.94889
      vertex 1.46136 -4 5.22349
      vertex 0.531709 -4 3
    endloop
  endfacet
  facet normal 0 -1 0
    outer loop
      vertex -1.38114 -4 2.79904
      vertex -2.33497 -4 4.74775
      vertex -2.64674 -4 4.49912
    endloop
  endfacet
  facet normal 0 -1 -0
    outer loop
      vertex 1.46136 -4 5.22349
      vertex 0.971405 -4 2.94889
      vertex 1.82484 -4 5.05949
    endloop
  endfacet
  facet normal 0 -1 0
    outer loop
      vertex -1.38114 -4 2.79904
      vertex -2.64674 -4 4.49912
      vertex -2.93221 -4 4.22069
    endloop
  endfacet
  facet normal 0 -1 -0
    outer loop
      vertex 1.82484 -4 5.05949
      vertex 0.971405 -4 2.94889
      vertex 2.17018 -4 4.8601
    endloop
  endfacet
  facet normal 0 -1 0
    outer loop
      vertex -1.73298 -4 2.56066
      vertex -2.93221 -4 4.22069
      vertex -3.18853 -4 3.91522
    endloop
  endfacet
  facet normal 0 -1 0
    outer loop
      vertex 1.38114 -4 2.79904
      vertex 2.17018 -4 4.8601
      vertex 0.971405 -4 2.94889
    endloop
  endfacet
  facet normal 0 -1 0
    outer loop
      vertex -1.73298 -4 2.56066
      vertex -3.18853 -4 3.91522
      vertex -3.41316 -4 3.58574
    endloop
  endfacet
  facet normal 0 -1 -0
    outer loop
      vertex 2.17018 -4 4.8601
      vertex 1.38114 -4 2.79904
      vertex 2.49396 -4 4.62733
    endloop
  endfacet
  facet normal 0 -1 0
    outer loop
      vertex -2.00296 -4 2.25
      vertex -3.41316 -4 3.58574
      vertex -3.60388 -4 3.23553
    endloop
  endfacet
  facet normal 0 -1 -0
    outer loop
      vertex 2.49396 -4 4.62733
      vertex 1.38114 -4 2.79904
      vertex 2.79295 -4 4.36347
    endloop
  endfacet
  facet normal 0 -1 0
    outer loop
      vertex 1.73298 -4 2.56066
      vertex 2.79295 -4 4.36347
      vertex 1.38114 -4 2.79904
    endloop
  endfacet
  facet normal 0 -1 0
    outer loop
      vertex -1.27395 -4 5.29171
      vertex -0.971405 -4 2.94889
      vertex -0.531709 -4 3
    endloop
  endfacet
  facet normal 0 -1 0
    outer loop
      vertex -2.00296 -4 2.25
      vertex -3.60388 -4 3.23553
      vertex -3.75877 -4 2.86808
    endloop
  endfacet
  facet normal 0 -1 0
    outer loop
      vertex -2.33497 -4 4.74775
      vertex -1.38114 -4 2.79904
      vertex -0.971405 -4 2.94889
    endloop
  endfacet
  facet normal 0 -1 0
    outer loop
      vertex -2.93221 -4 4.22069
      vertex -1.73298 -4 2.56066
      vertex -1.38114 -4 2.79904
    endloop
  endfacet
  facet normal 0 -1 0
    outer loop
      vertex -2.17268 -4 1.88823
      vertex -3.75877 -4 2.86808
      vertex -3.87631 -4 2.48703
    endloop
  endfacet
  facet normal 0 -1 0
    outer loop
      vertex -3.41316 -4 3.58574
      vertex -2.00296 -4 2.25
      vertex -1.73298 -4 2.56066
    endloop
  endfacet
  facet normal 0 -1 0
    outer loop
      vertex -2.17268 -4 1.88823
      vertex -3.87631 -4 2.48703
      vertex -3.95532 -4 2.09617
    endloop
  endfacet
  facet normal 0 -1 0
    outer loop
      vertex -3.75877 -4 2.86808
      vertex -2.17268 -4 1.88823
      vertex -2.00296 -4 2.25
    endloop
  endfacet
  facet normal 0 -1 0
    outer loop
      vertex -2.23056 -4 1.5
      vertex -3.95532 -4 2.09617
      vertex -3.99503 -4 1.69938
    endloop
  endfacet
  facet normal 0 -1 0
    outer loop
      vertex -3.95532 -4 2.09617
      vertex -2.23056 -4 1.5
      vertex -2.17268 -4 1.88823
    endloop
  endfacet
  facet normal 0 -1 0
    outer loop
      vertex -3.99503 -4 1.30062
      vertex -2.23056 -4 1.5
      vertex -3.99503 -4 1.69938
    endloop
  endfacet
  facet normal 0 -1 0
    outer loop
      vertex -3.95532 -4 0.903831
      vertex -2.23056 -4 1.5
      vertex -3.99503 -4 1.30062
    endloop
  endfacet
  facet normal 0 -1 -0
    outer loop
      vertex -2.23056 -4 1.5
      vertex -3.95532 -4 0.903831
      vertex -2.17268 -4 1.11177
    endloop
  endfacet
  facet normal 0 -1 0
    outer loop
      vertex -3.87631 -4 0.512971
      vertex -2.17268 -4 1.11177
      vertex -3.95532 -4 0.903831
    endloop
  endfacet
  facet normal 0 -1 0
    outer loop
      vertex -3.75877 -4 0.13192
      vertex -2.17268 -4 1.11177
      vertex -3.87631 -4 0.512971
    endloop
  endfacet
  facet normal 0 -1 -0
    outer loop
      vertex -2.17268 -4 1.11177
      vertex -3.75877 -4 0.13192
      vertex -2.00296 -4 0.75
    endloop
  endfacet
  facet normal 0 -1 0
    outer loop
      vertex -3.70316 -4 0
      vertex -2.00296 -4 0.75
      vertex -3.75877 -4 0.13192
    endloop
  endfacet
  facet normal 0 -1 -0
    outer loop
      vertex -2.00296 -4 0.75
      vertex -3.70316 -4 0
      vertex -1.73298 -4 0.439341
    endloop
  endfacet
  facet normal 0 -1 -0
    outer loop
      vertex -1.73298 -4 0.439341
      vertex -3.70316 -4 0
      vertex -1.38114 -4 0.200962
    endloop
  endfacet
  facet normal 0 -1 -0
    outer loop
      vertex -1.38114 -4 0.200962
      vertex -3.70316 -4 0
      vertex -0.971405 -4 0.0511122
    endloop
  endfacet
  facet normal 0 -1 -0
    outer loop
      vertex -0.971405 -4 0.0511122
      vertex -3.70316 -4 0
      vertex -0.531709 -4 0
    endloop
  endfacet
  facet normal 0 -1 -0
    outer loop
      vertex 2.79295 -4 4.36347
      vertex 1.73298 -4 2.56066
      vertex 3.06418 -4 4.07115
    endloop
  endfacet
  facet normal 0 -1 -0
    outer loop
      vertex 3.06418 -4 4.07115
      vertex 1.73298 -4 2.56066
      vertex 3.30495 -4 3.75328
    endloop
  endfacet
  facet normal 0 -1 -0
    outer loop
      vertex 3.30495 -4 3.75328
      vertex 1.73298 -4 2.56066
      vertex 3.51289 -4 3.41302
    endloop
  endfacet
  facet normal 0 -1 0
    outer loop
      vertex 2.00296 -4 2.25
      vertex 3.51289 -4 3.41302
      vertex 1.73298 -4 2.56066
    endloop
  endfacet
  facet normal 0 -1 -0
    outer loop
      vertex 3.51289 -4 3.41302
      vertex 2.00296 -4 2.25
      vertex 3.6859 -4 3.05374
    endloop
  endfacet
  facet normal 0 -1 -0
    outer loop
      vertex 3.6859 -4 3.05374
      vertex 2.00296 -4 2.25
      vertex 3.82229 -4 2.67902
    endloop
  endfacet
  facet normal 0 -1 0
    outer loop
      vertex 2.17268 -4 1.88823
      vertex 3.82229 -4 2.67902
      vertex 2.00296 -4 2.25
    endloop
  endfacet
  facet normal 0 -1 -0
    outer loop
      vertex 3.82229 -4 2.67902
      vertex 2.17268 -4 1.88823
      vertex 3.92069 -4 2.29258
    endloop
  endfacet
  facet normal 0 -1 -0
    outer loop
      vertex 3.92069 -4 2.29258
      vertex 2.17268 -4 1.88823
      vertex 3.98012 -4 1.89827
    endloop
  endfacet
  facet normal 0 -1 0
    outer loop
      vertex 2.23056 -4 1.5
      vertex 3.98012 -4 1.89827
      vertex 2.17268 -4 1.88823
    endloop
  endfacet
  facet normal 0 -1 0
    outer loop
      vertex 2.23056 -4 1.5
      vertex 4 -4 1.5
      vertex 3.98012 -4 1.89827
    endloop
  endfacet
  facet normal 0 -1 0
    outer loop
      vertex 3.98012 -4 1.10173
      vertex 2.23056 -4 1.5
      vertex 2.17268 -4 1.11177
    endloop
  endfacet
  facet normal 0 -1 0
    outer loop
      vertex 2.23056 -4 1.5
      vertex 3.98012 -4 1.10173
      vertex 4 -4 1.5
    endloop
  endfacet
  facet normal 0 -1 0
    outer loop
      vertex 3.82229 -4 0.32098
      vertex 2.17268 -4 1.11177
      vertex 2.00296 -4 0.75
    endloop
  endfacet
  facet normal 0 -1 0
    outer loop
      vertex 2.17268 -4 1.11177
      vertex 3.92069 -4 0.707416
      vertex 3.98012 -4 1.10173
    endloop
  endfacet
  facet normal 0 -1 0
    outer loop
      vertex 3.70546 -4 0
      vertex 2.00296 -4 0.75
      vertex 1.73298 -4 0.439341
    endloop
  endfacet
  facet normal 0 -1 0
    outer loop
      vertex 2.17268 -4 1.11177
      vertex 3.82229 -4 0.32098
      vertex 3.92069 -4 0.707416
    endloop
  endfacet
  facet normal 0 -1 0
    outer loop
      vertex 3.70546 -4 0
      vertex 1.73298 -4 0.439341
      vertex 1.38114 -4 0.200962
    endloop
  endfacet
  facet normal 0 -1 0
    outer loop
      vertex 3.70546 -4 0
      vertex 1.38114 -4 0.200962
      vertex 0.971405 -4 0.0511122
    endloop
  endfacet
  facet normal 0 -1 0
    outer loop
      vertex 3.70546 -4 0
      vertex 0.971405 -4 0.0511122
      vertex 0.531709 -4 0
    endloop
  endfacet
  facet normal 0 -1 0
    outer loop
      vertex 2.00296 -4 0.75
      vertex 3.70546 -4 0
      vertex 3.82229 -4 0.32098
    endloop
  endfacet
  facet normal 0 -1 0
    outer loop
      vertex -0.0920136 -4 0.0511122
      vertex 0.0920136 -4 0.0511122
      vertex 0 -4 0.084764
    endloop
  endfacet
  facet normal 0 -1 0
    outer loop
      vertex -0.531709 -4 0
      vertex 0.0920136 -4 0.0511122
      vertex -0.0920136 -4 0.0511122
    endloop
  endfacet
  facet normal 0 -1 -0
    outer loop
      vertex 0.0920136 -4 0.0511122
      vertex -0.531709 -4 0
      vertex 0.531709 -4 0
    endloop
  endfacet
  facet normal 0 0 -1
    outer loop
      vertex -17.7847 -40.5443 0
      vertex -17.7489 -40.3226 0
      vertex -17.761 -40.4633 0
    endloop
  endfacet
  facet normal 0 0 -1
    outer loop
      vertex -18.4188 -41.5826 0
      vertex -17.7489 -40.3226 0
      vertex -17.7847 -40.5443 0
    endloop
  endfacet
  facet normal 0 0 -1
    outer loop
      vertex -17.7489 -40.3226 0
      vertex -17.8627 -39.3785 0
      vertex -17.7262 -40.0592 0
    endloop
  endfacet
  facet normal 0 0 -1
    outer loop
      vertex -17.7662 -39.6613 0
      vertex -17.7735 -39.6222 0
      vertex -17.7682 -39.641 0
    endloop
  endfacet
  facet normal 0 0 -1
    outer loop
      vertex -17.7262 -40.0592 0
      vertex -17.8627 -39.3785 0
      vertex -17.7662 -39.6613 0
    endloop
  endfacet
  facet normal 0 0 -1
    outer loop
      vertex -17.7662 -39.6613 0
      vertex -17.8627 -39.3785 0
      vertex -17.7735 -39.6222 0
    endloop
  endfacet
  facet normal 0 0 -1
    outer loop
      vertex -18.255 -41.4289 0
      vertex -17.7847 -40.5443 0
      vertex -17.8719 -40.8431 0
    endloop
  endfacet
  facet normal 0 0 -1
    outer loop
      vertex -18.4188 -41.5826 0
      vertex -17.7847 -40.5443 0
      vertex -18.255 -41.4289 0
    endloop
  endfacet
  facet normal -0 -0 -1
    outer loop
      vertex -17.9713 -39.1204 0
      vertex -17.8627 -39.3785 0
      vertex -18.0861 -38.9524 0
    endloop
  endfacet
  facet normal 0 0 -1
    outer loop
      vertex -18.255 -41.4289 0
      vertex -17.8719 -40.8431 0
      vertex -18.056 -41.1895 0
    endloop
  endfacet
  facet normal 0 0 -1
    outer loop
      vertex -17.8627 -39.3785 0
      vertex -17.9713 -39.1204 0
      vertex -17.9297 -39.1957 0
    endloop
  endfacet
  facet normal -0 0 -1
    outer loop
      vertex -17.7489 -40.3226 0
      vertex -18.4188 -41.5826 0
      vertex -17.8627 -39.3785 0
    endloop
  endfacet
  facet normal -0 0 -1
    outer loop
      vertex -17.8627 -39.3785 0
      vertex -18.4188 -41.5826 0
      vertex -18.0861 -38.9524 0
    endloop
  endfacet
  facet normal 0 0 -1
    outer loop
      vertex -18.7183 -38.3654 0
      vertex -18.0861 -38.9524 0
      vertex -18.4188 -41.5826 0
    endloop
  endfacet
  facet normal 0 0 -1
    outer loop
      vertex -18.4188 -41.5826 0
      vertex -18.255 -41.4289 0
      vertex -18.309 -41.4939 0
    endloop
  endfacet
  facet normal 0 0 -1
    outer loop
      vertex -18.0861 -38.9524 0
      vertex -18.4092 -38.5812 0
      vertex -18.1786 -38.817 0
    endloop
  endfacet
  facet normal 0 0 -1
    outer loop
      vertex -18.1786 -38.817 0
      vertex -18.4092 -38.5812 0
      vertex -18.2882 -38.6909 0
    endloop
  endfacet
  facet normal 0 0 -1
    outer loop
      vertex -18.3604 -38.6222 0
      vertex -18.4092 -38.5812 0
      vertex -18.3792 -38.6043 0
    endloop
  endfacet
  facet normal 0 0 -1
    outer loop
      vertex -18.2882 -38.6909 0
      vertex -18.4092 -38.5812 0
      vertex -18.3604 -38.6222 0
    endloop
  endfacet
  facet normal 0 0 -1
    outer loop
      vertex -18.0861 -38.9524 0
      vertex -18.7183 -38.3654 0
      vertex -18.4092 -38.5812 0
    endloop
  endfacet
  facet normal 0 0 -1
    outer loop
      vertex -19.2652 -42.0161 0
      vertex -18.4188 -41.5826 0
      vertex -18.6245 -41.7487 0
    endloop
  endfacet
  facet normal 0 0 -1
    outer loop
      vertex -18.4092 -38.5812 0
      vertex -18.7183 -38.3654 0
      vertex -18.5798 -38.4495 0
    endloop
  endfacet
  facet normal -0 0 -1
    outer loop
      vertex -18.4188 -41.5826 0
      vertex -19.2652 -42.0161 0
      vertex -18.7183 -38.3654 0
    endloop
  endfacet
  facet normal 0 0 -1
    outer loop
      vertex -18.7183 -38.3654 0
      vertex -18.8521 -38.2943 0
      vertex -18.7832 -38.326 0
    endloop
  endfacet
  facet normal 0 0 -1
    outer loop
      vertex -19.2652 -42.0161 0
      vertex -18.6245 -41.7487 0
      vertex -18.9767 -41.938 0
    endloop
  endfacet
  facet normal 0 0 -1
    outer loop
      vertex -19.0133 -41.9538 0
      vertex -18.9767 -41.938 0
      vertex -18.9947 -41.9477 0
    endloop
  endfacet
  facet normal 0 0 -1
    outer loop
      vertex -19.2652 -42.0161 0
      vertex -18.9767 -41.938 0
      vertex -19.0133 -41.9538 0
    endloop
  endfacet
  facet normal -0 0 -1
    outer loop
      vertex -18.7183 -38.3654 0
      vertex -19.2652 -42.0161 0
      vertex -18.8521 -38.2943 0
    endloop
  endfacet
  facet normal 0 0 -1
    outer loop
      vertex -19.6923 -38.0984 0
      vertex -18.8521 -38.2943 0
      vertex -19.2652 -42.0161 0
    endloop
  endfacet
  facet normal 0 0 -1
    outer loop
      vertex -18.8521 -38.2943 0
      vertex -19.6923 -38.0984 0
      vertex -18.9993 -38.2265 0
    endloop
  endfacet
  facet normal 0 0 -1
    outer loop
      vertex -18.9993 -38.2265 0
      vertex -19.6923 -38.0984 0
      vertex -19.2039 -38.1586 0
    endloop
  endfacet
  facet normal 0 0 -1
    outer loop
      vertex -19.2039 -38.1586 0
      vertex -19.2651 -38.1411 0
      vertex -19.2398 -38.1467 0
    endloop
  endfacet
  facet normal 0 0 -1
    outer loop
      vertex -19.2039 -38.1586 0
      vertex -19.6923 -38.0984 0
      vertex -19.2651 -38.1411 0
    endloop
  endfacet
  facet normal 0 0 -1
    outer loop
      vertex -19.5398 -42.0704 0
      vertex -19.2652 -42.0161 0
      vertex -19.4542 -42.0628 0
    endloop
  endfacet
  facet normal 0 0 -1
    outer loop
      vertex -19.2651 -38.1411 0
      vertex -19.6923 -38.0984 0
      vertex -19.3624 -38.1197 0
    endloop
  endfacet
  facet normal 0 0 -1
    outer loop
      vertex -19.2652 -42.0161 0
      vertex -19.5398 -42.0704 0
      vertex -19.7433 -42.0692 0
    endloop
  endfacet
  facet normal 0 0 -1
    outer loop
      vertex -19.3624 -38.1197 0
      vertex -19.6923 -38.0984 0
      vertex -19.5283 -38.0994 0
    endloop
  endfacet
  facet normal -0 0 -1
    outer loop
      vertex -19.2652 -42.0161 0
      vertex -19.7433 -42.0692 0
      vertex -19.6923 -38.0984 0
    endloop
  endfacet
  facet normal 0 0 -1
    outer loop
      vertex -20.1705 -38.1515 0
      vertex -19.6923 -38.0984 0
      vertex -19.7433 -42.0692 0
    endloop
  endfacet
  facet normal 0 0 -1
    outer loop
      vertex -20.2317 -42.009 0
      vertex -19.7433 -42.0692 0
      vertex -19.9073 -42.0682 0
    endloop
  endfacet
  facet normal -0 0 -1
    outer loop
      vertex -19.6923 -38.0984 0
      vertex -20.1705 -38.1515 0
      vertex -19.8958 -38.0972 0
    endloop
  endfacet
  facet normal 0 0 -1
    outer loop
      vertex -20.2317 -42.009 0
      vertex -19.9073 -42.0682 0
      vertex -20.0732 -42.0479 0
    endloop
  endfacet
  facet normal 0 0 -1
    outer loop
      vertex -19.8958 -38.0972 0
      vertex -20.1705 -38.1515 0
      vertex -19.9814 -38.1048 0
    endloop
  endfacet
  facet normal 0 0 -1
    outer loop
      vertex -20.2317 -42.009 0
      vertex -20.0732 -42.0479 0
      vertex -20.1705 -42.0265 0
    endloop
  endfacet
  facet normal 0 0 -1
    outer loop
      vertex -20.2317 -42.009 0
      vertex -20.1705 -42.0265 0
      vertex -20.1958 -42.0209 0
    endloop
  endfacet
  facet normal 0 0 -1
    outer loop
      vertex -20.5835 -41.8733 0
      vertex -19.7433 -42.0692 0
      vertex -20.2317 -42.009 0
    endloop
  endfacet
  facet normal 0 0 -1
    outer loop
      vertex -19.7433 -42.0692 0
      vertex -20.5835 -41.8733 0
      vertex -20.1705 -38.1515 0
    endloop
  endfacet
  facet normal 0 0 -1
    outer loop
      vertex -20.5835 -41.8733 0
      vertex -20.2317 -42.009 0
      vertex -20.4363 -41.9411 0
    endloop
  endfacet
  facet normal 0 0 -1
    outer loop
      vertex -20.1705 -38.1515 0
      vertex -20.4589 -38.2296 0
      vertex -20.4223 -38.2138 0
    endloop
  endfacet
  facet normal 0 0 -1
    outer loop
      vertex -20.4223 -38.2138 0
      vertex -20.4589 -38.2296 0
      vertex -20.4409 -38.2199 0
    endloop
  endfacet
  facet normal 0 0 -1
    outer loop
      vertex -21.0168 -38.585 0
      vertex -20.1705 -38.1515 0
      vertex -20.5835 -41.8733 0
    endloop
  endfacet
  facet normal 0 0 -1
    outer loop
      vertex -20.7173 -41.8022 0
      vertex -20.5835 -41.8733 0
      vertex -20.6524 -41.8416 0
    endloop
  endfacet
  facet normal 0 0 -1
    outer loop
      vertex -21.0168 -38.585 0
      vertex -20.5835 -41.8733 0
      vertex -20.7173 -41.8022 0
    endloop
  endfacet
  facet normal 0 -0 -1
    outer loop
      vertex -20.8111 -38.4189 0
      vertex -20.1705 -38.1515 0
      vertex -21.0168 -38.585 0
    endloop
  endfacet
  facet normal 0 0 -1
    outer loop
      vertex -21.3495 -41.2152 0
      vertex -20.7173 -41.8022 0
      vertex -20.8558 -41.7181 0
    endloop
  endfacet
  facet normal 0 0 -1
    outer loop
      vertex -20.1705 -38.1515 0
      vertex -20.8111 -38.4189 0
      vertex -20.4589 -38.2296 0
    endloop
  endfacet
  facet normal 0 0 -1
    outer loop
      vertex -21.3495 -41.2152 0
      vertex -20.8558 -41.7181 0
      vertex -21.0264 -41.5864 0
    endloop
  endfacet
  facet normal 0 0 -1
    outer loop
      vertex -21.0752 -41.5454 0
      vertex -21.0264 -41.5864 0
      vertex -21.0564 -41.5633 0
    endloop
  endfacet
  facet normal 0 0 -1
    outer loop
      vertex -21.3495 -41.2152 0
      vertex -21.0264 -41.5864 0
      vertex -21.0752 -41.5454 0
    endloop
  endfacet
  facet normal 0 0 -1
    outer loop
      vertex -20.7173 -41.8022 0
      vertex -21.3495 -41.2152 0
      vertex -21.0168 -38.585 0
    endloop
  endfacet
  facet normal 0 0 -1
    outer loop
      vertex -21.3495 -41.2152 0
      vertex -21.0752 -41.5454 0
      vertex -21.1474 -41.4767 0
    endloop
  endfacet
  facet normal 0 0 -1
    outer loop
      vertex -21.0168 -38.585 0
      vertex -21.1806 -38.7387 0
      vertex -21.1266 -38.6737 0
    endloop
  endfacet
  facet normal 0 0 -1
    outer loop
      vertex -21.3495 -41.2152 0
      vertex -21.1474 -41.4767 0
      vertex -21.257 -41.3506 0
    endloop
  endfacet
  facet normal 0 0 -1
    outer loop
      vertex -21.5729 -40.7891 0
      vertex -21.0168 -38.585 0
      vertex -21.3495 -41.2152 0
    endloop
  endfacet
  facet normal 0 0 -1
    outer loop
      vertex -21.6867 -39.845 0
      vertex -21.0168 -38.585 0
      vertex -21.5729 -40.7891 0
    endloop
  endfacet
  facet normal 0 0 -1
    outer loop
      vertex -21.5729 -40.7891 0
      vertex -21.3495 -41.2152 0
      vertex -21.4643 -41.0472 0
    endloop
  endfacet
  facet normal 0 0 -1
    outer loop
      vertex -21.5729 -40.7891 0
      vertex -21.4643 -41.0472 0
      vertex -21.5059 -40.9719 0
    endloop
  endfacet
  facet normal 0 0 -1
    outer loop
      vertex -21.0168 -38.585 0
      vertex -21.6867 -39.845 0
      vertex -21.1806 -38.7387 0
    endloop
  endfacet
  facet normal 0 -0 -1
    outer loop
      vertex -21.651 -39.6233 0
      vertex -21.1806 -38.7387 0
      vertex -21.6867 -39.845 0
    endloop
  endfacet
  facet normal 0 0 -1
    outer loop
      vertex -21.3796 -38.9781 0
      vertex -21.651 -39.6233 0
      vertex -21.5637 -39.3244 0
    endloop
  endfacet
  facet normal 0 0 -1
    outer loop
      vertex -21.6694 -40.5063 0
      vertex -21.5729 -40.7891 0
      vertex -21.6621 -40.5454 0
    endloop
  endfacet
  facet normal 0 0 -1
    outer loop
      vertex -21.6694 -40.5063 0
      vertex -21.6621 -40.5454 0
      vertex -21.6674 -40.5266 0
    endloop
  endfacet
  facet normal 0 0 -1
    outer loop
      vertex -21.7094 -40.1084 0
      vertex -21.5729 -40.7891 0
      vertex -21.6694 -40.5063 0
    endloop
  endfacet
  facet normal 0 0 -1
    outer loop
      vertex -21.1806 -38.7387 0
      vertex -21.651 -39.6233 0
      vertex -21.3796 -38.9781 0
    endloop
  endfacet
  facet normal 0 0 -1
    outer loop
      vertex -21.651 -39.6233 0
      vertex -21.6867 -39.845 0
      vertex -21.6746 -39.7043 0
    endloop
  endfacet
  facet normal 0 0 -1
    outer loop
      vertex -21.5729 -40.7891 0
      vertex -21.7094 -40.1084 0
      vertex -21.6867 -39.845 0
    endloop
  endfacet
  facet normal 0 0 -1
    outer loop
      vertex 21.5729 -40.7891 0
      vertex 21.7094 -40.1084 0
      vertex 21.6694 -40.5063 0
    endloop
  endfacet
  facet normal -0 0 -1
    outer loop
      vertex 21.7094 -40.1084 0
      vertex 21.5729 -40.7891 0
      vertex 21.6867 -39.845 0
    endloop
  endfacet
  facet normal 0 0 -1
    outer loop
      vertex 21.6621 -40.5454 0
      vertex 21.6694 -40.5063 0
      vertex 21.6674 -40.5266 0
    endloop
  endfacet
  facet normal 0 0 -1
    outer loop
      vertex 21.5729 -40.7891 0
      vertex 21.6694 -40.5063 0
      vertex 21.6621 -40.5454 0
    endloop
  endfacet
  facet normal 0 0 -1
    outer loop
      vertex 21.6867 -39.845 0
      vertex 21.651 -39.6233 0
      vertex 21.6746 -39.7043 0
    endloop
  endfacet
  facet normal 0 0 -1
    outer loop
      vertex 21.0168 -38.585 0
      vertex 21.6867 -39.845 0
      vertex 21.5729 -40.7891 0
    endloop
  endfacet
  facet normal 0 0 -1
    outer loop
      vertex 21.6867 -39.845 0
      vertex 21.0168 -38.585 0
      vertex 21.651 -39.6233 0
    endloop
  endfacet
  facet normal 0 0 -1
    outer loop
      vertex 21.4643 -41.0472 0
      vertex 21.5729 -40.7891 0
      vertex 21.5059 -40.9719 0
    endloop
  endfacet
  facet normal 0 0 -1
    outer loop
      vertex 21.5729 -40.7891 0
      vertex 21.4643 -41.0472 0
      vertex 21.3495 -41.2152 0
    endloop
  endfacet
  facet normal 0 0 -1
    outer loop
      vertex 21.0168 -38.585 0
      vertex 21.5729 -40.7891 0
      vertex 21.3495 -41.2152 0
    endloop
  endfacet
  facet normal 0 0 -1
    outer loop
      vertex 21.651 -39.6233 0
      vertex 21.1806 -38.7387 0
      vertex 21.5637 -39.3244 0
    endloop
  endfacet
  facet normal 0 0 -1
    outer loop
      vertex 21.0264 -41.5864 0
      vertex 21.3495 -41.2152 0
      vertex 21.257 -41.3506 0
    endloop
  endfacet
  facet normal 0 0 -1
    outer loop
      vertex 21.5637 -39.3244 0
      vertex 21.1806 -38.7387 0
      vertex 21.3796 -38.9781 0
    endloop
  endfacet
  facet normal 0 0 -1
    outer loop
      vertex 21.0264 -41.5864 0
      vertex 21.257 -41.3506 0
      vertex 21.1474 -41.4767 0
    endloop
  endfacet
  facet normal 0 0 -1
    outer loop
      vertex 21.651 -39.6233 0
      vertex 21.0168 -38.585 0
      vertex 21.1806 -38.7387 0
    endloop
  endfacet
  facet normal 0 0 -1
    outer loop
      vertex 21.0264 -41.5864 0
      vertex 21.1474 -41.4767 0
      vertex 21.0752 -41.5454 0
    endloop
  endfacet
  facet normal 0 0 -1
    outer loop
      vertex 21.0264 -41.5864 0
      vertex 21.0752 -41.5454 0
      vertex 21.0564 -41.5633 0
    endloop
  endfacet
  facet normal 0 0 -1
    outer loop
      vertex 20.7173 -41.8022 0
      vertex 21.3495 -41.2152 0
      vertex 21.0264 -41.5864 0
    endloop
  endfacet
  facet normal 0 0 -1
    outer loop
      vertex 21.1806 -38.7387 0
      vertex 21.0168 -38.585 0
      vertex 21.1266 -38.6737 0
    endloop
  endfacet
  facet normal 0 0 -1
    outer loop
      vertex 20.7173 -41.8022 0
      vertex 21.0264 -41.5864 0
      vertex 20.8558 -41.7181 0
    endloop
  endfacet
  facet normal -0 0 -1
    outer loop
      vertex 21.3495 -41.2152 0
      vertex 20.7173 -41.8022 0
      vertex 21.0168 -38.585 0
    endloop
  endfacet
  facet normal 0 0 -1
    outer loop
      vertex 20.1705 -38.1515 0
      vertex 21.0168 -38.585 0
      vertex 20.7173 -41.8022 0
    endloop
  endfacet
  facet normal 0 0 -1
    outer loop
      vertex 20.5835 -41.8733 0
      vertex 20.7173 -41.8022 0
      vertex 20.6524 -41.8416 0
    endloop
  endfacet
  facet normal 0 0 -1
    outer loop
      vertex 20.1705 -38.1515 0
      vertex 20.7173 -41.8022 0
      vertex 20.5835 -41.8733 0
    endloop
  endfacet
  facet normal 0 0 -1
    outer loop
      vertex 21.0168 -38.585 0
      vertex 20.1705 -38.1515 0
      vertex 20.8111 -38.4189 0
    endloop
  endfacet
  facet normal 0 0 -1
    outer loop
      vertex 20.8111 -38.4189 0
      vertex 20.1705 -38.1515 0
      vertex 20.4589 -38.2296 0
    endloop
  endfacet
  facet normal 0 0 -1
    outer loop
      vertex 19.7433 -42.0692 0
      vertex 20.5835 -41.8733 0
      vertex 20.4363 -41.9411 0
    endloop
  endfacet
  facet normal 0 0 -1
    outer loop
      vertex 20.4589 -38.2296 0
      vertex 20.4223 -38.2138 0
      vertex 20.4409 -38.2199 0
    endloop
  endfacet
  facet normal 0 0 -1
    outer loop
      vertex 19.7433 -42.0692 0
      vertex 20.4363 -41.9411 0
      vertex 20.2317 -42.009 0
    endloop
  endfacet
  facet normal 0 0 -1
    outer loop
      vertex 20.1705 -42.0265 0
      vertex 20.2317 -42.009 0
      vertex 20.1958 -42.0209 0
    endloop
  endfacet
  facet normal 0 0 -1
    outer loop
      vertex 19.7433 -42.0692 0
      vertex 20.2317 -42.009 0
      vertex 20.1705 -42.0265 0
    endloop
  endfacet
  facet normal 0 0 -1
    outer loop
      vertex 20.4589 -38.2296 0
      vertex 20.1705 -38.1515 0
      vertex 20.4223 -38.2138 0
    endloop
  endfacet
  facet normal 0 0 -1
    outer loop
      vertex 19.7433 -42.0692 0
      vertex 20.1705 -42.0265 0
      vertex 20.0732 -42.0479 0
    endloop
  endfacet
  facet normal -0 0 -1
    outer loop
      vertex 20.5835 -41.8733 0
      vertex 19.7433 -42.0692 0
      vertex 20.1705 -38.1515 0
    endloop
  endfacet
  facet normal 0 0 -1
    outer loop
      vertex 19.7433 -42.0692 0
      vertex 20.0732 -42.0479 0
      vertex 19.9073 -42.0682 0
    endloop
  endfacet
  facet normal 0 0 -1
    outer loop
      vertex 19.6923 -38.0984 0
      vertex 20.1705 -38.1515 0
      vertex 19.7433 -42.0692 0
    endloop
  endfacet
  facet normal 0 -0 -1
    outer loop
      vertex 19.8958 -38.0972 0
      vertex 20.1705 -38.1515 0
      vertex 19.6923 -38.0984 0
    endloop
  endfacet
  facet normal 0 0 -1
    outer loop
      vertex 20.1705 -38.1515 0
      vertex 19.8958 -38.0972 0
      vertex 19.9814 -38.1048 0
    endloop
  endfacet
  facet normal 0 0 -1
    outer loop
      vertex 19.2652 -42.0161 0
      vertex 19.7433 -42.0692 0
      vertex 19.5398 -42.0704 0
    endloop
  endfacet
  facet normal 0 0 -1
    outer loop
      vertex 19.7433 -42.0692 0
      vertex 19.2652 -42.0161 0
      vertex 19.6923 -38.0984 0
    endloop
  endfacet
  facet normal 0 0 -1
    outer loop
      vertex 19.2652 -42.0161 0
      vertex 19.5398 -42.0704 0
      vertex 19.4542 -42.0628 0
    endloop
  endfacet
  facet normal 0 0 -1
    outer loop
      vertex 18.8521 -38.2943 0
      vertex 19.6923 -38.0984 0
      vertex 19.2652 -42.0161 0
    endloop
  endfacet
  facet normal 0 0 -1
    outer loop
      vertex 19.6923 -38.0984 0
      vertex 19.2039 -38.1586 0
      vertex 19.5283 -38.0994 0
    endloop
  endfacet
  facet normal 0 0 -1
    outer loop
      vertex 19.5283 -38.0994 0
      vertex 19.2039 -38.1586 0
      vertex 19.3624 -38.1197 0
    endloop
  endfacet
  facet normal 0 0 -1
    outer loop
      vertex 19.3624 -38.1197 0
      vertex 19.2039 -38.1586 0
      vertex 19.2651 -38.1411 0
    endloop
  endfacet
  facet normal 0 0 -1
    outer loop
      vertex 19.2651 -38.1411 0
      vertex 19.2039 -38.1586 0
      vertex 19.2398 -38.1467 0
    endloop
  endfacet
  facet normal 0 0 -1
    outer loop
      vertex 18.9767 -41.938 0
      vertex 19.2652 -42.0161 0
      vertex 19.0133 -41.9538 0
    endloop
  endfacet
  facet normal 0 0 -1
    outer loop
      vertex 18.6245 -41.7487 0
      vertex 19.2652 -42.0161 0
      vertex 18.9767 -41.938 0
    endloop
  endfacet
  facet normal 0 0 -1
    outer loop
      vertex 18.9767 -41.938 0
      vertex 19.0133 -41.9538 0
      vertex 18.9947 -41.9477 0
    endloop
  endfacet
  facet normal 0 0 -1
    outer loop
      vertex 19.6923 -38.0984 0
      vertex 18.8521 -38.2943 0
      vertex 19.2039 -38.1586 0
    endloop
  endfacet
  facet normal 0 0 -1
    outer loop
      vertex 19.2039 -38.1586 0
      vertex 18.8521 -38.2943 0
      vertex 18.9993 -38.2265 0
    endloop
  endfacet
  facet normal 0 0 -1
    outer loop
      vertex 19.2652 -42.0161 0
      vertex 18.4188 -41.5826 0
      vertex 18.8521 -38.2943 0
    endloop
  endfacet
  facet normal 0 0 -1
    outer loop
      vertex 18.8521 -38.2943 0
      vertex 18.7183 -38.3654 0
      vertex 18.7832 -38.326 0
    endloop
  endfacet
  facet normal 0 0 -1
    outer loop
      vertex 19.2652 -42.0161 0
      vertex 18.6245 -41.7487 0
      vertex 18.4188 -41.5826 0
    endloop
  endfacet
  facet normal 0 0 -1
    outer loop
      vertex 18.8521 -38.2943 0
      vertex 18.4188 -41.5826 0
      vertex 18.7183 -38.3654 0
    endloop
  endfacet
  facet normal 0 0 -1
    outer loop
      vertex 18.0861 -38.9524 0
      vertex 18.7183 -38.3654 0
      vertex 18.4188 -41.5826 0
    endloop
  endfacet
  facet normal 0 0 -1
    outer loop
      vertex 18.7183 -38.3654 0
      vertex 18.0861 -38.9524 0
      vertex 18.5798 -38.4495 0
    endloop
  endfacet
  facet normal 0 0 -1
    outer loop
      vertex 18.5798 -38.4495 0
      vertex 18.0861 -38.9524 0
      vertex 18.4092 -38.5812 0
    endloop
  endfacet
  facet normal 0 0 -1
    outer loop
      vertex 18.4092 -38.5812 0
      vertex 18.3604 -38.6222 0
      vertex 18.3792 -38.6043 0
    endloop
  endfacet
  facet normal 0 0 -1
    outer loop
      vertex 18.255 -41.4289 0
      vertex 18.4188 -41.5826 0
      vertex 18.309 -41.4939 0
    endloop
  endfacet
  facet normal 0 0 -1
    outer loop
      vertex 17.7489 -40.3226 0
      vertex 18.4188 -41.5826 0
      vertex 18.255 -41.4289 0
    endloop
  endfacet
  facet normal 0 0 -1
    outer loop
      vertex 18.4092 -38.5812 0
      vertex 18.0861 -38.9524 0
      vertex 18.3604 -38.6222 0
    endloop
  endfacet
  facet normal 0 0 -1
    outer loop
      vertex 18.3604 -38.6222 0
      vertex 18.0861 -38.9524 0
      vertex 18.2882 -38.6909 0
    endloop
  endfacet
  facet normal 0 0 -1
    outer loop
      vertex 18.2882 -38.6909 0
      vertex 18.0861 -38.9524 0
      vertex 18.1786 -38.817 0
    endloop
  endfacet
  facet normal 0 0 -1
    outer loop
      vertex 17.7847 -40.5443 0
      vertex 18.255 -41.4289 0
      vertex 18.056 -41.1895 0
    endloop
  endfacet
  facet normal 0 0 -1
    outer loop
      vertex 18.4188 -41.5826 0
      vertex 17.8627 -39.3785 0
      vertex 18.0861 -38.9524 0
    endloop
  endfacet
  facet normal 0 0 -1
    outer loop
      vertex 18.0861 -38.9524 0
      vertex 17.8627 -39.3785 0
      vertex 17.9713 -39.1204 0
    endloop
  endfacet
  facet normal 0 0 -1
    outer loop
      vertex 17.7847 -40.5443 0
      vertex 18.056 -41.1895 0
      vertex 17.8719 -40.8431 0
    endloop
  endfacet
  facet normal 0 0 -1
    outer loop
      vertex 17.9713 -39.1204 0
      vertex 17.8627 -39.3785 0
      vertex 17.9297 -39.1957 0
    endloop
  endfacet
  facet normal 0 0 -1
    outer loop
      vertex 18.255 -41.4289 0
      vertex 17.7847 -40.5443 0
      vertex 17.7489 -40.3226 0
    endloop
  endfacet
  facet normal 0 0 -1
    outer loop
      vertex 18.4188 -41.5826 0
      vertex 17.7489 -40.3226 0
      vertex 17.8627 -39.3785 0
    endloop
  endfacet
  facet normal 0 0 -1
    outer loop
      vertex 17.7262 -40.0592 0
      vertex 17.8627 -39.3785 0
      vertex 17.7489 -40.3226 0
    endloop
  endfacet
  facet normal 0 0 -1
    outer loop
      vertex 17.7735 -39.6222 0
      vertex 17.7662 -39.6613 0
      vertex 17.7682 -39.641 0
    endloop
  endfacet
  facet normal 0 0 -1
    outer loop
      vertex 17.7489 -40.3226 0
      vertex 17.7847 -40.5443 0
      vertex 17.761 -40.4633 0
    endloop
  endfacet
  facet normal 0 0 -1
    outer loop
      vertex 17.8627 -39.3785 0
      vertex 17.7662 -39.6613 0
      vertex 17.7735 -39.6222 0
    endloop
  endfacet
  facet normal 0 0 -1
    outer loop
      vertex 17.8627 -39.3785 0
      vertex 17.7262 -40.0592 0
      vertex 17.7662 -39.6613 0
    endloop
  endfacet
  facet normal 0 0 -1
    outer loop
      vertex -3.70316 -4 0
      vertex -1.30968 0 0
      vertex -0.531709 -4 0
    endloop
  endfacet
  facet normal -0 0 -1
    outer loop
      vertex -1.30968 0 0
      vertex -3.70316 -4 0
      vertex -3.70316 0 0
    endloop
  endfacet
  facet normal 0 0 -1
    outer loop
      vertex 3.70546 -4 0
      vertex 1.30968 0 0
      vertex 3.70546 0 0
    endloop
  endfacet
  facet normal 0 0 -1
    outer loop
      vertex 0.531709 -4 0
      vertex 1.30968 0 0
      vertex 3.70546 -4 0
    endloop
  endfacet
  facet normal 0 0 -1
    outer loop
      vertex -1.30968 0 0
      vertex 1.30968 0 0
      vertex 0.531709 -4 0
    endloop
  endfacet
  facet normal 0 0 -1
    outer loop
      vertex -1.30968 0 0
      vertex 0.531709 -4 0
      vertex -0.531709 -4 0
    endloop
  endfacet
  facet normal 0 0 -1
    outer loop
      vertex 1.30968 0 0
      vertex -1.30968 0 0
      vertex 1.30968 5 0
    endloop
  endfacet
  facet normal -0 0 -1
    outer loop
      vertex 1.30968 5 0
      vertex -1.30968 0 0
      vertex -1.30968 5 0
    endloop
  endfacet
endsolid OpenSCAD_Model
