solid OpenSCAD_Model
  facet normal 0.321136 0.947033 -0
    outer loop
      vertex 116.148 -0.228363 0
      vertex 115.776 -0.102219 22
      vertex 116.148 -0.228363 22
    endloop
  endfacet
  facet normal 0.321136 0.947033 0
    outer loop
      vertex 115.776 -0.102219 22
      vertex 116.148 -0.228363 0
      vertex 115.776 -0.102219 0
    endloop
  endfacet
  facet normal 0.195511 0.980701 -0
    outer loop
      vertex 115.776 -0.102219 0
      vertex 115.392 -0.0256653 22
      vertex 115.776 -0.102219 22
    endloop
  endfacet
  facet normal 0.195511 0.980701 0
    outer loop
      vertex 115.392 -0.0256653 22
      vertex 115.776 -0.102219 0
      vertex 115.392 -0.0256653 0
    endloop
  endfacet
  facet normal 0.0653328 0.997864 -0
    outer loop
      vertex 115.392 -0.0256653 0
      vertex 115 0 22
      vertex 115.392 -0.0256653 22
    endloop
  endfacet
  facet normal 0.0653328 0.997864 0
    outer loop
      vertex 115 0 22
      vertex 115.392 -0.0256653 0
      vertex 115 0 0
    endloop
  endfacet
  facet normal 0.195379 -0.980728 0
    outer loop
      vertex 115.392 -89.9743 0
      vertex 115.776 -89.8978 22
      vertex 115.392 -89.9743 22
    endloop
  endfacet
  facet normal 0.195379 -0.980728 0
    outer loop
      vertex 115.776 -89.8978 22
      vertex 115.392 -89.9743 0
      vertex 115.776 -89.8978 0
    endloop
  endfacet
  facet normal 0 1 -0
    outer loop
      vertex 101.3 0 7.3
      vertex 16.7 0 12.7
      vertex 101.3 0 12.7
    endloop
  endfacet
  facet normal 0 1 0
    outer loop
      vertex 16.7 0 12.7
      vertex 101.3 0 7.3
      vertex 16.7 0 7.3
    endloop
  endfacet
  facet normal 0 1 0
    outer loop
      vertex 101.3 0 12.7
      vertex 115 0 22
      vertex 106.7 0 12.7
    endloop
  endfacet
  facet normal 0 1 -0
    outer loop
      vertex 115 0 0
      vertex 106.7 0 12.7
      vertex 115 0 22
    endloop
  endfacet
  facet normal 0 1 0
    outer loop
      vertex 115 0 0
      vertex 101.3 0 7.3
      vertex 106.7 0 7.3
    endloop
  endfacet
  facet normal 0 1 0
    outer loop
      vertex 101.3 0 7.3
      vertex 115 0 0
      vertex 16.7 0 7.3
    endloop
  endfacet
  facet normal 0 1 0
    outer loop
      vertex 3 0 0
      vertex 16.7 0 7.3
      vertex 115 0 0
    endloop
  endfacet
  facet normal 0 1 0
    outer loop
      vertex 106.7 0 12.7
      vertex 115 0 0
      vertex 106.7 0 7.3
    endloop
  endfacet
  facet normal 0 1 0
    outer loop
      vertex 115 0 22
      vertex 101.3 0 12.7
      vertex 3 0 22
    endloop
  endfacet
  facet normal 0 1 -0
    outer loop
      vertex 16.7 0 12.7
      vertex 3 0 22
      vertex 101.3 0 12.7
    endloop
  endfacet
  facet normal 0 1 -0
    outer loop
      vertex 11.3 0 12.7
      vertex 3 0 22
      vertex 16.7 0 12.7
    endloop
  endfacet
  facet normal 0 1 0
    outer loop
      vertex 3 0 0
      vertex 11.3 0 12.7
      vertex 11.3 0 7.3
    endloop
  endfacet
  facet normal 0 1 0
    outer loop
      vertex 11.3 0 12.7
      vertex 3 0 0
      vertex 3 0 22
    endloop
  endfacet
  facet normal 0 1 0
    outer loop
      vertex 16.7 0 7.3
      vertex 3 0 0
      vertex 11.3 0 7.3
    endloop
  endfacet
  facet normal -0.0654043 0.997859 0
    outer loop
      vertex 3 0 0
      vertex 2.60843 -0.0256653 22
      vertex 3 0 22
    endloop
  endfacet
  facet normal -0.0654043 0.997859 0
    outer loop
      vertex 2.60843 -0.0256653 22
      vertex 3 0 0
      vertex 2.60843 -0.0256653 0
    endloop
  endfacet
  facet normal -0.321446 0.946928 0
    outer loop
      vertex 2.22354 -0.102219 0
      vertex 1.85194 -0.228363 22
      vertex 2.22354 -0.102219 22
    endloop
  endfacet
  facet normal -0.321446 0.946928 0
    outer loop
      vertex 1.85194 -0.228363 22
      vertex 2.22354 -0.102219 0
      vertex 1.85194 -0.228363 0
    endloop
  endfacet
  facet normal -0.659424 -0.751771 0
    outer loop
      vertex 0.878677 -89.1213 0
      vertex 1.17372 -89.3801 22
      vertex 0.878677 -89.1213 22
    endloop
  endfacet
  facet normal -0.659424 -0.751771 -0
    outer loop
      vertex 1.17372 -89.3801 22
      vertex 0.878677 -89.1213 0
      vertex 1.17372 -89.3801 0
    endloop
  endfacet
  facet normal 0.94704 -0.321117 0
    outer loop
      vertex 117.772 -88.1481 22
      vertex 117.898 -87.7765 0
      vertex 117.898 -87.7765 22
    endloop
  endfacet
  facet normal 0.94704 -0.321117 0
    outer loop
      vertex 117.898 -87.7765 0
      vertex 117.772 -88.1481 22
      vertex 117.772 -88.1481 0
    endloop
  endfacet
  facet normal -0.442171 -0.896931 0
    outer loop
      vertex 1.5 -89.5981 0
      vertex 1.85194 -89.7716 22
      vertex 1.5 -89.5981 22
    endloop
  endfacet
  facet normal -0.442171 -0.896931 -0
    outer loop
      vertex 1.85194 -89.7716 22
      vertex 1.5 -89.5981 0
      vertex 1.85194 -89.7716 0
    endloop
  endfacet
  facet normal -0.0654923 -0.997853 0
    outer loop
      vertex 2.60843 -89.9743 0
      vertex 3 -90 22
      vertex 2.60843 -89.9743 22
    endloop
  endfacet
  facet normal -0.0654923 -0.997853 -0
    outer loop
      vertex 3 -90 22
      vertex 2.60843 -89.9743 0
      vertex 3 -90 0
    endloop
  endfacet
  facet normal -0.659342 0.751843 0
    outer loop
      vertex 1.17372 -0.619934 0
      vertex 0.878677 -0.878677 22
      vertex 1.17372 -0.619934 22
    endloop
  endfacet
  facet normal -0.659342 0.751843 0
    outer loop
      vertex 0.878677 -0.878677 22
      vertex 1.17372 -0.619934 0
      vertex 0.878677 -0.878677 0
    endloop
  endfacet
  facet normal -0.946928 0.321446 0
    outer loop
      vertex 0.102219 -2.22354 0
      vertex 0.228363 -1.85194 22
      vertex 0.228363 -1.85194 0
    endloop
  endfacet
  facet normal -0.946928 0.321446 0
    outer loop
      vertex 0.228363 -1.85194 22
      vertex 0.102219 -2.22354 0
      vertex 0.102219 -2.22354 22
    endloop
  endfacet
  facet normal 0.981057 0.193719 0
    outer loop
      vertex 117.974 -2.60843 22
      vertex 117.898 -2.22354 0
      vertex 117.898 -2.22354 22
    endloop
  endfacet
  facet normal 0.981057 0.193719 0
    outer loop
      vertex 117.898 -2.22354 0
      vertex 117.974 -2.60843 22
      vertex 117.974 -2.60843 0
    endloop
  endfacet
  facet normal -0.896876 0.442281 0
    outer loop
      vertex 0.228363 -1.85194 0
      vertex 0.401917 -1.5 22
      vertex 0.401917 -1.5 0
    endloop
  endfacet
  facet normal -0.896876 0.442281 0
    outer loop
      vertex 0.401917 -1.5 22
      vertex 0.228363 -1.85194 0
      vertex 0.228363 -1.85194 22
    endloop
  endfacet
  facet normal 1 -0 0
    outer loop
      vertex 118 -87 22
      vertex 118 -3 0
      vertex 118 -3 22
    endloop
  endfacet
  facet normal 1 0 0
    outer loop
      vertex 118 -3 0
      vertex 118 -87 22
      vertex 118 -87 0
    endloop
  endfacet
  facet normal -1 0 0
    outer loop
      vertex 0 -87 0
      vertex 0 -3 22
      vertex 0 -3 0
    endloop
  endfacet
  facet normal -1 -0 0
    outer loop
      vertex 0 -3 22
      vertex 0 -87 0
      vertex 0 -87 22
    endloop
  endfacet
  facet normal 0.442221 0.896906 -0
    outer loop
      vertex 116.5 -0.401917 0
      vertex 116.148 -0.228363 22
      vertex 116.5 -0.401917 22
    endloop
  endfacet
  facet normal 0.442221 0.896906 0
    outer loop
      vertex 116.148 -0.228363 22
      vertex 116.5 -0.401917 0
      vertex 116.148 -0.228363 0
    endloop
  endfacet
  facet normal -0.946928 -0.321446 0
    outer loop
      vertex 0.228363 -88.1481 0
      vertex 0.102219 -87.7765 22
      vertex 0.102219 -87.7765 0
    endloop
  endfacet
  facet normal -0.946928 -0.321446 0
    outer loop
      vertex 0.102219 -87.7765 22
      vertex 0.228363 -88.1481 0
      vertex 0.228363 -88.1481 22
    endloop
  endfacet
  facet normal -0.195076 0.980788 0
    outer loop
      vertex 2.60843 -0.0256653 0
      vertex 2.22354 -0.102219 22
      vertex 2.60843 -0.0256653 22
    endloop
  endfacet
  facet normal -0.195076 0.980788 0
    outer loop
      vertex 2.22354 -0.102219 22
      vertex 2.60843 -0.0256653 0
      vertex 2.22354 -0.102219 0
    endloop
  endfacet
  facet normal 0.896425 0.443195 0
    outer loop
      vertex 117.772 -1.85194 22
      vertex 117.598 -1.5 0
      vertex 117.598 -1.5 22
    endloop
  endfacet
  facet normal 0.896425 0.443195 0
    outer loop
      vertex 117.598 -1.5 0
      vertex 117.772 -1.85194 22
      vertex 117.772 -1.85194 0
    endloop
  endfacet
  facet normal -0.751796 -0.659396 0
    outer loop
      vertex 0.878677 -89.1213 0
      vertex 0.619934 -88.8263 22
      vertex 0.619934 -88.8263 0
    endloop
  endfacet
  facet normal -0.751796 -0.659396 0
    outer loop
      vertex 0.619934 -88.8263 22
      vertex 0.878677 -89.1213 0
      vertex 0.878677 -89.1213 22
    endloop
  endfacet
  facet normal -0.555577 0.831465 0
    outer loop
      vertex 1.5 -0.401917 0
      vertex 1.17372 -0.619934 22
      vertex 1.5 -0.401917 22
    endloop
  endfacet
  facet normal -0.555577 0.831465 0
    outer loop
      vertex 1.17372 -0.619934 22
      vertex 1.5 -0.401917 0
      vertex 1.17372 -0.619934 0
    endloop
  endfacet
  facet normal 0 -1 0
    outer loop
      vertex 69.6 -90 19
      vertex 77.7018 -90 12.5828
      vertex 78.0996 -90 12.5981
    endloop
  endfacet
  facet normal 0 -1 0
    outer loop
      vertex 69.6 -90 19
      vertex 77.3111 -90 12.5071
      vertex 77.7018 -90 12.5828
    endloop
  endfacet
  facet normal 0 -1 0
    outer loop
      vertex 69.6 -90 19
      vertex 76.9364 -90 12.3725
      vertex 77.3111 -90 12.5071
    endloop
  endfacet
  facet normal 0 -1 0
    outer loop
      vertex 69.6 -90 19
      vertex 76.5867 -90 12.1823
      vertex 76.9364 -90 12.3725
    endloop
  endfacet
  facet normal 0 -1 0
    outer loop
      vertex 69.6 -90 19
      vertex 76.2702 -90 11.941
      vertex 76.5867 -90 12.1823
    endloop
  endfacet
  facet normal 0 -1 0
    outer loop
      vertex 69.6 -90 19
      vertex 75.9941 -90 11.6542
      vertex 76.2702 -90 11.941
    endloop
  endfacet
  facet normal 0 -1 0
    outer loop
      vertex 69.6 -90 19
      vertex 75.7651 -90 11.3286
      vertex 75.9941 -90 11.6542
    endloop
  endfacet
  facet normal 0 -1 0
    outer loop
      vertex 69.6 -90 19
      vertex 75.5885 -90 10.9719
      vertex 75.7651 -90 11.3286
    endloop
  endfacet
  facet normal 0 -1 0
    outer loop
      vertex 69.6 -90 19
      vertex 75.4684 -90 10.5924
      vertex 75.5885 -90 10.9719
    endloop
  endfacet
  facet normal 0 -1 0
    outer loop
      vertex 69.6 -90 6
      vertex 75.4684 -90 10.5924
      vertex 69.6 -90 19
    endloop
  endfacet
  facet normal 0 -1 0
    outer loop
      vertex 75.4684 -90 10.5924
      vertex 69.6 -90 6
      vertex 75.4076 -90 10.199
    endloop
  endfacet
  facet normal 0 -1 -0
    outer loop
      vertex 75.4076 -90 10.199
      vertex 69.6 -90 6
      vertex 75.4076 -90 9.80097
    endloop
  endfacet
  facet normal 0 -1 -0
    outer loop
      vertex 75.4076 -90 9.80097
      vertex 69.6 -90 6
      vertex 75.4684 -90 9.40758
    endloop
  endfacet
  facet normal 0 -1 -0
    outer loop
      vertex 75.4684 -90 9.40758
      vertex 69.6 -90 6
      vertex 75.5885 -90 9.02808
    endloop
  endfacet
  facet normal 0 -1 -0
    outer loop
      vertex 77.7018 -90 7.41715
      vertex 69.6 -90 6
      vertex 78.0996 -90 7.40191
    endloop
  endfacet
  facet normal 0 -1 -0
    outer loop
      vertex 77.3111 -90 7.49294
      vertex 69.6 -90 6
      vertex 77.7018 -90 7.41715
    endloop
  endfacet
  facet normal 0 -1 -0
    outer loop
      vertex 76.9364 -90 7.62749
      vertex 69.6 -90 6
      vertex 77.3111 -90 7.49294
    endloop
  endfacet
  facet normal 0 -1 -0
    outer loop
      vertex 76.5867 -90 7.81765
      vertex 69.6 -90 6
      vertex 76.9364 -90 7.62749
    endloop
  endfacet
  facet normal 0 -1 -0
    outer loop
      vertex 76.2702 -90 8.05896
      vertex 69.6 -90 6
      vertex 76.5867 -90 7.81765
    endloop
  endfacet
  facet normal 0 -1 -0
    outer loop
      vertex 75.9941 -90 8.34577
      vertex 69.6 -90 6
      vertex 76.2702 -90 8.05896
    endloop
  endfacet
  facet normal 0 -1 -0
    outer loop
      vertex 75.7651 -90 8.67135
      vertex 69.6 -90 6
      vertex 75.9941 -90 8.34577
    endloop
  endfacet
  facet normal 0 -1 -0
    outer loop
      vertex 75.5885 -90 9.02808
      vertex 69.6 -90 6
      vertex 75.7651 -90 8.67135
    endloop
  endfacet
  facet normal 0 -1 0
    outer loop
      vertex 69.6 -90 19
      vertex 3 -90 22
      vertex 39.6 -90 19
    endloop
  endfacet
  facet normal 0 -1 0
    outer loop
      vertex 32.5867 -90 12.1823
      vertex 39.6 -90 19
      vertex 3 -90 22
    endloop
  endfacet
  facet normal 0 -1 0
    outer loop
      vertex 39.6 -90 19
      vertex 33.7018 -90 12.5828
      vertex 34.0996 -90 12.5981
    endloop
  endfacet
  facet normal 0 -1 0
    outer loop
      vertex 39.6 -90 19
      vertex 33.311 -90 12.5071
      vertex 33.7018 -90 12.5828
    endloop
  endfacet
  facet normal 0 -1 0
    outer loop
      vertex 39.6 -90 19
      vertex 32.9364 -90 12.3725
      vertex 33.311 -90 12.5071
    endloop
  endfacet
  facet normal 0 -1 0
    outer loop
      vertex 39.6 -90 19
      vertex 32.5867 -90 12.1823
      vertex 32.9364 -90 12.3725
    endloop
  endfacet
  facet normal 0 -1 0
    outer loop
      vertex 3 -90 22
      vertex 32.2702 -90 11.941
      vertex 32.5867 -90 12.1823
    endloop
  endfacet
  facet normal 0 -1 0
    outer loop
      vertex 3 -90 22
      vertex 31.9941 -90 11.6542
      vertex 32.2702 -90 11.941
    endloop
  endfacet
  facet normal 0 -1 0
    outer loop
      vertex 3 -90 22
      vertex 31.7651 -90 11.3286
      vertex 31.9941 -90 11.6542
    endloop
  endfacet
  facet normal 0 -1 0
    outer loop
      vertex 3 -90 22
      vertex 31.5885 -90 10.9719
      vertex 31.7651 -90 11.3286
    endloop
  endfacet
  facet normal 0 -1 0
    outer loop
      vertex 3 -90 22
      vertex 31.4684 -90 10.5924
      vertex 31.5885 -90 10.9719
    endloop
  endfacet
  facet normal 0 -1 0
    outer loop
      vertex 3 -90 22
      vertex 31.4076 -90 10.199
      vertex 31.4684 -90 10.5924
    endloop
  endfacet
  facet normal 0 -1 0
    outer loop
      vertex 3 -90 0
      vertex 31.4076 -90 10.199
      vertex 3 -90 22
    endloop
  endfacet
  facet normal 0 -1 -0
    outer loop
      vertex 31.4076 -90 10.199
      vertex 3 -90 0
      vertex 31.4076 -90 9.80097
    endloop
  endfacet
  facet normal 0 -1 -0
    outer loop
      vertex 31.4076 -90 9.80097
      vertex 3 -90 0
      vertex 31.4684 -90 9.40758
    endloop
  endfacet
  facet normal 0 -1 -0
    outer loop
      vertex 31.4684 -90 9.40758
      vertex 3 -90 0
      vertex 31.5885 -90 9.02808
    endloop
  endfacet
  facet normal 0 -1 -0
    outer loop
      vertex 31.5885 -90 9.02808
      vertex 3 -90 0
      vertex 31.7651 -90 8.67135
    endloop
  endfacet
  facet normal 0 -1 -0
    outer loop
      vertex 31.7651 -90 8.67135
      vertex 3 -90 0
      vertex 31.9941 -90 8.34577
    endloop
  endfacet
  facet normal 0 -1 -0
    outer loop
      vertex 31.9941 -90 8.34577
      vertex 3 -90 0
      vertex 32.2702 -90 8.05896
    endloop
  endfacet
  facet normal 0 -1 -0
    outer loop
      vertex 32.2702 -90 8.05896
      vertex 3 -90 0
      vertex 32.5867 -90 7.81765
    endloop
  endfacet
  facet normal 0 -1 0
    outer loop
      vertex 33.7018 -90 7.41715
      vertex 39.6 -90 6
      vertex 34.0996 -90 7.40191
    endloop
  endfacet
  facet normal 0 -1 0
    outer loop
      vertex 3 -90 0
      vertex 33.7018 -90 7.41715
      vertex 33.311 -90 7.49294
    endloop
  endfacet
  facet normal 0 -1 -0
    outer loop
      vertex 39.6 -90 6
      vertex 3 -90 0
      vertex 69.6 -90 6
    endloop
  endfacet
  facet normal 0 -1 -0
    outer loop
      vertex 33.7018 -90 7.41715
      vertex 3 -90 0
      vertex 39.6 -90 6
    endloop
  endfacet
  facet normal 0 -1 -0
    outer loop
      vertex 32.9364 -90 7.62749
      vertex 3 -90 0
      vertex 33.311 -90 7.49294
    endloop
  endfacet
  facet normal 0 -1 -0
    outer loop
      vertex 32.5867 -90 7.81765
      vertex 3 -90 0
      vertex 32.9364 -90 7.62749
    endloop
  endfacet
  facet normal 0 -1 0
    outer loop
      vertex 3 -90 22
      vertex 69.6 -90 19
      vertex 115 -90 22
    endloop
  endfacet
  facet normal 0 -1 0
    outer loop
      vertex 78.495 -90 12.5524
      vertex 69.6 -90 19
      vertex 78.0996 -90 12.5981
    endloop
  endfacet
  facet normal 0 -1 0
    outer loop
      vertex 78.8788 -90 12.447
      vertex 69.6 -90 19
      vertex 78.495 -90 12.5524
    endloop
  endfacet
  facet normal 0 -1 0
    outer loop
      vertex 69.6 -90 19
      vertex 78.8788 -90 12.447
      vertex 115 -90 22
    endloop
  endfacet
  facet normal 0 -1 0
    outer loop
      vertex 79.2421 -90 12.2841
      vertex 115 -90 22
      vertex 78.8788 -90 12.447
    endloop
  endfacet
  facet normal 0 -1 0
    outer loop
      vertex 79.5762 -90 12.0678
      vertex 115 -90 22
      vertex 79.2421 -90 12.2841
    endloop
  endfacet
  facet normal 0 -1 0
    outer loop
      vertex 79.8734 -90 11.8029
      vertex 115 -90 22
      vertex 79.5762 -90 12.0678
    endloop
  endfacet
  facet normal 0 -1 0
    outer loop
      vertex 80.1266 -90 11.4958
      vertex 115 -90 22
      vertex 79.8734 -90 11.8029
    endloop
  endfacet
  facet normal 0 -1 0
    outer loop
      vertex 80.33 -90 11.1537
      vertex 115 -90 22
      vertex 80.1266 -90 11.4958
    endloop
  endfacet
  facet normal 0 -1 0
    outer loop
      vertex 80.4788 -90 10.7845
      vertex 115 -90 22
      vertex 80.33 -90 11.1537
    endloop
  endfacet
  facet normal 0 -1 0
    outer loop
      vertex 80.5695 -90 10.3969
      vertex 115 -90 22
      vertex 80.4788 -90 10.7845
    endloop
  endfacet
  facet normal 0 -1 0
    outer loop
      vertex 80.6 -90 10
      vertex 115 -90 22
      vertex 80.5695 -90 10.3969
    endloop
  endfacet
  facet normal 0 -1 0
    outer loop
      vertex 115 -90 0
      vertex 80.6 -90 10
      vertex 80.5695 -90 9.60311
    endloop
  endfacet
  facet normal 0 -1 0
    outer loop
      vertex 115 -90 0
      vertex 80.5695 -90 9.60311
      vertex 80.4788 -90 9.21553
    endloop
  endfacet
  facet normal 0 -1 0
    outer loop
      vertex 115 -90 0
      vertex 80.4788 -90 9.21553
      vertex 80.33 -90 8.84633
    endloop
  endfacet
  facet normal 0 -1 0
    outer loop
      vertex 115 -90 0
      vertex 80.33 -90 8.84633
      vertex 80.1266 -90 8.50417
    endloop
  endfacet
  facet normal 0 -1 0
    outer loop
      vertex 115 -90 0
      vertex 80.1266 -90 8.50417
      vertex 79.8734 -90 8.19707
    endloop
  endfacet
  facet normal 0 -1 0
    outer loop
      vertex 115 -90 0
      vertex 79.8734 -90 8.19707
      vertex 79.5762 -90 7.93224
    endloop
  endfacet
  facet normal 0 -1 0
    outer loop
      vertex 115 -90 0
      vertex 79.5762 -90 7.93224
      vertex 79.2421 -90 7.71587
    endloop
  endfacet
  facet normal 0 -1 0
    outer loop
      vertex 115 -90 0
      vertex 79.2421 -90 7.71587
      vertex 78.8788 -90 7.55304
    endloop
  endfacet
  facet normal 0 -1 0
    outer loop
      vertex 115 -90 0
      vertex 78.0996 -90 7.40191
      vertex 69.6 -90 6
    endloop
  endfacet
  facet normal 0 -1 0
    outer loop
      vertex 80.6 -90 10
      vertex 115 -90 0
      vertex 115 -90 22
    endloop
  endfacet
  facet normal 0 -1 0
    outer loop
      vertex 78.495 -90 7.44756
      vertex 115 -90 0
      vertex 78.8788 -90 7.55304
    endloop
  endfacet
  facet normal 0 -1 0
    outer loop
      vertex 78.0996 -90 7.40191
      vertex 115 -90 0
      vertex 78.495 -90 7.44756
    endloop
  endfacet
  facet normal 0 -1 0
    outer loop
      vertex 115 -90 0
      vertex 69.6 -90 6
      vertex 3 -90 0
    endloop
  endfacet
  facet normal 0 -1 0
    outer loop
      vertex 34.495 -90 12.5524
      vertex 39.6 -90 19
      vertex 34.0996 -90 12.5981
    endloop
  endfacet
  facet normal 0 -1 0
    outer loop
      vertex 34.8788 -90 12.447
      vertex 39.6 -90 19
      vertex 34.495 -90 12.5524
    endloop
  endfacet
  facet normal 0 -1 0
    outer loop
      vertex 35.2421 -90 12.2841
      vertex 39.6 -90 19
      vertex 34.8788 -90 12.447
    endloop
  endfacet
  facet normal 0 -1 0
    outer loop
      vertex 35.5762 -90 12.0678
      vertex 39.6 -90 19
      vertex 35.2421 -90 12.2841
    endloop
  endfacet
  facet normal 0 -1 0
    outer loop
      vertex 35.8734 -90 11.8029
      vertex 39.6 -90 19
      vertex 35.5762 -90 12.0678
    endloop
  endfacet
  facet normal 0 -1 0
    outer loop
      vertex 36.1266 -90 11.4958
      vertex 39.6 -90 19
      vertex 35.8734 -90 11.8029
    endloop
  endfacet
  facet normal 0 -1 0
    outer loop
      vertex 36.33 -90 11.1537
      vertex 39.6 -90 19
      vertex 36.1266 -90 11.4958
    endloop
  endfacet
  facet normal 0 -1 0
    outer loop
      vertex 36.4788 -90 10.7845
      vertex 39.6 -90 19
      vertex 36.33 -90 11.1537
    endloop
  endfacet
  facet normal 0 -1 0
    outer loop
      vertex 39.6 -90 6
      vertex 36.4788 -90 10.7845
      vertex 36.5695 -90 10.3969
    endloop
  endfacet
  facet normal 0 -1 0
    outer loop
      vertex 39.6 -90 6
      vertex 36.5695 -90 10.3969
      vertex 36.6 -90 10
    endloop
  endfacet
  facet normal 0 -1 0
    outer loop
      vertex 39.6 -90 6
      vertex 36.6 -90 10
      vertex 36.5695 -90 9.60311
    endloop
  endfacet
  facet normal 0 -1 0
    outer loop
      vertex 39.6 -90 6
      vertex 36.5695 -90 9.60311
      vertex 36.4788 -90 9.21553
    endloop
  endfacet
  facet normal 0 -1 0
    outer loop
      vertex 36.4788 -90 10.7845
      vertex 39.6 -90 6
      vertex 39.6 -90 19
    endloop
  endfacet
  facet normal 0 -1 0
    outer loop
      vertex 36.33 -90 8.84633
      vertex 39.6 -90 6
      vertex 36.4788 -90 9.21553
    endloop
  endfacet
  facet normal 0 -1 0
    outer loop
      vertex 36.1266 -90 8.50417
      vertex 39.6 -90 6
      vertex 36.33 -90 8.84633
    endloop
  endfacet
  facet normal 0 -1 0
    outer loop
      vertex 35.8734 -90 8.19707
      vertex 39.6 -90 6
      vertex 36.1266 -90 8.50417
    endloop
  endfacet
  facet normal 0 -1 0
    outer loop
      vertex 35.5762 -90 7.93224
      vertex 39.6 -90 6
      vertex 35.8734 -90 8.19707
    endloop
  endfacet
  facet normal 0 -1 0
    outer loop
      vertex 35.2421 -90 7.71587
      vertex 39.6 -90 6
      vertex 35.5762 -90 7.93224
    endloop
  endfacet
  facet normal 0 -1 0
    outer loop
      vertex 34.8788 -90 7.55304
      vertex 39.6 -90 6
      vertex 35.2421 -90 7.71587
    endloop
  endfacet
  facet normal 0 -1 0
    outer loop
      vertex 34.495 -90 7.44756
      vertex 39.6 -90 6
      vertex 34.8788 -90 7.55304
    endloop
  endfacet
  facet normal 0 -1 0
    outer loop
      vertex 39.6 -90 6
      vertex 34.495 -90 7.44756
      vertex 34.0996 -90 7.40191
    endloop
  endfacet
  facet normal -0.896856 -0.442322 0
    outer loop
      vertex 0.401917 -88.5 0
      vertex 0.228363 -88.1481 22
      vertex 0.228363 -88.1481 0
    endloop
  endfacet
  facet normal -0.896856 -0.442322 0
    outer loop
      vertex 0.228363 -88.1481 22
      vertex 0.401917 -88.5 0
      vertex 0.401917 -88.5 22
    endloop
  endfacet
  facet normal -0.321574 -0.946885 0
    outer loop
      vertex 1.85194 -89.7716 0
      vertex 2.22354 -89.8978 22
      vertex 1.85194 -89.7716 22
    endloop
  endfacet
  facet normal -0.321574 -0.946885 -0
    outer loop
      vertex 2.22354 -89.8978 22
      vertex 1.85194 -89.7716 0
      vertex 2.22354 -89.8978 0
    endloop
  endfacet
  facet normal 0.659478 -0.751724 0
    outer loop
      vertex 116.826 -89.3801 0
      vertex 117.121 -89.1213 22
      vertex 116.826 -89.3801 22
    endloop
  endfacet
  facet normal 0.659478 -0.751724 0
    outer loop
      vertex 117.121 -89.1213 22
      vertex 116.826 -89.3801 0
      vertex 117.121 -89.1213 0
    endloop
  endfacet
  facet normal -0.997859 -0.0653993 0
    outer loop
      vertex 0.0256653 -87.3916 0
      vertex 0 -87 22
      vertex 0 -87 0
    endloop
  endfacet
  facet normal -0.997859 -0.0653993 0
    outer loop
      vertex 0 -87 22
      vertex 0.0256653 -87.3916 0
      vertex 0.0256653 -87.3916 22
    endloop
  endfacet
  facet normal 0.44211 -0.896961 0
    outer loop
      vertex 116.148 -89.7716 0
      vertex 116.5 -89.5981 22
      vertex 116.148 -89.7716 22
    endloop
  endfacet
  facet normal 0.44211 -0.896961 0
    outer loop
      vertex 116.5 -89.5981 22
      vertex 116.148 -89.7716 0
      vertex 116.5 -89.5981 0
    endloop
  endfacet
  facet normal 0.555877 -0.831265 0
    outer loop
      vertex 116.5 -89.5981 0
      vertex 116.826 -89.3801 22
      vertex 116.5 -89.5981 22
    endloop
  endfacet
  facet normal 0.555877 -0.831265 0
    outer loop
      vertex 116.826 -89.3801 22
      vertex 116.5 -89.5981 0
      vertex 116.826 -89.3801 0
    endloop
  endfacet
  facet normal -0.194945 -0.980814 0
    outer loop
      vertex 2.22354 -89.8978 0
      vertex 2.60843 -89.9743 22
      vertex 2.22354 -89.8978 22
    endloop
  endfacet
  facet normal -0.194945 -0.980814 -0
    outer loop
      vertex 2.60843 -89.9743 22
      vertex 2.22354 -89.8978 0
      vertex 2.60843 -89.9743 0
    endloop
  endfacet
  facet normal -0.555547 -0.831485 0
    outer loop
      vertex 1.17372 -89.3801 0
      vertex 1.5 -89.5981 22
      vertex 1.17372 -89.3801 22
    endloop
  endfacet
  facet normal -0.555547 -0.831485 -0
    outer loop
      vertex 1.5 -89.5981 22
      vertex 1.17372 -89.3801 0
      vertex 1.5 -89.5981 0
    endloop
  endfacet
  facet normal -0.831481 -0.555553 0
    outer loop
      vertex 0.619934 -88.8263 0
      vertex 0.401917 -88.5 22
      vertex 0.401917 -88.5 0
    endloop
  endfacet
  facet normal -0.831481 -0.555553 0
    outer loop
      vertex 0.401917 -88.5 22
      vertex 0.619934 -88.8263 0
      vertex 0.619934 -88.8263 22
    endloop
  endfacet
  facet normal -0.442281 0.896876 0
    outer loop
      vertex 1.85194 -0.228363 0
      vertex 1.5 -0.401917 22
      vertex 1.85194 -0.228363 22
    endloop
  endfacet
  facet normal -0.442281 0.896876 0
    outer loop
      vertex 1.5 -0.401917 22
      vertex 1.85194 -0.228363 0
      vertex 1.5 -0.401917 0
    endloop
  endfacet
  facet normal -0.980789 -0.195072 0
    outer loop
      vertex 0.102219 -87.7765 0
      vertex 0.0256653 -87.3916 22
      vertex 0.0256653 -87.3916 0
    endloop
  endfacet
  facet normal -0.980789 -0.195072 0
    outer loop
      vertex 0.0256653 -87.3916 22
      vertex 0.102219 -87.7765 0
      vertex 0.102219 -87.7765 22
    endloop
  endfacet
  facet normal 0.94704 0.321117 0
    outer loop
      vertex 117.898 -2.22354 22
      vertex 117.772 -1.85194 0
      vertex 117.772 -1.85194 22
    endloop
  endfacet
  facet normal 0.94704 0.321117 0
    outer loop
      vertex 117.772 -1.85194 0
      vertex 117.898 -2.22354 22
      vertex 117.898 -2.22354 0
    endloop
  endfacet
  facet normal 0.981058 -0.193714 0
    outer loop
      vertex 117.898 -87.7765 22
      vertex 117.974 -87.3916 0
      vertex 117.974 -87.3916 22
    endloop
  endfacet
  facet normal 0.981058 -0.193714 0
    outer loop
      vertex 117.974 -87.3916 0
      vertex 117.898 -87.7765 22
      vertex 117.898 -87.7765 0
    endloop
  endfacet
  facet normal 0.751519 0.659712 0
    outer loop
      vertex 117.38 -1.17372 22
      vertex 117.121 -0.878677 0
      vertex 117.121 -0.878677 22
    endloop
  endfacet
  facet normal 0.751519 0.659712 0
    outer loop
      vertex 117.121 -0.878677 0
      vertex 117.38 -1.17372 22
      vertex 117.38 -1.17372 0
    endloop
  endfacet
  facet normal 0.0654208 -0.997858 0
    outer loop
      vertex 115 -90 0
      vertex 115.392 -89.9743 22
      vertex 115 -90 22
    endloop
  endfacet
  facet normal 0.0654208 -0.997858 0
    outer loop
      vertex 115.392 -89.9743 22
      vertex 115 -90 0
      vertex 115.392 -89.9743 0
    endloop
  endfacet
  facet normal 0.997803 -0.0662484 0
    outer loop
      vertex 117.974 -87.3916 22
      vertex 118 -87 0
      vertex 118 -87 22
    endloop
  endfacet
  facet normal 0.997803 -0.0662484 0
    outer loop
      vertex 118 -87 0
      vertex 117.974 -87.3916 22
      vertex 117.974 -87.3916 0
    endloop
  endfacet
  facet normal 0.659396 0.751796 -0
    outer loop
      vertex 117.121 -0.878677 0
      vertex 116.826 -0.619934 22
      vertex 117.121 -0.878677 22
    endloop
  endfacet
  facet normal 0.659396 0.751796 0
    outer loop
      vertex 116.826 -0.619934 22
      vertex 117.121 -0.878677 0
      vertex 116.826 -0.619934 0
    endloop
  endfacet
  facet normal 0.831501 -0.555523 0
    outer loop
      vertex 117.38 -88.8263 22
      vertex 117.598 -88.5 0
      vertex 117.598 -88.5 22
    endloop
  endfacet
  facet normal 0.831501 -0.555523 0
    outer loop
      vertex 117.598 -88.5 0
      vertex 117.38 -88.8263 22
      vertex 117.38 -88.8263 0
    endloop
  endfacet
  facet normal 0.751471 -0.659766 0
    outer loop
      vertex 117.121 -89.1213 22
      vertex 117.38 -88.8263 0
      vertex 117.38 -88.8263 22
    endloop
  endfacet
  facet normal 0.751471 -0.659766 0
    outer loop
      vertex 117.38 -88.8263 0
      vertex 117.121 -89.1213 22
      vertex 117.121 -89.1213 0
    endloop
  endfacet
  facet normal 0.321264 -0.94699 0
    outer loop
      vertex 115.776 -89.8978 0
      vertex 116.148 -89.7716 22
      vertex 115.776 -89.8978 22
    endloop
  endfacet
  facet normal 0.321264 -0.94699 0
    outer loop
      vertex 116.148 -89.7716 22
      vertex 115.776 -89.8978 0
      vertex 116.148 -89.7716 0
    endloop
  endfacet
  facet normal 0.997803 0.0662535 0
    outer loop
      vertex 118 -3 22
      vertex 117.974 -2.60843 0
      vertex 117.974 -2.60843 22
    endloop
  endfacet
  facet normal 0.997803 0.0662535 0
    outer loop
      vertex 117.974 -2.60843 0
      vertex 118 -3 22
      vertex 118 -3 0
    endloop
  endfacet
  facet normal -0.831465 0.555577 0
    outer loop
      vertex 0.401917 -1.5 0
      vertex 0.619934 -1.17372 22
      vertex 0.619934 -1.17372 0
    endloop
  endfacet
  facet normal -0.831465 0.555577 0
    outer loop
      vertex 0.619934 -1.17372 22
      vertex 0.401917 -1.5 0
      vertex 0.401917 -1.5 22
    endloop
  endfacet
  facet normal 0.896405 -0.443235 0
    outer loop
      vertex 117.598 -88.5 22
      vertex 117.772 -88.1481 0
      vertex 117.772 -88.1481 22
    endloop
  endfacet
  facet normal 0.896405 -0.443235 0
    outer loop
      vertex 117.772 -88.1481 0
      vertex 117.598 -88.5 22
      vertex 117.598 -88.5 0
    endloop
  endfacet
  facet normal -0.980788 0.195076 0
    outer loop
      vertex 0.0256653 -2.60843 0
      vertex 0.102219 -2.22354 22
      vertex 0.102219 -2.22354 0
    endloop
  endfacet
  facet normal -0.980788 0.195076 0
    outer loop
      vertex 0.102219 -2.22354 22
      vertex 0.0256653 -2.60843 0
      vertex 0.0256653 -2.60843 22
    endloop
  endfacet
  facet normal -0.751843 0.659342 0
    outer loop
      vertex 0.619934 -1.17372 0
      vertex 0.878677 -0.878677 22
      vertex 0.878677 -0.878677 0
    endloop
  endfacet
  facet normal -0.751843 0.659342 0
    outer loop
      vertex 0.878677 -0.878677 22
      vertex 0.619934 -1.17372 0
      vertex 0.619934 -1.17372 22
    endloop
  endfacet
  facet normal 0 0 1
    outer loop
      vertex 115.5 -2.5 22
      vertex 118 -3 22
      vertex 117.974 -2.60843 22
    endloop
  endfacet
  facet normal 0 0 1
    outer loop
      vertex 118 -3 22
      vertex 115.5 -2.5 22
      vertex 118 -87 22
    endloop
  endfacet
  facet normal -0 0 1
    outer loop
      vertex 115.5 -2.5 22
      vertex 117.974 -2.60843 22
      vertex 117.898 -2.22354 22
    endloop
  endfacet
  facet normal 0 0 1
    outer loop
      vertex 115.5 -87.5 22
      vertex 118 -87 22
      vertex 115.5 -2.5 22
    endloop
  endfacet
  facet normal 0 0 1
    outer loop
      vertex 115.5 -2.5 22
      vertex 117.898 -2.22354 22
      vertex 117.772 -1.85194 22
    endloop
  endfacet
  facet normal 0 0 1
    outer loop
      vertex 118 -87 22
      vertex 115.5 -87.5 22
      vertex 117.974 -87.3916 22
    endloop
  endfacet
  facet normal 0 0 1
    outer loop
      vertex 115.5 -2.5 22
      vertex 117.772 -1.85194 22
      vertex 117.598 -1.5 22
    endloop
  endfacet
  facet normal 0 0 1
    outer loop
      vertex 117.974 -87.3916 22
      vertex 115.5 -87.5 22
      vertex 117.898 -87.7765 22
    endloop
  endfacet
  facet normal 0 0 1
    outer loop
      vertex 115.5 -2.5 22
      vertex 117.598 -1.5 22
      vertex 117.38 -1.17372 22
    endloop
  endfacet
  facet normal 0 0 1
    outer loop
      vertex 117.898 -87.7765 22
      vertex 115.5 -87.5 22
      vertex 117.772 -88.1481 22
    endloop
  endfacet
  facet normal 0 0 1
    outer loop
      vertex 115.5 -2.5 22
      vertex 117.38 -1.17372 22
      vertex 117.121 -0.878677 22
    endloop
  endfacet
  facet normal 0 0 1
    outer loop
      vertex 117.772 -88.1481 22
      vertex 115.5 -87.5 22
      vertex 117.598 -88.5 22
    endloop
  endfacet
  facet normal 0 0 1
    outer loop
      vertex 115.5 -2.5 22
      vertex 117.121 -0.878677 22
      vertex 116.826 -0.619934 22
    endloop
  endfacet
  facet normal 0 0 1
    outer loop
      vertex 117.598 -88.5 22
      vertex 115.5 -87.5 22
      vertex 117.38 -88.8263 22
    endloop
  endfacet
  facet normal 0 0 1
    outer loop
      vertex 115.5 -2.5 22
      vertex 116.826 -0.619934 22
      vertex 116.5 -0.401917 22
    endloop
  endfacet
  facet normal 0 0 1
    outer loop
      vertex 117.38 -88.8263 22
      vertex 115.5 -87.5 22
      vertex 117.121 -89.1213 22
    endloop
  endfacet
  facet normal 0 0 1
    outer loop
      vertex 115.5 -2.5 22
      vertex 116.5 -0.401917 22
      vertex 116.148 -0.228363 22
    endloop
  endfacet
  facet normal 0 0 1
    outer loop
      vertex 117.121 -89.1213 22
      vertex 115.5 -87.5 22
      vertex 116.826 -89.3801 22
    endloop
  endfacet
  facet normal 0 0 1
    outer loop
      vertex 115.5 -2.5 22
      vertex 116.148 -0.228363 22
      vertex 115.776 -0.102219 22
    endloop
  endfacet
  facet normal 0 0 1
    outer loop
      vertex 116.826 -89.3801 22
      vertex 115.5 -87.5 22
      vertex 116.5 -89.5981 22
    endloop
  endfacet
  facet normal 0 0 1
    outer loop
      vertex 116.5 -89.5981 22
      vertex 115.5 -87.5 22
      vertex 116.148 -89.7716 22
    endloop
  endfacet
  facet normal 0 0 1
    outer loop
      vertex 115.392 -0.0256653 22
      vertex 115.5 -2.5 22
      vertex 115.776 -0.102219 22
    endloop
  endfacet
  facet normal 0 0 1
    outer loop
      vertex 115 0 22
      vertex 115.5 -2.5 22
      vertex 115.392 -0.0256653 22
    endloop
  endfacet
  facet normal -0 0 1
    outer loop
      vertex 3 0 22
      vertex 115.5 -2.5 22
      vertex 115 0 22
    endloop
  endfacet
  facet normal 0 0 1
    outer loop
      vertex 2.5 -2.5 22
      vertex 3 0 22
      vertex 2.60843 -0.0256653 22
    endloop
  endfacet
  facet normal 0 0 1
    outer loop
      vertex 3 0 22
      vertex 2.5 -2.5 22
      vertex 115.5 -2.5 22
    endloop
  endfacet
  facet normal -0 0 1
    outer loop
      vertex 1.85194 -0.228363 22
      vertex 2.5 -2.5 22
      vertex 2.22354 -0.102219 22
    endloop
  endfacet
  facet normal -0 0 1
    outer loop
      vertex 2.22354 -0.102219 22
      vertex 2.5 -2.5 22
      vertex 2.60843 -0.0256653 22
    endloop
  endfacet
  facet normal 0 0 1
    outer loop
      vertex 116.148 -89.7716 22
      vertex 115.5 -87.5 22
      vertex 115.776 -89.8978 22
    endloop
  endfacet
  facet normal 0 0 1
    outer loop
      vertex 115.5 -87.5 22
      vertex 115.392 -89.9743 22
      vertex 115.776 -89.8978 22
    endloop
  endfacet
  facet normal 0 0 1
    outer loop
      vertex 115.5 -87.5 22
      vertex 115 -90 22
      vertex 115.392 -89.9743 22
    endloop
  endfacet
  facet normal 0 0 1
    outer loop
      vertex 115.5 -87.5 22
      vertex 3 -90 22
      vertex 115 -90 22
    endloop
  endfacet
  facet normal -0 0 1
    outer loop
      vertex 2.5 -87.5 22
      vertex 3 -90 22
      vertex 115.5 -87.5 22
    endloop
  endfacet
  facet normal 0 0 1
    outer loop
      vertex 3 -90 22
      vertex 2.5 -87.5 22
      vertex 2.60843 -89.9743 22
    endloop
  endfacet
  facet normal 0 0 1
    outer loop
      vertex 2.5 -87.5 22
      vertex 2.22354 -89.8978 22
      vertex 2.60843 -89.9743 22
    endloop
  endfacet
  facet normal 0 0 1
    outer loop
      vertex 2.5 -2.5 22
      vertex 0 -3 22
      vertex 2.5 -87.5 22
    endloop
  endfacet
  facet normal -0 0 1
    outer loop
      vertex 1.5 -0.401917 22
      vertex 2.5 -2.5 22
      vertex 1.85194 -0.228363 22
    endloop
  endfacet
  facet normal -0 0 1
    outer loop
      vertex 0 -87 22
      vertex 2.5 -87.5 22
      vertex 0 -3 22
    endloop
  endfacet
  facet normal -0 0 1
    outer loop
      vertex 1.17372 -0.619934 22
      vertex 2.5 -2.5 22
      vertex 1.5 -0.401917 22
    endloop
  endfacet
  facet normal -0 -0 1
    outer loop
      vertex 0.0256653 -87.3916 22
      vertex 2.5 -87.5 22
      vertex 0 -87 22
    endloop
  endfacet
  facet normal -0 0 1
    outer loop
      vertex 0.878677 -0.878677 22
      vertex 2.5 -2.5 22
      vertex 1.17372 -0.619934 22
    endloop
  endfacet
  facet normal 0 0 1
    outer loop
      vertex 2.5 -87.5 22
      vertex 1.85194 -89.7716 22
      vertex 2.22354 -89.8978 22
    endloop
  endfacet
  facet normal -0 0 1
    outer loop
      vertex 0.619934 -1.17372 22
      vertex 2.5 -2.5 22
      vertex 0.878677 -0.878677 22
    endloop
  endfacet
  facet normal 0 0 1
    outer loop
      vertex 2.5 -87.5 22
      vertex 1.5 -89.5981 22
      vertex 1.85194 -89.7716 22
    endloop
  endfacet
  facet normal -0 0 1
    outer loop
      vertex 0.401917 -1.5 22
      vertex 2.5 -2.5 22
      vertex 0.619934 -1.17372 22
    endloop
  endfacet
  facet normal 0 0 1
    outer loop
      vertex 2.5 -87.5 22
      vertex 1.17372 -89.3801 22
      vertex 1.5 -89.5981 22
    endloop
  endfacet
  facet normal -0 0 1
    outer loop
      vertex 0.228363 -1.85194 22
      vertex 2.5 -2.5 22
      vertex 0.401917 -1.5 22
    endloop
  endfacet
  facet normal 0 0 1
    outer loop
      vertex 2.5 -87.5 22
      vertex 0.878677 -89.1213 22
      vertex 1.17372 -89.3801 22
    endloop
  endfacet
  facet normal -0 0 1
    outer loop
      vertex 0.102219 -2.22354 22
      vertex 2.5 -2.5 22
      vertex 0.228363 -1.85194 22
    endloop
  endfacet
  facet normal 0 0 1
    outer loop
      vertex 2.5 -87.5 22
      vertex 0.619934 -88.8263 22
      vertex 0.878677 -89.1213 22
    endloop
  endfacet
  facet normal 0 0 1
    outer loop
      vertex 0.0256653 -2.60843 22
      vertex 2.5 -2.5 22
      vertex 0.102219 -2.22354 22
    endloop
  endfacet
  facet normal 0 0 1
    outer loop
      vertex 2.5 -87.5 22
      vertex 0.401917 -88.5 22
      vertex 0.619934 -88.8263 22
    endloop
  endfacet
  facet normal 0 0 1
    outer loop
      vertex 2.5 -2.5 22
      vertex 0.0256653 -2.60843 22
      vertex 0 -3 22
    endloop
  endfacet
  facet normal 0 0 1
    outer loop
      vertex 2.5 -87.5 22
      vertex 0.228363 -88.1481 22
      vertex 0.401917 -88.5 22
    endloop
  endfacet
  facet normal 0 0 1
    outer loop
      vertex 2.5 -87.5 22
      vertex 0.102219 -87.7765 22
      vertex 0.228363 -88.1481 22
    endloop
  endfacet
  facet normal 0 0 1
    outer loop
      vertex 2.5 -87.5 22
      vertex 0.0256653 -87.3916 22
      vertex 0.102219 -87.7765 22
    endloop
  endfacet
  facet normal 0.831485 0.555547 0
    outer loop
      vertex 117.598 -1.5 22
      vertex 117.38 -1.17372 0
      vertex 117.38 -1.17372 22
    endloop
  endfacet
  facet normal 0.831485 0.555547 0
    outer loop
      vertex 117.38 -1.17372 0
      vertex 117.598 -1.5 22
      vertex 117.598 -1.5 0
    endloop
  endfacet
  facet normal 0 0 -1
    outer loop
      vertex 104.687 -62.2111 0
      vertex 109.2 -38.2 0
      vertex 104.771 -62.6015 0
    endloop
  endfacet
  facet normal 0 0 -1
    outer loop
      vertex 109.2 -38.2 0
      vertex 104.771 -45.3985 0
      vertex 104.8 -45 0
    endloop
  endfacet
  facet normal 0 0 -1
    outer loop
      vertex 104.687 -45.7888 0
      vertex 109.2 -38.2 0
      vertex 104.687 -62.2111 0
    endloop
  endfacet
  facet normal 0 0 -1
    outer loop
      vertex 109.2 -38.2 0
      vertex 104.687 -45.7888 0
      vertex 104.771 -45.3985 0
    endloop
  endfacet
  facet normal 0 0 -1
    outer loop
      vertex 104.547 -61.8368 0
      vertex 104.687 -45.7888 0
      vertex 104.687 -62.2111 0
    endloop
  endfacet
  facet normal 0 0 -1
    outer loop
      vertex 104.547 -61.8368 0
      vertex 104.547 -46.1632 0
      vertex 104.687 -45.7888 0
    endloop
  endfacet
  facet normal 0 0 -1
    outer loop
      vertex 104.356 -61.4862 0
      vertex 104.547 -46.1632 0
      vertex 104.547 -61.8368 0
    endloop
  endfacet
  facet normal 0 0 -1
    outer loop
      vertex 104.356 -61.4862 0
      vertex 104.356 -46.5138 0
      vertex 104.547 -46.1632 0
    endloop
  endfacet
  facet normal 0 0 -1
    outer loop
      vertex 104.116 -61.1664 0
      vertex 104.356 -46.5138 0
      vertex 104.356 -61.4862 0
    endloop
  endfacet
  facet normal 0 0 -1
    outer loop
      vertex 104.116 -61.1664 0
      vertex 104.116 -46.8336 0
      vertex 104.356 -46.5138 0
    endloop
  endfacet
  facet normal 0 0 -1
    outer loop
      vertex 103.834 -60.8839 0
      vertex 104.116 -46.8336 0
      vertex 104.116 -61.1664 0
    endloop
  endfacet
  facet normal 0 0 -1
    outer loop
      vertex 103.834 -60.8839 0
      vertex 103.834 -47.1161 0
      vertex 104.116 -46.8336 0
    endloop
  endfacet
  facet normal 0 0 -1
    outer loop
      vertex 103.514 -60.6445 0
      vertex 103.834 -47.1161 0
      vertex 103.834 -60.8839 0
    endloop
  endfacet
  facet normal 0 0 -1
    outer loop
      vertex 103.514 -60.6445 0
      vertex 103.514 -47.3555 0
      vertex 103.834 -47.1161 0
    endloop
  endfacet
  facet normal 0 0 -1
    outer loop
      vertex 103.163 -60.453 0
      vertex 103.514 -47.3555 0
      vertex 103.514 -60.6445 0
    endloop
  endfacet
  facet normal 0 0 -1
    outer loop
      vertex 103.163 -60.453 0
      vertex 103.163 -47.547 0
      vertex 103.514 -47.3555 0
    endloop
  endfacet
  facet normal 0 0 -1
    outer loop
      vertex 102.789 -60.3134 0
      vertex 103.163 -47.547 0
      vertex 103.163 -60.453 0
    endloop
  endfacet
  facet normal 0 0 -1
    outer loop
      vertex 102.789 -60.3134 0
      vertex 102.789 -47.6866 0
      vertex 103.163 -47.547 0
    endloop
  endfacet
  facet normal 0 0 -1
    outer loop
      vertex 102.398 -60.2285 0
      vertex 102.789 -47.6866 0
      vertex 102.789 -60.3134 0
    endloop
  endfacet
  facet normal 0 0 -1
    outer loop
      vertex 102.398 -60.2285 0
      vertex 102.398 -47.7715 0
      vertex 102.789 -47.6866 0
    endloop
  endfacet
  facet normal 0 0 -1
    outer loop
      vertex 102 -60.2 0
      vertex 102.398 -47.7715 0
      vertex 102.398 -60.2285 0
    endloop
  endfacet
  facet normal 0 0 -1
    outer loop
      vertex 102 -60.2 0
      vertex 102 -47.8 0
      vertex 102.398 -47.7715 0
    endloop
  endfacet
  facet normal 0 0 -1
    outer loop
      vertex 101.602 -60.2285 0
      vertex 102 -47.8 0
      vertex 102 -60.2 0
    endloop
  endfacet
  facet normal 0 0 -1
    outer loop
      vertex 101.602 -60.2285 0
      vertex 101.602 -47.7715 0
      vertex 102 -47.8 0
    endloop
  endfacet
  facet normal 0 0 -1
    outer loop
      vertex 101.211 -60.3134 0
      vertex 101.602 -47.7715 0
      vertex 101.602 -60.2285 0
    endloop
  endfacet
  facet normal 0 0 -1
    outer loop
      vertex 101.211 -60.3134 0
      vertex 101.211 -47.6866 0
      vertex 101.602 -47.7715 0
    endloop
  endfacet
  facet normal 0 0 -1
    outer loop
      vertex 100.837 -60.453 0
      vertex 101.211 -47.6866 0
      vertex 101.211 -60.3134 0
    endloop
  endfacet
  facet normal 0 0 -1
    outer loop
      vertex 100.837 -60.453 0
      vertex 100.837 -47.547 0
      vertex 101.211 -47.6866 0
    endloop
  endfacet
  facet normal 0 0 -1
    outer loop
      vertex 100.486 -60.6445 0
      vertex 100.837 -47.547 0
      vertex 100.837 -60.453 0
    endloop
  endfacet
  facet normal 0 0 -1
    outer loop
      vertex 100.486 -60.6445 0
      vertex 100.486 -47.3555 0
      vertex 100.837 -47.547 0
    endloop
  endfacet
  facet normal 0 0 -1
    outer loop
      vertex 100.166 -60.8839 0
      vertex 100.486 -47.3555 0
      vertex 100.486 -60.6445 0
    endloop
  endfacet
  facet normal 0 0 -1
    outer loop
      vertex 100.166 -60.8839 0
      vertex 100.166 -47.1161 0
      vertex 100.486 -47.3555 0
    endloop
  endfacet
  facet normal 0 0 -1
    outer loop
      vertex 99.8839 -61.1664 0
      vertex 100.166 -47.1161 0
      vertex 100.166 -60.8839 0
    endloop
  endfacet
  facet normal 0 0 -1
    outer loop
      vertex 99.8839 -61.1664 0
      vertex 99.8839 -46.8336 0
      vertex 100.166 -47.1161 0
    endloop
  endfacet
  facet normal 0 0 -1
    outer loop
      vertex 99.6445 -61.4862 0
      vertex 99.8839 -46.8336 0
      vertex 99.8839 -61.1664 0
    endloop
  endfacet
  facet normal 0 0 -1
    outer loop
      vertex 99.6445 -61.4862 0
      vertex 99.6445 -46.5138 0
      vertex 99.8839 -46.8336 0
    endloop
  endfacet
  facet normal 0 0 -1
    outer loop
      vertex 99.453 -61.8368 0
      vertex 99.6445 -46.5138 0
      vertex 99.6445 -61.4862 0
    endloop
  endfacet
  facet normal 0 0 -1
    outer loop
      vertex 99.453 -61.8368 0
      vertex 99.453 -46.1632 0
      vertex 99.6445 -46.5138 0
    endloop
  endfacet
  facet normal 0 0 -1
    outer loop
      vertex 86.2 -72 0
      vertex 99.453 -61.8368 0
      vertex 99.3134 -62.2111 0
    endloop
  endfacet
  facet normal -0 0 -1
    outer loop
      vertex 99.453 -61.8368 0
      vertex 86.2 -72 0
      vertex 99.453 -46.1632 0
    endloop
  endfacet
  facet normal 0 0 -1
    outer loop
      vertex 86.2 -72 0
      vertex 99.3134 -62.2111 0
      vertex 99.2285 -62.6015 0
    endloop
  endfacet
  facet normal -0 0 -1
    outer loop
      vertex 99.453 -46.1632 0
      vertex 86.2 -72 0
      vertex 99.3134 -45.7888 0
    endloop
  endfacet
  facet normal 0 0 -1
    outer loop
      vertex 86.2 -72 0
      vertex 99.2285 -62.6015 0
      vertex 99.2 -63 0
    endloop
  endfacet
  facet normal 0 -0 -1
    outer loop
      vertex 94.8 -38.2 0
      vertex 99.3134 -45.7888 0
      vertex 86.2 -72 0
    endloop
  endfacet
  facet normal 0 0 -1
    outer loop
      vertex 115 -90 0
      vertex 118 -87 0
      vertex 117.974 -87.3916 0
    endloop
  endfacet
  facet normal 0 0 -1
    outer loop
      vertex 118 -87 0
      vertex 109.2 -38.2 0
      vertex 118 -3 0
    endloop
  endfacet
  facet normal 0 0 -1
    outer loop
      vertex 115 -90 0
      vertex 117.974 -87.3916 0
      vertex 117.898 -87.7765 0
    endloop
  endfacet
  facet normal 0 0 -1
    outer loop
      vertex 109.2 -15.8 0
      vertex 118 -3 0
      vertex 109.2 -38.2 0
    endloop
  endfacet
  facet normal 0 0 -1
    outer loop
      vertex 115 -90 0
      vertex 117.898 -87.7765 0
      vertex 117.772 -88.1481 0
    endloop
  endfacet
  facet normal 0 -0 -1
    outer loop
      vertex 115 0 0
      vertex 118 -3 0
      vertex 109.2 -15.8 0
    endloop
  endfacet
  facet normal 0 0 -1
    outer loop
      vertex 115 -90 0
      vertex 117.772 -88.1481 0
      vertex 117.598 -88.5 0
    endloop
  endfacet
  facet normal 0 0 -1
    outer loop
      vertex 118 -3 0
      vertex 115 0 0
      vertex 117.974 -2.60843 0
    endloop
  endfacet
  facet normal 0 0 -1
    outer loop
      vertex 115 -90 0
      vertex 117.598 -88.5 0
      vertex 117.38 -88.8263 0
    endloop
  endfacet
  facet normal 0 0 -1
    outer loop
      vertex 117.974 -2.60843 0
      vertex 115 0 0
      vertex 117.898 -2.22354 0
    endloop
  endfacet
  facet normal 0 0 -1
    outer loop
      vertex 115 -90 0
      vertex 117.38 -88.8263 0
      vertex 117.121 -89.1213 0
    endloop
  endfacet
  facet normal 0 0 -1
    outer loop
      vertex 117.898 -2.22354 0
      vertex 115 0 0
      vertex 117.772 -1.85194 0
    endloop
  endfacet
  facet normal 0 0 -1
    outer loop
      vertex 115 -90 0
      vertex 117.121 -89.1213 0
      vertex 116.826 -89.3801 0
    endloop
  endfacet
  facet normal 0 0 -1
    outer loop
      vertex 117.772 -1.85194 0
      vertex 115 0 0
      vertex 117.598 -1.5 0
    endloop
  endfacet
  facet normal 0 0 -1
    outer loop
      vertex 115 -90 0
      vertex 116.826 -89.3801 0
      vertex 116.5 -89.5981 0
    endloop
  endfacet
  facet normal 0 0 -1
    outer loop
      vertex 117.598 -1.5 0
      vertex 115 0 0
      vertex 117.38 -1.17372 0
    endloop
  endfacet
  facet normal 0 0 -1
    outer loop
      vertex 115 -90 0
      vertex 116.5 -89.5981 0
      vertex 116.148 -89.7716 0
    endloop
  endfacet
  facet normal 0 0 -1
    outer loop
      vertex 117.38 -1.17372 0
      vertex 115 0 0
      vertex 117.121 -0.878677 0
    endloop
  endfacet
  facet normal 0 0 -1
    outer loop
      vertex 115 -90 0
      vertex 116.148 -89.7716 0
      vertex 115.776 -89.8978 0
    endloop
  endfacet
  facet normal 0 0 -1
    outer loop
      vertex 117.121 -0.878677 0
      vertex 115 0 0
      vertex 116.826 -0.619934 0
    endloop
  endfacet
  facet normal 0 0 -1
    outer loop
      vertex 115 -90 0
      vertex 115.776 -89.8978 0
      vertex 115.392 -89.9743 0
    endloop
  endfacet
  facet normal 0 0 -1
    outer loop
      vertex 116.826 -0.619934 0
      vertex 115 0 0
      vertex 116.5 -0.401917 0
    endloop
  endfacet
  facet normal -0 0 -1
    outer loop
      vertex 118 -87 0
      vertex 115 -90 0
      vertex 102.789 -65.6866 0
    endloop
  endfacet
  facet normal 0 0 -1
    outer loop
      vertex 116.5 -0.401917 0
      vertex 115 0 0
      vertex 116.148 -0.228363 0
    endloop
  endfacet
  facet normal 0 0 -1
    outer loop
      vertex 116.148 -0.228363 0
      vertex 115 0 0
      vertex 115.776 -0.102219 0
    endloop
  endfacet
  facet normal 0 0 -1
    outer loop
      vertex 104.771 -62.6015 0
      vertex 118 -87 0
      vertex 104.8 -63 0
    endloop
  endfacet
  facet normal 0 0 -1
    outer loop
      vertex 118 -87 0
      vertex 104.771 -63.3985 0
      vertex 104.8 -63 0
    endloop
  endfacet
  facet normal 0 0 -1
    outer loop
      vertex 118 -87 0
      vertex 104.687 -63.7888 0
      vertex 104.771 -63.3985 0
    endloop
  endfacet
  facet normal 0 0 -1
    outer loop
      vertex 118 -87 0
      vertex 104.547 -64.1632 0
      vertex 104.687 -63.7888 0
    endloop
  endfacet
  facet normal 0 0 -1
    outer loop
      vertex 118 -87 0
      vertex 104.356 -64.5138 0
      vertex 104.547 -64.1632 0
    endloop
  endfacet
  facet normal 0 0 -1
    outer loop
      vertex 118 -87 0
      vertex 104.116 -64.8336 0
      vertex 104.356 -64.5138 0
    endloop
  endfacet
  facet normal 0 0 -1
    outer loop
      vertex 118 -87 0
      vertex 103.834 -65.1161 0
      vertex 104.116 -64.8336 0
    endloop
  endfacet
  facet normal 0 0 -1
    outer loop
      vertex 118 -87 0
      vertex 103.514 -65.3555 0
      vertex 103.834 -65.1161 0
    endloop
  endfacet
  facet normal 0 0 -1
    outer loop
      vertex 118 -87 0
      vertex 103.163 -65.547 0
      vertex 103.514 -65.3555 0
    endloop
  endfacet
  facet normal 0 0 -1
    outer loop
      vertex 118 -87 0
      vertex 102.789 -65.6866 0
      vertex 103.163 -65.547 0
    endloop
  endfacet
  facet normal 0 0 -1
    outer loop
      vertex 115 -90 0
      vertex 102.398 -65.7715 0
      vertex 102.789 -65.6866 0
    endloop
  endfacet
  facet normal 0 0 -1
    outer loop
      vertex 115 -90 0
      vertex 102 -65.8 0
      vertex 102.398 -65.7715 0
    endloop
  endfacet
  facet normal 0 0 -1
    outer loop
      vertex 115 -90 0
      vertex 101.602 -65.7715 0
      vertex 102 -65.8 0
    endloop
  endfacet
  facet normal 0 0 -1
    outer loop
      vertex 85.586 -74.6901 0
      vertex 101.602 -65.7715 0
      vertex 115 -90 0
    endloop
  endfacet
  facet normal 0 -0 -1
    outer loop
      vertex 85.7469 -74.3267 0
      vertex 101.602 -65.7715 0
      vertex 85.586 -74.6901 0
    endloop
  endfacet
  facet normal -0 0 -1
    outer loop
      vertex 101.602 -65.7715 0
      vertex 85.7469 -74.3267 0
      vertex 101.211 -65.6866 0
    endloop
  endfacet
  facet normal 0 -0 -1
    outer loop
      vertex 85.8841 -73.9537 0
      vertex 101.211 -65.6866 0
      vertex 85.7469 -74.3267 0
    endloop
  endfacet
  facet normal 0 -0 -1
    outer loop
      vertex 85.9972 -73.5727 0
      vertex 101.211 -65.6866 0
      vertex 85.8841 -73.9537 0
    endloop
  endfacet
  facet normal -0 0 -1
    outer loop
      vertex 101.211 -65.6866 0
      vertex 85.9972 -73.5727 0
      vertex 100.837 -65.547 0
    endloop
  endfacet
  facet normal 0 0 -1
    outer loop
      vertex 99.3134 -45.7888 0
      vertex 94.8 -38.2 0
      vertex 99.2285 -45.3985 0
    endloop
  endfacet
  facet normal 0 0 -1
    outer loop
      vertex 86.2 -72 0
      vertex 99.2 -63 0
      vertex 99.2285 -63.3985 0
    endloop
  endfacet
  facet normal 0 0 -1
    outer loop
      vertex 86.2 -20 0
      vertex 94.8 -38.2 0
      vertex 86.2 -72 0
    endloop
  endfacet
  facet normal 0 0 -1
    outer loop
      vertex 99.2285 -45.3985 0
      vertex 94.8 -38.2 0
      vertex 99.2 -45 0
    endloop
  endfacet
  facet normal -0 0 -1
    outer loop
      vertex 99.3134 -63.7888 0
      vertex 86.2 -72 0
      vertex 99.2285 -63.3985 0
    endloop
  endfacet
  facet normal -0 0 -1
    outer loop
      vertex 99.453 -64.1632 0
      vertex 86.2 -72 0
      vertex 99.3134 -63.7888 0
    endloop
  endfacet
  facet normal -0 0 -1
    outer loop
      vertex 99.6445 -64.5138 0
      vertex 86.2 -72 0
      vertex 99.453 -64.1632 0
    endloop
  endfacet
  facet normal 0 -0 -1
    outer loop
      vertex 86.1491 -72.7928 0
      vertex 100.837 -65.547 0
      vertex 86.0857 -73.1852 0
    endloop
  endfacet
  facet normal -0 0 -1
    outer loop
      vertex 99.8839 -64.8336 0
      vertex 86.2 -72 0
      vertex 99.6445 -64.5138 0
    endloop
  endfacet
  facet normal -0 0 -1
    outer loop
      vertex 100.166 -65.1161 0
      vertex 86.2 -72 0
      vertex 99.8839 -64.8336 0
    endloop
  endfacet
  facet normal -0 0 -1
    outer loop
      vertex 100.486 -65.3555 0
      vertex 86.2 -72 0
      vertex 100.166 -65.1161 0
    endloop
  endfacet
  facet normal 0 -0 -1
    outer loop
      vertex 86.2 -72 0
      vertex 100.486 -65.3555 0
      vertex 86.1873 -72.3972 0
    endloop
  endfacet
  facet normal 0 -0 -1
    outer loop
      vertex 86.1873 -72.3972 0
      vertex 100.486 -65.3555 0
      vertex 86.1491 -72.7928 0
    endloop
  endfacet
  facet normal -0 0 -1
    outer loop
      vertex 100.837 -65.547 0
      vertex 86.1491 -72.7928 0
      vertex 100.486 -65.3555 0
    endloop
  endfacet
  facet normal 0 -0 -1
    outer loop
      vertex 86.0857 -73.1852 0
      vertex 100.837 -65.547 0
      vertex 85.9972 -73.5727 0
    endloop
  endfacet
  facet normal 0 0 -1
    outer loop
      vertex 115 -90 0
      vertex 85.4022 -75.0424 0
      vertex 85.586 -74.6901 0
    endloop
  endfacet
  facet normal 0 0 -1
    outer loop
      vertex 115 -90 0
      vertex 85.1962 -75.3823 0
      vertex 85.4022 -75.0424 0
    endloop
  endfacet
  facet normal 0 0 -1
    outer loop
      vertex 115 -90 0
      vertex 84.9688 -75.7083 0
      vertex 85.1962 -75.3823 0
    endloop
  endfacet
  facet normal 0 0 -1
    outer loop
      vertex 115 -90 0
      vertex 84.721 -76.019 0
      vertex 84.9688 -75.7083 0
    endloop
  endfacet
  facet normal 0 0 -1
    outer loop
      vertex 115 -90 0
      vertex 84.4538 -76.3132 0
      vertex 84.721 -76.019 0
    endloop
  endfacet
  facet normal 0 0 -1
    outer loop
      vertex 115 -90 0
      vertex 84.1683 -76.5897 0
      vertex 84.4538 -76.3132 0
    endloop
  endfacet
  facet normal 0 0 -1
    outer loop
      vertex 115 -90 0
      vertex 83.8656 -76.8474 0
      vertex 84.1683 -76.5897 0
    endloop
  endfacet
  facet normal 0 0 -1
    outer loop
      vertex 115 -90 0
      vertex 83.5471 -77.0851 0
      vertex 83.8656 -76.8474 0
    endloop
  endfacet
  facet normal 0 0 -1
    outer loop
      vertex 115 -90 0
      vertex 83.214 -77.3019 0
      vertex 83.5471 -77.0851 0
    endloop
  endfacet
  facet normal 0 0 -1
    outer loop
      vertex 115 -90 0
      vertex 82.8677 -77.4969 0
      vertex 83.214 -77.3019 0
    endloop
  endfacet
  facet normal 0 0 -1
    outer loop
      vertex 115 -90 0
      vertex 82.5097 -77.6694 0
      vertex 82.8677 -77.4969 0
    endloop
  endfacet
  facet normal 0 0 -1
    outer loop
      vertex 115 -90 0
      vertex 82.1413 -77.8185 0
      vertex 82.5097 -77.6694 0
    endloop
  endfacet
  facet normal 0 0 -1
    outer loop
      vertex 115 -90 0
      vertex 81.7641 -77.9437 0
      vertex 82.1413 -77.8185 0
    endloop
  endfacet
  facet normal 0 0 -1
    outer loop
      vertex 115 -90 0
      vertex 81.3796 -78.0446 0
      vertex 81.7641 -77.9437 0
    endloop
  endfacet
  facet normal 0 0 -1
    outer loop
      vertex 115 -90 0
      vertex 80.9895 -78.1205 0
      vertex 81.3796 -78.0446 0
    endloop
  endfacet
  facet normal 0 0 -1
    outer loop
      vertex 115 -90 0
      vertex 80.5953 -78.1714 0
      vertex 80.9895 -78.1205 0
    endloop
  endfacet
  facet normal 0 0 -1
    outer loop
      vertex 115 -90 0
      vertex 80.1987 -78.1968 0
      vertex 80.5953 -78.1714 0
    endloop
  endfacet
  facet normal 0 0 -1
    outer loop
      vertex 115 -90 0
      vertex 80 -78.2 0
      vertex 80.1987 -78.1968 0
    endloop
  endfacet
  facet normal 0 0 -1
    outer loop
      vertex 3 -90 0
      vertex 80 -78.2 0
      vertex 115 -90 0
    endloop
  endfacet
  facet normal -0 0 -1
    outer loop
      vertex 80 -78.2 0
      vertex 3 -90 0
      vertex 14 -78.2 0
    endloop
  endfacet
  facet normal -0 0 -1
    outer loop
      vertex 14 -78.2 0
      vertex 3 -90 0
      vertex 13.6028 -78.1873 0
    endloop
  endfacet
  facet normal -0 0 -1
    outer loop
      vertex 7.80319 -72.1987 0
      vertex 0 -87 0
      vertex 7.8 -72 0
    endloop
  endfacet
  facet normal -0 0 -1
    outer loop
      vertex 7.82864 -72.5953 0
      vertex 0 -87 0
      vertex 7.80319 -72.1987 0
    endloop
  endfacet
  facet normal -0 0 -1
    outer loop
      vertex 7.87947 -72.9895 0
      vertex 0 -87 0
      vertex 7.82864 -72.5953 0
    endloop
  endfacet
  facet normal -0 0 -1
    outer loop
      vertex 7.95544 -73.3796 0
      vertex 0 -87 0
      vertex 7.87947 -72.9895 0
    endloop
  endfacet
  facet normal -0 0 -1
    outer loop
      vertex 8.05626 -73.7641 0
      vertex 0 -87 0
      vertex 7.95544 -73.3796 0
    endloop
  endfacet
  facet normal -0 0 -1
    outer loop
      vertex 8.1815 -74.1413 0
      vertex 0 -87 0
      vertex 8.05626 -73.7641 0
    endloop
  endfacet
  facet normal -0 0 -1
    outer loop
      vertex 8.33064 -74.5097 0
      vertex 0 -87 0
      vertex 8.1815 -74.1413 0
    endloop
  endfacet
  facet normal -0 0 -1
    outer loop
      vertex 8.50308 -74.8677 0
      vertex 0 -87 0
      vertex 8.33064 -74.5097 0
    endloop
  endfacet
  facet normal -0 0 -1
    outer loop
      vertex 8.69812 -75.214 0
      vertex 0 -87 0
      vertex 8.50308 -74.8677 0
    endloop
  endfacet
  facet normal -0 0 -1
    outer loop
      vertex 8.91493 -75.5471 0
      vertex 0 -87 0
      vertex 8.69812 -75.214 0
    endloop
  endfacet
  facet normal -0 0 -1
    outer loop
      vertex 9.15265 -75.8656 0
      vertex 0 -87 0
      vertex 8.91493 -75.5471 0
    endloop
  endfacet
  facet normal -0 0 -1
    outer loop
      vertex 9.41028 -76.1683 0
      vertex 0 -87 0
      vertex 9.15265 -75.8656 0
    endloop
  endfacet
  facet normal -0 0 -1
    outer loop
      vertex 9.68677 -76.4538 0
      vertex 0 -87 0
      vertex 9.41028 -76.1683 0
    endloop
  endfacet
  facet normal -0 0 -1
    outer loop
      vertex 9.98099 -76.721 0
      vertex 0 -87 0
      vertex 9.68677 -76.4538 0
    endloop
  endfacet
  facet normal -0 0 -1
    outer loop
      vertex 10.2917 -76.9688 0
      vertex 0 -87 0
      vertex 9.98099 -76.721 0
    endloop
  endfacet
  facet normal -0 0 -1
    outer loop
      vertex 10.6177 -77.1962 0
      vertex 0 -87 0
      vertex 10.2917 -76.9688 0
    endloop
  endfacet
  facet normal 0 0 -1
    outer loop
      vertex 0 -87 0
      vertex 10.6177 -77.1962 0
      vertex 3 -90 0
    endloop
  endfacet
  facet normal -0 0 -1
    outer loop
      vertex 10.9575 -77.4022 0
      vertex 3 -90 0
      vertex 10.6177 -77.1962 0
    endloop
  endfacet
  facet normal -0 0 -1
    outer loop
      vertex 11.3099 -77.586 0
      vertex 3 -90 0
      vertex 10.9575 -77.4022 0
    endloop
  endfacet
  facet normal -0 0 -1
    outer loop
      vertex 11.6733 -77.7469 0
      vertex 3 -90 0
      vertex 11.3099 -77.586 0
    endloop
  endfacet
  facet normal -0 0 -1
    outer loop
      vertex 12.0463 -77.8841 0
      vertex 3 -90 0
      vertex 11.6733 -77.7469 0
    endloop
  endfacet
  facet normal -0 0 -1
    outer loop
      vertex 12.4273 -77.9972 0
      vertex 3 -90 0
      vertex 12.0463 -77.8841 0
    endloop
  endfacet
  facet normal -0 0 -1
    outer loop
      vertex 12.8148 -78.0857 0
      vertex 3 -90 0
      vertex 12.4273 -77.9972 0
    endloop
  endfacet
  facet normal -0 0 -1
    outer loop
      vertex 13.2072 -78.1491 0
      vertex 3 -90 0
      vertex 12.8148 -78.0857 0
    endloop
  endfacet
  facet normal -0 0 -1
    outer loop
      vertex 13.6028 -78.1873 0
      vertex 3 -90 0
      vertex 13.2072 -78.1491 0
    endloop
  endfacet
  facet normal 0 0 -1
    outer loop
      vertex 115.776 -0.102219 0
      vertex 115 0 0
      vertex 115.392 -0.0256653 0
    endloop
  endfacet
  facet normal 0 0 -1
    outer loop
      vertex 94.8 -15.8 0
      vertex 115 0 0
      vertex 109.2 -15.8 0
    endloop
  endfacet
  facet normal 0 0 -1
    outer loop
      vertex 94.8 -38.2 0
      vertex 86.2 -20 0
      vertex 94.8 -15.8 0
    endloop
  endfacet
  facet normal 0 0 -1
    outer loop
      vertex 86.1968 -19.8013 0
      vertex 94.8 -15.8 0
      vertex 86.2 -20 0
    endloop
  endfacet
  facet normal 0 0 -1
    outer loop
      vertex 86.1714 -19.4047 0
      vertex 94.8 -15.8 0
      vertex 86.1968 -19.8013 0
    endloop
  endfacet
  facet normal 0 0 -1
    outer loop
      vertex 86.1205 -19.0105 0
      vertex 94.8 -15.8 0
      vertex 86.1714 -19.4047 0
    endloop
  endfacet
  facet normal 0 0 -1
    outer loop
      vertex 86.0446 -18.6204 0
      vertex 94.8 -15.8 0
      vertex 86.1205 -19.0105 0
    endloop
  endfacet
  facet normal 0 0 -1
    outer loop
      vertex 85.9437 -18.2359 0
      vertex 94.8 -15.8 0
      vertex 86.0446 -18.6204 0
    endloop
  endfacet
  facet normal 0 0 -1
    outer loop
      vertex 85.8185 -17.8587 0
      vertex 94.8 -15.8 0
      vertex 85.9437 -18.2359 0
    endloop
  endfacet
  facet normal 0 0 -1
    outer loop
      vertex 85.6694 -17.4903 0
      vertex 94.8 -15.8 0
      vertex 85.8185 -17.8587 0
    endloop
  endfacet
  facet normal 0 0 -1
    outer loop
      vertex 85.4969 -17.1323 0
      vertex 94.8 -15.8 0
      vertex 85.6694 -17.4903 0
    endloop
  endfacet
  facet normal 0 0 -1
    outer loop
      vertex 85.3019 -16.786 0
      vertex 94.8 -15.8 0
      vertex 85.4969 -17.1323 0
    endloop
  endfacet
  facet normal 0 0 -1
    outer loop
      vertex 85.0851 -16.4529 0
      vertex 94.8 -15.8 0
      vertex 85.3019 -16.786 0
    endloop
  endfacet
  facet normal 0 0 -1
    outer loop
      vertex 84.8474 -16.1344 0
      vertex 94.8 -15.8 0
      vertex 85.0851 -16.4529 0
    endloop
  endfacet
  facet normal 0 0 -1
    outer loop
      vertex 84.5897 -15.8317 0
      vertex 94.8 -15.8 0
      vertex 84.8474 -16.1344 0
    endloop
  endfacet
  facet normal 0 0 -1
    outer loop
      vertex 84.3132 -15.5462 0
      vertex 94.8 -15.8 0
      vertex 84.5897 -15.8317 0
    endloop
  endfacet
  facet normal 0 0 -1
    outer loop
      vertex 84.019 -15.279 0
      vertex 94.8 -15.8 0
      vertex 84.3132 -15.5462 0
    endloop
  endfacet
  facet normal 0 0 -1
    outer loop
      vertex 83.7083 -15.0312 0
      vertex 94.8 -15.8 0
      vertex 84.019 -15.279 0
    endloop
  endfacet
  facet normal 0 0 -1
    outer loop
      vertex 83.3823 -14.8038 0
      vertex 94.8 -15.8 0
      vertex 83.7083 -15.0312 0
    endloop
  endfacet
  facet normal 0 0 -1
    outer loop
      vertex 83.0424 -14.5978 0
      vertex 94.8 -15.8 0
      vertex 83.3823 -14.8038 0
    endloop
  endfacet
  facet normal 0 0 -1
    outer loop
      vertex 82.6901 -14.414 0
      vertex 94.8 -15.8 0
      vertex 83.0424 -14.5978 0
    endloop
  endfacet
  facet normal 0 0 -1
    outer loop
      vertex 82.3267 -14.2531 0
      vertex 94.8 -15.8 0
      vertex 82.6901 -14.414 0
    endloop
  endfacet
  facet normal 0 0 -1
    outer loop
      vertex 94.8 -15.8 0
      vertex 82.3267 -14.2531 0
      vertex 115 0 0
    endloop
  endfacet
  facet normal 0 0 -1
    outer loop
      vertex 81.9537 -14.1159 0
      vertex 115 0 0
      vertex 82.3267 -14.2531 0
    endloop
  endfacet
  facet normal 0 0 -1
    outer loop
      vertex 81.5727 -14.0028 0
      vertex 115 0 0
      vertex 81.9537 -14.1159 0
    endloop
  endfacet
  facet normal 0 0 -1
    outer loop
      vertex 81.1852 -13.9143 0
      vertex 115 0 0
      vertex 81.5727 -14.0028 0
    endloop
  endfacet
  facet normal 0 0 -1
    outer loop
      vertex 80.7928 -13.8509 0
      vertex 115 0 0
      vertex 81.1852 -13.9143 0
    endloop
  endfacet
  facet normal 0 0 -1
    outer loop
      vertex 80.3972 -13.8127 0
      vertex 115 0 0
      vertex 80.7928 -13.8509 0
    endloop
  endfacet
  facet normal 0 0 -1
    outer loop
      vertex 80 -13.8 0
      vertex 115 0 0
      vertex 80.3972 -13.8127 0
    endloop
  endfacet
  facet normal 0 0 -1
    outer loop
      vertex 3 0 0
      vertex 80 -13.8 0
      vertex 14 -13.8 0
    endloop
  endfacet
  facet normal 0 0 -1
    outer loop
      vertex 3 0 0
      vertex 14 -13.8 0
      vertex 13.8013 -13.8032 0
    endloop
  endfacet
  facet normal 0 0 -1
    outer loop
      vertex 3 0 0
      vertex 13.8013 -13.8032 0
      vertex 13.4047 -13.8286 0
    endloop
  endfacet
  facet normal 0 0 -1
    outer loop
      vertex 3 0 0
      vertex 13.4047 -13.8286 0
      vertex 13.0105 -13.8795 0
    endloop
  endfacet
  facet normal -0 0 -1
    outer loop
      vertex 7.8 -72 0
      vertex 0 -87 0
      vertex 7.8 -20 0
    endloop
  endfacet
  facet normal 0 0 -1
    outer loop
      vertex 80 -13.8 0
      vertex 3 0 0
      vertex 115 0 0
    endloop
  endfacet
  facet normal 0 0 -1
    outer loop
      vertex 12.6204 -13.9554 0
      vertex 3 0 0
      vertex 13.0105 -13.8795 0
    endloop
  endfacet
  facet normal 0 0 -1
    outer loop
      vertex 12.2359 -14.0563 0
      vertex 3 0 0
      vertex 12.6204 -13.9554 0
    endloop
  endfacet
  facet normal 0 0 -1
    outer loop
      vertex 11.8587 -14.1815 0
      vertex 3 0 0
      vertex 12.2359 -14.0563 0
    endloop
  endfacet
  facet normal 0 0 -1
    outer loop
      vertex 11.4903 -14.3306 0
      vertex 3 0 0
      vertex 11.8587 -14.1815 0
    endloop
  endfacet
  facet normal 0 0 -1
    outer loop
      vertex 11.1323 -14.5031 0
      vertex 3 0 0
      vertex 11.4903 -14.3306 0
    endloop
  endfacet
  facet normal 0 0 -1
    outer loop
      vertex 0 -3 0
      vertex 11.1323 -14.5031 0
      vertex 10.786 -14.6981 0
    endloop
  endfacet
  facet normal 0 0 -1
    outer loop
      vertex 0 -3 0
      vertex 10.786 -14.6981 0
      vertex 10.4529 -14.9149 0
    endloop
  endfacet
  facet normal 0 0 -1
    outer loop
      vertex 0 -3 0
      vertex 10.4529 -14.9149 0
      vertex 10.1344 -15.1526 0
    endloop
  endfacet
  facet normal 0 0 -1
    outer loop
      vertex 0 -3 0
      vertex 10.1344 -15.1526 0
      vertex 9.83174 -15.4103 0
    endloop
  endfacet
  facet normal 0 0 -1
    outer loop
      vertex 0 -3 0
      vertex 9.83174 -15.4103 0
      vertex 9.54623 -15.6868 0
    endloop
  endfacet
  facet normal 0 0 -1
    outer loop
      vertex 0 -3 0
      vertex 9.54623 -15.6868 0
      vertex 9.27904 -15.981 0
    endloop
  endfacet
  facet normal 0 0 -1
    outer loop
      vertex 0 -3 0
      vertex 9.27904 -15.981 0
      vertex 9.03123 -16.2917 0
    endloop
  endfacet
  facet normal 0 0 -1
    outer loop
      vertex 0 -3 0
      vertex 9.03123 -16.2917 0
      vertex 8.80385 -16.6177 0
    endloop
  endfacet
  facet normal 0 0 -1
    outer loop
      vertex 0 -3 0
      vertex 8.80385 -16.6177 0
      vertex 8.59782 -16.9576 0
    endloop
  endfacet
  facet normal 0 0 -1
    outer loop
      vertex 0 -3 0
      vertex 8.59782 -16.9576 0
      vertex 8.41399 -17.3099 0
    endloop
  endfacet
  facet normal 0 0 -1
    outer loop
      vertex 0 -3 0
      vertex 8.41399 -17.3099 0
      vertex 8.25311 -17.6733 0
    endloop
  endfacet
  facet normal 0 0 -1
    outer loop
      vertex 0 -3 0
      vertex 8.25311 -17.6733 0
      vertex 8.11586 -18.0463 0
    endloop
  endfacet
  facet normal 0 0 -1
    outer loop
      vertex 0 -3 0
      vertex 8.11586 -18.0463 0
      vertex 8.00278 -18.4273 0
    endloop
  endfacet
  facet normal 0 0 -1
    outer loop
      vertex 0 -3 0
      vertex 8.00278 -18.4273 0
      vertex 7.91434 -18.8148 0
    endloop
  endfacet
  facet normal 0 0 -1
    outer loop
      vertex 0 -3 0
      vertex 7.91434 -18.8148 0
      vertex 7.85091 -19.2072 0
    endloop
  endfacet
  facet normal 0 0 -1
    outer loop
      vertex 0 -3 0
      vertex 7.85091 -19.2072 0
      vertex 7.81274 -19.6028 0
    endloop
  endfacet
  facet normal 0 0 -1
    outer loop
      vertex 0 -3 0
      vertex 7.8 -20 0
      vertex 0 -87 0
    endloop
  endfacet
  facet normal 0 0 -1
    outer loop
      vertex 0 -87 0
      vertex 3 -90 0
      vertex 2.60843 -89.9743 0
    endloop
  endfacet
  facet normal 0 0 -1
    outer loop
      vertex 7.8 -20 0
      vertex 0 -3 0
      vertex 7.81274 -19.6028 0
    endloop
  endfacet
  facet normal 0 0 -1
    outer loop
      vertex 0 -87 0
      vertex 2.60843 -89.9743 0
      vertex 2.22354 -89.8978 0
    endloop
  endfacet
  facet normal 0 0 -1
    outer loop
      vertex 11.1323 -14.5031 0
      vertex 0 -3 0
      vertex 3 0 0
    endloop
  endfacet
  facet normal 0 0 -1
    outer loop
      vertex 0 -87 0
      vertex 2.22354 -89.8978 0
      vertex 1.85194 -89.7716 0
    endloop
  endfacet
  facet normal 0 0 -1
    outer loop
      vertex 3 0 0
      vertex 0 -3 0
      vertex 2.60843 -0.0256653 0
    endloop
  endfacet
  facet normal 0 0 -1
    outer loop
      vertex 0 -87 0
      vertex 1.85194 -89.7716 0
      vertex 1.5 -89.5981 0
    endloop
  endfacet
  facet normal 0 0 -1
    outer loop
      vertex 2.60843 -0.0256653 0
      vertex 0 -3 0
      vertex 2.22354 -0.102219 0
    endloop
  endfacet
  facet normal 0 0 -1
    outer loop
      vertex 0 -87 0
      vertex 1.5 -89.5981 0
      vertex 1.17372 -89.3801 0
    endloop
  endfacet
  facet normal 0 0 -1
    outer loop
      vertex 2.22354 -0.102219 0
      vertex 0 -3 0
      vertex 1.85194 -0.228363 0
    endloop
  endfacet
  facet normal 0 0 -1
    outer loop
      vertex 0 -87 0
      vertex 1.17372 -89.3801 0
      vertex 0.878677 -89.1213 0
    endloop
  endfacet
  facet normal 0 0 -1
    outer loop
      vertex 1.85194 -0.228363 0
      vertex 0 -3 0
      vertex 1.5 -0.401917 0
    endloop
  endfacet
  facet normal 0 0 -1
    outer loop
      vertex 0 -87 0
      vertex 0.878677 -89.1213 0
      vertex 0.619934 -88.8263 0
    endloop
  endfacet
  facet normal 0 0 -1
    outer loop
      vertex 1.5 -0.401917 0
      vertex 0 -3 0
      vertex 1.17372 -0.619934 0
    endloop
  endfacet
  facet normal 0 0 -1
    outer loop
      vertex 0 -87 0
      vertex 0.619934 -88.8263 0
      vertex 0.401917 -88.5 0
    endloop
  endfacet
  facet normal 0 0 -1
    outer loop
      vertex 1.17372 -0.619934 0
      vertex 0 -3 0
      vertex 0.878677 -0.878677 0
    endloop
  endfacet
  facet normal 0 0 -1
    outer loop
      vertex 0 -87 0
      vertex 0.401917 -88.5 0
      vertex 0.228363 -88.1481 0
    endloop
  endfacet
  facet normal 0 0 -1
    outer loop
      vertex 0.878677 -0.878677 0
      vertex 0 -3 0
      vertex 0.619934 -1.17372 0
    endloop
  endfacet
  facet normal 0 0 -1
    outer loop
      vertex 0 -87 0
      vertex 0.228363 -88.1481 0
      vertex 0.102219 -87.7765 0
    endloop
  endfacet
  facet normal 0 0 -1
    outer loop
      vertex 0.619934 -1.17372 0
      vertex 0 -3 0
      vertex 0.401917 -1.5 0
    endloop
  endfacet
  facet normal 0 0 -1
    outer loop
      vertex 0 -87 0
      vertex 0.102219 -87.7765 0
      vertex 0.0256653 -87.3916 0
    endloop
  endfacet
  facet normal 0 0 -1
    outer loop
      vertex 0.401917 -1.5 0
      vertex 0 -3 0
      vertex 0.228363 -1.85194 0
    endloop
  endfacet
  facet normal 0 0 -1
    outer loop
      vertex 0.228363 -1.85194 0
      vertex 0 -3 0
      vertex 0.102219 -2.22354 0
    endloop
  endfacet
  facet normal 0 0 -1
    outer loop
      vertex 0.102219 -2.22354 0
      vertex 0 -3 0
      vertex 0.0256653 -2.60843 0
    endloop
  endfacet
  facet normal 0 0 -1
    outer loop
      vertex 118 -87 0
      vertex 104.771 -62.6015 0
      vertex 109.2 -38.2 0
    endloop
  endfacet
  facet normal 0 0 -1
    outer loop
      vertex 104.771 -44.6015 0
      vertex 109.2 -38.2 0
      vertex 104.8 -45 0
    endloop
  endfacet
  facet normal 0 0 -1
    outer loop
      vertex 104.687 -44.2111 0
      vertex 109.2 -38.2 0
      vertex 104.771 -44.6015 0
    endloop
  endfacet
  facet normal 0 0 -1
    outer loop
      vertex 104.547 -43.8368 0
      vertex 109.2 -38.2 0
      vertex 104.687 -44.2111 0
    endloop
  endfacet
  facet normal 0 0 -1
    outer loop
      vertex 104.356 -43.4862 0
      vertex 109.2 -38.2 0
      vertex 104.547 -43.8368 0
    endloop
  endfacet
  facet normal 0 0 -1
    outer loop
      vertex 104.116 -43.1664 0
      vertex 109.2 -38.2 0
      vertex 104.356 -43.4862 0
    endloop
  endfacet
  facet normal 0 0 -1
    outer loop
      vertex 103.834 -42.8839 0
      vertex 109.2 -38.2 0
      vertex 104.116 -43.1664 0
    endloop
  endfacet
  facet normal 0 0 -1
    outer loop
      vertex 103.514 -42.6445 0
      vertex 109.2 -38.2 0
      vertex 103.834 -42.8839 0
    endloop
  endfacet
  facet normal 0 0 -1
    outer loop
      vertex 103.163 -42.453 0
      vertex 109.2 -38.2 0
      vertex 103.514 -42.6445 0
    endloop
  endfacet
  facet normal 0 0 -1
    outer loop
      vertex 102.789 -42.3134 0
      vertex 109.2 -38.2 0
      vertex 103.163 -42.453 0
    endloop
  endfacet
  facet normal 0 0 -1
    outer loop
      vertex 102.398 -42.2285 0
      vertex 109.2 -38.2 0
      vertex 102.789 -42.3134 0
    endloop
  endfacet
  facet normal 0 0 -1
    outer loop
      vertex 102 -42.2 0
      vertex 109.2 -38.2 0
      vertex 102.398 -42.2285 0
    endloop
  endfacet
  facet normal 0 0 -1
    outer loop
      vertex 94.8 -38.2 0
      vertex 102 -42.2 0
      vertex 101.602 -42.2285 0
    endloop
  endfacet
  facet normal 0 0 -1
    outer loop
      vertex 94.8 -38.2 0
      vertex 101.602 -42.2285 0
      vertex 101.211 -42.3134 0
    endloop
  endfacet
  facet normal 0 0 -1
    outer loop
      vertex 94.8 -38.2 0
      vertex 101.211 -42.3134 0
      vertex 100.837 -42.453 0
    endloop
  endfacet
  facet normal 0 0 -1
    outer loop
      vertex 102 -42.2 0
      vertex 94.8 -38.2 0
      vertex 109.2 -38.2 0
    endloop
  endfacet
  facet normal 0 0 -1
    outer loop
      vertex 100.486 -42.6445 0
      vertex 94.8 -38.2 0
      vertex 100.837 -42.453 0
    endloop
  endfacet
  facet normal 0 0 -1
    outer loop
      vertex 100.166 -42.8839 0
      vertex 94.8 -38.2 0
      vertex 100.486 -42.6445 0
    endloop
  endfacet
  facet normal 0 0 -1
    outer loop
      vertex 99.8839 -43.1664 0
      vertex 94.8 -38.2 0
      vertex 100.166 -42.8839 0
    endloop
  endfacet
  facet normal 0 0 -1
    outer loop
      vertex 99.6445 -43.4862 0
      vertex 94.8 -38.2 0
      vertex 99.8839 -43.1664 0
    endloop
  endfacet
  facet normal 0 0 -1
    outer loop
      vertex 99.453 -43.8368 0
      vertex 94.8 -38.2 0
      vertex 99.6445 -43.4862 0
    endloop
  endfacet
  facet normal 0 0 -1
    outer loop
      vertex 99.3134 -44.2111 0
      vertex 94.8 -38.2 0
      vertex 99.453 -43.8368 0
    endloop
  endfacet
  facet normal 0 0 -1
    outer loop
      vertex 99.2285 -44.6015 0
      vertex 94.8 -38.2 0
      vertex 99.3134 -44.2111 0
    endloop
  endfacet
  facet normal 0 0 -1
    outer loop
      vertex 94.8 -38.2 0
      vertex 99.2285 -44.6015 0
      vertex 99.2 -45 0
    endloop
  endfacet
  facet normal -0.997859 0.0654043 0
    outer loop
      vertex 0 -3 0
      vertex 0.0256653 -2.60843 22
      vertex 0.0256653 -2.60843 0
    endloop
  endfacet
  facet normal -0.997859 0.0654043 0
    outer loop
      vertex 0.0256653 -2.60843 22
      vertex 0 -3 0
      vertex 0 -3 22
    endloop
  endfacet
  facet normal 0.555906 0.831245 -0
    outer loop
      vertex 116.826 -0.619934 0
      vertex 116.5 -0.401917 22
      vertex 116.826 -0.619934 22
    endloop
  endfacet
  facet normal 0.555906 0.831245 0
    outer loop
      vertex 116.5 -0.401917 22
      vertex 116.826 -0.619934 0
      vertex 116.5 -0.401917 0
    endloop
  endfacet
  facet normal -1 0 0
    outer loop
      vertex 115.5 -87.5 3
      vertex 115.5 -2.5 22
      vertex 115.5 -2.5 3
    endloop
  endfacet
  facet normal -1 -0 0
    outer loop
      vertex 115.5 -2.5 22
      vertex 115.5 -87.5 3
      vertex 115.5 -87.5 22
    endloop
  endfacet
  facet normal 0 1 0
    outer loop
      vertex 39.6 -87.5 19
      vertex 34.495 -87.5 12.5524
      vertex 34.0996 -87.5 12.5981
    endloop
  endfacet
  facet normal 0 1 0
    outer loop
      vertex 39.6 -87.5 19
      vertex 34.8788 -87.5 12.447
      vertex 34.495 -87.5 12.5524
    endloop
  endfacet
  facet normal 0 1 0
    outer loop
      vertex 39.6 -87.5 19
      vertex 35.2421 -87.5 12.2841
      vertex 34.8788 -87.5 12.447
    endloop
  endfacet
  facet normal 0 1 0
    outer loop
      vertex 39.6 -87.5 19
      vertex 35.5762 -87.5 12.0678
      vertex 35.2421 -87.5 12.2841
    endloop
  endfacet
  facet normal 0 1 0
    outer loop
      vertex 39.6 -87.5 19
      vertex 35.8734 -87.5 11.8029
      vertex 35.5762 -87.5 12.0678
    endloop
  endfacet
  facet normal 0 1 0
    outer loop
      vertex 39.6 -87.5 19
      vertex 36.1266 -87.5 11.4958
      vertex 35.8734 -87.5 11.8029
    endloop
  endfacet
  facet normal 0 1 0
    outer loop
      vertex 39.6 -87.5 19
      vertex 36.33 -87.5 11.1537
      vertex 36.1266 -87.5 11.4958
    endloop
  endfacet
  facet normal 0 1 0
    outer loop
      vertex 39.6 -87.5 19
      vertex 36.4788 -87.5 10.7845
      vertex 36.33 -87.5 11.1537
    endloop
  endfacet
  facet normal 0 1 -0
    outer loop
      vertex 39.6 -87.5 6
      vertex 36.4788 -87.5 10.7845
      vertex 39.6 -87.5 19
    endloop
  endfacet
  facet normal 0 1 0
    outer loop
      vertex 36.4788 -87.5 10.7845
      vertex 39.6 -87.5 6
      vertex 36.5695 -87.5 10.3969
    endloop
  endfacet
  facet normal 0 1 0
    outer loop
      vertex 36.5695 -87.5 10.3969
      vertex 39.6 -87.5 6
      vertex 36.6 -87.5 10
    endloop
  endfacet
  facet normal 0 1 0
    outer loop
      vertex 36.6 -87.5 10
      vertex 39.6 -87.5 6
      vertex 36.5695 -87.5 9.60311
    endloop
  endfacet
  facet normal 0 1 0
    outer loop
      vertex 34.495 -87.5 7.44756
      vertex 39.6 -87.5 6
      vertex 34.0996 -87.5 7.40191
    endloop
  endfacet
  facet normal 0 1 0
    outer loop
      vertex 34.8788 -87.5 7.55304
      vertex 39.6 -87.5 6
      vertex 34.495 -87.5 7.44756
    endloop
  endfacet
  facet normal 0 1 0
    outer loop
      vertex 35.2421 -87.5 7.71587
      vertex 39.6 -87.5 6
      vertex 34.8788 -87.5 7.55304
    endloop
  endfacet
  facet normal 0 1 0
    outer loop
      vertex 35.5762 -87.5 7.93224
      vertex 39.6 -87.5 6
      vertex 35.2421 -87.5 7.71587
    endloop
  endfacet
  facet normal 0 1 0
    outer loop
      vertex 35.8734 -87.5 8.19707
      vertex 39.6 -87.5 6
      vertex 35.5762 -87.5 7.93224
    endloop
  endfacet
  facet normal 0 1 0
    outer loop
      vertex 36.1266 -87.5 8.50417
      vertex 39.6 -87.5 6
      vertex 35.8734 -87.5 8.19707
    endloop
  endfacet
  facet normal 0 1 0
    outer loop
      vertex 36.33 -87.5 8.84633
      vertex 39.6 -87.5 6
      vertex 36.1266 -87.5 8.50417
    endloop
  endfacet
  facet normal 0 1 0
    outer loop
      vertex 36.4788 -87.5 9.21553
      vertex 39.6 -87.5 6
      vertex 36.33 -87.5 8.84633
    endloop
  endfacet
  facet normal 0 1 0
    outer loop
      vertex 36.5695 -87.5 9.60311
      vertex 39.6 -87.5 6
      vertex 36.4788 -87.5 9.21553
    endloop
  endfacet
  facet normal 0 1 0
    outer loop
      vertex 115.5 -87.5 22
      vertex 69.6 -87.5 19
      vertex 2.5 -87.5 22
    endloop
  endfacet
  facet normal 0 1 -0
    outer loop
      vertex 78.8788 -87.5 12.447
      vertex 69.6 -87.5 19
      vertex 115.5 -87.5 22
    endloop
  endfacet
  facet normal 0 1 0
    outer loop
      vertex 69.6 -87.5 19
      vertex 78.495 -87.5 12.5524
      vertex 78.0996 -87.5 12.5981
    endloop
  endfacet
  facet normal 0 1 0
    outer loop
      vertex 69.6 -87.5 19
      vertex 78.8788 -87.5 12.447
      vertex 78.495 -87.5 12.5524
    endloop
  endfacet
  facet normal 0 1 0
    outer loop
      vertex 115.5 -87.5 22
      vertex 79.2421 -87.5 12.2841
      vertex 78.8788 -87.5 12.447
    endloop
  endfacet
  facet normal 0 1 0
    outer loop
      vertex 115.5 -87.5 22
      vertex 79.5762 -87.5 12.0678
      vertex 79.2421 -87.5 12.2841
    endloop
  endfacet
  facet normal 0 1 0
    outer loop
      vertex 115.5 -87.5 22
      vertex 79.8734 -87.5 11.8029
      vertex 79.5762 -87.5 12.0678
    endloop
  endfacet
  facet normal 0 1 0
    outer loop
      vertex 115.5 -87.5 22
      vertex 80.1266 -87.5 11.4958
      vertex 79.8734 -87.5 11.8029
    endloop
  endfacet
  facet normal 0 1 0
    outer loop
      vertex 115.5 -87.5 22
      vertex 80.33 -87.5 11.1537
      vertex 80.1266 -87.5 11.4958
    endloop
  endfacet
  facet normal 0 1 0
    outer loop
      vertex 115.5 -87.5 22
      vertex 80.4788 -87.5 10.7845
      vertex 80.33 -87.5 11.1537
    endloop
  endfacet
  facet normal 0 1 0
    outer loop
      vertex 115.5 -87.5 22
      vertex 80.5695 -87.5 10.3969
      vertex 80.4788 -87.5 10.7845
    endloop
  endfacet
  facet normal 0 1 -0
    outer loop
      vertex 115.5 -87.5 3
      vertex 80.5695 -87.5 10.3969
      vertex 115.5 -87.5 22
    endloop
  endfacet
  facet normal 0 1 0
    outer loop
      vertex 80.5695 -87.5 10.3969
      vertex 115.5 -87.5 3
      vertex 80.6 -87.5 10
    endloop
  endfacet
  facet normal 0 1 0
    outer loop
      vertex 80.6 -87.5 10
      vertex 115.5 -87.5 3
      vertex 80.5695 -87.5 9.60311
    endloop
  endfacet
  facet normal 0 1 0
    outer loop
      vertex 80.5695 -87.5 9.60311
      vertex 115.5 -87.5 3
      vertex 80.4788 -87.5 9.21553
    endloop
  endfacet
  facet normal 0 1 0
    outer loop
      vertex 80.4788 -87.5 9.21553
      vertex 115.5 -87.5 3
      vertex 80.33 -87.5 8.84633
    endloop
  endfacet
  facet normal 0 1 0
    outer loop
      vertex 80.33 -87.5 8.84633
      vertex 115.5 -87.5 3
      vertex 80.1266 -87.5 8.50417
    endloop
  endfacet
  facet normal 0 1 0
    outer loop
      vertex 80.1266 -87.5 8.50417
      vertex 115.5 -87.5 3
      vertex 79.8734 -87.5 8.19707
    endloop
  endfacet
  facet normal 0 1 0
    outer loop
      vertex 79.8734 -87.5 8.19707
      vertex 115.5 -87.5 3
      vertex 79.5762 -87.5 7.93224
    endloop
  endfacet
  facet normal 0 1 0
    outer loop
      vertex 79.5762 -87.5 7.93224
      vertex 115.5 -87.5 3
      vertex 79.2421 -87.5 7.71587
    endloop
  endfacet
  facet normal 0 1 0
    outer loop
      vertex 78.495 -87.5 7.44756
      vertex 69.6 -87.5 6
      vertex 78.0996 -87.5 7.40191
    endloop
  endfacet
  facet normal 0 1 0
    outer loop
      vertex 2.5 -87.5 3
      vertex 69.6 -87.5 6
      vertex 115.5 -87.5 3
    endloop
  endfacet
  facet normal 0 1 0
    outer loop
      vertex 78.495 -87.5 7.44756
      vertex 115.5 -87.5 3
      vertex 69.6 -87.5 6
    endloop
  endfacet
  facet normal 0 1 0
    outer loop
      vertex 78.8788 -87.5 7.55304
      vertex 115.5 -87.5 3
      vertex 78.495 -87.5 7.44756
    endloop
  endfacet
  facet normal 0 1 0
    outer loop
      vertex 79.2421 -87.5 7.71587
      vertex 115.5 -87.5 3
      vertex 78.8788 -87.5 7.55304
    endloop
  endfacet
  facet normal 0 1 -0
    outer loop
      vertex 39.6 -87.5 19
      vertex 2.5 -87.5 22
      vertex 69.6 -87.5 19
    endloop
  endfacet
  facet normal 0 1 0
    outer loop
      vertex 33.7018 -87.5 12.5828
      vertex 39.6 -87.5 19
      vertex 34.0996 -87.5 12.5981
    endloop
  endfacet
  facet normal 0 1 0
    outer loop
      vertex 33.311 -87.5 12.5071
      vertex 39.6 -87.5 19
      vertex 33.7018 -87.5 12.5828
    endloop
  endfacet
  facet normal 0 1 0
    outer loop
      vertex 32.9364 -87.5 12.3725
      vertex 39.6 -87.5 19
      vertex 33.311 -87.5 12.5071
    endloop
  endfacet
  facet normal 0 1 0
    outer loop
      vertex 32.5867 -87.5 12.1823
      vertex 39.6 -87.5 19
      vertex 32.9364 -87.5 12.3725
    endloop
  endfacet
  facet normal 0 1 0
    outer loop
      vertex 39.6 -87.5 19
      vertex 32.5867 -87.5 12.1823
      vertex 2.5 -87.5 22
    endloop
  endfacet
  facet normal 0 1 -0
    outer loop
      vertex 32.2702 -87.5 11.941
      vertex 2.5 -87.5 22
      vertex 32.5867 -87.5 12.1823
    endloop
  endfacet
  facet normal 0 1 -0
    outer loop
      vertex 31.9941 -87.5 11.6542
      vertex 2.5 -87.5 22
      vertex 32.2702 -87.5 11.941
    endloop
  endfacet
  facet normal 0 1 -0
    outer loop
      vertex 31.7651 -87.5 11.3286
      vertex 2.5 -87.5 22
      vertex 31.9941 -87.5 11.6542
    endloop
  endfacet
  facet normal 0 1 -0
    outer loop
      vertex 31.5885 -87.5 10.9719
      vertex 2.5 -87.5 22
      vertex 31.7651 -87.5 11.3286
    endloop
  endfacet
  facet normal 0 1 -0
    outer loop
      vertex 31.4684 -87.5 10.5924
      vertex 2.5 -87.5 22
      vertex 31.5885 -87.5 10.9719
    endloop
  endfacet
  facet normal 0 1 -0
    outer loop
      vertex 31.4076 -87.5 10.199
      vertex 2.5 -87.5 22
      vertex 31.4684 -87.5 10.5924
    endloop
  endfacet
  facet normal 0 1 0
    outer loop
      vertex 2.5 -87.5 3
      vertex 31.4076 -87.5 10.199
      vertex 31.4076 -87.5 9.80097
    endloop
  endfacet
  facet normal 0 1 0
    outer loop
      vertex 2.5 -87.5 3
      vertex 31.4076 -87.5 9.80097
      vertex 31.4684 -87.5 9.40758
    endloop
  endfacet
  facet normal 0 1 0
    outer loop
      vertex 2.5 -87.5 3
      vertex 31.4684 -87.5 9.40758
      vertex 31.5885 -87.5 9.02808
    endloop
  endfacet
  facet normal 0 1 0
    outer loop
      vertex 2.5 -87.5 3
      vertex 31.5885 -87.5 9.02808
      vertex 31.7651 -87.5 8.67135
    endloop
  endfacet
  facet normal 0 1 0
    outer loop
      vertex 2.5 -87.5 3
      vertex 31.7651 -87.5 8.67135
      vertex 31.9941 -87.5 8.34577
    endloop
  endfacet
  facet normal 0 1 0
    outer loop
      vertex 2.5 -87.5 3
      vertex 31.9941 -87.5 8.34577
      vertex 32.2702 -87.5 8.05896
    endloop
  endfacet
  facet normal 0 1 0
    outer loop
      vertex 2.5 -87.5 3
      vertex 32.2702 -87.5 8.05896
      vertex 32.5867 -87.5 7.81765
    endloop
  endfacet
  facet normal 0 1 0
    outer loop
      vertex 2.5 -87.5 3
      vertex 32.5867 -87.5 7.81765
      vertex 32.9364 -87.5 7.62749
    endloop
  endfacet
  facet normal 0 1 0
    outer loop
      vertex 39.6 -87.5 6
      vertex 33.7018 -87.5 7.41715
      vertex 34.0996 -87.5 7.40191
    endloop
  endfacet
  facet normal 0 1 0
    outer loop
      vertex 2.5 -87.5 3
      vertex 33.7018 -87.5 7.41715
      vertex 39.6 -87.5 6
    endloop
  endfacet
  facet normal 0 1 0
    outer loop
      vertex 31.4076 -87.5 10.199
      vertex 2.5 -87.5 3
      vertex 2.5 -87.5 22
    endloop
  endfacet
  facet normal 0 1 0
    outer loop
      vertex 33.311 -87.5 7.49294
      vertex 2.5 -87.5 3
      vertex 32.9364 -87.5 7.62749
    endloop
  endfacet
  facet normal 0 1 0
    outer loop
      vertex 33.7018 -87.5 7.41715
      vertex 2.5 -87.5 3
      vertex 33.311 -87.5 7.49294
    endloop
  endfacet
  facet normal 0 1 0
    outer loop
      vertex 69.6 -87.5 6
      vertex 2.5 -87.5 3
      vertex 39.6 -87.5 6
    endloop
  endfacet
  facet normal 0 1 -0
    outer loop
      vertex 77.7018 -87.5 12.5828
      vertex 69.6 -87.5 19
      vertex 78.0996 -87.5 12.5981
    endloop
  endfacet
  facet normal 0 1 -0
    outer loop
      vertex 77.3111 -87.5 12.5071
      vertex 69.6 -87.5 19
      vertex 77.7018 -87.5 12.5828
    endloop
  endfacet
  facet normal 0 1 -0
    outer loop
      vertex 76.9364 -87.5 12.3725
      vertex 69.6 -87.5 19
      vertex 77.3111 -87.5 12.5071
    endloop
  endfacet
  facet normal 0 1 -0
    outer loop
      vertex 76.5867 -87.5 12.1823
      vertex 69.6 -87.5 19
      vertex 76.9364 -87.5 12.3725
    endloop
  endfacet
  facet normal 0 1 -0
    outer loop
      vertex 76.2702 -87.5 11.941
      vertex 69.6 -87.5 19
      vertex 76.5867 -87.5 12.1823
    endloop
  endfacet
  facet normal 0 1 -0
    outer loop
      vertex 75.9941 -87.5 11.6542
      vertex 69.6 -87.5 19
      vertex 76.2702 -87.5 11.941
    endloop
  endfacet
  facet normal 0 1 -0
    outer loop
      vertex 75.7651 -87.5 11.3286
      vertex 69.6 -87.5 19
      vertex 75.9941 -87.5 11.6542
    endloop
  endfacet
  facet normal 0 1 -0
    outer loop
      vertex 75.5885 -87.5 10.9719
      vertex 69.6 -87.5 19
      vertex 75.7651 -87.5 11.3286
    endloop
  endfacet
  facet normal 0 1 -0
    outer loop
      vertex 75.4684 -87.5 10.5924
      vertex 69.6 -87.5 19
      vertex 75.5885 -87.5 10.9719
    endloop
  endfacet
  facet normal 0 1 0
    outer loop
      vertex 69.6 -87.5 6
      vertex 75.4684 -87.5 10.5924
      vertex 75.4076 -87.5 10.199
    endloop
  endfacet
  facet normal 0 1 0
    outer loop
      vertex 69.6 -87.5 6
      vertex 75.4076 -87.5 10.199
      vertex 75.4076 -87.5 9.80097
    endloop
  endfacet
  facet normal 0 1 0
    outer loop
      vertex 69.6 -87.5 6
      vertex 75.4076 -87.5 9.80097
      vertex 75.4684 -87.5 9.40758
    endloop
  endfacet
  facet normal 0 1 0
    outer loop
      vertex 69.6 -87.5 6
      vertex 75.4684 -87.5 9.40758
      vertex 75.5885 -87.5 9.02808
    endloop
  endfacet
  facet normal 0 1 0
    outer loop
      vertex 69.6 -87.5 6
      vertex 75.5885 -87.5 9.02808
      vertex 75.7651 -87.5 8.67135
    endloop
  endfacet
  facet normal 0 1 0
    outer loop
      vertex 75.4684 -87.5 10.5924
      vertex 69.6 -87.5 6
      vertex 69.6 -87.5 19
    endloop
  endfacet
  facet normal 0 1 0
    outer loop
      vertex 75.9941 -87.5 8.34577
      vertex 69.6 -87.5 6
      vertex 75.7651 -87.5 8.67135
    endloop
  endfacet
  facet normal 0 1 0
    outer loop
      vertex 76.2702 -87.5 8.05896
      vertex 69.6 -87.5 6
      vertex 75.9941 -87.5 8.34577
    endloop
  endfacet
  facet normal 0 1 0
    outer loop
      vertex 76.5867 -87.5 7.81765
      vertex 69.6 -87.5 6
      vertex 76.2702 -87.5 8.05896
    endloop
  endfacet
  facet normal 0 1 0
    outer loop
      vertex 76.9364 -87.5 7.62749
      vertex 69.6 -87.5 6
      vertex 76.5867 -87.5 7.81765
    endloop
  endfacet
  facet normal 0 1 0
    outer loop
      vertex 77.3111 -87.5 7.49294
      vertex 69.6 -87.5 6
      vertex 76.9364 -87.5 7.62749
    endloop
  endfacet
  facet normal 0 1 0
    outer loop
      vertex 77.7018 -87.5 7.41715
      vertex 69.6 -87.5 6
      vertex 77.3111 -87.5 7.49294
    endloop
  endfacet
  facet normal 0 1 0
    outer loop
      vertex 69.6 -87.5 6
      vertex 77.7018 -87.5 7.41715
      vertex 78.0996 -87.5 7.40191
    endloop
  endfacet
  facet normal 0 -1 0
    outer loop
      vertex 16.7 -2.5 7.3
      vertex 101.3 -2.5 12.7
      vertex 16.7 -2.5 12.7
    endloop
  endfacet
  facet normal 0 -1 -0
    outer loop
      vertex 101.3 -2.5 12.7
      vertex 16.7 -2.5 7.3
      vertex 101.3 -2.5 7.3
    endloop
  endfacet
  facet normal 0 -1 0
    outer loop
      vertex 16.7 -2.5 12.7
      vertex 2.5 -2.5 22
      vertex 11.3 -2.5 12.7
    endloop
  endfacet
  facet normal 0 -1 0
    outer loop
      vertex 2.5 -2.5 3
      vertex 11.3 -2.5 12.7
      vertex 2.5 -2.5 22
    endloop
  endfacet
  facet normal 0 -1 0
    outer loop
      vertex 2.5 -2.5 3
      vertex 16.7 -2.5 7.3
      vertex 11.3 -2.5 7.3
    endloop
  endfacet
  facet normal 0 -1 -0
    outer loop
      vertex 16.7 -2.5 7.3
      vertex 2.5 -2.5 3
      vertex 101.3 -2.5 7.3
    endloop
  endfacet
  facet normal 0 -1 0
    outer loop
      vertex 115.5 -2.5 3
      vertex 101.3 -2.5 7.3
      vertex 2.5 -2.5 3
    endloop
  endfacet
  facet normal 0 -1 -0
    outer loop
      vertex 11.3 -2.5 12.7
      vertex 2.5 -2.5 3
      vertex 11.3 -2.5 7.3
    endloop
  endfacet
  facet normal 0 -1 0
    outer loop
      vertex 2.5 -2.5 22
      vertex 16.7 -2.5 12.7
      vertex 115.5 -2.5 22
    endloop
  endfacet
  facet normal 0 -1 0
    outer loop
      vertex 101.3 -2.5 12.7
      vertex 115.5 -2.5 22
      vertex 16.7 -2.5 12.7
    endloop
  endfacet
  facet normal 0 -1 0
    outer loop
      vertex 106.7 -2.5 12.7
      vertex 115.5 -2.5 22
      vertex 101.3 -2.5 12.7
    endloop
  endfacet
  facet normal 0 -1 0
    outer loop
      vertex 115.5 -2.5 3
      vertex 106.7 -2.5 12.7
      vertex 106.7 -2.5 7.3
    endloop
  endfacet
  facet normal 0 -1 0
    outer loop
      vertex 106.7 -2.5 12.7
      vertex 115.5 -2.5 3
      vertex 115.5 -2.5 22
    endloop
  endfacet
  facet normal 0 -1 0
    outer loop
      vertex 101.3 -2.5 7.3
      vertex 115.5 -2.5 3
      vertex 106.7 -2.5 7.3
    endloop
  endfacet
  facet normal 1 -0 0
    outer loop
      vertex 2.5 -87.5 22
      vertex 2.5 -2.5 3
      vertex 2.5 -2.5 22
    endloop
  endfacet
  facet normal 1 0 0
    outer loop
      vertex 2.5 -2.5 3
      vertex 2.5 -87.5 22
      vertex 2.5 -87.5 3
    endloop
  endfacet
  facet normal 0 0 1
    outer loop
      vertex 11.8 -23 3
      vertex 10.7278 -25.8065 3
      vertex 11.8 -69 3
    endloop
  endfacet
  facet normal 0 0 1
    outer loop
      vertex 11.8 -69 3
      vertex 10.8043 -66.5784 3
      vertex 10.83 -66.97 3
    endloop
  endfacet
  facet normal -0 0 1
    outer loop
      vertex 10.7278 -66.1935 3
      vertex 11.8 -69 3
      vertex 10.7278 -25.8065 3
    endloop
  endfacet
  facet normal 0 0 1
    outer loop
      vertex 11.8 -69 3
      vertex 10.7278 -66.1935 3
      vertex 10.8043 -66.5784 3
    endloop
  endfacet
  facet normal -0 0 1
    outer loop
      vertex 10.6016 -26.1781 3
      vertex 10.7278 -66.1935 3
      vertex 10.7278 -25.8065 3
    endloop
  endfacet
  facet normal 0 0 1
    outer loop
      vertex 10.6016 -26.1781 3
      vertex 10.6016 -65.8219 3
      vertex 10.7278 -66.1935 3
    endloop
  endfacet
  facet normal -0 0 1
    outer loop
      vertex 10.4281 -26.53 3
      vertex 10.6016 -65.8219 3
      vertex 10.6016 -26.1781 3
    endloop
  endfacet
  facet normal 0 0 1
    outer loop
      vertex 10.4281 -26.53 3
      vertex 10.4281 -65.47 3
      vertex 10.6016 -65.8219 3
    endloop
  endfacet
  facet normal -0 0 1
    outer loop
      vertex 10.2101 -26.8563 3
      vertex 10.4281 -65.47 3
      vertex 10.4281 -26.53 3
    endloop
  endfacet
  facet normal 0 0 1
    outer loop
      vertex 10.2101 -26.8563 3
      vertex 10.2101 -65.1437 3
      vertex 10.4281 -65.47 3
    endloop
  endfacet
  facet normal -0 0 1
    outer loop
      vertex 9.95132 -27.1513 3
      vertex 10.2101 -65.1437 3
      vertex 10.2101 -26.8563 3
    endloop
  endfacet
  facet normal 0 0 1
    outer loop
      vertex 9.95132 -27.1513 3
      vertex 9.95132 -64.8487 3
      vertex 10.2101 -65.1437 3
    endloop
  endfacet
  facet normal -0 0 1
    outer loop
      vertex 9.65628 -27.4101 3
      vertex 9.95132 -64.8487 3
      vertex 9.95132 -27.1513 3
    endloop
  endfacet
  facet normal 0 0 1
    outer loop
      vertex 9.65628 -27.4101 3
      vertex 9.65628 -64.5899 3
      vertex 9.95132 -64.8487 3
    endloop
  endfacet
  facet normal -0 0 1
    outer loop
      vertex 9.33 -27.6281 3
      vertex 9.65628 -64.5899 3
      vertex 9.65628 -27.4101 3
    endloop
  endfacet
  facet normal 0 0 1
    outer loop
      vertex 9.33 -27.6281 3
      vertex 9.33 -64.3719 3
      vertex 9.65628 -64.5899 3
    endloop
  endfacet
  facet normal -0 0 1
    outer loop
      vertex 8.97805 -27.8016 3
      vertex 9.33 -64.3719 3
      vertex 9.33 -27.6281 3
    endloop
  endfacet
  facet normal 0 0 1
    outer loop
      vertex 8.97805 -27.8016 3
      vertex 8.97805 -64.1984 3
      vertex 9.33 -64.3719 3
    endloop
  endfacet
  facet normal -0 0 1
    outer loop
      vertex 8.60646 -27.9278 3
      vertex 8.97805 -64.1984 3
      vertex 8.97805 -27.8016 3
    endloop
  endfacet
  facet normal 0 0 1
    outer loop
      vertex 8.60646 -27.9278 3
      vertex 8.60646 -64.0722 3
      vertex 8.97805 -64.1984 3
    endloop
  endfacet
  facet normal -0 0 1
    outer loop
      vertex 8.22158 -28.0043 3
      vertex 8.60646 -64.0722 3
      vertex 8.60646 -27.9278 3
    endloop
  endfacet
  facet normal 0 0 1
    outer loop
      vertex 8.22158 -28.0043 3
      vertex 8.22158 -63.9957 3
      vertex 8.60646 -64.0722 3
    endloop
  endfacet
  facet normal -0 0 1
    outer loop
      vertex 7.83 -28.03 3
      vertex 8.22158 -63.9957 3
      vertex 8.22158 -28.0043 3
    endloop
  endfacet
  facet normal 0 0 1
    outer loop
      vertex 7.83 -28.03 3
      vertex 7.83 -63.97 3
      vertex 8.22158 -63.9957 3
    endloop
  endfacet
  facet normal 0 0 1
    outer loop
      vertex 7.43842 -28.0043 3
      vertex 7.83 -63.97 3
      vertex 7.83 -28.03 3
    endloop
  endfacet
  facet normal 0 0 1
    outer loop
      vertex 7.43842 -28.0043 3
      vertex 7.43842 -63.9957 3
      vertex 7.83 -63.97 3
    endloop
  endfacet
  facet normal 0 0 1
    outer loop
      vertex 7.05354 -27.9278 3
      vertex 7.43842 -63.9957 3
      vertex 7.43842 -28.0043 3
    endloop
  endfacet
  facet normal 0 0 1
    outer loop
      vertex 7.05354 -27.9278 3
      vertex 7.05354 -64.0722 3
      vertex 7.43842 -63.9957 3
    endloop
  endfacet
  facet normal 0 0 1
    outer loop
      vertex 6.68195 -27.8016 3
      vertex 7.05354 -64.0722 3
      vertex 7.05354 -27.9278 3
    endloop
  endfacet
  facet normal 0 0 1
    outer loop
      vertex 6.68195 -27.8016 3
      vertex 6.68195 -64.1984 3
      vertex 7.05354 -64.0722 3
    endloop
  endfacet
  facet normal 0 0 1
    outer loop
      vertex 6.33 -27.6281 3
      vertex 6.68195 -64.1984 3
      vertex 6.68195 -27.8016 3
    endloop
  endfacet
  facet normal 0 0 1
    outer loop
      vertex 6.33 -27.6281 3
      vertex 6.33 -64.3719 3
      vertex 6.68195 -64.1984 3
    endloop
  endfacet
  facet normal 0 0 1
    outer loop
      vertex 6.00372 -27.4101 3
      vertex 6.33 -64.3719 3
      vertex 6.33 -27.6281 3
    endloop
  endfacet
  facet normal 0 0 1
    outer loop
      vertex 6.00372 -27.4101 3
      vertex 6.00372 -64.5899 3
      vertex 6.33 -64.3719 3
    endloop
  endfacet
  facet normal 0 0 1
    outer loop
      vertex 5.70868 -27.1513 3
      vertex 6.00372 -64.5899 3
      vertex 6.00372 -27.4101 3
    endloop
  endfacet
  facet normal 0 0 1
    outer loop
      vertex 5.70868 -27.1513 3
      vertex 5.70868 -64.8487 3
      vertex 6.00372 -64.5899 3
    endloop
  endfacet
  facet normal 0 0 1
    outer loop
      vertex 5.44994 -26.8563 3
      vertex 5.70868 -64.8487 3
      vertex 5.70868 -27.1513 3
    endloop
  endfacet
  facet normal 0 0 1
    outer loop
      vertex 5.44994 -26.8563 3
      vertex 5.44994 -65.1437 3
      vertex 5.70868 -64.8487 3
    endloop
  endfacet
  facet normal 0 0 1
    outer loop
      vertex 5.23192 -26.53 3
      vertex 5.44994 -65.1437 3
      vertex 5.44994 -26.8563 3
    endloop
  endfacet
  facet normal 0 0 1
    outer loop
      vertex 5.23192 -26.53 3
      vertex 5.23192 -65.47 3
      vertex 5.44994 -65.1437 3
    endloop
  endfacet
  facet normal 0 0 1
    outer loop
      vertex 5.05836 -26.1781 3
      vertex 5.23192 -65.47 3
      vertex 5.23192 -26.53 3
    endloop
  endfacet
  facet normal 0 0 1
    outer loop
      vertex 5.05836 -26.1781 3
      vertex 5.05836 -65.8219 3
      vertex 5.23192 -65.47 3
    endloop
  endfacet
  facet normal 0 0 1
    outer loop
      vertex 4.93222 -25.8065 3
      vertex 5.05836 -65.8219 3
      vertex 5.05836 -26.1781 3
    endloop
  endfacet
  facet normal 0 0 1
    outer loop
      vertex 4.93222 -25.8065 3
      vertex 4.93222 -66.1935 3
      vertex 5.05836 -65.8219 3
    endloop
  endfacet
  facet normal 0 0 1
    outer loop
      vertex 4.85567 -25.4216 3
      vertex 4.93222 -66.1935 3
      vertex 4.93222 -25.8065 3
    endloop
  endfacet
  facet normal 0 0 1
    outer loop
      vertex 4.85567 -25.4216 3
      vertex 4.85567 -66.5784 3
      vertex 4.93222 -66.1935 3
    endloop
  endfacet
  facet normal 0 0 1
    outer loop
      vertex 4.83 -25.03 3
      vertex 4.85567 -66.5784 3
      vertex 4.85567 -25.4216 3
    endloop
  endfacet
  facet normal 0 0 1
    outer loop
      vertex 4.85567 -66.5784 3
      vertex 4.83 -25.03 3
      vertex 4.83 -66.97 3
    endloop
  endfacet
  facet normal -0 0 1
    outer loop
      vertex 86.6616 -28.0043 3
      vertex 99.453 -43.8368 3
      vertex 87.0465 -27.9278 3
    endloop
  endfacet
  facet normal 0 0 1
    outer loop
      vertex 92.5257 -53.6084 3
      vertex 89.2443 -66.5784 3
      vertex 89.27 -66.97 3
    endloop
  endfacet
  facet normal 0 0 1
    outer loop
      vertex 99.453 -43.8368 3
      vertex 86.6616 -28.0043 3
      vertex 99.3134 -44.2111 3
    endloop
  endfacet
  facet normal 0 0 1
    outer loop
      vertex 92.5257 -53.6084 3
      vertex 89.1678 -66.1935 3
      vertex 89.2443 -66.5784 3
    endloop
  endfacet
  facet normal -0 0 1
    outer loop
      vertex 86.27 -28.03 3
      vertex 99.3134 -44.2111 3
      vertex 86.6616 -28.0043 3
    endloop
  endfacet
  facet normal 0 0 1
    outer loop
      vertex 92.5257 -53.6084 3
      vertex 89.0416 -65.8219 3
      vertex 89.1678 -66.1935 3
    endloop
  endfacet
  facet normal 0 0 1
    outer loop
      vertex 99.3134 -44.2111 3
      vertex 86.27 -28.03 3
      vertex 94 -51.4019 3
    endloop
  endfacet
  facet normal 0 0 1
    outer loop
      vertex 92.5257 -53.6084 3
      vertex 88.8681 -65.47 3
      vertex 89.0416 -65.8219 3
    endloop
  endfacet
  facet normal 0 0 1
    outer loop
      vertex 94 -51.4019 3
      vertex 86.27 -28.03 3
      vertex 93.6737 -51.6199 3
    endloop
  endfacet
  facet normal 0 0 1
    outer loop
      vertex 92.5257 -53.6084 3
      vertex 88.6501 -65.1437 3
      vertex 88.8681 -65.47 3
    endloop
  endfacet
  facet normal 0 0 1
    outer loop
      vertex 85.8784 -28.0043 3
      vertex 93.6737 -51.6199 3
      vertex 86.27 -28.03 3
    endloop
  endfacet
  facet normal 0 0 1
    outer loop
      vertex 92.5257 -53.6084 3
      vertex 88.3913 -64.8487 3
      vertex 88.6501 -65.1437 3
    endloop
  endfacet
  facet normal 0 0 1
    outer loop
      vertex 93.6737 -51.6199 3
      vertex 85.8784 -28.0043 3
      vertex 93.3787 -51.8787 3
    endloop
  endfacet
  facet normal 0 0 1
    outer loop
      vertex 92.5257 -53.6084 3
      vertex 88.0963 -64.5899 3
      vertex 88.3913 -64.8487 3
    endloop
  endfacet
  facet normal 0 0 1
    outer loop
      vertex 85.4935 -27.9278 3
      vertex 93.3787 -51.8787 3
      vertex 85.8784 -28.0043 3
    endloop
  endfacet
  facet normal 0 0 1
    outer loop
      vertex 92.5257 -53.6084 3
      vertex 87.77 -64.3719 3
      vertex 88.0963 -64.5899 3
    endloop
  endfacet
  facet normal 0 0 1
    outer loop
      vertex 93.3787 -51.8787 3
      vertex 85.4935 -27.9278 3
      vertex 93.1199 -52.1737 3
    endloop
  endfacet
  facet normal 0 0 1
    outer loop
      vertex 92.5257 -53.6084 3
      vertex 87.4181 -64.1984 3
      vertex 87.77 -64.3719 3
    endloop
  endfacet
  facet normal 0 0 1
    outer loop
      vertex 85.1219 -27.8016 3
      vertex 93.1199 -52.1737 3
      vertex 85.4935 -27.9278 3
    endloop
  endfacet
  facet normal 0 0 1
    outer loop
      vertex 92.5257 -53.6084 3
      vertex 87.0465 -64.0722 3
      vertex 87.4181 -64.1984 3
    endloop
  endfacet
  facet normal 0 0 1
    outer loop
      vertex 93.1199 -52.1737 3
      vertex 85.1219 -27.8016 3
      vertex 92.9019 -52.5 3
    endloop
  endfacet
  facet normal 0 0 1
    outer loop
      vertex 92.5257 -53.6084 3
      vertex 86.6616 -63.9957 3
      vertex 87.0465 -64.0722 3
    endloop
  endfacet
  facet normal 0 0 1
    outer loop
      vertex 84.77 -27.6281 3
      vertex 92.9019 -52.5 3
      vertex 85.1219 -27.8016 3
    endloop
  endfacet
  facet normal 0 0 1
    outer loop
      vertex 92.5257 -53.6084 3
      vertex 86.27 -63.97 3
      vertex 86.6616 -63.9957 3
    endloop
  endfacet
  facet normal 0 0 1
    outer loop
      vertex 92.9019 -52.5 3
      vertex 84.77 -27.6281 3
      vertex 92.7284 -52.852 3
    endloop
  endfacet
  facet normal 0 0 1
    outer loop
      vertex 92.5257 -53.6084 3
      vertex 85.8784 -63.9957 3
      vertex 86.27 -63.97 3
    endloop
  endfacet
  facet normal 0 0 1
    outer loop
      vertex 84.4437 -27.4101 3
      vertex 92.7284 -52.852 3
      vertex 84.77 -27.6281 3
    endloop
  endfacet
  facet normal 0 0 1
    outer loop
      vertex 92.5257 -53.6084 3
      vertex 85.4935 -64.0722 3
      vertex 85.8784 -63.9957 3
    endloop
  endfacet
  facet normal 0 0 1
    outer loop
      vertex 92.7284 -52.852 3
      vertex 84.4437 -27.4101 3
      vertex 92.6022 -53.2235 3
    endloop
  endfacet
  facet normal 0 0 1
    outer loop
      vertex 92.5257 -53.6084 3
      vertex 85.1219 -64.1984 3
      vertex 85.4935 -64.0722 3
    endloop
  endfacet
  facet normal 0 0 1
    outer loop
      vertex 84.4437 -64.5899 3
      vertex 92.6022 -53.2235 3
      vertex 84.4437 -27.4101 3
    endloop
  endfacet
  facet normal 0 0 1
    outer loop
      vertex 92.5257 -53.6084 3
      vertex 84.77 -64.3719 3
      vertex 85.1219 -64.1984 3
    endloop
  endfacet
  facet normal 0 -0 1
    outer loop
      vertex 84.77 -64.3719 3
      vertex 92.6022 -53.2235 3
      vertex 84.4437 -64.5899 3
    endloop
  endfacet
  facet normal 0 0 1
    outer loop
      vertex 92.6022 -53.2235 3
      vertex 84.77 -64.3719 3
      vertex 92.5257 -53.6084 3
    endloop
  endfacet
  facet normal 0 0 1
    outer loop
      vertex 84.1487 -27.1513 3
      vertex 84.4437 -64.5899 3
      vertex 84.4437 -27.4101 3
    endloop
  endfacet
  facet normal 0 0 1
    outer loop
      vertex 84.1487 -27.1513 3
      vertex 84.1487 -64.8487 3
      vertex 84.4437 -64.5899 3
    endloop
  endfacet
  facet normal 0 0 1
    outer loop
      vertex 83.8899 -26.8563 3
      vertex 84.1487 -64.8487 3
      vertex 84.1487 -27.1513 3
    endloop
  endfacet
  facet normal 0 0 1
    outer loop
      vertex 83.8899 -26.8563 3
      vertex 83.8899 -65.1437 3
      vertex 84.1487 -64.8487 3
    endloop
  endfacet
  facet normal 0 0 1
    outer loop
      vertex 83.6719 -26.53 3
      vertex 83.8899 -65.1437 3
      vertex 83.8899 -26.8563 3
    endloop
  endfacet
  facet normal 0 0 1
    outer loop
      vertex 83.6719 -26.53 3
      vertex 83.6719 -65.47 3
      vertex 83.8899 -65.1437 3
    endloop
  endfacet
  facet normal 0 0 1
    outer loop
      vertex 83.4984 -26.1781 3
      vertex 83.6719 -65.47 3
      vertex 83.6719 -26.53 3
    endloop
  endfacet
  facet normal 0 0 1
    outer loop
      vertex 83.4984 -26.1781 3
      vertex 83.4984 -65.8219 3
      vertex 83.6719 -65.47 3
    endloop
  endfacet
  facet normal 0 0 1
    outer loop
      vertex 82.2 -23 3
      vertex 83.4984 -26.1781 3
      vertex 83.3722 -25.8065 3
    endloop
  endfacet
  facet normal 0 0 1
    outer loop
      vertex 83.4984 -26.1781 3
      vertex 82.2 -23 3
      vertex 83.4984 -65.8219 3
    endloop
  endfacet
  facet normal 0 0 1
    outer loop
      vertex 82.2 -23 3
      vertex 83.3722 -25.8065 3
      vertex 83.2957 -25.4216 3
    endloop
  endfacet
  facet normal 0 0 1
    outer loop
      vertex 82.2 -69 3
      vertex 83.4984 -65.8219 3
      vertex 82.2 -23 3
    endloop
  endfacet
  facet normal 0 0 1
    outer loop
      vertex 82.2 -23 3
      vertex 83.2957 -25.4216 3
      vertex 83.27 -25.03 3
    endloop
  endfacet
  facet normal 0 0 1
    outer loop
      vertex 83.4984 -65.8219 3
      vertex 82.2 -69 3
      vertex 83.3722 -66.1935 3
    endloop
  endfacet
  facet normal 0 0 1
    outer loop
      vertex 107.379 -51.8787 3
      vertex 103.514 -47.3555 3
      vertex 107.12 -52.1737 3
    endloop
  endfacet
  facet normal 0 0 1
    outer loop
      vertex 106.5 -54 3
      vertex 104.771 -62.6015 3
      vertex 104.8 -63 3
    endloop
  endfacet
  facet normal -0 0 1
    outer loop
      vertex 103.163 -47.547 3
      vertex 107.12 -52.1737 3
      vertex 103.514 -47.3555 3
    endloop
  endfacet
  facet normal 0 0 1
    outer loop
      vertex 106.5 -54 3
      vertex 104.687 -62.2111 3
      vertex 104.771 -62.6015 3
    endloop
  endfacet
  facet normal 0 0 1
    outer loop
      vertex 107.12 -52.1737 3
      vertex 103.163 -47.547 3
      vertex 106.902 -52.5 3
    endloop
  endfacet
  facet normal 0 0 1
    outer loop
      vertex 106.5 -54 3
      vertex 104.547 -61.8368 3
      vertex 104.687 -62.2111 3
    endloop
  endfacet
  facet normal -0 0 1
    outer loop
      vertex 102.789 -47.6866 3
      vertex 106.902 -52.5 3
      vertex 103.163 -47.547 3
    endloop
  endfacet
  facet normal 0 0 1
    outer loop
      vertex 106.5 -54 3
      vertex 104.356 -61.4862 3
      vertex 104.547 -61.8368 3
    endloop
  endfacet
  facet normal 0 0 1
    outer loop
      vertex 106.902 -52.5 3
      vertex 102.789 -47.6866 3
      vertex 106.728 -52.852 3
    endloop
  endfacet
  facet normal 0 0 1
    outer loop
      vertex 106.5 -54 3
      vertex 104.116 -61.1664 3
      vertex 104.356 -61.4862 3
    endloop
  endfacet
  facet normal -0 0 1
    outer loop
      vertex 102.398 -47.7715 3
      vertex 106.728 -52.852 3
      vertex 102.789 -47.6866 3
    endloop
  endfacet
  facet normal 0 0 1
    outer loop
      vertex 106.5 -54 3
      vertex 103.834 -60.8839 3
      vertex 104.116 -61.1664 3
    endloop
  endfacet
  facet normal 0 0 1
    outer loop
      vertex 106.728 -52.852 3
      vertex 102.398 -47.7715 3
      vertex 106.602 -53.2235 3
    endloop
  endfacet
  facet normal 0 0 1
    outer loop
      vertex 106.5 -54 3
      vertex 103.514 -60.6445 3
      vertex 103.834 -60.8839 3
    endloop
  endfacet
  facet normal 0 0 1
    outer loop
      vertex 98.3978 -53.2235 3
      vertex 106.602 -53.2235 3
      vertex 102.398 -47.7715 3
    endloop
  endfacet
  facet normal 0 0 1
    outer loop
      vertex 106.5 -54 3
      vertex 103.163 -60.453 3
      vertex 103.514 -60.6445 3
    endloop
  endfacet
  facet normal 0 0 1
    outer loop
      vertex 106.602 -53.2235 3
      vertex 98.3978 -53.2235 3
      vertex 106.526 -53.6084 3
    endloop
  endfacet
  facet normal 0 0 1
    outer loop
      vertex 106.5 -54 3
      vertex 102.789 -60.3134 3
      vertex 103.163 -60.453 3
    endloop
  endfacet
  facet normal 0 -0 1
    outer loop
      vertex 98.4743 -53.6084 3
      vertex 106.526 -53.6084 3
      vertex 98.3978 -53.2235 3
    endloop
  endfacet
  facet normal 0 0 1
    outer loop
      vertex 98.4743 -54.3916 3
      vertex 106.5 -54 3
      vertex 98.5 -54 3
    endloop
  endfacet
  facet normal 0 0 1
    outer loop
      vertex 98.3978 -53.2235 3
      vertex 102.398 -47.7715 3
      vertex 102 -47.8 3
    endloop
  endfacet
  facet normal 0 0 1
    outer loop
      vertex 98.3978 -54.7765 3
      vertex 106.5 -54 3
      vertex 98.4743 -54.3916 3
    endloop
  endfacet
  facet normal 0 0 1
    outer loop
      vertex 98.2716 -52.852 3
      vertex 102 -47.8 3
      vertex 101.602 -47.7715 3
    endloop
  endfacet
  facet normal 0 0 1
    outer loop
      vertex 106.5 -54 3
      vertex 102.398 -60.2285 3
      vertex 102.789 -60.3134 3
    endloop
  endfacet
  facet normal 0 0 1
    outer loop
      vertex 98.0981 -52.5 3
      vertex 101.602 -47.7715 3
      vertex 101.211 -47.6866 3
    endloop
  endfacet
  facet normal 0 0 1
    outer loop
      vertex 106.5 -54 3
      vertex 98.3978 -54.7765 3
      vertex 102.398 -60.2285 3
    endloop
  endfacet
  facet normal 0 0 1
    outer loop
      vertex 97.8801 -52.1737 3
      vertex 101.211 -47.6866 3
      vertex 100.837 -47.547 3
    endloop
  endfacet
  facet normal 0 0 1
    outer loop
      vertex 102.398 -60.2285 3
      vertex 98.3978 -54.7765 3
      vertex 102 -60.2 3
    endloop
  endfacet
  facet normal 0 0 1
    outer loop
      vertex 97.6213 -51.8787 3
      vertex 100.837 -47.547 3
      vertex 100.486 -47.3555 3
    endloop
  endfacet
  facet normal -0 0 1
    outer loop
      vertex 98.2716 -55.148 3
      vertex 102 -60.2 3
      vertex 98.3978 -54.7765 3
    endloop
  endfacet
  facet normal 0 0 1
    outer loop
      vertex 97.3263 -51.6199 3
      vertex 100.486 -47.3555 3
      vertex 100.166 -47.1161 3
    endloop
  endfacet
  facet normal 0 0 1
    outer loop
      vertex 102 -60.2 3
      vertex 98.2716 -55.148 3
      vertex 101.602 -60.2285 3
    endloop
  endfacet
  facet normal 0 0 1
    outer loop
      vertex 97 -51.4019 3
      vertex 100.166 -47.1161 3
      vertex 99.8839 -46.8336 3
    endloop
  endfacet
  facet normal -0 0 1
    outer loop
      vertex 98.0981 -55.5 3
      vertex 101.602 -60.2285 3
      vertex 98.2716 -55.148 3
    endloop
  endfacet
  facet normal 0 0 1
    outer loop
      vertex 96.648 -51.2284 3
      vertex 99.8839 -46.8336 3
      vertex 99.6445 -46.5138 3
    endloop
  endfacet
  facet normal 0 0 1
    outer loop
      vertex 101.602 -60.2285 3
      vertex 98.0981 -55.5 3
      vertex 101.211 -60.3134 3
    endloop
  endfacet
  facet normal 0 0 1
    outer loop
      vertex 96.2765 -51.1022 3
      vertex 99.6445 -46.5138 3
      vertex 99.453 -46.1632 3
    endloop
  endfacet
  facet normal -0 0 1
    outer loop
      vertex 97.8801 -55.8263 3
      vertex 101.211 -60.3134 3
      vertex 98.0981 -55.5 3
    endloop
  endfacet
  facet normal 0 0 1
    outer loop
      vertex 95.5 -51 3
      vertex 99.453 -46.1632 3
      vertex 99.3134 -45.7888 3
    endloop
  endfacet
  facet normal 0 0 1
    outer loop
      vertex 101.211 -60.3134 3
      vertex 97.8801 -55.8263 3
      vertex 100.837 -60.453 3
    endloop
  endfacet
  facet normal 0 0 1
    outer loop
      vertex 95.1084 -51.0257 3
      vertex 99.3134 -45.7888 3
      vertex 99.2285 -45.3985 3
    endloop
  endfacet
  facet normal -0 0 1
    outer loop
      vertex 97.6213 -56.1213 3
      vertex 100.837 -60.453 3
      vertex 97.8801 -55.8263 3
    endloop
  endfacet
  facet normal 0 0 1
    outer loop
      vertex 94.7235 -51.1022 3
      vertex 99.2285 -45.3985 3
      vertex 99.2 -45 3
    endloop
  endfacet
  facet normal 0 0 1
    outer loop
      vertex 100.837 -60.453 3
      vertex 97.6213 -56.1213 3
      vertex 100.486 -60.6445 3
    endloop
  endfacet
  facet normal 0 0 1
    outer loop
      vertex 115.5 -2.5 3
      vertex 112.5 -54 3
      vertex 115.5 -87.5 3
    endloop
  endfacet
  facet normal 0 0 1
    outer loop
      vertex 115.5 -2.5 3
      vertex 112.474 -53.6084 3
      vertex 112.5 -54 3
    endloop
  endfacet
  facet normal 0 0 1
    outer loop
      vertex 115.5 -2.5 3
      vertex 112.398 -53.2235 3
      vertex 112.474 -53.6084 3
    endloop
  endfacet
  facet normal 0 0 1
    outer loop
      vertex 115.5 -2.5 3
      vertex 112.272 -52.852 3
      vertex 112.398 -53.2235 3
    endloop
  endfacet
  facet normal 0 0 1
    outer loop
      vertex 115.5 -2.5 3
      vertex 112.098 -52.5 3
      vertex 112.272 -52.852 3
    endloop
  endfacet
  facet normal 0 0 1
    outer loop
      vertex 115.5 -2.5 3
      vertex 111.88 -52.1737 3
      vertex 112.098 -52.5 3
    endloop
  endfacet
  facet normal 0 0 1
    outer loop
      vertex 115.5 -2.5 3
      vertex 111.621 -51.8787 3
      vertex 111.88 -52.1737 3
    endloop
  endfacet
  facet normal 0 0 1
    outer loop
      vertex 115.5 -2.5 3
      vertex 111.326 -51.6199 3
      vertex 111.621 -51.8787 3
    endloop
  endfacet
  facet normal -0 0 1
    outer loop
      vertex 104.356 -43.4862 3
      vertex 111.326 -51.6199 3
      vertex 115.5 -2.5 3
    endloop
  endfacet
  facet normal -0 -0 1
    outer loop
      vertex 104.547 -43.8368 3
      vertex 111.326 -51.6199 3
      vertex 104.356 -43.4862 3
    endloop
  endfacet
  facet normal 0 0 1
    outer loop
      vertex 111.326 -51.6199 3
      vertex 104.547 -43.8368 3
      vertex 111 -51.4019 3
    endloop
  endfacet
  facet normal 0 0 1
    outer loop
      vertex 111 -51.4019 3
      vertex 104.687 -44.2111 3
      vertex 110.648 -51.2284 3
    endloop
  endfacet
  facet normal -0 -0 1
    outer loop
      vertex 104.771 -44.6015 3
      vertex 110.648 -51.2284 3
      vertex 104.687 -44.2111 3
    endloop
  endfacet
  facet normal 0 0 1
    outer loop
      vertex 110.648 -51.2284 3
      vertex 104.771 -44.6015 3
      vertex 110.276 -51.1022 3
    endloop
  endfacet
  facet normal -0 -0 1
    outer loop
      vertex 104.8 -45 3
      vertex 110.276 -51.1022 3
      vertex 104.771 -44.6015 3
    endloop
  endfacet
  facet normal 0 0 1
    outer loop
      vertex 110.276 -51.1022 3
      vertex 104.8 -45 3
      vertex 109.892 -51.0257 3
    endloop
  endfacet
  facet normal -0 0 1
    outer loop
      vertex 104.771 -45.3985 3
      vertex 109.892 -51.0257 3
      vertex 104.8 -45 3
    endloop
  endfacet
  facet normal -0 0 1
    outer loop
      vertex 104.687 -45.7888 3
      vertex 109.5 -51 3
      vertex 104.771 -45.3985 3
    endloop
  endfacet
  facet normal 0 0 1
    outer loop
      vertex 109.5 -51 3
      vertex 104.687 -45.7888 3
      vertex 109.108 -51.0257 3
    endloop
  endfacet
  facet normal 0 0 1
    outer loop
      vertex 109.108 -51.0257 3
      vertex 104.687 -45.7888 3
      vertex 108.724 -51.1022 3
    endloop
  endfacet
  facet normal 0 0 1
    outer loop
      vertex 108.724 -51.1022 3
      vertex 104.547 -46.1632 3
      vertex 108.352 -51.2284 3
    endloop
  endfacet
  facet normal -0 0 1
    outer loop
      vertex 104.356 -46.5138 3
      vertex 108.352 -51.2284 3
      vertex 104.547 -46.1632 3
    endloop
  endfacet
  facet normal 0 0 1
    outer loop
      vertex 108.352 -51.2284 3
      vertex 104.356 -46.5138 3
      vertex 108 -51.4019 3
    endloop
  endfacet
  facet normal -0 0 1
    outer loop
      vertex 104.116 -46.8336 3
      vertex 108 -51.4019 3
      vertex 104.356 -46.5138 3
    endloop
  endfacet
  facet normal 0 0 1
    outer loop
      vertex 107.674 -51.6199 3
      vertex 103.834 -47.1161 3
      vertex 107.379 -51.8787 3
    endloop
  endfacet
  facet normal 0 0 1
    outer loop
      vertex 108 -51.4019 3
      vertex 104.116 -46.8336 3
      vertex 107.674 -51.6199 3
    endloop
  endfacet
  facet normal -0 0 1
    outer loop
      vertex 103.834 -47.1161 3
      vertex 107.674 -51.6199 3
      vertex 104.116 -46.8336 3
    endloop
  endfacet
  facet normal -0 0 1
    outer loop
      vertex 104.547 -46.1632 3
      vertex 108.724 -51.1022 3
      vertex 104.687 -45.7888 3
    endloop
  endfacet
  facet normal 0 0 1
    outer loop
      vertex 109.892 -51.0257 3
      vertex 104.771 -45.3985 3
      vertex 109.5 -51 3
    endloop
  endfacet
  facet normal -0 -0 1
    outer loop
      vertex 104.687 -44.2111 3
      vertex 111 -51.4019 3
      vertex 104.547 -43.8368 3
    endloop
  endfacet
  facet normal 0 0 1
    outer loop
      vertex 115.5 -2.5 3
      vertex 104.116 -43.1664 3
      vertex 104.356 -43.4862 3
    endloop
  endfacet
  facet normal 0 0 1
    outer loop
      vertex 115.5 -2.5 3
      vertex 103.834 -42.8839 3
      vertex 104.116 -43.1664 3
    endloop
  endfacet
  facet normal 0 0 1
    outer loop
      vertex 115.5 -2.5 3
      vertex 103.514 -42.6445 3
      vertex 103.834 -42.8839 3
    endloop
  endfacet
  facet normal 0 0 1
    outer loop
      vertex 115.5 -2.5 3
      vertex 103.163 -42.453 3
      vertex 103.514 -42.6445 3
    endloop
  endfacet
  facet normal 0 0 1
    outer loop
      vertex 115.5 -2.5 3
      vertex 102.789 -42.3134 3
      vertex 103.163 -42.453 3
    endloop
  endfacet
  facet normal -0 0 1
    outer loop
      vertex 89.2443 -24.6384 3
      vertex 102.789 -42.3134 3
      vertex 115.5 -2.5 3
    endloop
  endfacet
  facet normal -0 -0 1
    outer loop
      vertex 89.27 -25.03 3
      vertex 102.789 -42.3134 3
      vertex 89.2443 -24.6384 3
    endloop
  endfacet
  facet normal 0 0 1
    outer loop
      vertex 102.789 -42.3134 3
      vertex 89.27 -25.03 3
      vertex 102.398 -42.2285 3
    endloop
  endfacet
  facet normal -0 0 1
    outer loop
      vertex 89.2443 -25.4216 3
      vertex 102.398 -42.2285 3
      vertex 89.27 -25.03 3
    endloop
  endfacet
  facet normal 0 0 1
    outer loop
      vertex 102.398 -42.2285 3
      vertex 89.2443 -25.4216 3
      vertex 102 -42.2 3
    endloop
  endfacet
  facet normal 0 0 1
    outer loop
      vertex 102 -42.2 3
      vertex 89.1678 -25.8065 3
      vertex 101.602 -42.2285 3
    endloop
  endfacet
  facet normal -0 0 1
    outer loop
      vertex 89.0416 -26.1781 3
      vertex 101.602 -42.2285 3
      vertex 89.1678 -25.8065 3
    endloop
  endfacet
  facet normal 0 0 1
    outer loop
      vertex 101.602 -42.2285 3
      vertex 89.0416 -26.1781 3
      vertex 101.211 -42.3134 3
    endloop
  endfacet
  facet normal -0 0 1
    outer loop
      vertex 88.8681 -26.53 3
      vertex 101.211 -42.3134 3
      vertex 89.0416 -26.1781 3
    endloop
  endfacet
  facet normal -0 0 1
    outer loop
      vertex 88.6501 -26.8563 3
      vertex 101.211 -42.3134 3
      vertex 88.8681 -26.53 3
    endloop
  endfacet
  facet normal -0 0 1
    outer loop
      vertex 97.3263 -56.3801 3
      vertex 100.486 -60.6445 3
      vertex 97.6213 -56.1213 3
    endloop
  endfacet
  facet normal 0 0 1
    outer loop
      vertex 94.352 -51.2284 3
      vertex 99.2 -45 3
      vertex 99.2285 -44.6015 3
    endloop
  endfacet
  facet normal 0 0 1
    outer loop
      vertex 106.5 -54 3
      vertex 98.4743 -53.6084 3
      vertex 98.5 -54 3
    endloop
  endfacet
  facet normal 0 0 1
    outer loop
      vertex 106.526 -53.6084 3
      vertex 98.4743 -53.6084 3
      vertex 106.5 -54 3
    endloop
  endfacet
  facet normal 0 0 1
    outer loop
      vertex 102 -47.8 3
      vertex 98.2716 -52.852 3
      vertex 98.3978 -53.2235 3
    endloop
  endfacet
  facet normal 0 0 1
    outer loop
      vertex 101.602 -47.7715 3
      vertex 98.0981 -52.5 3
      vertex 98.2716 -52.852 3
    endloop
  endfacet
  facet normal 0 0 1
    outer loop
      vertex 101.211 -47.6866 3
      vertex 97.8801 -52.1737 3
      vertex 98.0981 -52.5 3
    endloop
  endfacet
  facet normal 0 0 1
    outer loop
      vertex 100.837 -47.547 3
      vertex 97.6213 -51.8787 3
      vertex 97.8801 -52.1737 3
    endloop
  endfacet
  facet normal 0 0 1
    outer loop
      vertex 94 -51.4019 3
      vertex 99.2285 -44.6015 3
      vertex 99.3134 -44.2111 3
    endloop
  endfacet
  facet normal 0 0 1
    outer loop
      vertex 100.486 -47.3555 3
      vertex 97.3263 -51.6199 3
      vertex 97.6213 -51.8787 3
    endloop
  endfacet
  facet normal 0 0 1
    outer loop
      vertex 100.166 -47.1161 3
      vertex 97 -51.4019 3
      vertex 97.3263 -51.6199 3
    endloop
  endfacet
  facet normal 0 0 1
    outer loop
      vertex 99.8839 -46.8336 3
      vertex 96.648 -51.2284 3
      vertex 97 -51.4019 3
    endloop
  endfacet
  facet normal -0 0 1
    outer loop
      vertex 88.3913 -27.1513 3
      vertex 100.837 -42.453 3
      vertex 88.6501 -26.8563 3
    endloop
  endfacet
  facet normal 0 0 1
    outer loop
      vertex 99.6445 -46.5138 3
      vertex 96.2765 -51.1022 3
      vertex 96.648 -51.2284 3
    endloop
  endfacet
  facet normal 0 0 1
    outer loop
      vertex 101.211 -42.3134 3
      vertex 88.6501 -26.8563 3
      vertex 100.837 -42.453 3
    endloop
  endfacet
  facet normal 0 0 1
    outer loop
      vertex 100.837 -42.453 3
      vertex 88.3913 -27.1513 3
      vertex 100.486 -42.6445 3
    endloop
  endfacet
  facet normal 0 0 1
    outer loop
      vertex 99.453 -46.1632 3
      vertex 95.8916 -51.0257 3
      vertex 96.2765 -51.1022 3
    endloop
  endfacet
  facet normal 0 0 1
    outer loop
      vertex 99.453 -46.1632 3
      vertex 95.5 -51 3
      vertex 95.8916 -51.0257 3
    endloop
  endfacet
  facet normal 0 0 1
    outer loop
      vertex 99.3134 -45.7888 3
      vertex 95.1084 -51.0257 3
      vertex 95.5 -51 3
    endloop
  endfacet
  facet normal 0 0 1
    outer loop
      vertex 99.2285 -45.3985 3
      vertex 94.7235 -51.1022 3
      vertex 95.1084 -51.0257 3
    endloop
  endfacet
  facet normal 0 0 1
    outer loop
      vertex 99.2 -45 3
      vertex 94.352 -51.2284 3
      vertex 94.7235 -51.1022 3
    endloop
  endfacet
  facet normal 0 0 1
    outer loop
      vertex 99.2285 -44.6015 3
      vertex 94 -51.4019 3
      vertex 94.352 -51.2284 3
    endloop
  endfacet
  facet normal 0 0 1
    outer loop
      vertex 99.8839 -43.1664 3
      vertex 87.4181 -27.8016 3
      vertex 99.6445 -43.4862 3
    endloop
  endfacet
  facet normal -0 0 1
    outer loop
      vertex 88.0963 -27.4101 3
      vertex 100.486 -42.6445 3
      vertex 88.3913 -27.1513 3
    endloop
  endfacet
  facet normal 0 0 1
    outer loop
      vertex 100.486 -42.6445 3
      vertex 88.0963 -27.4101 3
      vertex 100.166 -42.8839 3
    endloop
  endfacet
  facet normal -0 0 1
    outer loop
      vertex 87.77 -27.6281 3
      vertex 100.166 -42.8839 3
      vertex 88.0963 -27.4101 3
    endloop
  endfacet
  facet normal 0 0 1
    outer loop
      vertex 99.6445 -43.4862 3
      vertex 87.0465 -27.9278 3
      vertex 99.453 -43.8368 3
    endloop
  endfacet
  facet normal -0 0 1
    outer loop
      vertex 87.0465 -27.9278 3
      vertex 99.6445 -43.4862 3
      vertex 87.4181 -27.8016 3
    endloop
  endfacet
  facet normal -0 0 1
    outer loop
      vertex 87.4181 -27.8016 3
      vertex 99.8839 -43.1664 3
      vertex 87.77 -27.6281 3
    endloop
  endfacet
  facet normal 0 0 1
    outer loop
      vertex 100.166 -42.8839 3
      vertex 87.77 -27.6281 3
      vertex 99.8839 -43.1664 3
    endloop
  endfacet
  facet normal -0 0 1
    outer loop
      vertex 89.1678 -25.8065 3
      vertex 102 -42.2 3
      vertex 89.2443 -25.4216 3
    endloop
  endfacet
  facet normal 0 0 1
    outer loop
      vertex 115.5 -2.5 3
      vertex 89.1678 -24.2535 3
      vertex 89.2443 -24.6384 3
    endloop
  endfacet
  facet normal 0 0 1
    outer loop
      vertex 115.5 -2.5 3
      vertex 89.0416 -23.882 3
      vertex 89.1678 -24.2535 3
    endloop
  endfacet
  facet normal 0 0 1
    outer loop
      vertex 115.5 -2.5 3
      vertex 88.8681 -23.53 3
      vertex 89.0416 -23.882 3
    endloop
  endfacet
  facet normal 0 0 1
    outer loop
      vertex 115.5 -2.5 3
      vertex 88.6501 -23.2037 3
      vertex 88.8681 -23.53 3
    endloop
  endfacet
  facet normal 0 0 1
    outer loop
      vertex 115.5 -2.5 3
      vertex 88.3913 -22.9087 3
      vertex 88.6501 -23.2037 3
    endloop
  endfacet
  facet normal 0 0 1
    outer loop
      vertex 115.5 -2.5 3
      vertex 88.0963 -22.6499 3
      vertex 88.3913 -22.9087 3
    endloop
  endfacet
  facet normal 0 0 1
    outer loop
      vertex 115.5 -2.5 3
      vertex 87.77 -22.4319 3
      vertex 88.0963 -22.6499 3
    endloop
  endfacet
  facet normal 0 0 1
    outer loop
      vertex 115.5 -2.5 3
      vertex 87.4181 -22.2584 3
      vertex 87.77 -22.4319 3
    endloop
  endfacet
  facet normal 0 0 1
    outer loop
      vertex 115.5 -2.5 3
      vertex 87.0465 -22.1322 3
      vertex 87.4181 -22.2584 3
    endloop
  endfacet
  facet normal -0 0 1
    outer loop
      vertex 79.9917 -18.7468 3
      vertex 87.0465 -22.1322 3
      vertex 115.5 -2.5 3
    endloop
  endfacet
  facet normal -0 -0 1
    outer loop
      vertex 80.3085 -18.9883 3
      vertex 87.0465 -22.1322 3
      vertex 79.9917 -18.7468 3
    endloop
  endfacet
  facet normal 0 0 1
    outer loop
      vertex 87.0465 -22.1322 3
      vertex 80.3085 -18.9883 3
      vertex 86.6616 -22.0557 3
    endloop
  endfacet
  facet normal 0 0 1
    outer loop
      vertex 86.6616 -22.0557 3
      vertex 80.6059 -19.2533 3
      vertex 86.27 -22.03 3
    endloop
  endfacet
  facet normal -0 -0 1
    outer loop
      vertex 80.8821 -19.5403 3
      vertex 86.27 -22.03 3
      vertex 80.6059 -19.2533 3
    endloop
  endfacet
  facet normal 0 0 1
    outer loop
      vertex 86.27 -22.03 3
      vertex 81.1355 -19.8476 3
      vertex 85.8784 -22.0557 3
    endloop
  endfacet
  facet normal 0 0 1
    outer loop
      vertex 83.3722 -66.1935 3
      vertex 82.2 -69 3
      vertex 83.2957 -66.5784 3
    endloop
  endfacet
  facet normal 0 0 1
    outer loop
      vertex 83.2957 -24.6384 3
      vertex 82.2 -23 3
      vertex 83.27 -25.03 3
    endloop
  endfacet
  facet normal 0 0 1
    outer loop
      vertex 83.3722 -24.2535 3
      vertex 82.2 -23 3
      vertex 83.2957 -24.6384 3
    endloop
  endfacet
  facet normal 0 0 1
    outer loop
      vertex 83.4984 -23.882 3
      vertex 82.2 -23 3
      vertex 83.3722 -24.2535 3
    endloop
  endfacet
  facet normal 0 0 1
    outer loop
      vertex 83.6719 -23.53 3
      vertex 82.2 -23 3
      vertex 83.4984 -23.882 3
    endloop
  endfacet
  facet normal 0 0 1
    outer loop
      vertex 83.8899 -23.2037 3
      vertex 82.2 -23 3
      vertex 83.6719 -23.53 3
    endloop
  endfacet
  facet normal 0 0 1
    outer loop
      vertex 82.1657 -22.4036 3
      vertex 83.8899 -23.2037 3
      vertex 84.1487 -22.9087 3
    endloop
  endfacet
  facet normal 0 0 1
    outer loop
      vertex 82.1049 -22.01 3
      vertex 84.1487 -22.9087 3
      vertex 84.4437 -22.6499 3
    endloop
  endfacet
  facet normal 0 0 1
    outer loop
      vertex 82.0141 -21.6221 3
      vertex 84.4437 -22.6499 3
      vertex 84.77 -22.4319 3
    endloop
  endfacet
  facet normal -0 -0 1
    outer loop
      vertex 81.3647 -20.1734 3
      vertex 85.8784 -22.0557 3
      vertex 81.1355 -19.8476 3
    endloop
  endfacet
  facet normal 0 0 1
    outer loop
      vertex 83.8899 -23.2037 3
      vertex 82.1657 -22.4036 3
      vertex 82.2 -23 3
    endloop
  endfacet
  facet normal 0 0 1
    outer loop
      vertex 84.1487 -22.9087 3
      vertex 82.1049 -22.01 3
      vertex 82.1657 -22.4036 3
    endloop
  endfacet
  facet normal 0 0 1
    outer loop
      vertex 84.4437 -22.6499 3
      vertex 82.0141 -21.6221 3
      vertex 82.1049 -22.01 3
    endloop
  endfacet
  facet normal 0 0 1
    outer loop
      vertex 84.77 -22.4319 3
      vertex 81.8939 -21.2423 3
      vertex 82.0141 -21.6221 3
    endloop
  endfacet
  facet normal 0 0 1
    outer loop
      vertex 85.1219 -22.2584 3
      vertex 81.8939 -21.2423 3
      vertex 84.77 -22.4319 3
    endloop
  endfacet
  facet normal -0 -0 1
    outer loop
      vertex 81.8939 -21.2423 3
      vertex 85.1219 -22.2584 3
      vertex 81.745 -20.8728 3
    endloop
  endfacet
  facet normal -0 -0 1
    outer loop
      vertex 81.745 -20.8728 3
      vertex 85.1219 -22.2584 3
      vertex 81.5683 -20.5159 3
    endloop
  endfacet
  facet normal 0 0 1
    outer loop
      vertex 85.4935 -22.1322 3
      vertex 81.5683 -20.5159 3
      vertex 85.1219 -22.2584 3
    endloop
  endfacet
  facet normal -0 -0 1
    outer loop
      vertex 81.5683 -20.5159 3
      vertex 85.4935 -22.1322 3
      vertex 81.3647 -20.1734 3
    endloop
  endfacet
  facet normal 0 0 1
    outer loop
      vertex 85.8784 -22.0557 3
      vertex 81.3647 -20.1734 3
      vertex 85.4935 -22.1322 3
    endloop
  endfacet
  facet normal -0 -0 1
    outer loop
      vertex 81.1355 -19.8476 3
      vertex 86.27 -22.03 3
      vertex 80.8821 -19.5403 3
    endloop
  endfacet
  facet normal -0 -0 1
    outer loop
      vertex 80.6059 -19.2533 3
      vertex 86.6616 -22.0557 3
      vertex 80.3085 -18.9883 3
    endloop
  endfacet
  facet normal 0 0 1
    outer loop
      vertex 115.5 -2.5 3
      vertex 79.6573 -18.5302 3
      vertex 79.9917 -18.7468 3
    endloop
  endfacet
  facet normal 0 0 1
    outer loop
      vertex 115.5 -2.5 3
      vertex 79.3073 -18.3399 3
      vertex 79.6573 -18.5302 3
    endloop
  endfacet
  facet normal 0 0 1
    outer loop
      vertex 115.5 -2.5 3
      vertex 78.9438 -18.177 3
      vertex 79.3073 -18.3399 3
    endloop
  endfacet
  facet normal 0 0 1
    outer loop
      vertex 115.5 -2.5 3
      vertex 78.569 -18.0423 3
      vertex 78.9438 -18.177 3
    endloop
  endfacet
  facet normal 0 0 1
    outer loop
      vertex 115.5 -2.5 3
      vertex 78.1848 -17.9368 3
      vertex 78.569 -18.0423 3
    endloop
  endfacet
  facet normal 0 0 1
    outer loop
      vertex 115.5 -2.5 3
      vertex 77.7938 -17.8609 3
      vertex 78.1848 -17.9368 3
    endloop
  endfacet
  facet normal 0 0 1
    outer loop
      vertex 115.5 -2.5 3
      vertex 77.3981 -17.8153 3
      vertex 77.7938 -17.8609 3
    endloop
  endfacet
  facet normal 0 0 1
    outer loop
      vertex 115.5 -2.5 3
      vertex 77 -17.8 3
      vertex 77.3981 -17.8153 3
    endloop
  endfacet
  facet normal -0 0 1
    outer loop
      vertex 2.5 -2.5 3
      vertex 77 -17.8 3
      vertex 115.5 -2.5 3
    endloop
  endfacet
  facet normal 0 0 1
    outer loop
      vertex 77 -17.8 3
      vertex 2.5 -2.5 3
      vertex 17 -17.8 3
    endloop
  endfacet
  facet normal 0 0 1
    outer loop
      vertex 17 -17.8 3
      vertex 2.5 -2.5 3
      vertex 16.4036 -17.8343 3
    endloop
  endfacet
  facet normal 0 0 1
    outer loop
      vertex 10.8043 -25.4216 3
      vertex 11.8 -23 3
      vertex 10.83 -25.03 3
    endloop
  endfacet
  facet normal 0 0 1
    outer loop
      vertex 10.2101 -23.2037 3
      vertex 11.8 -23 3
      vertex 11.8153 -22.6019 3
    endloop
  endfacet
  facet normal 0 0 1
    outer loop
      vertex 9.95132 -22.9087 3
      vertex 11.8153 -22.6019 3
      vertex 11.8609 -22.2062 3
    endloop
  endfacet
  facet normal 0 0 1
    outer loop
      vertex 9.65628 -22.6499 3
      vertex 11.8609 -22.2062 3
      vertex 11.9368 -21.8152 3
    endloop
  endfacet
  facet normal 0 0 1
    outer loop
      vertex 9.65628 -22.6499 3
      vertex 11.9368 -21.8152 3
      vertex 12.0423 -21.431 3
    endloop
  endfacet
  facet normal 0 0 1
    outer loop
      vertex 11.8 -23 3
      vertex 10.8043 -24.6384 3
      vertex 10.83 -25.03 3
    endloop
  endfacet
  facet normal 0 0 1
    outer loop
      vertex 9.33 -22.4319 3
      vertex 12.0423 -21.431 3
      vertex 12.177 -21.0562 3
    endloop
  endfacet
  facet normal 0 0 1
    outer loop
      vertex 11.8 -23 3
      vertex 10.7278 -24.2535 3
      vertex 10.8043 -24.6384 3
    endloop
  endfacet
  facet normal 0 0 1
    outer loop
      vertex 8.97805 -22.2584 3
      vertex 12.177 -21.0562 3
      vertex 12.3399 -20.6927 3
    endloop
  endfacet
  facet normal 0 0 1
    outer loop
      vertex 11.8 -23 3
      vertex 10.6016 -23.882 3
      vertex 10.7278 -24.2535 3
    endloop
  endfacet
  facet normal 0 0 1
    outer loop
      vertex 8.60646 -22.1322 3
      vertex 12.3399 -20.6927 3
      vertex 12.5302 -20.3427 3
    endloop
  endfacet
  facet normal 0 0 1
    outer loop
      vertex 11.8 -23 3
      vertex 10.4281 -23.53 3
      vertex 10.6016 -23.882 3
    endloop
  endfacet
  facet normal 0 0 1
    outer loop
      vertex 8.22158 -22.0557 3
      vertex 12.5302 -20.3427 3
      vertex 12.7468 -20.0083 3
    endloop
  endfacet
  facet normal 0 0 1
    outer loop
      vertex 11.8 -23 3
      vertex 10.2101 -23.2037 3
      vertex 10.4281 -23.53 3
    endloop
  endfacet
  facet normal 0 0 1
    outer loop
      vertex 8.22158 -22.0557 3
      vertex 12.7468 -20.0083 3
      vertex 12.9882 -19.6915 3
    endloop
  endfacet
  facet normal 0 0 1
    outer loop
      vertex 11.8153 -22.6019 3
      vertex 9.95132 -22.9087 3
      vertex 10.2101 -23.2037 3
    endloop
  endfacet
  facet normal 0 0 1
    outer loop
      vertex 7.83 -22.03 3
      vertex 12.9882 -19.6915 3
      vertex 13.2533 -19.3941 3
    endloop
  endfacet
  facet normal 0 0 1
    outer loop
      vertex 11.8609 -22.2062 3
      vertex 9.65628 -22.6499 3
      vertex 9.95132 -22.9087 3
    endloop
  endfacet
  facet normal 0 0 1
    outer loop
      vertex 7.43842 -22.0557 3
      vertex 13.2533 -19.3941 3
      vertex 13.5403 -19.1179 3
    endloop
  endfacet
  facet normal 0 0 1
    outer loop
      vertex 12.0423 -21.431 3
      vertex 9.33 -22.4319 3
      vertex 9.65628 -22.6499 3
    endloop
  endfacet
  facet normal 0 0 1
    outer loop
      vertex 2.5 -2.5 3
      vertex 13.5403 -19.1179 3
      vertex 13.8476 -18.8645 3
    endloop
  endfacet
  facet normal 0 0 1
    outer loop
      vertex 12.177 -21.0562 3
      vertex 8.97805 -22.2584 3
      vertex 9.33 -22.4319 3
    endloop
  endfacet
  facet normal 0 0 1
    outer loop
      vertex 2.5 -2.5 3
      vertex 13.8476 -18.8645 3
      vertex 14.1734 -18.6353 3
    endloop
  endfacet
  facet normal 0 0 1
    outer loop
      vertex 12.3399 -20.6927 3
      vertex 8.60646 -22.1322 3
      vertex 8.97805 -22.2584 3
    endloop
  endfacet
  facet normal 0 0 1
    outer loop
      vertex 12.5302 -20.3427 3
      vertex 8.22158 -22.0557 3
      vertex 8.60646 -22.1322 3
    endloop
  endfacet
  facet normal 0 0 1
    outer loop
      vertex 2.5 -2.5 3
      vertex 14.1734 -18.6353 3
      vertex 14.5159 -18.4317 3
    endloop
  endfacet
  facet normal 0 0 1
    outer loop
      vertex 12.9882 -19.6915 3
      vertex 7.83 -22.03 3
      vertex 8.22158 -22.0557 3
    endloop
  endfacet
  facet normal 0 0 1
    outer loop
      vertex 13.2533 -19.3941 3
      vertex 7.43842 -22.0557 3
      vertex 7.83 -22.03 3
    endloop
  endfacet
  facet normal 0 0 1
    outer loop
      vertex 13.5403 -19.1179 3
      vertex 2.5 -2.5 3
      vertex 7.43842 -22.0557 3
    endloop
  endfacet
  facet normal 0 0 1
    outer loop
      vertex 7.43842 -22.0557 3
      vertex 2.5 -2.5 3
      vertex 7.05354 -22.1322 3
    endloop
  endfacet
  facet normal 0 0 1
    outer loop
      vertex 2.5 -2.5 3
      vertex 14.5159 -18.4317 3
      vertex 14.8728 -18.255 3
    endloop
  endfacet
  facet normal 0 0 1
    outer loop
      vertex 4.83 -25.03 3
      vertex 2.5 -2.5 3
      vertex 4.83 -66.97 3
    endloop
  endfacet
  facet normal 0 0 1
    outer loop
      vertex 4.85567 -24.6384 3
      vertex 2.5 -2.5 3
      vertex 4.83 -25.03 3
    endloop
  endfacet
  facet normal 0 0 1
    outer loop
      vertex 4.93222 -24.2535 3
      vertex 2.5 -2.5 3
      vertex 4.85567 -24.6384 3
    endloop
  endfacet
  facet normal 0 0 1
    outer loop
      vertex 5.05836 -23.882 3
      vertex 2.5 -2.5 3
      vertex 4.93222 -24.2535 3
    endloop
  endfacet
  facet normal 0 0 1
    outer loop
      vertex 5.23192 -23.53 3
      vertex 2.5 -2.5 3
      vertex 5.05836 -23.882 3
    endloop
  endfacet
  facet normal 0 0 1
    outer loop
      vertex 5.44994 -23.2037 3
      vertex 2.5 -2.5 3
      vertex 5.23192 -23.53 3
    endloop
  endfacet
  facet normal 0 0 1
    outer loop
      vertex 5.70868 -22.9087 3
      vertex 2.5 -2.5 3
      vertex 5.44994 -23.2037 3
    endloop
  endfacet
  facet normal 0 0 1
    outer loop
      vertex 6.00372 -22.6499 3
      vertex 2.5 -2.5 3
      vertex 5.70868 -22.9087 3
    endloop
  endfacet
  facet normal 0 0 1
    outer loop
      vertex 6.33 -22.4319 3
      vertex 2.5 -2.5 3
      vertex 6.00372 -22.6499 3
    endloop
  endfacet
  facet normal 0 0 1
    outer loop
      vertex 6.68195 -22.2584 3
      vertex 2.5 -2.5 3
      vertex 6.33 -22.4319 3
    endloop
  endfacet
  facet normal 0 0 1
    outer loop
      vertex 7.05354 -22.1322 3
      vertex 2.5 -2.5 3
      vertex 6.68195 -22.2584 3
    endloop
  endfacet
  facet normal 0 0 1
    outer loop
      vertex 15.2423 -18.1061 3
      vertex 2.5 -2.5 3
      vertex 14.8728 -18.255 3
    endloop
  endfacet
  facet normal 0 0 1
    outer loop
      vertex 15.6221 -17.9859 3
      vertex 2.5 -2.5 3
      vertex 15.2423 -18.1061 3
    endloop
  endfacet
  facet normal 0 0 1
    outer loop
      vertex 16.01 -17.8951 3
      vertex 2.5 -2.5 3
      vertex 15.6221 -17.9859 3
    endloop
  endfacet
  facet normal 0 0 1
    outer loop
      vertex 16.4036 -17.8343 3
      vertex 2.5 -2.5 3
      vertex 16.01 -17.8951 3
    endloop
  endfacet
  facet normal -0 0 1
    outer loop
      vertex 112.474 -54.3916 3
      vertex 115.5 -87.5 3
      vertex 112.5 -54 3
    endloop
  endfacet
  facet normal -0 0 1
    outer loop
      vertex 112.398 -54.7765 3
      vertex 115.5 -87.5 3
      vertex 112.474 -54.3916 3
    endloop
  endfacet
  facet normal -0 0 1
    outer loop
      vertex 112.272 -55.148 3
      vertex 115.5 -87.5 3
      vertex 112.398 -54.7765 3
    endloop
  endfacet
  facet normal -0 0 1
    outer loop
      vertex 112.098 -55.5 3
      vertex 115.5 -87.5 3
      vertex 112.272 -55.148 3
    endloop
  endfacet
  facet normal -0 0 1
    outer loop
      vertex 111.88 -55.8263 3
      vertex 115.5 -87.5 3
      vertex 112.098 -55.5 3
    endloop
  endfacet
  facet normal -0 0 1
    outer loop
      vertex 111.621 -56.1213 3
      vertex 115.5 -87.5 3
      vertex 111.88 -55.8263 3
    endloop
  endfacet
  facet normal -0 0 1
    outer loop
      vertex 111.326 -56.3801 3
      vertex 115.5 -87.5 3
      vertex 111.621 -56.1213 3
    endloop
  endfacet
  facet normal -0 0 1
    outer loop
      vertex 111 -56.5981 3
      vertex 115.5 -87.5 3
      vertex 111.326 -56.3801 3
    endloop
  endfacet
  facet normal 0 0 1
    outer loop
      vertex 104.687 -63.7888 3
      vertex 111 -56.5981 3
      vertex 110.648 -56.7716 3
    endloop
  endfacet
  facet normal 0 0 1
    outer loop
      vertex 104.771 -63.3985 3
      vertex 110.648 -56.7716 3
      vertex 110.276 -56.8978 3
    endloop
  endfacet
  facet normal 0 0 1
    outer loop
      vertex 104.8 -63 3
      vertex 110.276 -56.8978 3
      vertex 109.892 -56.9743 3
    endloop
  endfacet
  facet normal 0 0 1
    outer loop
      vertex 104.8 -63 3
      vertex 109.892 -56.9743 3
      vertex 109.5 -57 3
    endloop
  endfacet
  facet normal 0 0 1
    outer loop
      vertex 104.8 -63 3
      vertex 109.5 -57 3
      vertex 109.108 -56.9743 3
    endloop
  endfacet
  facet normal 0 0 1
    outer loop
      vertex 104.8 -63 3
      vertex 109.108 -56.9743 3
      vertex 108.724 -56.8978 3
    endloop
  endfacet
  facet normal 0 0 1
    outer loop
      vertex 104.8 -63 3
      vertex 108.724 -56.8978 3
      vertex 108.352 -56.7716 3
    endloop
  endfacet
  facet normal 0 0 1
    outer loop
      vertex 104.8 -63 3
      vertex 108.352 -56.7716 3
      vertex 108 -56.5981 3
    endloop
  endfacet
  facet normal 0 0 1
    outer loop
      vertex 104.8 -63 3
      vertex 108 -56.5981 3
      vertex 107.674 -56.3801 3
    endloop
  endfacet
  facet normal 0 0 1
    outer loop
      vertex 104.8 -63 3
      vertex 107.674 -56.3801 3
      vertex 107.379 -56.1213 3
    endloop
  endfacet
  facet normal 0 0 1
    outer loop
      vertex 104.8 -63 3
      vertex 107.379 -56.1213 3
      vertex 107.12 -55.8263 3
    endloop
  endfacet
  facet normal 0 0 1
    outer loop
      vertex 104.8 -63 3
      vertex 107.12 -55.8263 3
      vertex 106.902 -55.5 3
    endloop
  endfacet
  facet normal 0 0 1
    outer loop
      vertex 104.8 -63 3
      vertex 106.902 -55.5 3
      vertex 106.728 -55.148 3
    endloop
  endfacet
  facet normal 0 0 1
    outer loop
      vertex 104.8 -63 3
      vertex 106.728 -55.148 3
      vertex 106.602 -54.7765 3
    endloop
  endfacet
  facet normal -0 0 1
    outer loop
      vertex 103.514 -47.3555 3
      vertex 107.379 -51.8787 3
      vertex 103.834 -47.1161 3
    endloop
  endfacet
  facet normal 0 0 1
    outer loop
      vertex 106.5 -54 3
      vertex 104.8 -63 3
      vertex 106.526 -54.3916 3
    endloop
  endfacet
  facet normal 0 0 1
    outer loop
      vertex 104.8 -63 3
      vertex 106.602 -54.7765 3
      vertex 106.526 -54.3916 3
    endloop
  endfacet
  facet normal 0 0 1
    outer loop
      vertex 110.276 -56.8978 3
      vertex 104.8 -63 3
      vertex 104.771 -63.3985 3
    endloop
  endfacet
  facet normal 0 0 1
    outer loop
      vertex 110.648 -56.7716 3
      vertex 104.771 -63.3985 3
      vertex 104.687 -63.7888 3
    endloop
  endfacet
  facet normal 0 0 1
    outer loop
      vertex 111 -56.5981 3
      vertex 104.687 -63.7888 3
      vertex 104.547 -64.1632 3
    endloop
  endfacet
  facet normal 0 0 1
    outer loop
      vertex 111 -56.5981 3
      vertex 104.547 -64.1632 3
      vertex 115.5 -87.5 3
    endloop
  endfacet
  facet normal -0 0 1
    outer loop
      vertex 104.356 -64.5138 3
      vertex 115.5 -87.5 3
      vertex 104.547 -64.1632 3
    endloop
  endfacet
  facet normal -0 0 1
    outer loop
      vertex 104.116 -64.8336 3
      vertex 115.5 -87.5 3
      vertex 104.356 -64.5138 3
    endloop
  endfacet
  facet normal -0 0 1
    outer loop
      vertex 103.834 -65.1161 3
      vertex 115.5 -87.5 3
      vertex 104.116 -64.8336 3
    endloop
  endfacet
  facet normal -0 0 1
    outer loop
      vertex 103.514 -65.3555 3
      vertex 115.5 -87.5 3
      vertex 103.834 -65.1161 3
    endloop
  endfacet
  facet normal -0 0 1
    outer loop
      vertex 103.163 -65.547 3
      vertex 115.5 -87.5 3
      vertex 103.514 -65.3555 3
    endloop
  endfacet
  facet normal -0 0 1
    outer loop
      vertex 102.789 -65.6866 3
      vertex 115.5 -87.5 3
      vertex 103.163 -65.547 3
    endloop
  endfacet
  facet normal -0 0 1
    outer loop
      vertex 102.398 -65.7715 3
      vertex 115.5 -87.5 3
      vertex 102.789 -65.6866 3
    endloop
  endfacet
  facet normal -0 0 1
    outer loop
      vertex 102 -65.8 3
      vertex 115.5 -87.5 3
      vertex 102.398 -65.7715 3
    endloop
  endfacet
  facet normal 0 0 1
    outer loop
      vertex 101.602 -65.7715 3
      vertex 115.5 -87.5 3
      vertex 102 -65.8 3
    endloop
  endfacet
  facet normal 0 0 1
    outer loop
      vertex 88.3913 -69.0913 3
      vertex 101.602 -65.7715 3
      vertex 101.211 -65.6866 3
    endloop
  endfacet
  facet normal 0 0 1
    outer loop
      vertex 88.6501 -68.7963 3
      vertex 101.211 -65.6866 3
      vertex 100.837 -65.547 3
    endloop
  endfacet
  facet normal 0 0 1
    outer loop
      vertex 88.8681 -68.47 3
      vertex 100.837 -65.547 3
      vertex 100.486 -65.3555 3
    endloop
  endfacet
  facet normal 0 0 1
    outer loop
      vertex 89.0416 -68.118 3
      vertex 100.486 -65.3555 3
      vertex 100.166 -65.1161 3
    endloop
  endfacet
  facet normal 0 0 1
    outer loop
      vertex 89.1678 -67.7465 3
      vertex 100.166 -65.1161 3
      vertex 99.8839 -64.8336 3
    endloop
  endfacet
  facet normal 0 0 1
    outer loop
      vertex 89.2443 -67.3616 3
      vertex 99.8839 -64.8336 3
      vertex 99.6445 -64.5138 3
    endloop
  endfacet
  facet normal 0 0 1
    outer loop
      vertex 100.486 -60.6445 3
      vertex 97.3263 -56.3801 3
      vertex 100.166 -60.8839 3
    endloop
  endfacet
  facet normal -0 0 1
    outer loop
      vertex 97 -56.5981 3
      vertex 100.166 -60.8839 3
      vertex 97.3263 -56.3801 3
    endloop
  endfacet
  facet normal 0 0 1
    outer loop
      vertex 100.166 -60.8839 3
      vertex 97 -56.5981 3
      vertex 99.8839 -61.1664 3
    endloop
  endfacet
  facet normal -0 0 1
    outer loop
      vertex 96.648 -56.7716 3
      vertex 99.8839 -61.1664 3
      vertex 97 -56.5981 3
    endloop
  endfacet
  facet normal 0 0 1
    outer loop
      vertex 99.8839 -61.1664 3
      vertex 96.648 -56.7716 3
      vertex 99.6445 -61.4862 3
    endloop
  endfacet
  facet normal -0 0 1
    outer loop
      vertex 96.2765 -56.8978 3
      vertex 99.6445 -61.4862 3
      vertex 96.648 -56.7716 3
    endloop
  endfacet
  facet normal 0 0 1
    outer loop
      vertex 99.6445 -61.4862 3
      vertex 96.2765 -56.8978 3
      vertex 99.453 -61.8368 3
    endloop
  endfacet
  facet normal -0 0 1
    outer loop
      vertex 95.8916 -56.9743 3
      vertex 99.453 -61.8368 3
      vertex 96.2765 -56.8978 3
    endloop
  endfacet
  facet normal -0 0 1
    outer loop
      vertex 95.5 -57 3
      vertex 99.453 -61.8368 3
      vertex 95.8916 -56.9743 3
    endloop
  endfacet
  facet normal 0 0 1
    outer loop
      vertex 99.453 -61.8368 3
      vertex 95.5 -57 3
      vertex 99.3134 -62.2111 3
    endloop
  endfacet
  facet normal 0 0 1
    outer loop
      vertex 95.1084 -56.9743 3
      vertex 99.3134 -62.2111 3
      vertex 95.5 -57 3
    endloop
  endfacet
  facet normal 0 0 1
    outer loop
      vertex 99.3134 -62.2111 3
      vertex 95.1084 -56.9743 3
      vertex 99.2285 -62.6015 3
    endloop
  endfacet
  facet normal 0 0 1
    outer loop
      vertex 94.7235 -56.8978 3
      vertex 99.2285 -62.6015 3
      vertex 95.1084 -56.9743 3
    endloop
  endfacet
  facet normal 0 0 1
    outer loop
      vertex 99.2285 -62.6015 3
      vertex 94.7235 -56.8978 3
      vertex 99.2 -63 3
    endloop
  endfacet
  facet normal 0 0 1
    outer loop
      vertex 89.27 -66.97 3
      vertex 99.2 -63 3
      vertex 94.7235 -56.8978 3
    endloop
  endfacet
  facet normal 0 0 1
    outer loop
      vertex 99.2 -63 3
      vertex 89.27 -66.97 3
      vertex 99.2285 -63.3985 3
    endloop
  endfacet
  facet normal 0 0 1
    outer loop
      vertex 99.2285 -63.3985 3
      vertex 89.27 -66.97 3
      vertex 99.3134 -63.7888 3
    endloop
  endfacet
  facet normal 0 0 1
    outer loop
      vertex 99.3134 -63.7888 3
      vertex 89.27 -66.97 3
      vertex 99.453 -64.1632 3
    endloop
  endfacet
  facet normal 0 0 1
    outer loop
      vertex 89.27 -66.97 3
      vertex 94.7235 -56.8978 3
      vertex 94.352 -56.7716 3
    endloop
  endfacet
  facet normal 0 0 1
    outer loop
      vertex 89.27 -66.97 3
      vertex 94.352 -56.7716 3
      vertex 94 -56.5981 3
    endloop
  endfacet
  facet normal 0 0 1
    outer loop
      vertex 99.453 -64.1632 3
      vertex 89.27 -66.97 3
      vertex 99.6445 -64.5138 3
    endloop
  endfacet
  facet normal 0 0 1
    outer loop
      vertex 89.27 -66.97 3
      vertex 94 -56.5981 3
      vertex 93.6737 -56.3801 3
    endloop
  endfacet
  facet normal 0 0 1
    outer loop
      vertex 89.27 -66.97 3
      vertex 93.6737 -56.3801 3
      vertex 93.3787 -56.1213 3
    endloop
  endfacet
  facet normal 0 0 1
    outer loop
      vertex 89.27 -66.97 3
      vertex 93.3787 -56.1213 3
      vertex 93.1199 -55.8263 3
    endloop
  endfacet
  facet normal 0 0 1
    outer loop
      vertex 92.5257 -53.6084 3
      vertex 89.27 -66.97 3
      vertex 92.5 -54 3
    endloop
  endfacet
  facet normal 0 0 1
    outer loop
      vertex 92.5 -54 3
      vertex 89.27 -66.97 3
      vertex 92.5257 -54.3916 3
    endloop
  endfacet
  facet normal 0 0 1
    outer loop
      vertex 89.27 -66.97 3
      vertex 92.6022 -54.7765 3
      vertex 92.5257 -54.3916 3
    endloop
  endfacet
  facet normal 0 0 1
    outer loop
      vertex 89.27 -66.97 3
      vertex 92.7284 -55.148 3
      vertex 92.6022 -54.7765 3
    endloop
  endfacet
  facet normal 0 0 1
    outer loop
      vertex 89.27 -66.97 3
      vertex 92.9019 -55.5 3
      vertex 92.7284 -55.148 3
    endloop
  endfacet
  facet normal 0 0 1
    outer loop
      vertex 89.27 -66.97 3
      vertex 93.1199 -55.8263 3
      vertex 92.9019 -55.5 3
    endloop
  endfacet
  facet normal 0 0 1
    outer loop
      vertex 99.6445 -64.5138 3
      vertex 89.27 -66.97 3
      vertex 89.2443 -67.3616 3
    endloop
  endfacet
  facet normal 0 0 1
    outer loop
      vertex 99.8839 -64.8336 3
      vertex 89.2443 -67.3616 3
      vertex 89.1678 -67.7465 3
    endloop
  endfacet
  facet normal 0 0 1
    outer loop
      vertex 100.166 -65.1161 3
      vertex 89.1678 -67.7465 3
      vertex 89.0416 -68.118 3
    endloop
  endfacet
  facet normal 0 0 1
    outer loop
      vertex 100.486 -65.3555 3
      vertex 89.0416 -68.118 3
      vertex 88.8681 -68.47 3
    endloop
  endfacet
  facet normal 0 0 1
    outer loop
      vertex 100.837 -65.547 3
      vertex 88.8681 -68.47 3
      vertex 88.6501 -68.7963 3
    endloop
  endfacet
  facet normal 0 0 1
    outer loop
      vertex 101.211 -65.6866 3
      vertex 88.6501 -68.7963 3
      vertex 88.3913 -69.0913 3
    endloop
  endfacet
  facet normal 0 0 1
    outer loop
      vertex 101.602 -65.7715 3
      vertex 88.3913 -69.0913 3
      vertex 88.0963 -69.3501 3
    endloop
  endfacet
  facet normal 0 0 1
    outer loop
      vertex 101.602 -65.7715 3
      vertex 88.0963 -69.3501 3
      vertex 115.5 -87.5 3
    endloop
  endfacet
  facet normal -0 0 1
    outer loop
      vertex 87.77 -69.5681 3
      vertex 115.5 -87.5 3
      vertex 88.0963 -69.3501 3
    endloop
  endfacet
  facet normal -0 0 1
    outer loop
      vertex 87.4181 -69.7416 3
      vertex 115.5 -87.5 3
      vertex 87.77 -69.5681 3
    endloop
  endfacet
  facet normal -0 0 1
    outer loop
      vertex 87.0465 -69.8678 3
      vertex 115.5 -87.5 3
      vertex 87.4181 -69.7416 3
    endloop
  endfacet
  facet normal 0 0 1
    outer loop
      vertex 80.1524 -73.1355 3
      vertex 87.0465 -69.8678 3
      vertex 86.6616 -69.9443 3
    endloop
  endfacet
  facet normal 0 0 1
    outer loop
      vertex 80.7467 -72.6059 3
      vertex 86.6616 -69.9443 3
      vertex 86.27 -69.97 3
    endloop
  endfacet
  facet normal 0 0 1
    outer loop
      vertex 81.0117 -72.3085 3
      vertex 86.27 -69.97 3
      vertex 85.8784 -69.9443 3
    endloop
  endfacet
  facet normal 0 0 1
    outer loop
      vertex 81.4698 -71.6573 3
      vertex 85.8784 -69.9443 3
      vertex 85.4935 -69.8678 3
    endloop
  endfacet
  facet normal 0 0 1
    outer loop
      vertex 81.6601 -71.3073 3
      vertex 85.4935 -69.8678 3
      vertex 85.1219 -69.7416 3
    endloop
  endfacet
  facet normal 0 0 1
    outer loop
      vertex 81.823 -70.9438 3
      vertex 85.1219 -69.7416 3
      vertex 84.77 -69.5681 3
    endloop
  endfacet
  facet normal 0 0 1
    outer loop
      vertex 83.2957 -66.5784 3
      vertex 82.2 -69 3
      vertex 83.27 -66.97 3
    endloop
  endfacet
  facet normal 0 0 1
    outer loop
      vertex 82.2 -69 3
      vertex 83.2957 -67.3616 3
      vertex 83.27 -66.97 3
    endloop
  endfacet
  facet normal 0 0 1
    outer loop
      vertex 82.2 -69 3
      vertex 83.3722 -67.7465 3
      vertex 83.2957 -67.3616 3
    endloop
  endfacet
  facet normal 0 0 1
    outer loop
      vertex 82.2 -69 3
      vertex 83.4984 -68.118 3
      vertex 83.3722 -67.7465 3
    endloop
  endfacet
  facet normal 0 0 1
    outer loop
      vertex 82.2 -69 3
      vertex 83.6719 -68.47 3
      vertex 83.4984 -68.118 3
    endloop
  endfacet
  facet normal 0 0 1
    outer loop
      vertex 82.2 -69 3
      vertex 83.8899 -68.7963 3
      vertex 83.6719 -68.47 3
    endloop
  endfacet
  facet normal 0 0 1
    outer loop
      vertex 82.1847 -69.3981 3
      vertex 83.8899 -68.7963 3
      vertex 82.2 -69 3
    endloop
  endfacet
  facet normal 0 0 1
    outer loop
      vertex 83.8899 -68.7963 3
      vertex 82.1847 -69.3981 3
      vertex 84.1487 -69.0913 3
    endloop
  endfacet
  facet normal 0 0 1
    outer loop
      vertex 82.1391 -69.7938 3
      vertex 84.1487 -69.0913 3
      vertex 82.1847 -69.3981 3
    endloop
  endfacet
  facet normal 0 0 1
    outer loop
      vertex 84.1487 -69.0913 3
      vertex 82.1391 -69.7938 3
      vertex 84.4437 -69.3501 3
    endloop
  endfacet
  facet normal 0 0 1
    outer loop
      vertex 82.0632 -70.1848 3
      vertex 84.4437 -69.3501 3
      vertex 82.1391 -69.7938 3
    endloop
  endfacet
  facet normal 0 0 1
    outer loop
      vertex 81.9577 -70.569 3
      vertex 84.4437 -69.3501 3
      vertex 82.0632 -70.1848 3
    endloop
  endfacet
  facet normal 0 0 1
    outer loop
      vertex 84.4437 -69.3501 3
      vertex 81.9577 -70.569 3
      vertex 84.77 -69.5681 3
    endloop
  endfacet
  facet normal 0 0 1
    outer loop
      vertex 81.823 -70.9438 3
      vertex 84.77 -69.5681 3
      vertex 81.9577 -70.569 3
    endloop
  endfacet
  facet normal 0 0 1
    outer loop
      vertex 85.1219 -69.7416 3
      vertex 81.823 -70.9438 3
      vertex 81.6601 -71.3073 3
    endloop
  endfacet
  facet normal 0 0 1
    outer loop
      vertex 85.4935 -69.8678 3
      vertex 81.6601 -71.3073 3
      vertex 81.4698 -71.6573 3
    endloop
  endfacet
  facet normal 0 0 1
    outer loop
      vertex 85.8784 -69.9443 3
      vertex 81.4698 -71.6573 3
      vertex 81.2532 -71.9917 3
    endloop
  endfacet
  facet normal 0 0 1
    outer loop
      vertex 85.8784 -69.9443 3
      vertex 81.2532 -71.9917 3
      vertex 81.0117 -72.3085 3
    endloop
  endfacet
  facet normal 0 0 1
    outer loop
      vertex 86.27 -69.97 3
      vertex 81.0117 -72.3085 3
      vertex 80.7467 -72.6059 3
    endloop
  endfacet
  facet normal 0 0 1
    outer loop
      vertex 86.6616 -69.9443 3
      vertex 80.7467 -72.6059 3
      vertex 80.4597 -72.8821 3
    endloop
  endfacet
  facet normal 0 0 1
    outer loop
      vertex 86.6616 -69.9443 3
      vertex 80.4597 -72.8821 3
      vertex 80.1524 -73.1355 3
    endloop
  endfacet
  facet normal 0 0 1
    outer loop
      vertex 87.0465 -69.8678 3
      vertex 80.1524 -73.1355 3
      vertex 115.5 -87.5 3
    endloop
  endfacet
  facet normal -0 0 1
    outer loop
      vertex 79.8266 -73.3647 3
      vertex 115.5 -87.5 3
      vertex 80.1524 -73.1355 3
    endloop
  endfacet
  facet normal -0 0 1
    outer loop
      vertex 79.4841 -73.5683 3
      vertex 115.5 -87.5 3
      vertex 79.8266 -73.3647 3
    endloop
  endfacet
  facet normal -0 0 1
    outer loop
      vertex 79.1272 -73.745 3
      vertex 115.5 -87.5 3
      vertex 79.4841 -73.5683 3
    endloop
  endfacet
  facet normal -0 0 1
    outer loop
      vertex 78.7577 -73.8939 3
      vertex 115.5 -87.5 3
      vertex 79.1272 -73.745 3
    endloop
  endfacet
  facet normal -0 0 1
    outer loop
      vertex 78.3779 -74.0141 3
      vertex 115.5 -87.5 3
      vertex 78.7577 -73.8939 3
    endloop
  endfacet
  facet normal -0 0 1
    outer loop
      vertex 77.99 -74.1049 3
      vertex 115.5 -87.5 3
      vertex 78.3779 -74.0141 3
    endloop
  endfacet
  facet normal -0 0 1
    outer loop
      vertex 77.5964 -74.1657 3
      vertex 115.5 -87.5 3
      vertex 77.99 -74.1049 3
    endloop
  endfacet
  facet normal -0 0 1
    outer loop
      vertex 77 -74.2 3
      vertex 115.5 -87.5 3
      vertex 77.5964 -74.1657 3
    endloop
  endfacet
  facet normal 0 0 1
    outer loop
      vertex 2.5 -87.5 3
      vertex 77 -74.2 3
      vertex 17 -74.2 3
    endloop
  endfacet
  facet normal 0 0 1
    outer loop
      vertex 2.5 -87.5 3
      vertex 17 -74.2 3
      vertex 16.6019 -74.1847 3
    endloop
  endfacet
  facet normal 0 0 1
    outer loop
      vertex 2.5 -87.5 3
      vertex 16.6019 -74.1847 3
      vertex 16.2062 -74.1391 3
    endloop
  endfacet
  facet normal 0 0 1
    outer loop
      vertex 10.7278 -25.8065 3
      vertex 11.8 -23 3
      vertex 10.8043 -25.4216 3
    endloop
  endfacet
  facet normal -0 0 1
    outer loop
      vertex 10.8043 -67.3616 3
      vertex 11.8 -69 3
      vertex 10.83 -66.97 3
    endloop
  endfacet
  facet normal -0 0 1
    outer loop
      vertex 10.7278 -67.7465 3
      vertex 11.8 -69 3
      vertex 10.8043 -67.3616 3
    endloop
  endfacet
  facet normal -0 0 1
    outer loop
      vertex 10.6016 -68.118 3
      vertex 11.8 -69 3
      vertex 10.7278 -67.7465 3
    endloop
  endfacet
  facet normal -0 0 1
    outer loop
      vertex 10.4281 -68.47 3
      vertex 11.8 -69 3
      vertex 10.6016 -68.118 3
    endloop
  endfacet
  facet normal -0 0 1
    outer loop
      vertex 10.2101 -68.7963 3
      vertex 11.8 -69 3
      vertex 10.4281 -68.47 3
    endloop
  endfacet
  facet normal 0 0 1
    outer loop
      vertex 11.8 -69 3
      vertex 10.2101 -68.7963 3
      vertex 11.8343 -69.5964 3
    endloop
  endfacet
  facet normal -0 0 1
    outer loop
      vertex 9.95132 -69.0913 3
      vertex 11.8343 -69.5964 3
      vertex 10.2101 -68.7963 3
    endloop
  endfacet
  facet normal 0 0 1
    outer loop
      vertex 11.8343 -69.5964 3
      vertex 9.95132 -69.0913 3
      vertex 11.8951 -69.99 3
    endloop
  endfacet
  facet normal -0 0 1
    outer loop
      vertex 9.65628 -69.3501 3
      vertex 11.8951 -69.99 3
      vertex 9.95132 -69.0913 3
    endloop
  endfacet
  facet normal 0 0 1
    outer loop
      vertex 11.8951 -69.99 3
      vertex 9.65628 -69.3501 3
      vertex 11.9859 -70.3779 3
    endloop
  endfacet
  facet normal -0 0 1
    outer loop
      vertex 9.33 -69.5681 3
      vertex 11.9859 -70.3779 3
      vertex 9.65628 -69.3501 3
    endloop
  endfacet
  facet normal 0 0 1
    outer loop
      vertex 11.9859 -70.3779 3
      vertex 9.33 -69.5681 3
      vertex 12.1061 -70.7577 3
    endloop
  endfacet
  facet normal -0 0 1
    outer loop
      vertex 8.97805 -69.7416 3
      vertex 12.1061 -70.7577 3
      vertex 9.33 -69.5681 3
    endloop
  endfacet
  facet normal 0 0 1
    outer loop
      vertex 12.1061 -70.7577 3
      vertex 8.97805 -69.7416 3
      vertex 12.255 -71.1272 3
    endloop
  endfacet
  facet normal -0 0 1
    outer loop
      vertex 8.60646 -69.8678 3
      vertex 12.255 -71.1272 3
      vertex 8.97805 -69.7416 3
    endloop
  endfacet
  facet normal 0 0 1
    outer loop
      vertex 12.255 -71.1272 3
      vertex 8.60646 -69.8678 3
      vertex 12.4317 -71.4841 3
    endloop
  endfacet
  facet normal 0 0 1
    outer loop
      vertex 12.4317 -71.4841 3
      vertex 8.60646 -69.8678 3
      vertex 12.6353 -71.8266 3
    endloop
  endfacet
  facet normal -0 0 1
    outer loop
      vertex 8.22158 -69.9443 3
      vertex 12.6353 -71.8266 3
      vertex 8.60646 -69.8678 3
    endloop
  endfacet
  facet normal 0 0 1
    outer loop
      vertex 12.6353 -71.8266 3
      vertex 8.22158 -69.9443 3
      vertex 12.8645 -72.1524 3
    endloop
  endfacet
  facet normal -0 0 1
    outer loop
      vertex 7.83 -69.97 3
      vertex 12.8645 -72.1524 3
      vertex 8.22158 -69.9443 3
    endloop
  endfacet
  facet normal 0 0 1
    outer loop
      vertex 12.8645 -72.1524 3
      vertex 7.83 -69.97 3
      vertex 13.1179 -72.4597 3
    endloop
  endfacet
  facet normal 0 0 1
    outer loop
      vertex 13.1179 -72.4597 3
      vertex 7.83 -69.97 3
      vertex 13.3941 -72.7467 3
    endloop
  endfacet
  facet normal 0 0 1
    outer loop
      vertex 7.43842 -69.9443 3
      vertex 13.3941 -72.7467 3
      vertex 7.83 -69.97 3
    endloop
  endfacet
  facet normal 0 0 1
    outer loop
      vertex 2.5 -87.5 3
      vertex 13.3941 -72.7467 3
      vertex 7.43842 -69.9443 3
    endloop
  endfacet
  facet normal 0 0 1
    outer loop
      vertex 13.3941 -72.7467 3
      vertex 2.5 -87.5 3
      vertex 13.6915 -73.0117 3
    endloop
  endfacet
  facet normal 0 0 1
    outer loop
      vertex 14.0083 -73.2532 3
      vertex 2.5 -87.5 3
      vertex 14.3427 -73.4698 3
    endloop
  endfacet
  facet normal 0 0 1
    outer loop
      vertex 13.6915 -73.0117 3
      vertex 2.5 -87.5 3
      vertex 14.0083 -73.2532 3
    endloop
  endfacet
  facet normal 0 0 1
    outer loop
      vertex 2.5 -87.5 3
      vertex 7.43842 -69.9443 3
      vertex 7.05354 -69.8678 3
    endloop
  endfacet
  facet normal 0 0 1
    outer loop
      vertex 2.5 -87.5 3
      vertex 7.05354 -69.8678 3
      vertex 6.68195 -69.7416 3
    endloop
  endfacet
  facet normal 0 0 1
    outer loop
      vertex 77 -74.2 3
      vertex 2.5 -87.5 3
      vertex 115.5 -87.5 3
    endloop
  endfacet
  facet normal 0 0 1
    outer loop
      vertex 15.8152 -74.0632 3
      vertex 2.5 -87.5 3
      vertex 16.2062 -74.1391 3
    endloop
  endfacet
  facet normal 0 0 1
    outer loop
      vertex 15.431 -73.9577 3
      vertex 2.5 -87.5 3
      vertex 15.8152 -74.0632 3
    endloop
  endfacet
  facet normal 0 0 1
    outer loop
      vertex 15.0562 -73.823 3
      vertex 2.5 -87.5 3
      vertex 15.431 -73.9577 3
    endloop
  endfacet
  facet normal 0 0 1
    outer loop
      vertex 14.6927 -73.6601 3
      vertex 2.5 -87.5 3
      vertex 15.0562 -73.823 3
    endloop
  endfacet
  facet normal 0 0 1
    outer loop
      vertex 14.3427 -73.4698 3
      vertex 2.5 -87.5 3
      vertex 14.6927 -73.6601 3
    endloop
  endfacet
  facet normal 0 0 1
    outer loop
      vertex 6.33 -69.5681 3
      vertex 2.5 -87.5 3
      vertex 6.68195 -69.7416 3
    endloop
  endfacet
  facet normal 0 0 1
    outer loop
      vertex 6.00372 -69.3501 3
      vertex 2.5 -87.5 3
      vertex 6.33 -69.5681 3
    endloop
  endfacet
  facet normal 0 0 1
    outer loop
      vertex 5.70868 -69.0913 3
      vertex 2.5 -87.5 3
      vertex 6.00372 -69.3501 3
    endloop
  endfacet
  facet normal 0 0 1
    outer loop
      vertex 5.44994 -68.7963 3
      vertex 2.5 -87.5 3
      vertex 5.70868 -69.0913 3
    endloop
  endfacet
  facet normal 0 0 1
    outer loop
      vertex 5.23192 -68.47 3
      vertex 2.5 -87.5 3
      vertex 5.44994 -68.7963 3
    endloop
  endfacet
  facet normal 0 0 1
    outer loop
      vertex 5.05836 -68.118 3
      vertex 2.5 -87.5 3
      vertex 5.23192 -68.47 3
    endloop
  endfacet
  facet normal 0 0 1
    outer loop
      vertex 4.93222 -67.7465 3
      vertex 2.5 -87.5 3
      vertex 5.05836 -68.118 3
    endloop
  endfacet
  facet normal 0 0 1
    outer loop
      vertex 4.85567 -67.3616 3
      vertex 2.5 -87.5 3
      vertex 4.93222 -67.7465 3
    endloop
  endfacet
  facet normal 0 0 1
    outer loop
      vertex 4.83 -66.97 3
      vertex 2.5 -87.5 3
      vertex 4.85567 -67.3616 3
    endloop
  endfacet
  facet normal 0 0 1
    outer loop
      vertex 2.5 -87.5 3
      vertex 4.83 -66.97 3
      vertex 2.5 -2.5 3
    endloop
  endfacet
  facet normal 1 -0 0
    outer loop
      vertex 115.3 -87.3 27.99
      vertex 115.3 -2.7 21.99
      vertex 115.3 -2.7 27.99
    endloop
  endfacet
  facet normal 1 0 0
    outer loop
      vertex 115.3 -2.7 21.99
      vertex 115.3 -87.3 27.99
      vertex 115.3 -87.3 21.99
    endloop
  endfacet
  facet normal 0 -1 0
    outer loop
      vertex 30 -87.3 21.99
      vertex 30 -87.3 27.99
      vertex 2.7 -87.3 27.99
    endloop
  endfacet
  facet normal 0 -1 0
    outer loop
      vertex 30 -87.3 27.99
      vertex 33.8112 -87.3 27.3863
      vertex 33.9887 -87.3 27.7347
    endloop
  endfacet
  facet normal -0 -1 0
    outer loop
      vertex 33.8112 -87.3 26.6137
      vertex 30 -87.3 27.99
      vertex 30 -87.3 21.99
    endloop
  endfacet
  facet normal 0 -1 0
    outer loop
      vertex 30 -87.3 27.99
      vertex 33.75 -87.3 27
      vertex 33.8112 -87.3 27.3863
    endloop
  endfacet
  facet normal 0 -1 0
    outer loop
      vertex 30 -87.3 27.99
      vertex 33.8112 -87.3 26.6137
      vertex 33.75 -87.3 27
    endloop
  endfacet
  facet normal 0 -1 -0
    outer loop
      vertex 33.8112 -87.3 26.6137
      vertex 30 -87.3 21.99
      vertex 33.9887 -87.3 26.2653
    endloop
  endfacet
  facet normal 0 -1 -0
    outer loop
      vertex 33.9887 -87.3 26.2653
      vertex 30 -87.3 21.99
      vertex 34.2653 -87.3 25.9887
    endloop
  endfacet
  facet normal 0 -1 -0
    outer loop
      vertex 34.2653 -87.3 25.9887
      vertex 30 -87.3 21.99
      vertex 34.6137 -87.3 25.8112
    endloop
  endfacet
  facet normal 0 -1 -0
    outer loop
      vertex 34.6137 -87.3 25.8112
      vertex 30 -87.3 21.99
      vertex 35 -87.3 25.75
    endloop
  endfacet
  facet normal 0 -1 0
    outer loop
      vertex 30 -87.3 21.99
      vertex 2.7 -87.3 27.99
      vertex 2.7 -87.3 21.99
    endloop
  endfacet
  facet normal 0 -1 0
    outer loop
      vertex 30 -87.3 31
      vertex 35 -87.3 28.25
      vertex 40 -87.3 31
    endloop
  endfacet
  facet normal 0 -1 0
    outer loop
      vertex 30 -87.3 31
      vertex 34.6137 -87.3 28.1888
      vertex 35 -87.3 28.25
    endloop
  endfacet
  facet normal 0 -1 0
    outer loop
      vertex 30 -87.3 31
      vertex 34.2653 -87.3 28.0113
      vertex 34.6137 -87.3 28.1888
    endloop
  endfacet
  facet normal 0 -1 0
    outer loop
      vertex 33.9887 -87.3 27.7347
      vertex 30 -87.3 31
      vertex 30 -87.3 27.99
    endloop
  endfacet
  facet normal 0 -1 0
    outer loop
      vertex 30 -87.3 31
      vertex 33.9887 -87.3 27.7347
      vertex 34.2653 -87.3 28.0113
    endloop
  endfacet
  facet normal 0 -1 0
    outer loop
      vertex 35.3863 -87.3 28.1888
      vertex 40 -87.3 31
      vertex 35 -87.3 28.25
    endloop
  endfacet
  facet normal 0 -1 0
    outer loop
      vertex 35.7347 -87.3 28.0113
      vertex 40 -87.3 31
      vertex 35.3863 -87.3 28.1888
    endloop
  endfacet
  facet normal 0 -1 0
    outer loop
      vertex 36.0113 -87.3 27.7347
      vertex 40 -87.3 31
      vertex 35.7347 -87.3 28.0113
    endloop
  endfacet
  facet normal 0 -1 0
    outer loop
      vertex 36.1888 -87.3 27.3863
      vertex 40 -87.3 27.99
      vertex 36.0113 -87.3 27.7347
    endloop
  endfacet
  facet normal 0 -1 -0
    outer loop
      vertex 40 -87.3 31
      vertex 36.0113 -87.3 27.7347
      vertex 40 -87.3 27.99
    endloop
  endfacet
  facet normal 0 -1 0
    outer loop
      vertex 70 -87.3 31
      vertex 75 -87.3 28.25
      vertex 80 -87.3 31
    endloop
  endfacet
  facet normal 0 -1 0
    outer loop
      vertex 70 -87.3 31
      vertex 74.6137 -87.3 28.1888
      vertex 75 -87.3 28.25
    endloop
  endfacet
  facet normal 0 -1 0
    outer loop
      vertex 70 -87.3 31
      vertex 74.2653 -87.3 28.0113
      vertex 74.6137 -87.3 28.1888
    endloop
  endfacet
  facet normal 0 -1 0
    outer loop
      vertex 73.9887 -87.3 27.7347
      vertex 70 -87.3 31
      vertex 70 -87.3 27.99
    endloop
  endfacet
  facet normal 0 -1 0
    outer loop
      vertex 36.25 -87.3 27
      vertex 40 -87.3 27.99
      vertex 36.1888 -87.3 27.3863
    endloop
  endfacet
  facet normal 0 -1 0
    outer loop
      vertex 70 -87.3 31
      vertex 73.9887 -87.3 27.7347
      vertex 74.2653 -87.3 28.0113
    endloop
  endfacet
  facet normal 0 -1 0
    outer loop
      vertex 36.1888 -87.3 26.6137
      vertex 40 -87.3 27.99
      vertex 36.25 -87.3 27
    endloop
  endfacet
  facet normal 0 -1 0
    outer loop
      vertex 70 -87.3 27.99
      vertex 73.8112 -87.3 27.3863
      vertex 73.9887 -87.3 27.7347
    endloop
  endfacet
  facet normal 0 -1 0
    outer loop
      vertex 36.0113 -87.3 26.2653
      vertex 40 -87.3 27.99
      vertex 36.1888 -87.3 26.6137
    endloop
  endfacet
  facet normal 0 -1 0
    outer loop
      vertex 70 -87.3 27.99
      vertex 73.75 -87.3 27
      vertex 73.8112 -87.3 27.3863
    endloop
  endfacet
  facet normal 0 -1 0
    outer loop
      vertex 35.7347 -87.3 25.9887
      vertex 40 -87.3 27.99
      vertex 36.0113 -87.3 26.2653
    endloop
  endfacet
  facet normal 0 -1 0
    outer loop
      vertex 70 -87.3 27.99
      vertex 73.8112 -87.3 26.6137
      vertex 73.75 -87.3 27
    endloop
  endfacet
  facet normal 0 -1 -0
    outer loop
      vertex 40 -87.3 27.99
      vertex 35.7347 -87.3 25.9887
      vertex 70 -87.3 27.99
    endloop
  endfacet
  facet normal 0 -1 0
    outer loop
      vertex 70 -87.3 27.99
      vertex 73.9887 -87.3 26.2653
      vertex 73.8112 -87.3 26.6137
    endloop
  endfacet
  facet normal 0 -1 0
    outer loop
      vertex 74.2653 -87.3 25.9887
      vertex 70 -87.3 27.99
      vertex 35.7347 -87.3 25.9887
    endloop
  endfacet
  facet normal 0 -1 0
    outer loop
      vertex 70 -87.3 27.99
      vertex 74.2653 -87.3 25.9887
      vertex 73.9887 -87.3 26.2653
    endloop
  endfacet
  facet normal 0 -1 0
    outer loop
      vertex 35.3863 -87.3 25.8112
      vertex 74.2653 -87.3 25.9887
      vertex 35.7347 -87.3 25.9887
    endloop
  endfacet
  facet normal 0 -1 0
    outer loop
      vertex 35.3863 -87.3 25.8112
      vertex 74.6137 -87.3 25.8112
      vertex 74.2653 -87.3 25.9887
    endloop
  endfacet
  facet normal 0 -1 0
    outer loop
      vertex 35 -87.3 25.75
      vertex 74.6137 -87.3 25.8112
      vertex 35.3863 -87.3 25.8112
    endloop
  endfacet
  facet normal 0 -1 -0
    outer loop
      vertex 74.6137 -87.3 25.8112
      vertex 35 -87.3 25.75
      vertex 75 -87.3 25.75
    endloop
  endfacet
  facet normal 0 -1 0
    outer loop
      vertex 75.3863 -87.3 28.1888
      vertex 80 -87.3 31
      vertex 75 -87.3 28.25
    endloop
  endfacet
  facet normal 0 -1 0
    outer loop
      vertex 75.7347 -87.3 28.0113
      vertex 80 -87.3 31
      vertex 75.3863 -87.3 28.1888
    endloop
  endfacet
  facet normal 0 -1 0
    outer loop
      vertex 76.0113 -87.3 27.7347
      vertex 80 -87.3 31
      vertex 75.7347 -87.3 28.0113
    endloop
  endfacet
  facet normal 0 -1 -0
    outer loop
      vertex 80 -87.3 31
      vertex 76.0113 -87.3 27.7347
      vertex 80 -87.3 27.99
    endloop
  endfacet
  facet normal 0 -1 0
    outer loop
      vertex 76.1888 -87.3 27.3863
      vertex 80 -87.3 27.99
      vertex 76.0113 -87.3 27.7347
    endloop
  endfacet
  facet normal 0 -1 0
    outer loop
      vertex 76.25 -87.3 27
      vertex 80 -87.3 27.99
      vertex 76.1888 -87.3 27.3863
    endloop
  endfacet
  facet normal 0 -1 0
    outer loop
      vertex 76.1888 -87.3 26.6137
      vertex 80 -87.3 27.99
      vertex 76.25 -87.3 27
    endloop
  endfacet
  facet normal 0 -1 -0
    outer loop
      vertex 80 -87.3 27.99
      vertex 76.1888 -87.3 26.6137
      vertex 80 -87.3 21.99
    endloop
  endfacet
  facet normal 0 -1 0
    outer loop
      vertex 80 -87.3 21.99
      vertex 76.1888 -87.3 26.6137
      vertex 76.0113 -87.3 26.2653
    endloop
  endfacet
  facet normal 0 -1 0
    outer loop
      vertex 80 -87.3 21.99
      vertex 76.0113 -87.3 26.2653
      vertex 75.7347 -87.3 25.9887
    endloop
  endfacet
  facet normal 0 -1 0
    outer loop
      vertex 80 -87.3 21.99
      vertex 75.7347 -87.3 25.9887
      vertex 75.3863 -87.3 25.8112
    endloop
  endfacet
  facet normal 0 -1 0
    outer loop
      vertex 80 -87.3 21.99
      vertex 75.3863 -87.3 25.8112
      vertex 75 -87.3 25.75
    endloop
  endfacet
  facet normal 0 -1 0
    outer loop
      vertex 30 -87.3 21
      vertex 35 -87.3 25.75
      vertex 30 -87.3 21.99
    endloop
  endfacet
  facet normal 0 -1 0
    outer loop
      vertex 35 -87.3 25.75
      vertex 40 -87.3 21.99
      vertex 75 -87.3 25.75
    endloop
  endfacet
  facet normal 0 -1 0
    outer loop
      vertex 70 -87.3 21.99
      vertex 75 -87.3 25.75
      vertex 40 -87.3 21.99
    endloop
  endfacet
  facet normal 0 -1 0
    outer loop
      vertex 70 -87.3 21
      vertex 75 -87.3 25.75
      vertex 70 -87.3 21.99
    endloop
  endfacet
  facet normal 0 -1 0
    outer loop
      vertex 80 -87.3 27.99
      vertex 80 -87.3 21.99
      vertex 115.3 -87.3 27.99
    endloop
  endfacet
  facet normal 0 -1 -0
    outer loop
      vertex 115.3 -87.3 27.99
      vertex 80 -87.3 21.99
      vertex 115.3 -87.3 21.99
    endloop
  endfacet
  facet normal 0 -1 0
    outer loop
      vertex 80 -87.3 21
      vertex 75 -87.3 25.75
      vertex 70 -87.3 21
    endloop
  endfacet
  facet normal 0 -1 0
    outer loop
      vertex 75 -87.3 25.75
      vertex 80 -87.3 21
      vertex 80 -87.3 21.99
    endloop
  endfacet
  facet normal 0 -1 0
    outer loop
      vertex 40 -87.3 21
      vertex 35 -87.3 25.75
      vertex 30 -87.3 21
    endloop
  endfacet
  facet normal 0 -1 0
    outer loop
      vertex 35 -87.3 25.75
      vertex 40 -87.3 21
      vertex 40 -87.3 21.99
    endloop
  endfacet
  facet normal 0 1 0
    outer loop
      vertex 80 -2.7 21.99
      vertex 80 -2.7 27.99
      vertex 115.3 -2.7 27.99
    endloop
  endfacet
  facet normal 0 1 0
    outer loop
      vertex 80 -2.7 27.99
      vertex 76.1888 -2.7 27.3863
      vertex 76.0113 -2.7 27.7347
    endloop
  endfacet
  facet normal -0 1 0
    outer loop
      vertex 76.1888 -2.7 26.6137
      vertex 80 -2.7 27.99
      vertex 80 -2.7 21.99
    endloop
  endfacet
  facet normal 0 1 0
    outer loop
      vertex 80 -2.7 27.99
      vertex 76.25 -2.7 27
      vertex 76.1888 -2.7 27.3863
    endloop
  endfacet
  facet normal 0 1 0
    outer loop
      vertex 80 -2.7 27.99
      vertex 76.1888 -2.7 26.6137
      vertex 76.25 -2.7 27
    endloop
  endfacet
  facet normal 0 1 0
    outer loop
      vertex 76.1888 -2.7 26.6137
      vertex 80 -2.7 21.99
      vertex 76.0113 -2.7 26.2653
    endloop
  endfacet
  facet normal 0 1 0
    outer loop
      vertex 76.0113 -2.7 26.2653
      vertex 80 -2.7 21.99
      vertex 75.7347 -2.7 25.9887
    endloop
  endfacet
  facet normal 0 1 0
    outer loop
      vertex 75.7347 -2.7 25.9887
      vertex 80 -2.7 21.99
      vertex 75.3863 -2.7 25.8112
    endloop
  endfacet
  facet normal 0 1 0
    outer loop
      vertex 75.3863 -2.7 25.8112
      vertex 80 -2.7 21.99
      vertex 75 -2.7 25.75
    endloop
  endfacet
  facet normal 0 1 0
    outer loop
      vertex 80 -2.7 21.99
      vertex 115.3 -2.7 27.99
      vertex 115.3 -2.7 21.99
    endloop
  endfacet
  facet normal 0 1 0
    outer loop
      vertex 80 -2.7 31
      vertex 75 -2.7 28.25
      vertex 70 -2.7 31
    endloop
  endfacet
  facet normal 0 1 0
    outer loop
      vertex 80 -2.7 31
      vertex 75.3863 -2.7 28.1888
      vertex 75 -2.7 28.25
    endloop
  endfacet
  facet normal 0 1 0
    outer loop
      vertex 80 -2.7 31
      vertex 75.7347 -2.7 28.0113
      vertex 75.3863 -2.7 28.1888
    endloop
  endfacet
  facet normal 0 1 0
    outer loop
      vertex 76.0113 -2.7 27.7347
      vertex 80 -2.7 31
      vertex 80 -2.7 27.99
    endloop
  endfacet
  facet normal 0 1 0
    outer loop
      vertex 80 -2.7 31
      vertex 76.0113 -2.7 27.7347
      vertex 75.7347 -2.7 28.0113
    endloop
  endfacet
  facet normal 0 1 -0
    outer loop
      vertex 74.6137 -2.7 28.1888
      vertex 70 -2.7 31
      vertex 75 -2.7 28.25
    endloop
  endfacet
  facet normal 0 1 -0
    outer loop
      vertex 74.2653 -2.7 28.0113
      vertex 70 -2.7 31
      vertex 74.6137 -2.7 28.1888
    endloop
  endfacet
  facet normal 0 1 -0
    outer loop
      vertex 73.9887 -2.7 27.7347
      vertex 70 -2.7 31
      vertex 74.2653 -2.7 28.0113
    endloop
  endfacet
  facet normal 0 1 -0
    outer loop
      vertex 73.8112 -2.7 27.3863
      vertex 70 -2.7 27.99
      vertex 73.9887 -2.7 27.7347
    endloop
  endfacet
  facet normal 0 1 0
    outer loop
      vertex 70 -2.7 31
      vertex 73.9887 -2.7 27.7347
      vertex 70 -2.7 27.99
    endloop
  endfacet
  facet normal 0 1 0
    outer loop
      vertex 40 -2.7 31
      vertex 35 -2.7 28.25
      vertex 30 -2.7 31
    endloop
  endfacet
  facet normal 0 1 0
    outer loop
      vertex 40 -2.7 31
      vertex 35.3863 -2.7 28.1888
      vertex 35 -2.7 28.25
    endloop
  endfacet
  facet normal 0 1 0
    outer loop
      vertex 40 -2.7 31
      vertex 35.7347 -2.7 28.0113
      vertex 35.3863 -2.7 28.1888
    endloop
  endfacet
  facet normal 0 1 0
    outer loop
      vertex 36.0113 -2.7 27.7347
      vertex 40 -2.7 31
      vertex 40 -2.7 27.99
    endloop
  endfacet
  facet normal 0 1 -0
    outer loop
      vertex 73.75 -2.7 27
      vertex 70 -2.7 27.99
      vertex 73.8112 -2.7 27.3863
    endloop
  endfacet
  facet normal 0 1 0
    outer loop
      vertex 40 -2.7 31
      vertex 36.0113 -2.7 27.7347
      vertex 35.7347 -2.7 28.0113
    endloop
  endfacet
  facet normal 0 1 0
    outer loop
      vertex 73.8112 -2.7 26.6137
      vertex 70 -2.7 27.99
      vertex 73.75 -2.7 27
    endloop
  endfacet
  facet normal 0 1 0
    outer loop
      vertex 40 -2.7 27.99
      vertex 36.1888 -2.7 27.3863
      vertex 36.0113 -2.7 27.7347
    endloop
  endfacet
  facet normal 0 1 0
    outer loop
      vertex 73.9887 -2.7 26.2653
      vertex 70 -2.7 27.99
      vertex 73.8112 -2.7 26.6137
    endloop
  endfacet
  facet normal 0 1 0
    outer loop
      vertex 40 -2.7 27.99
      vertex 36.25 -2.7 27
      vertex 36.1888 -2.7 27.3863
    endloop
  endfacet
  facet normal 0 1 0
    outer loop
      vertex 74.2653 -2.7 25.9887
      vertex 70 -2.7 27.99
      vertex 73.9887 -2.7 26.2653
    endloop
  endfacet
  facet normal 0 1 0
    outer loop
      vertex 40 -2.7 27.99
      vertex 36.1888 -2.7 26.6137
      vertex 36.25 -2.7 27
    endloop
  endfacet
  facet normal 0 1 0
    outer loop
      vertex 70 -2.7 27.99
      vertex 74.2653 -2.7 25.9887
      vertex 40 -2.7 27.99
    endloop
  endfacet
  facet normal 0 1 0
    outer loop
      vertex 40 -2.7 27.99
      vertex 36.0113 -2.7 26.2653
      vertex 36.1888 -2.7 26.6137
    endloop
  endfacet
  facet normal 0 1 0
    outer loop
      vertex 35.7347 -2.7 25.9887
      vertex 40 -2.7 27.99
      vertex 74.2653 -2.7 25.9887
    endloop
  endfacet
  facet normal 0 1 0
    outer loop
      vertex 40 -2.7 27.99
      vertex 35.7347 -2.7 25.9887
      vertex 36.0113 -2.7 26.2653
    endloop
  endfacet
  facet normal 0 1 0
    outer loop
      vertex 74.6137 -2.7 25.8112
      vertex 35.7347 -2.7 25.9887
      vertex 74.2653 -2.7 25.9887
    endloop
  endfacet
  facet normal 0 1 0
    outer loop
      vertex 74.6137 -2.7 25.8112
      vertex 35.3863 -2.7 25.8112
      vertex 35.7347 -2.7 25.9887
    endloop
  endfacet
  facet normal 0 1 0
    outer loop
      vertex 75 -2.7 25.75
      vertex 35.3863 -2.7 25.8112
      vertex 74.6137 -2.7 25.8112
    endloop
  endfacet
  facet normal 0 1 0
    outer loop
      vertex 35.3863 -2.7 25.8112
      vertex 75 -2.7 25.75
      vertex 35 -2.7 25.75
    endloop
  endfacet
  facet normal 0 1 -0
    outer loop
      vertex 34.6137 -2.7 28.1888
      vertex 30 -2.7 31
      vertex 35 -2.7 28.25
    endloop
  endfacet
  facet normal 0 1 -0
    outer loop
      vertex 34.2653 -2.7 28.0113
      vertex 30 -2.7 31
      vertex 34.6137 -2.7 28.1888
    endloop
  endfacet
  facet normal 0 1 -0
    outer loop
      vertex 33.9887 -2.7 27.7347
      vertex 30 -2.7 31
      vertex 34.2653 -2.7 28.0113
    endloop
  endfacet
  facet normal 0 1 0
    outer loop
      vertex 30 -2.7 31
      vertex 33.9887 -2.7 27.7347
      vertex 30 -2.7 27.99
    endloop
  endfacet
  facet normal 0 1 -0
    outer loop
      vertex 33.8112 -2.7 27.3863
      vertex 30 -2.7 27.99
      vertex 33.9887 -2.7 27.7347
    endloop
  endfacet
  facet normal 0 1 -0
    outer loop
      vertex 33.75 -2.7 27
      vertex 30 -2.7 27.99
      vertex 33.8112 -2.7 27.3863
    endloop
  endfacet
  facet normal 0 1 0
    outer loop
      vertex 33.8112 -2.7 26.6137
      vertex 30 -2.7 27.99
      vertex 33.75 -2.7 27
    endloop
  endfacet
  facet normal 0 1 0
    outer loop
      vertex 30 -2.7 27.99
      vertex 33.8112 -2.7 26.6137
      vertex 30 -2.7 21.99
    endloop
  endfacet
  facet normal 0 1 0
    outer loop
      vertex 30 -2.7 21.99
      vertex 33.8112 -2.7 26.6137
      vertex 33.9887 -2.7 26.2653
    endloop
  endfacet
  facet normal 0 1 0
    outer loop
      vertex 30 -2.7 21.99
      vertex 33.9887 -2.7 26.2653
      vertex 34.2653 -2.7 25.9887
    endloop
  endfacet
  facet normal 0 1 0
    outer loop
      vertex 30 -2.7 21.99
      vertex 34.2653 -2.7 25.9887
      vertex 34.6137 -2.7 25.8112
    endloop
  endfacet
  facet normal 0 1 0
    outer loop
      vertex 30 -2.7 21.99
      vertex 34.6137 -2.7 25.8112
      vertex 35 -2.7 25.75
    endloop
  endfacet
  facet normal 0 1 -0
    outer loop
      vertex 80 -2.7 21
      vertex 75 -2.7 25.75
      vertex 80 -2.7 21.99
    endloop
  endfacet
  facet normal 0 1 0
    outer loop
      vertex 75 -2.7 25.75
      vertex 70 -2.7 21.99
      vertex 35 -2.7 25.75
    endloop
  endfacet
  facet normal 0 1 -0
    outer loop
      vertex 40 -2.7 21.99
      vertex 35 -2.7 25.75
      vertex 70 -2.7 21.99
    endloop
  endfacet
  facet normal 0 1 -0
    outer loop
      vertex 40 -2.7 21
      vertex 35 -2.7 25.75
      vertex 40 -2.7 21.99
    endloop
  endfacet
  facet normal 0 1 0
    outer loop
      vertex 30 -2.7 27.99
      vertex 30 -2.7 21.99
      vertex 2.7 -2.7 27.99
    endloop
  endfacet
  facet normal 0 1 0
    outer loop
      vertex 2.7 -2.7 27.99
      vertex 30 -2.7 21.99
      vertex 2.7 -2.7 21.99
    endloop
  endfacet
  facet normal 0 1 0
    outer loop
      vertex 30 -2.7 21
      vertex 35 -2.7 25.75
      vertex 40 -2.7 21
    endloop
  endfacet
  facet normal 0 1 0
    outer loop
      vertex 35 -2.7 25.75
      vertex 30 -2.7 21
      vertex 30 -2.7 21.99
    endloop
  endfacet
  facet normal 0 1 0
    outer loop
      vertex 70 -2.7 21
      vertex 75 -2.7 25.75
      vertex 80 -2.7 21
    endloop
  endfacet
  facet normal 0 1 0
    outer loop
      vertex 75 -2.7 25.75
      vertex 70 -2.7 21
      vertex 70 -2.7 21.99
    endloop
  endfacet
  facet normal -1 0 0
    outer loop
      vertex 2.7 -87.3 21.99
      vertex 2.7 -2.7 27.99
      vertex 2.7 -2.7 21.99
    endloop
  endfacet
  facet normal -1 -0 0
    outer loop
      vertex 2.7 -2.7 27.99
      vertex 2.7 -87.3 21.99
      vertex 2.7 -87.3 27.99
    endloop
  endfacet
  facet normal 0 0 1
    outer loop
      vertex 30 -2.7 27.99
      vertex 3.9 -3.9 27.99
      vertex 30 -3.9 27.99
    endloop
  endfacet
  facet normal 0 0 1
    outer loop
      vertex 3.9 -3.9 27.99
      vertex 2.7 -2.7 27.99
      vertex 3.9 -86.1 27.99
    endloop
  endfacet
  facet normal -0 0 1
    outer loop
      vertex 2.7 -2.7 27.99
      vertex 3.9 -3.9 27.99
      vertex 30 -2.7 27.99
    endloop
  endfacet
  facet normal -0 0 1
    outer loop
      vertex 3.9 -86.1 27.99
      vertex 30 -87.3 27.99
      vertex 30 -86.1 27.99
    endloop
  endfacet
  facet normal 0 0 1
    outer loop
      vertex 3.9 -86.1 27.99
      vertex 2.7 -87.3 27.99
      vertex 30 -87.3 27.99
    endloop
  endfacet
  facet normal 0 0 1
    outer loop
      vertex 2.7 -87.3 27.99
      vertex 3.9 -86.1 27.99
      vertex 2.7 -2.7 27.99
    endloop
  endfacet
  facet normal 0 0 1
    outer loop
      vertex 115.3 -2.7 27.99
      vertex 114.1 -3.9 27.99
      vertex 115.3 -87.3 27.99
    endloop
  endfacet
  facet normal -0 0 1
    outer loop
      vertex 80 -2.7 27.99
      vertex 114.1 -3.9 27.99
      vertex 115.3 -2.7 27.99
    endloop
  endfacet
  facet normal 0 0 1
    outer loop
      vertex 114.1 -3.9 27.99
      vertex 80 -2.7 27.99
      vertex 80 -3.9 27.99
    endloop
  endfacet
  facet normal -0 0 1
    outer loop
      vertex 114.1 -86.1 27.99
      vertex 115.3 -87.3 27.99
      vertex 114.1 -3.9 27.99
    endloop
  endfacet
  facet normal 0 0 1
    outer loop
      vertex 80 -87.3 27.99
      vertex 114.1 -86.1 27.99
      vertex 80 -86.1 27.99
    endloop
  endfacet
  facet normal 0 0 1
    outer loop
      vertex 114.1 -86.1 27.99
      vertex 80 -87.3 27.99
      vertex 115.3 -87.3 27.99
    endloop
  endfacet
  facet normal -0 0 1
    outer loop
      vertex 40 -2.7 27.99
      vertex 70 -3.9 27.99
      vertex 70 -2.7 27.99
    endloop
  endfacet
  facet normal 0 0 1
    outer loop
      vertex 70 -3.9 27.99
      vertex 40 -2.7 27.99
      vertex 40 -3.9 27.99
    endloop
  endfacet
  facet normal -0 0 1
    outer loop
      vertex 40 -86.1 27.99
      vertex 70 -87.3 27.99
      vertex 70 -86.1 27.99
    endloop
  endfacet
  facet normal 0 0 1
    outer loop
      vertex 70 -87.3 27.99
      vertex 40 -86.1 27.99
      vertex 40 -87.3 27.99
    endloop
  endfacet
  facet normal 0 0 -1
    outer loop
      vertex 30 -87.3 21.99
      vertex 3.9 -86.1 21.99
      vertex 30 -86.1 21.99
    endloop
  endfacet
  facet normal -0 0 -1
    outer loop
      vertex 3.9 -86.1 21.99
      vertex 2.7 -87.3 21.99
      vertex 3.9 -3.9 21.99
    endloop
  endfacet
  facet normal 0 0 -1
    outer loop
      vertex 2.7 -87.3 21.99
      vertex 3.9 -86.1 21.99
      vertex 30 -87.3 21.99
    endloop
  endfacet
  facet normal 0 0 -1
    outer loop
      vertex 3.9 -3.9 21.99
      vertex 30 -2.7 21.99
      vertex 30 -3.9 21.99
    endloop
  endfacet
  facet normal 0 0 -1
    outer loop
      vertex 3.9 -3.9 21.99
      vertex 2.7 -2.7 21.99
      vertex 30 -2.7 21.99
    endloop
  endfacet
  facet normal 0 0 -1
    outer loop
      vertex 2.7 -2.7 21.99
      vertex 3.9 -3.9 21.99
      vertex 2.7 -87.3 21.99
    endloop
  endfacet
  facet normal 0 0 -1
    outer loop
      vertex 115.3 -87.3 21.99
      vertex 114.1 -86.1 21.99
      vertex 115.3 -2.7 21.99
    endloop
  endfacet
  facet normal 0 0 -1
    outer loop
      vertex 80 -87.3 21.99
      vertex 114.1 -86.1 21.99
      vertex 115.3 -87.3 21.99
    endloop
  endfacet
  facet normal -0 0 -1
    outer loop
      vertex 114.1 -86.1 21.99
      vertex 80 -87.3 21.99
      vertex 80 -86.1 21.99
    endloop
  endfacet
  facet normal 0 0 -1
    outer loop
      vertex 114.1 -3.9 21.99
      vertex 115.3 -2.7 21.99
      vertex 114.1 -86.1 21.99
    endloop
  endfacet
  facet normal 0 0 -1
    outer loop
      vertex 80 -2.7 21.99
      vertex 114.1 -3.9 21.99
      vertex 80 -3.9 21.99
    endloop
  endfacet
  facet normal 0 0 -1
    outer loop
      vertex 114.1 -3.9 21.99
      vertex 80 -2.7 21.99
      vertex 115.3 -2.7 21.99
    endloop
  endfacet
  facet normal 0 0 -1
    outer loop
      vertex 40 -3.9 21.99
      vertex 70 -2.7 21.99
      vertex 70 -3.9 21.99
    endloop
  endfacet
  facet normal -0 0 -1
    outer loop
      vertex 70 -2.7 21.99
      vertex 40 -3.9 21.99
      vertex 40 -2.7 21.99
    endloop
  endfacet
  facet normal 0 0 -1
    outer loop
      vertex 40 -87.3 21.99
      vertex 70 -86.1 21.99
      vertex 70 -87.3 21.99
    endloop
  endfacet
  facet normal -0 0 -1
    outer loop
      vertex 70 -86.1 21.99
      vertex 40 -87.3 21.99
      vertex 40 -86.1 21.99
    endloop
  endfacet
  facet normal -1 0 0
    outer loop
      vertex 114.1 -86.1 21.99
      vertex 114.1 -3.9 27.99
      vertex 114.1 -3.9 21.99
    endloop
  endfacet
  facet normal -1 -0 0
    outer loop
      vertex 114.1 -3.9 27.99
      vertex 114.1 -86.1 21.99
      vertex 114.1 -86.1 27.99
    endloop
  endfacet
  facet normal 0 1 -0
    outer loop
      vertex 30 -86.1 21.99
      vertex 3.9 -86.1 27.99
      vertex 30 -86.1 27.99
    endloop
  endfacet
  facet normal 0 1 0
    outer loop
      vertex 3.9 -86.1 27.99
      vertex 30 -86.1 21.99
      vertex 3.9 -86.1 21.99
    endloop
  endfacet
  facet normal 0 1 -0
    outer loop
      vertex 114.1 -86.1 21.99
      vertex 80 -86.1 27.99
      vertex 114.1 -86.1 27.99
    endloop
  endfacet
  facet normal 0 1 0
    outer loop
      vertex 80 -86.1 27.99
      vertex 114.1 -86.1 21.99
      vertex 80 -86.1 21.99
    endloop
  endfacet
  facet normal 0 1 -0
    outer loop
      vertex 70 -86.1 21.99
      vertex 40 -86.1 27.99
      vertex 70 -86.1 27.99
    endloop
  endfacet
  facet normal 0 1 0
    outer loop
      vertex 40 -86.1 27.99
      vertex 70 -86.1 21.99
      vertex 40 -86.1 21.99
    endloop
  endfacet
  facet normal 0 -1 0
    outer loop
      vertex 3.9 -3.9 21.99
      vertex 30 -3.9 27.99
      vertex 3.9 -3.9 27.99
    endloop
  endfacet
  facet normal 0 -1 -0
    outer loop
      vertex 30 -3.9 27.99
      vertex 3.9 -3.9 21.99
      vertex 30 -3.9 21.99
    endloop
  endfacet
  facet normal 0 -1 0
    outer loop
      vertex 80 -3.9 21.99
      vertex 114.1 -3.9 27.99
      vertex 80 -3.9 27.99
    endloop
  endfacet
  facet normal 0 -1 -0
    outer loop
      vertex 114.1 -3.9 27.99
      vertex 80 -3.9 21.99
      vertex 114.1 -3.9 21.99
    endloop
  endfacet
  facet normal 0 -1 0
    outer loop
      vertex 40 -3.9 21.99
      vertex 70 -3.9 27.99
      vertex 40 -3.9 27.99
    endloop
  endfacet
  facet normal 0 -1 -0
    outer loop
      vertex 70 -3.9 27.99
      vertex 40 -3.9 21.99
      vertex 70 -3.9 21.99
    endloop
  endfacet
  facet normal 1 -0 0
    outer loop
      vertex 3.9 -86.1 27.99
      vertex 3.9 -3.9 21.99
      vertex 3.9 -3.9 27.99
    endloop
  endfacet
  facet normal 1 0 0
    outer loop
      vertex 3.9 -3.9 21.99
      vertex 3.9 -86.1 27.99
      vertex 3.9 -86.1 21.99
    endloop
  endfacet
  facet normal 1 0 0
    outer loop
      vertex 40 -2.7 31
      vertex 40 -3.9 27.99
      vertex 40 -2.7 27.99
    endloop
  endfacet
  facet normal 1 0 0
    outer loop
      vertex 40 -6.7 21
      vertex 40 -3.9 27.99
      vertex 40 -6.7 31
    endloop
  endfacet
  facet normal 1 -0 0
    outer loop
      vertex 40 -6.7 31
      vertex 40 -3.9 27.99
      vertex 40 -2.7 31
    endloop
  endfacet
  facet normal 1 -0 0
    outer loop
      vertex 40 -3.9 21.99
      vertex 40 -2.7 21
      vertex 40 -2.7 21.99
    endloop
  endfacet
  facet normal 1 0 0
    outer loop
      vertex 40 -3.9 21.99
      vertex 40 -6.7 21
      vertex 40 -2.7 21
    endloop
  endfacet
  facet normal 1 0 0
    outer loop
      vertex 40 -3.9 27.99
      vertex 40 -6.7 21
      vertex 40 -3.9 21.99
    endloop
  endfacet
  facet normal 0 -1 0
    outer loop
      vertex 30 -6.7 31
      vertex 35 -6.7 28.25
      vertex 40 -6.7 31
    endloop
  endfacet
  facet normal 0 -1 0
    outer loop
      vertex 30 -6.7 31
      vertex 34.6137 -6.7 28.1888
      vertex 35 -6.7 28.25
    endloop
  endfacet
  facet normal 0 -1 0
    outer loop
      vertex 30 -6.7 31
      vertex 34.2653 -6.7 28.0113
      vertex 34.6137 -6.7 28.1888
    endloop
  endfacet
  facet normal 0 -1 0
    outer loop
      vertex 30 -6.7 31
      vertex 33.9887 -6.7 27.7347
      vertex 34.2653 -6.7 28.0113
    endloop
  endfacet
  facet normal 0 -1 0
    outer loop
      vertex 30 -6.7 31
      vertex 33.8112 -6.7 27.3863
      vertex 33.9887 -6.7 27.7347
    endloop
  endfacet
  facet normal 0 -1 0
    outer loop
      vertex 30 -6.7 31
      vertex 33.75 -6.7 27
      vertex 33.8112 -6.7 27.3863
    endloop
  endfacet
  facet normal 0 -1 0
    outer loop
      vertex 30 -6.7 31
      vertex 33.8112 -6.7 26.6137
      vertex 33.75 -6.7 27
    endloop
  endfacet
  facet normal 0 -1 0
    outer loop
      vertex 30 -6.7 21
      vertex 33.8112 -6.7 26.6137
      vertex 30 -6.7 31
    endloop
  endfacet
  facet normal 0 -1 -0
    outer loop
      vertex 34.6137 -6.7 25.8112
      vertex 30 -6.7 21
      vertex 35 -6.7 25.75
    endloop
  endfacet
  facet normal 0 -1 -0
    outer loop
      vertex 34.2653 -6.7 25.9887
      vertex 30 -6.7 21
      vertex 34.6137 -6.7 25.8112
    endloop
  endfacet
  facet normal 0 -1 -0
    outer loop
      vertex 33.9887 -6.7 26.2653
      vertex 30 -6.7 21
      vertex 34.2653 -6.7 25.9887
    endloop
  endfacet
  facet normal 0 -1 -0
    outer loop
      vertex 33.8112 -6.7 26.6137
      vertex 30 -6.7 21
      vertex 33.9887 -6.7 26.2653
    endloop
  endfacet
  facet normal 0 -1 0
    outer loop
      vertex 35.3863 -6.7 28.1888
      vertex 40 -6.7 31
      vertex 35 -6.7 28.25
    endloop
  endfacet
  facet normal 0 -1 0
    outer loop
      vertex 35.7347 -6.7 28.0113
      vertex 40 -6.7 31
      vertex 35.3863 -6.7 28.1888
    endloop
  endfacet
  facet normal 0 -1 0
    outer loop
      vertex 36.0113 -6.7 27.7347
      vertex 40 -6.7 31
      vertex 35.7347 -6.7 28.0113
    endloop
  endfacet
  facet normal 0 -1 0
    outer loop
      vertex 36.1888 -6.7 27.3863
      vertex 40 -6.7 31
      vertex 36.0113 -6.7 27.7347
    endloop
  endfacet
  facet normal 0 -1 0
    outer loop
      vertex 36.25 -6.7 27
      vertex 40 -6.7 31
      vertex 36.1888 -6.7 27.3863
    endloop
  endfacet
  facet normal 0 -1 0
    outer loop
      vertex 36.1888 -6.7 26.6137
      vertex 40 -6.7 31
      vertex 36.25 -6.7 27
    endloop
  endfacet
  facet normal 0 -1 0
    outer loop
      vertex 40 -6.7 21
      vertex 36.1888 -6.7 26.6137
      vertex 36.0113 -6.7 26.2653
    endloop
  endfacet
  facet normal 0 -1 0
    outer loop
      vertex 40 -6.7 21
      vertex 35 -6.7 25.75
      vertex 30 -6.7 21
    endloop
  endfacet
  facet normal 0 -1 0
    outer loop
      vertex 35 -6.7 25.75
      vertex 40 -6.7 21
      vertex 35.3863 -6.7 25.8112
    endloop
  endfacet
  facet normal 0 -1 0
    outer loop
      vertex 36.1888 -6.7 26.6137
      vertex 40 -6.7 21
      vertex 40 -6.7 31
    endloop
  endfacet
  facet normal 0 -1 0
    outer loop
      vertex 35.7347 -6.7 25.9887
      vertex 40 -6.7 21
      vertex 36.0113 -6.7 26.2653
    endloop
  endfacet
  facet normal 0 -1 0
    outer loop
      vertex 35.3863 -6.7 25.8112
      vertex 40 -6.7 21
      vertex 35.7347 -6.7 25.9887
    endloop
  endfacet
  facet normal -1 0 0
    outer loop
      vertex 30 -2.7 21
      vertex 30 -3.9 21.99
      vertex 30 -2.7 21.99
    endloop
  endfacet
  facet normal -1 -0 0
    outer loop
      vertex 30 -3.9 21.99
      vertex 30 -6.7 21
      vertex 30 -3.9 27.99
    endloop
  endfacet
  facet normal -1 0 0
    outer loop
      vertex 30 -6.7 21
      vertex 30 -3.9 21.99
      vertex 30 -2.7 21
    endloop
  endfacet
  facet normal -1 0 0
    outer loop
      vertex 30 -3.9 27.99
      vertex 30 -2.7 31
      vertex 30 -2.7 27.99
    endloop
  endfacet
  facet normal -1 0 0
    outer loop
      vertex 30 -6.7 31
      vertex 30 -3.9 27.99
      vertex 30 -6.7 21
    endloop
  endfacet
  facet normal -1 0 0
    outer loop
      vertex 30 -3.9 27.99
      vertex 30 -6.7 31
      vertex 30 -2.7 31
    endloop
  endfacet
  facet normal -0 0 1
    outer loop
      vertex 30 -2.7 31
      vertex 40 -6.7 31
      vertex 40 -2.7 31
    endloop
  endfacet
  facet normal 0 0 1
    outer loop
      vertex 40 -6.7 31
      vertex 30 -2.7 31
      vertex 30 -6.7 31
    endloop
  endfacet
  facet normal 0 0 -1
    outer loop
      vertex 30 -6.7 21
      vertex 40 -2.7 21
      vertex 40 -6.7 21
    endloop
  endfacet
  facet normal -0 0 -1
    outer loop
      vertex 40 -2.7 21
      vertex 30 -6.7 21
      vertex 30 -2.7 21
    endloop
  endfacet
  facet normal 1 0 0
    outer loop
      vertex 40 -83.3 31
      vertex 40 -86.1 27.99
      vertex 40 -83.3 21
    endloop
  endfacet
  facet normal 1 -0 0
    outer loop
      vertex 40 -87.3 31
      vertex 40 -86.1 27.99
      vertex 40 -83.3 31
    endloop
  endfacet
  facet normal 1 0 0
    outer loop
      vertex 40 -86.1 27.99
      vertex 40 -87.3 31
      vertex 40 -87.3 27.99
    endloop
  endfacet
  facet normal 1 -0 0
    outer loop
      vertex 40 -86.1 21.99
      vertex 40 -83.3 21
      vertex 40 -86.1 27.99
    endloop
  endfacet
  facet normal 1 0 0
    outer loop
      vertex 40 -87.3 21
      vertex 40 -86.1 21.99
      vertex 40 -87.3 21.99
    endloop
  endfacet
  facet normal 1 0 0
    outer loop
      vertex 40 -86.1 21.99
      vertex 40 -87.3 21
      vertex 40 -83.3 21
    endloop
  endfacet
  facet normal 0 1 0
    outer loop
      vertex 40 -83.3 31
      vertex 35 -83.3 28.25
      vertex 30 -83.3 31
    endloop
  endfacet
  facet normal 0 1 0
    outer loop
      vertex 40 -83.3 31
      vertex 35.3863 -83.3 28.1888
      vertex 35 -83.3 28.25
    endloop
  endfacet
  facet normal 0 1 0
    outer loop
      vertex 40 -83.3 31
      vertex 35.7347 -83.3 28.0113
      vertex 35.3863 -83.3 28.1888
    endloop
  endfacet
  facet normal 0 1 0
    outer loop
      vertex 40 -83.3 31
      vertex 36.0113 -83.3 27.7347
      vertex 35.7347 -83.3 28.0113
    endloop
  endfacet
  facet normal 0 1 0
    outer loop
      vertex 40 -83.3 31
      vertex 36.1888 -83.3 27.3863
      vertex 36.0113 -83.3 27.7347
    endloop
  endfacet
  facet normal 0 1 0
    outer loop
      vertex 40 -83.3 31
      vertex 36.25 -83.3 27
      vertex 36.1888 -83.3 27.3863
    endloop
  endfacet
  facet normal 0 1 0
    outer loop
      vertex 40 -83.3 31
      vertex 36.1888 -83.3 26.6137
      vertex 36.25 -83.3 27
    endloop
  endfacet
  facet normal 0 1 -0
    outer loop
      vertex 40 -83.3 21
      vertex 36.1888 -83.3 26.6137
      vertex 40 -83.3 31
    endloop
  endfacet
  facet normal 0 1 0
    outer loop
      vertex 35.3863 -83.3 25.8112
      vertex 40 -83.3 21
      vertex 35 -83.3 25.75
    endloop
  endfacet
  facet normal 0 1 0
    outer loop
      vertex 35.7347 -83.3 25.9887
      vertex 40 -83.3 21
      vertex 35.3863 -83.3 25.8112
    endloop
  endfacet
  facet normal 0 1 0
    outer loop
      vertex 36.0113 -83.3 26.2653
      vertex 40 -83.3 21
      vertex 35.7347 -83.3 25.9887
    endloop
  endfacet
  facet normal 0 1 0
    outer loop
      vertex 36.1888 -83.3 26.6137
      vertex 40 -83.3 21
      vertex 36.0113 -83.3 26.2653
    endloop
  endfacet
  facet normal 0 1 -0
    outer loop
      vertex 34.6137 -83.3 28.1888
      vertex 30 -83.3 31
      vertex 35 -83.3 28.25
    endloop
  endfacet
  facet normal 0 1 -0
    outer loop
      vertex 34.2653 -83.3 28.0113
      vertex 30 -83.3 31
      vertex 34.6137 -83.3 28.1888
    endloop
  endfacet
  facet normal 0 1 -0
    outer loop
      vertex 33.9887 -83.3 27.7347
      vertex 30 -83.3 31
      vertex 34.2653 -83.3 28.0113
    endloop
  endfacet
  facet normal 0 1 -0
    outer loop
      vertex 33.8112 -83.3 27.3863
      vertex 30 -83.3 31
      vertex 33.9887 -83.3 27.7347
    endloop
  endfacet
  facet normal 0 1 -0
    outer loop
      vertex 33.75 -83.3 27
      vertex 30 -83.3 31
      vertex 33.8112 -83.3 27.3863
    endloop
  endfacet
  facet normal 0 1 0
    outer loop
      vertex 33.8112 -83.3 26.6137
      vertex 30 -83.3 31
      vertex 33.75 -83.3 27
    endloop
  endfacet
  facet normal 0 1 0
    outer loop
      vertex 30 -83.3 21
      vertex 33.8112 -83.3 26.6137
      vertex 33.9887 -83.3 26.2653
    endloop
  endfacet
  facet normal 0 1 0
    outer loop
      vertex 30 -83.3 21
      vertex 35 -83.3 25.75
      vertex 40 -83.3 21
    endloop
  endfacet
  facet normal 0 1 0
    outer loop
      vertex 35 -83.3 25.75
      vertex 30 -83.3 21
      vertex 34.6137 -83.3 25.8112
    endloop
  endfacet
  facet normal 0 1 0
    outer loop
      vertex 33.8112 -83.3 26.6137
      vertex 30 -83.3 21
      vertex 30 -83.3 31
    endloop
  endfacet
  facet normal 0 1 0
    outer loop
      vertex 34.2653 -83.3 25.9887
      vertex 30 -83.3 21
      vertex 33.9887 -83.3 26.2653
    endloop
  endfacet
  facet normal 0 1 0
    outer loop
      vertex 34.6137 -83.3 25.8112
      vertex 30 -83.3 21
      vertex 34.2653 -83.3 25.9887
    endloop
  endfacet
  facet normal -1 0 0
    outer loop
      vertex 30 -86.1 27.99
      vertex 30 -83.3 21
      vertex 30 -86.1 21.99
    endloop
  endfacet
  facet normal -1 0 0
    outer loop
      vertex 30 -87.3 21
      vertex 30 -86.1 21.99
      vertex 30 -83.3 21
    endloop
  endfacet
  facet normal -1 -0 0
    outer loop
      vertex 30 -86.1 21.99
      vertex 30 -87.3 21
      vertex 30 -87.3 21.99
    endloop
  endfacet
  facet normal -1 0 0
    outer loop
      vertex 30 -83.3 21
      vertex 30 -86.1 27.99
      vertex 30 -83.3 31
    endloop
  endfacet
  facet normal -1 0 0
    outer loop
      vertex 30 -87.3 31
      vertex 30 -86.1 27.99
      vertex 30 -87.3 27.99
    endloop
  endfacet
  facet normal -1 0 0
    outer loop
      vertex 30 -86.1 27.99
      vertex 30 -87.3 31
      vertex 30 -83.3 31
    endloop
  endfacet
  facet normal -0 0 1
    outer loop
      vertex 30 -83.3 31
      vertex 40 -87.3 31
      vertex 40 -83.3 31
    endloop
  endfacet
  facet normal 0 0 1
    outer loop
      vertex 40 -87.3 31
      vertex 30 -83.3 31
      vertex 30 -87.3 31
    endloop
  endfacet
  facet normal 0 0 -1
    outer loop
      vertex 30 -87.3 21
      vertex 40 -83.3 21
      vertex 40 -87.3 21
    endloop
  endfacet
  facet normal -0 0 -1
    outer loop
      vertex 40 -83.3 21
      vertex 30 -87.3 21
      vertex 30 -83.3 21
    endloop
  endfacet
  facet normal 1 0 0
    outer loop
      vertex 80 -2.7 31
      vertex 80 -3.9 27.99
      vertex 80 -2.7 27.99
    endloop
  endfacet
  facet normal 1 0 0
    outer loop
      vertex 80 -6.7 21
      vertex 80 -3.9 27.99
      vertex 80 -6.7 31
    endloop
  endfacet
  facet normal 1 -0 0
    outer loop
      vertex 80 -6.7 31
      vertex 80 -3.9 27.99
      vertex 80 -2.7 31
    endloop
  endfacet
  facet normal 1 -0 0
    outer loop
      vertex 80 -3.9 21.99
      vertex 80 -2.7 21
      vertex 80 -2.7 21.99
    endloop
  endfacet
  facet normal 1 0 0
    outer loop
      vertex 80 -3.9 21.99
      vertex 80 -6.7 21
      vertex 80 -2.7 21
    endloop
  endfacet
  facet normal 1 0 0
    outer loop
      vertex 80 -3.9 27.99
      vertex 80 -6.7 21
      vertex 80 -3.9 21.99
    endloop
  endfacet
  facet normal 0 -1 0
    outer loop
      vertex 70 -6.7 31
      vertex 75 -6.7 28.25
      vertex 80 -6.7 31
    endloop
  endfacet
  facet normal 0 -1 0
    outer loop
      vertex 70 -6.7 31
      vertex 74.6137 -6.7 28.1888
      vertex 75 -6.7 28.25
    endloop
  endfacet
  facet normal 0 -1 0
    outer loop
      vertex 70 -6.7 31
      vertex 74.2653 -6.7 28.0113
      vertex 74.6137 -6.7 28.1888
    endloop
  endfacet
  facet normal 0 -1 0
    outer loop
      vertex 70 -6.7 31
      vertex 73.9887 -6.7 27.7347
      vertex 74.2653 -6.7 28.0113
    endloop
  endfacet
  facet normal 0 -1 0
    outer loop
      vertex 70 -6.7 31
      vertex 73.8112 -6.7 27.3863
      vertex 73.9887 -6.7 27.7347
    endloop
  endfacet
  facet normal 0 -1 0
    outer loop
      vertex 70 -6.7 31
      vertex 73.75 -6.7 27
      vertex 73.8112 -6.7 27.3863
    endloop
  endfacet
  facet normal 0 -1 0
    outer loop
      vertex 70 -6.7 31
      vertex 73.8112 -6.7 26.6137
      vertex 73.75 -6.7 27
    endloop
  endfacet
  facet normal 0 -1 0
    outer loop
      vertex 70 -6.7 21
      vertex 73.8112 -6.7 26.6137
      vertex 70 -6.7 31
    endloop
  endfacet
  facet normal 0 -1 -0
    outer loop
      vertex 74.6137 -6.7 25.8112
      vertex 70 -6.7 21
      vertex 75 -6.7 25.75
    endloop
  endfacet
  facet normal 0 -1 -0
    outer loop
      vertex 74.2653 -6.7 25.9887
      vertex 70 -6.7 21
      vertex 74.6137 -6.7 25.8112
    endloop
  endfacet
  facet normal 0 -1 -0
    outer loop
      vertex 73.9887 -6.7 26.2653
      vertex 70 -6.7 21
      vertex 74.2653 -6.7 25.9887
    endloop
  endfacet
  facet normal 0 -1 -0
    outer loop
      vertex 73.8112 -6.7 26.6137
      vertex 70 -6.7 21
      vertex 73.9887 -6.7 26.2653
    endloop
  endfacet
  facet normal 0 -1 0
    outer loop
      vertex 75.3863 -6.7 28.1888
      vertex 80 -6.7 31
      vertex 75 -6.7 28.25
    endloop
  endfacet
  facet normal 0 -1 0
    outer loop
      vertex 75.7347 -6.7 28.0113
      vertex 80 -6.7 31
      vertex 75.3863 -6.7 28.1888
    endloop
  endfacet
  facet normal 0 -1 0
    outer loop
      vertex 76.0113 -6.7 27.7347
      vertex 80 -6.7 31
      vertex 75.7347 -6.7 28.0113
    endloop
  endfacet
  facet normal 0 -1 0
    outer loop
      vertex 76.1888 -6.7 27.3863
      vertex 80 -6.7 31
      vertex 76.0113 -6.7 27.7347
    endloop
  endfacet
  facet normal 0 -1 0
    outer loop
      vertex 76.25 -6.7 27
      vertex 80 -6.7 31
      vertex 76.1888 -6.7 27.3863
    endloop
  endfacet
  facet normal 0 -1 0
    outer loop
      vertex 76.1888 -6.7 26.6137
      vertex 80 -6.7 31
      vertex 76.25 -6.7 27
    endloop
  endfacet
  facet normal 0 -1 0
    outer loop
      vertex 80 -6.7 21
      vertex 76.1888 -6.7 26.6137
      vertex 76.0113 -6.7 26.2653
    endloop
  endfacet
  facet normal 0 -1 0
    outer loop
      vertex 80 -6.7 21
      vertex 75 -6.7 25.75
      vertex 70 -6.7 21
    endloop
  endfacet
  facet normal 0 -1 0
    outer loop
      vertex 75 -6.7 25.75
      vertex 80 -6.7 21
      vertex 75.3863 -6.7 25.8112
    endloop
  endfacet
  facet normal 0 -1 0
    outer loop
      vertex 76.1888 -6.7 26.6137
      vertex 80 -6.7 21
      vertex 80 -6.7 31
    endloop
  endfacet
  facet normal 0 -1 0
    outer loop
      vertex 75.7347 -6.7 25.9887
      vertex 80 -6.7 21
      vertex 76.0113 -6.7 26.2653
    endloop
  endfacet
  facet normal 0 -1 0
    outer loop
      vertex 75.3863 -6.7 25.8112
      vertex 80 -6.7 21
      vertex 75.7347 -6.7 25.9887
    endloop
  endfacet
  facet normal -1 0 0
    outer loop
      vertex 70 -2.7 21
      vertex 70 -3.9 21.99
      vertex 70 -2.7 21.99
    endloop
  endfacet
  facet normal -1 -0 0
    outer loop
      vertex 70 -3.9 21.99
      vertex 70 -6.7 21
      vertex 70 -3.9 27.99
    endloop
  endfacet
  facet normal -1 0 0
    outer loop
      vertex 70 -6.7 21
      vertex 70 -3.9 21.99
      vertex 70 -2.7 21
    endloop
  endfacet
  facet normal -1 0 0
    outer loop
      vertex 70 -3.9 27.99
      vertex 70 -2.7 31
      vertex 70 -2.7 27.99
    endloop
  endfacet
  facet normal -1 0 0
    outer loop
      vertex 70 -6.7 31
      vertex 70 -3.9 27.99
      vertex 70 -6.7 21
    endloop
  endfacet
  facet normal -1 0 0
    outer loop
      vertex 70 -3.9 27.99
      vertex 70 -6.7 31
      vertex 70 -2.7 31
    endloop
  endfacet
  facet normal -0 0 1
    outer loop
      vertex 70 -2.7 31
      vertex 80 -6.7 31
      vertex 80 -2.7 31
    endloop
  endfacet
  facet normal 0 0 1
    outer loop
      vertex 80 -6.7 31
      vertex 70 -2.7 31
      vertex 70 -6.7 31
    endloop
  endfacet
  facet normal 0 0 -1
    outer loop
      vertex 70 -6.7 21
      vertex 80 -2.7 21
      vertex 80 -6.7 21
    endloop
  endfacet
  facet normal -0 0 -1
    outer loop
      vertex 80 -2.7 21
      vertex 70 -6.7 21
      vertex 70 -2.7 21
    endloop
  endfacet
  facet normal 1 0 0
    outer loop
      vertex 80 -83.3 31
      vertex 80 -86.1 27.99
      vertex 80 -83.3 21
    endloop
  endfacet
  facet normal 1 -0 0
    outer loop
      vertex 80 -87.3 31
      vertex 80 -86.1 27.99
      vertex 80 -83.3 31
    endloop
  endfacet
  facet normal 1 0 0
    outer loop
      vertex 80 -86.1 27.99
      vertex 80 -87.3 31
      vertex 80 -87.3 27.99
    endloop
  endfacet
  facet normal 1 -0 0
    outer loop
      vertex 80 -86.1 21.99
      vertex 80 -83.3 21
      vertex 80 -86.1 27.99
    endloop
  endfacet
  facet normal 1 0 0
    outer loop
      vertex 80 -87.3 21
      vertex 80 -86.1 21.99
      vertex 80 -87.3 21.99
    endloop
  endfacet
  facet normal 1 0 0
    outer loop
      vertex 80 -86.1 21.99
      vertex 80 -87.3 21
      vertex 80 -83.3 21
    endloop
  endfacet
  facet normal 0 1 0
    outer loop
      vertex 80 -83.3 31
      vertex 75 -83.3 28.25
      vertex 70 -83.3 31
    endloop
  endfacet
  facet normal 0 1 0
    outer loop
      vertex 80 -83.3 31
      vertex 75.3863 -83.3 28.1888
      vertex 75 -83.3 28.25
    endloop
  endfacet
  facet normal 0 1 0
    outer loop
      vertex 80 -83.3 31
      vertex 75.7347 -83.3 28.0113
      vertex 75.3863 -83.3 28.1888
    endloop
  endfacet
  facet normal 0 1 0
    outer loop
      vertex 80 -83.3 31
      vertex 76.0113 -83.3 27.7347
      vertex 75.7347 -83.3 28.0113
    endloop
  endfacet
  facet normal 0 1 0
    outer loop
      vertex 80 -83.3 31
      vertex 76.1888 -83.3 27.3863
      vertex 76.0113 -83.3 27.7347
    endloop
  endfacet
  facet normal 0 1 0
    outer loop
      vertex 80 -83.3 31
      vertex 76.25 -83.3 27
      vertex 76.1888 -83.3 27.3863
    endloop
  endfacet
  facet normal 0 1 0
    outer loop
      vertex 80 -83.3 31
      vertex 76.1888 -83.3 26.6137
      vertex 76.25 -83.3 27
    endloop
  endfacet
  facet normal 0 1 -0
    outer loop
      vertex 80 -83.3 21
      vertex 76.1888 -83.3 26.6137
      vertex 80 -83.3 31
    endloop
  endfacet
  facet normal 0 1 0
    outer loop
      vertex 75.3863 -83.3 25.8112
      vertex 80 -83.3 21
      vertex 75 -83.3 25.75
    endloop
  endfacet
  facet normal 0 1 0
    outer loop
      vertex 75.7347 -83.3 25.9887
      vertex 80 -83.3 21
      vertex 75.3863 -83.3 25.8112
    endloop
  endfacet
  facet normal 0 1 0
    outer loop
      vertex 76.0113 -83.3 26.2653
      vertex 80 -83.3 21
      vertex 75.7347 -83.3 25.9887
    endloop
  endfacet
  facet normal 0 1 0
    outer loop
      vertex 76.1888 -83.3 26.6137
      vertex 80 -83.3 21
      vertex 76.0113 -83.3 26.2653
    endloop
  endfacet
  facet normal 0 1 -0
    outer loop
      vertex 74.6137 -83.3 28.1888
      vertex 70 -83.3 31
      vertex 75 -83.3 28.25
    endloop
  endfacet
  facet normal 0 1 -0
    outer loop
      vertex 74.2653 -83.3 28.0113
      vertex 70 -83.3 31
      vertex 74.6137 -83.3 28.1888
    endloop
  endfacet
  facet normal 0 1 -0
    outer loop
      vertex 73.9887 -83.3 27.7347
      vertex 70 -83.3 31
      vertex 74.2653 -83.3 28.0113
    endloop
  endfacet
  facet normal 0 1 -0
    outer loop
      vertex 73.8112 -83.3 27.3863
      vertex 70 -83.3 31
      vertex 73.9887 -83.3 27.7347
    endloop
  endfacet
  facet normal 0 1 -0
    outer loop
      vertex 73.75 -83.3 27
      vertex 70 -83.3 31
      vertex 73.8112 -83.3 27.3863
    endloop
  endfacet
  facet normal 0 1 0
    outer loop
      vertex 73.8112 -83.3 26.6137
      vertex 70 -83.3 31
      vertex 73.75 -83.3 27
    endloop
  endfacet
  facet normal 0 1 0
    outer loop
      vertex 70 -83.3 21
      vertex 73.8112 -83.3 26.6137
      vertex 73.9887 -83.3 26.2653
    endloop
  endfacet
  facet normal 0 1 0
    outer loop
      vertex 70 -83.3 21
      vertex 75 -83.3 25.75
      vertex 80 -83.3 21
    endloop
  endfacet
  facet normal 0 1 0
    outer loop
      vertex 75 -83.3 25.75
      vertex 70 -83.3 21
      vertex 74.6137 -83.3 25.8112
    endloop
  endfacet
  facet normal 0 1 0
    outer loop
      vertex 73.8112 -83.3 26.6137
      vertex 70 -83.3 21
      vertex 70 -83.3 31
    endloop
  endfacet
  facet normal 0 1 0
    outer loop
      vertex 74.2653 -83.3 25.9887
      vertex 70 -83.3 21
      vertex 73.9887 -83.3 26.2653
    endloop
  endfacet
  facet normal 0 1 0
    outer loop
      vertex 74.6137 -83.3 25.8112
      vertex 70 -83.3 21
      vertex 74.2653 -83.3 25.9887
    endloop
  endfacet
  facet normal -1 0 0
    outer loop
      vertex 70 -86.1 27.99
      vertex 70 -83.3 21
      vertex 70 -86.1 21.99
    endloop
  endfacet
  facet normal -1 0 0
    outer loop
      vertex 70 -87.3 21
      vertex 70 -86.1 21.99
      vertex 70 -83.3 21
    endloop
  endfacet
  facet normal -1 -0 0
    outer loop
      vertex 70 -86.1 21.99
      vertex 70 -87.3 21
      vertex 70 -87.3 21.99
    endloop
  endfacet
  facet normal -1 0 0
    outer loop
      vertex 70 -83.3 21
      vertex 70 -86.1 27.99
      vertex 70 -83.3 31
    endloop
  endfacet
  facet normal -1 0 0
    outer loop
      vertex 70 -87.3 31
      vertex 70 -86.1 27.99
      vertex 70 -87.3 27.99
    endloop
  endfacet
  facet normal -1 0 0
    outer loop
      vertex 70 -86.1 27.99
      vertex 70 -87.3 31
      vertex 70 -83.3 31
    endloop
  endfacet
  facet normal -0 0 1
    outer loop
      vertex 70 -83.3 31
      vertex 80 -87.3 31
      vertex 80 -83.3 31
    endloop
  endfacet
  facet normal 0 0 1
    outer loop
      vertex 80 -87.3 31
      vertex 70 -83.3 31
      vertex 70 -87.3 31
    endloop
  endfacet
  facet normal 0 0 -1
    outer loop
      vertex 70 -87.3 21
      vertex 80 -83.3 21
      vertex 80 -87.3 21
    endloop
  endfacet
  facet normal -0 0 -1
    outer loop
      vertex 80 -83.3 21
      vertex 70 -87.3 21
      vertex 70 -83.3 21
    endloop
  endfacet
  facet normal 0.19495 -0.980813 0
    outer loop
      vertex 8.22158 -28.0043 3
      vertex 8.60646 -27.9278 10
      vertex 8.22158 -28.0043 10
    endloop
  endfacet
  facet normal 0.19495 -0.980813 0
    outer loop
      vertex 8.60646 -27.9278 10
      vertex 8.22158 -28.0043 3
      vertex 8.60646 -27.9278 3
    endloop
  endfacet
  facet normal 0.980815 0.19494 0
    outer loop
      vertex 10.8043 -24.6384 10
      vertex 10.7278 -24.2535 3
      vertex 10.7278 -24.2535 10
    endloop
  endfacet
  facet normal 0.980815 0.19494 0
    outer loop
      vertex 10.7278 -24.2535 3
      vertex 10.8043 -24.6384 10
      vertex 10.8043 -24.6384 3
    endloop
  endfacet
  facet normal 0.997853 0.0654873 0
    outer loop
      vertex 10.83 -25.03 10
      vertex 10.8043 -24.6384 3
      vertex 10.8043 -24.6384 10
    endloop
  endfacet
  facet normal 0.997853 0.0654873 0
    outer loop
      vertex 10.8043 -24.6384 3
      vertex 10.83 -25.03 10
      vertex 10.83 -25.03 3
    endloop
  endfacet
  facet normal -0.0654906 0.997853 0
    outer loop
      vertex 7.83 -22.03 3
      vertex 7.43842 -22.0557 10
      vertex 7.83 -22.03 10
    endloop
  endfacet
  facet normal -0.0654906 0.997853 0
    outer loop
      vertex 7.43842 -22.0557 10
      vertex 7.83 -22.03 3
      vertex 7.43842 -22.0557 3
    endloop
  endfacet
  facet normal -0.321582 0.946882 0
    outer loop
      vertex 7.05354 -22.1322 3
      vertex 6.68195 -22.2584 10
      vertex 7.05354 -22.1322 10
    endloop
  endfacet
  facet normal -0.321582 0.946882 0
    outer loop
      vertex 6.68195 -22.2584 10
      vertex 7.05354 -22.1322 3
      vertex 6.68195 -22.2584 3
    endloop
  endfacet
  facet normal 0.44216 -0.896936 0
    outer loop
      vertex 8.97805 -27.8016 3
      vertex 9.33 -27.6281 10
      vertex 8.97805 -27.8016 10
    endloop
  endfacet
  facet normal 0.44216 -0.896936 0
    outer loop
      vertex 9.33 -27.6281 10
      vertex 8.97805 -27.8016 3
      vertex 9.33 -27.6281 3
    endloop
  endfacet
  facet normal -0.751799 -0.659392 0
    outer loop
      vertex 5.70868 -27.1513 3
      vertex 5.44994 -26.8563 10
      vertex 5.44994 -26.8563 3
    endloop
  endfacet
  facet normal -0.751799 -0.659392 0
    outer loop
      vertex 5.44994 -26.8563 10
      vertex 5.70868 -27.1513 3
      vertex 5.70868 -27.1513 10
    endloop
  endfacet
  facet normal 0.659428 0.751768 -0
    outer loop
      vertex 9.95132 -22.9087 3
      vertex 9.65628 -22.6499 10
      vertex 9.95132 -22.9087 10
    endloop
  endfacet
  facet normal 0.659428 0.751768 0
    outer loop
      vertex 9.65628 -22.6499 10
      vertex 9.95132 -22.9087 3
      vertex 9.65628 -22.6499 3
    endloop
  endfacet
  facet normal 0 0 1
    outer loop
      vertex 9.08 -25.03 10
      vertex 10.83 -25.03 10
      vertex 10.8043 -24.6384 10
    endloop
  endfacet
  facet normal 0 0 1
    outer loop
      vertex 9.01882 -24.6437 10
      vertex 10.8043 -24.6384 10
      vertex 10.7278 -24.2535 10
    endloop
  endfacet
  facet normal 0 0 1
    outer loop
      vertex 10.83 -25.03 10
      vertex 9.08 -25.03 10
      vertex 10.8043 -25.4216 10
    endloop
  endfacet
  facet normal 0 0 1
    outer loop
      vertex 9.01882 -24.6437 10
      vertex 10.7278 -24.2535 10
      vertex 10.6016 -23.882 10
    endloop
  endfacet
  facet normal -0 0 1
    outer loop
      vertex 9.01882 -25.4163 10
      vertex 10.8043 -25.4216 10
      vertex 9.08 -25.03 10
    endloop
  endfacet
  facet normal 0 0 1
    outer loop
      vertex 9.01882 -24.6437 10
      vertex 10.6016 -23.882 10
      vertex 10.4281 -23.53 10
    endloop
  endfacet
  facet normal 0 0 1
    outer loop
      vertex 10.8043 -25.4216 10
      vertex 9.01882 -25.4163 10
      vertex 10.7278 -25.8065 10
    endloop
  endfacet
  facet normal 0 0 1
    outer loop
      vertex 8.84127 -24.2953 10
      vertex 10.4281 -23.53 10
      vertex 10.2101 -23.2037 10
    endloop
  endfacet
  facet normal 0 0 1
    outer loop
      vertex 10.7278 -25.8065 10
      vertex 9.01882 -25.4163 10
      vertex 10.6016 -26.1781 10
    endloop
  endfacet
  facet normal 0 0 1
    outer loop
      vertex 8.84127 -24.2953 10
      vertex 10.2101 -23.2037 10
      vertex 9.95132 -22.9087 10
    endloop
  endfacet
  facet normal 0 0 1
    outer loop
      vertex 10.6016 -26.1781 10
      vertex 9.01882 -25.4163 10
      vertex 10.4281 -26.53 10
    endloop
  endfacet
  facet normal 0 0 1
    outer loop
      vertex 8.56473 -24.0187 10
      vertex 9.95132 -22.9087 10
      vertex 9.65628 -22.6499 10
    endloop
  endfacet
  facet normal -0 0 1
    outer loop
      vertex 8.84127 -25.7647 10
      vertex 10.4281 -26.53 10
      vertex 9.01882 -25.4163 10
    endloop
  endfacet
  facet normal 0 0 1
    outer loop
      vertex 8.56473 -24.0187 10
      vertex 9.65628 -22.6499 10
      vertex 9.33 -22.4319 10
    endloop
  endfacet
  facet normal 0 0 1
    outer loop
      vertex 10.4281 -26.53 10
      vertex 8.84127 -25.7647 10
      vertex 10.2101 -26.8563 10
    endloop
  endfacet
  facet normal 0 0 1
    outer loop
      vertex 10.2101 -26.8563 10
      vertex 8.84127 -25.7647 10
      vertex 9.95132 -27.1513 10
    endloop
  endfacet
  facet normal 0 0 1
    outer loop
      vertex 10.8043 -24.6384 10
      vertex 9.01882 -24.6437 10
      vertex 9.08 -25.03 10
    endloop
  endfacet
  facet normal 0 0 1
    outer loop
      vertex 8.21627 -23.8412 10
      vertex 9.33 -22.4319 10
      vertex 8.97805 -22.2584 10
    endloop
  endfacet
  facet normal 0 0 1
    outer loop
      vertex 10.4281 -23.53 10
      vertex 8.84127 -24.2953 10
      vertex 9.01882 -24.6437 10
    endloop
  endfacet
  facet normal 0 0 1
    outer loop
      vertex 8.21627 -23.8412 10
      vertex 8.97805 -22.2584 10
      vertex 8.60646 -22.1322 10
    endloop
  endfacet
  facet normal 0 0 1
    outer loop
      vertex 9.95132 -22.9087 10
      vertex 8.56473 -24.0187 10
      vertex 8.84127 -24.2953 10
    endloop
  endfacet
  facet normal 0 0 1
    outer loop
      vertex 8.21627 -23.8412 10
      vertex 8.60646 -22.1322 10
      vertex 8.22158 -22.0557 10
    endloop
  endfacet
  facet normal 0 0 1
    outer loop
      vertex 9.33 -22.4319 10
      vertex 8.21627 -23.8412 10
      vertex 8.56473 -24.0187 10
    endloop
  endfacet
  facet normal 0 0 1
    outer loop
      vertex 7.83 -23.78 10
      vertex 8.22158 -22.0557 10
      vertex 7.83 -22.03 10
    endloop
  endfacet
  facet normal 0 0 1
    outer loop
      vertex 8.22158 -22.0557 10
      vertex 7.83 -23.78 10
      vertex 8.21627 -23.8412 10
    endloop
  endfacet
  facet normal -0 0 1
    outer loop
      vertex 7.43842 -22.0557 10
      vertex 7.83 -23.78 10
      vertex 7.83 -22.03 10
    endloop
  endfacet
  facet normal 0 0 1
    outer loop
      vertex 7.83 -23.78 10
      vertex 7.43842 -22.0557 10
      vertex 7.44373 -23.8412 10
    endloop
  endfacet
  facet normal -0 0 1
    outer loop
      vertex 7.05354 -22.1322 10
      vertex 7.44373 -23.8412 10
      vertex 7.43842 -22.0557 10
    endloop
  endfacet
  facet normal -0 0 1
    outer loop
      vertex 6.68195 -22.2584 10
      vertex 7.44373 -23.8412 10
      vertex 7.05354 -22.1322 10
    endloop
  endfacet
  facet normal -0 0 1
    outer loop
      vertex 6.33 -22.4319 10
      vertex 7.44373 -23.8412 10
      vertex 6.68195 -22.2584 10
    endloop
  endfacet
  facet normal 0 0 1
    outer loop
      vertex 7.44373 -23.8412 10
      vertex 6.33 -22.4319 10
      vertex 7.09527 -24.0187 10
    endloop
  endfacet
  facet normal -0 0 1
    outer loop
      vertex 6.00372 -22.6499 10
      vertex 7.09527 -24.0187 10
      vertex 6.33 -22.4319 10
    endloop
  endfacet
  facet normal -0 0 1
    outer loop
      vertex 5.70868 -22.9087 10
      vertex 7.09527 -24.0187 10
      vertex 6.00372 -22.6499 10
    endloop
  endfacet
  facet normal 0 0 1
    outer loop
      vertex 7.09527 -24.0187 10
      vertex 5.70868 -22.9087 10
      vertex 6.81873 -24.2953 10
    endloop
  endfacet
  facet normal -0 0 1
    outer loop
      vertex 8.56473 -26.0413 10
      vertex 9.95132 -27.1513 10
      vertex 8.84127 -25.7647 10
    endloop
  endfacet
  facet normal 0 0 1
    outer loop
      vertex 9.95132 -27.1513 10
      vertex 8.56473 -26.0413 10
      vertex 9.65628 -27.4101 10
    endloop
  endfacet
  facet normal 0 0 1
    outer loop
      vertex 9.65628 -27.4101 10
      vertex 8.56473 -26.0413 10
      vertex 9.33 -27.6281 10
    endloop
  endfacet
  facet normal -0 0 1
    outer loop
      vertex 8.21627 -26.2188 10
      vertex 9.33 -27.6281 10
      vertex 8.56473 -26.0413 10
    endloop
  endfacet
  facet normal 0 0 1
    outer loop
      vertex 9.33 -27.6281 10
      vertex 8.21627 -26.2188 10
      vertex 8.97805 -27.8016 10
    endloop
  endfacet
  facet normal 0 0 1
    outer loop
      vertex 8.97805 -27.8016 10
      vertex 8.21627 -26.2188 10
      vertex 8.60646 -27.9278 10
    endloop
  endfacet
  facet normal 0 0 1
    outer loop
      vertex 8.60646 -27.9278 10
      vertex 8.21627 -26.2188 10
      vertex 8.22158 -28.0043 10
    endloop
  endfacet
  facet normal -0 0 1
    outer loop
      vertex 7.83 -26.28 10
      vertex 8.22158 -28.0043 10
      vertex 8.21627 -26.2188 10
    endloop
  endfacet
  facet normal 0 0 1
    outer loop
      vertex 7.83 -26.28 10
      vertex 7.83 -28.03 10
      vertex 8.22158 -28.0043 10
    endloop
  endfacet
  facet normal 0 0 1
    outer loop
      vertex 7.43842 -28.0043 10
      vertex 7.83 -26.28 10
      vertex 7.44373 -26.2188 10
    endloop
  endfacet
  facet normal 0 0 1
    outer loop
      vertex 7.83 -26.28 10
      vertex 7.43842 -28.0043 10
      vertex 7.83 -28.03 10
    endloop
  endfacet
  facet normal 0 0 1
    outer loop
      vertex 6.33 -27.6281 10
      vertex 7.44373 -26.2188 10
      vertex 7.09527 -26.0413 10
    endloop
  endfacet
  facet normal 0 0 1
    outer loop
      vertex 7.44373 -26.2188 10
      vertex 7.05354 -27.9278 10
      vertex 7.43842 -28.0043 10
    endloop
  endfacet
  facet normal 0 0 1
    outer loop
      vertex 5.70868 -27.1513 10
      vertex 7.09527 -26.0413 10
      vertex 6.81873 -25.7647 10
    endloop
  endfacet
  facet normal 0 0 1
    outer loop
      vertex 7.44373 -26.2188 10
      vertex 6.68195 -27.8016 10
      vertex 7.05354 -27.9278 10
    endloop
  endfacet
  facet normal 0 0 1
    outer loop
      vertex 5.23192 -26.53 10
      vertex 6.81873 -25.7647 10
      vertex 6.64118 -25.4163 10
    endloop
  endfacet
  facet normal 0 0 1
    outer loop
      vertex 4.85567 -25.4216 10
      vertex 6.64118 -25.4163 10
      vertex 6.58 -25.03 10
    endloop
  endfacet
  facet normal -0 0 1
    outer loop
      vertex 5.44994 -23.2037 10
      vertex 6.81873 -24.2953 10
      vertex 5.70868 -22.9087 10
    endloop
  endfacet
  facet normal 0 0 1
    outer loop
      vertex 7.44373 -26.2188 10
      vertex 6.33 -27.6281 10
      vertex 6.68195 -27.8016 10
    endloop
  endfacet
  facet normal -0 0 1
    outer loop
      vertex 5.23192 -23.53 10
      vertex 6.81873 -24.2953 10
      vertex 5.44994 -23.2037 10
    endloop
  endfacet
  facet normal 0 0 1
    outer loop
      vertex 7.09527 -26.0413 10
      vertex 6.00372 -27.4101 10
      vertex 6.33 -27.6281 10
    endloop
  endfacet
  facet normal 0 0 1
    outer loop
      vertex 6.81873 -24.2953 10
      vertex 5.23192 -23.53 10
      vertex 6.64118 -24.6437 10
    endloop
  endfacet
  facet normal 0 0 1
    outer loop
      vertex 7.09527 -26.0413 10
      vertex 5.70868 -27.1513 10
      vertex 6.00372 -27.4101 10
    endloop
  endfacet
  facet normal -0 0 1
    outer loop
      vertex 5.05836 -23.882 10
      vertex 6.64118 -24.6437 10
      vertex 5.23192 -23.53 10
    endloop
  endfacet
  facet normal 0 0 1
    outer loop
      vertex 6.81873 -25.7647 10
      vertex 5.44994 -26.8563 10
      vertex 5.70868 -27.1513 10
    endloop
  endfacet
  facet normal -0 0 1
    outer loop
      vertex 4.93222 -24.2535 10
      vertex 6.64118 -24.6437 10
      vertex 5.05836 -23.882 10
    endloop
  endfacet
  facet normal 0 0 1
    outer loop
      vertex 6.81873 -25.7647 10
      vertex 5.23192 -26.53 10
      vertex 5.44994 -26.8563 10
    endloop
  endfacet
  facet normal -0 0 1
    outer loop
      vertex 4.85567 -24.6384 10
      vertex 6.64118 -24.6437 10
      vertex 4.93222 -24.2535 10
    endloop
  endfacet
  facet normal 0 0 1
    outer loop
      vertex 6.64118 -25.4163 10
      vertex 5.05836 -26.1781 10
      vertex 5.23192 -26.53 10
    endloop
  endfacet
  facet normal 0 0 1
    outer loop
      vertex 6.64118 -24.6437 10
      vertex 4.85567 -24.6384 10
      vertex 6.58 -25.03 10
    endloop
  endfacet
  facet normal 0 0 1
    outer loop
      vertex 6.64118 -25.4163 10
      vertex 4.93222 -25.8065 10
      vertex 5.05836 -26.1781 10
    endloop
  endfacet
  facet normal 0 0 1
    outer loop
      vertex 4.83 -25.03 10
      vertex 6.58 -25.03 10
      vertex 4.85567 -24.6384 10
    endloop
  endfacet
  facet normal 0 0 1
    outer loop
      vertex 6.64118 -25.4163 10
      vertex 4.85567 -25.4216 10
      vertex 4.93222 -25.8065 10
    endloop
  endfacet
  facet normal 0 0 1
    outer loop
      vertex 6.58 -25.03 10
      vertex 4.83 -25.03 10
      vertex 4.85567 -25.4216 10
    endloop
  endfacet
  facet normal -0.980791 -0.195062 0
    outer loop
      vertex 4.93222 -25.8065 3
      vertex 4.85567 -25.4216 10
      vertex 4.85567 -25.4216 3
    endloop
  endfacet
  facet normal -0.980791 -0.195062 0
    outer loop
      vertex 4.85567 -25.4216 10
      vertex 4.93222 -25.8065 3
      vertex 4.93222 -25.8065 10
    endloop
  endfacet
  facet normal -0.659428 -0.751768 0
    outer loop
      vertex 5.70868 -27.1513 3
      vertex 6.00372 -27.4101 10
      vertex 5.70868 -27.1513 10
    endloop
  endfacet
  facet normal -0.659428 -0.751768 -0
    outer loop
      vertex 6.00372 -27.4101 10
      vertex 5.70868 -27.1513 3
      vertex 6.00372 -27.4101 3
    endloop
  endfacet
  facet normal 0.946885 -0.321574 0
    outer loop
      vertex 10.6016 -26.1781 10
      vertex 10.7278 -25.8065 3
      vertex 10.7278 -25.8065 10
    endloop
  endfacet
  facet normal 0.946885 -0.321574 0
    outer loop
      vertex 10.7278 -25.8065 3
      vertex 10.6016 -26.1781 10
      vertex 10.6016 -26.1781 3
    endloop
  endfacet
  facet normal 0.831501 -0.555523 0
    outer loop
      vertex 10.2101 -26.8563 10
      vertex 10.4281 -26.53 3
      vertex 10.4281 -26.53 10
    endloop
  endfacet
  facet normal 0.831501 -0.555523 0
    outer loop
      vertex 10.4281 -26.53 3
      vertex 10.2101 -26.8563 10
      vertex 10.2101 -26.8563 3
    endloop
  endfacet
  facet normal 0.321582 0.946882 -0
    outer loop
      vertex 8.97805 -22.2584 3
      vertex 8.60646 -22.1322 10
      vertex 8.97805 -22.2584 10
    endloop
  endfacet
  facet normal 0.321582 0.946882 0
    outer loop
      vertex 8.60646 -22.1322 10
      vertex 8.97805 -22.2584 3
      vertex 8.60646 -22.1322 3
    endloop
  endfacet
  facet normal 0.751749 -0.659449 0
    outer loop
      vertex 9.95132 -27.1513 10
      vertex 10.2101 -26.8563 3
      vertex 10.2101 -26.8563 10
    endloop
  endfacet
  facet normal 0.751749 -0.659449 0
    outer loop
      vertex 10.2101 -26.8563 3
      vertex 9.95132 -27.1513 10
      vertex 9.95132 -27.1513 3
    endloop
  endfacet
  facet normal -0.831477 0.555558 0
    outer loop
      vertex 5.23192 -23.53 3
      vertex 5.44994 -23.2037 10
      vertex 5.44994 -23.2037 3
    endloop
  endfacet
  facet normal -0.831477 0.555558 0
    outer loop
      vertex 5.44994 -23.2037 10
      vertex 5.23192 -23.53 3
      vertex 5.23192 -23.53 10
    endloop
  endfacet
  facet normal -0.980791 0.195062 0
    outer loop
      vertex 4.85567 -24.6384 3
      vertex 4.93222 -24.2535 10
      vertex 4.93222 -24.2535 3
    endloop
  endfacet
  facet normal -0.980791 0.195062 0
    outer loop
      vertex 4.93222 -24.2535 10
      vertex 4.85567 -24.6384 3
      vertex 4.85567 -24.6384 10
    endloop
  endfacet
  facet normal -0.89685 -0.442334 0
    outer loop
      vertex 5.23192 -26.53 3
      vertex 5.05836 -26.1781 10
      vertex 5.05836 -26.1781 3
    endloop
  endfacet
  facet normal -0.89685 -0.442334 0
    outer loop
      vertex 5.05836 -26.1781 10
      vertex 5.23192 -26.53 3
      vertex 5.23192 -26.53 10
    endloop
  endfacet
  facet normal 0.44216 0.896936 -0
    outer loop
      vertex 9.33 -22.4319 3
      vertex 8.97805 -22.2584 10
      vertex 9.33 -22.4319 10
    endloop
  endfacet
  facet normal 0.44216 0.896936 0
    outer loop
      vertex 8.97805 -22.2584 10
      vertex 9.33 -22.4319 3
      vertex 8.97805 -22.2584 3
    endloop
  endfacet
  facet normal 0.997853 -0.0654873 0
    outer loop
      vertex 10.8043 -25.4216 10
      vertex 10.83 -25.03 3
      vertex 10.83 -25.03 10
    endloop
  endfacet
  facet normal 0.997853 -0.0654873 0
    outer loop
      vertex 10.83 -25.03 3
      vertex 10.8043 -25.4216 10
      vertex 10.8043 -25.4216 3
    endloop
  endfacet
  facet normal -0.751799 0.659392 0
    outer loop
      vertex 5.44994 -23.2037 3
      vertex 5.70868 -22.9087 10
      vertex 5.70868 -22.9087 3
    endloop
  endfacet
  facet normal -0.751799 0.659392 0
    outer loop
      vertex 5.70868 -22.9087 10
      vertex 5.44994 -23.2037 3
      vertex 5.44994 -23.2037 10
    endloop
  endfacet
  facet normal -0.659428 0.751768 0
    outer loop
      vertex 6.00372 -22.6499 3
      vertex 5.70868 -22.9087 10
      vertex 6.00372 -22.6499 10
    endloop
  endfacet
  facet normal -0.659428 0.751768 0
    outer loop
      vertex 5.70868 -22.9087 10
      vertex 6.00372 -22.6499 3
      vertex 5.70868 -22.9087 3
    endloop
  endfacet
  facet normal 0.831501 0.555523 0
    outer loop
      vertex 10.4281 -23.53 10
      vertex 10.2101 -23.2037 3
      vertex 10.2101 -23.2037 10
    endloop
  endfacet
  facet normal 0.831501 0.555523 0
    outer loop
      vertex 10.2101 -23.2037 3
      vertex 10.4281 -23.53 10
      vertex 10.4281 -23.53 3
    endloop
  endfacet
  facet normal -0.946931 -0.321437 0
    outer loop
      vertex 5.05836 -26.1781 3
      vertex 4.93222 -25.8065 10
      vertex 4.93222 -25.8065 3
    endloop
  endfacet
  facet normal -0.946931 -0.321437 0
    outer loop
      vertex 4.93222 -25.8065 10
      vertex 5.05836 -26.1781 3
      vertex 5.05836 -26.1781 10
    endloop
  endfacet
  facet normal 0.555547 0.831485 -0
    outer loop
      vertex 9.65628 -22.6499 3
      vertex 9.33 -22.4319 10
      vertex 9.65628 -22.6499 10
    endloop
  endfacet
  facet normal 0.555547 0.831485 0
    outer loop
      vertex 9.33 -22.4319 10
      vertex 9.65628 -22.6499 3
      vertex 9.33 -22.4319 3
    endloop
  endfacet
  facet normal 0.19495 0.980813 -0
    outer loop
      vertex 8.60646 -22.1322 3
      vertex 8.22158 -22.0557 10
      vertex 8.60646 -22.1322 10
    endloop
  endfacet
  facet normal 0.19495 0.980813 0
    outer loop
      vertex 8.22158 -22.0557 10
      vertex 8.60646 -22.1322 3
      vertex 8.22158 -22.0557 3
    endloop
  endfacet
  facet normal -0.997858 0.0654112 0
    outer loop
      vertex 4.83 -25.03 3
      vertex 4.85567 -24.6384 10
      vertex 4.85567 -24.6384 3
    endloop
  endfacet
  facet normal -0.997858 0.0654112 0
    outer loop
      vertex 4.85567 -24.6384 10
      vertex 4.83 -25.03 3
      vertex 4.83 -25.03 10
    endloop
  endfacet
  facet normal -0.997858 -0.0654112 0
    outer loop
      vertex 4.85567 -25.4216 3
      vertex 4.83 -25.03 10
      vertex 4.83 -25.03 3
    endloop
  endfacet
  facet normal -0.997858 -0.0654112 0
    outer loop
      vertex 4.83 -25.03 10
      vertex 4.85567 -25.4216 3
      vertex 4.85567 -25.4216 10
    endloop
  endfacet
  facet normal -0.0654906 -0.997853 0
    outer loop
      vertex 7.43842 -28.0043 3
      vertex 7.83 -28.03 10
      vertex 7.43842 -28.0043 10
    endloop
  endfacet
  facet normal -0.0654906 -0.997853 -0
    outer loop
      vertex 7.83 -28.03 10
      vertex 7.43842 -28.0043 3
      vertex 7.83 -28.03 3
    endloop
  endfacet
  facet normal -0.19495 0.980813 0
    outer loop
      vertex 7.43842 -22.0557 3
      vertex 7.05354 -22.1322 10
      vertex 7.43842 -22.0557 10
    endloop
  endfacet
  facet normal -0.19495 0.980813 0
    outer loop
      vertex 7.05354 -22.1322 10
      vertex 7.43842 -22.0557 3
      vertex 7.05354 -22.1322 3
    endloop
  endfacet
  facet normal 0.896961 0.44211 0
    outer loop
      vertex 10.6016 -23.882 10
      vertex 10.4281 -23.53 3
      vertex 10.4281 -23.53 10
    endloop
  endfacet
  facet normal 0.896961 0.44211 0
    outer loop
      vertex 10.4281 -23.53 3
      vertex 10.6016 -23.882 10
      vertex 10.6016 -23.882 3
    endloop
  endfacet
  facet normal -0.831477 -0.555558 0
    outer loop
      vertex 5.44994 -26.8563 3
      vertex 5.23192 -26.53 10
      vertex 5.23192 -26.53 3
    endloop
  endfacet
  facet normal -0.831477 -0.555558 0
    outer loop
      vertex 5.23192 -26.53 10
      vertex 5.44994 -26.8563 3
      vertex 5.44994 -26.8563 10
    endloop
  endfacet
  facet normal 0.0654906 -0.997853 0
    outer loop
      vertex 7.83 -28.03 3
      vertex 8.22158 -28.0043 10
      vertex 7.83 -28.03 10
    endloop
  endfacet
  facet normal 0.0654906 -0.997853 0
    outer loop
      vertex 8.22158 -28.0043 10
      vertex 7.83 -28.03 3
      vertex 8.22158 -28.0043 3
    endloop
  endfacet
  facet normal 0.980815 -0.19494 0
    outer loop
      vertex 10.7278 -25.8065 10
      vertex 10.8043 -25.4216 3
      vertex 10.8043 -25.4216 10
    endloop
  endfacet
  facet normal 0.980815 -0.19494 0
    outer loop
      vertex 10.8043 -25.4216 3
      vertex 10.7278 -25.8065 10
      vertex 10.7278 -25.8065 3
    endloop
  endfacet
  facet normal 0.896911 -0.442211 0
    outer loop
      vertex 10.4281 -26.53 10
      vertex 10.6016 -26.1781 3
      vertex 10.6016 -26.1781 10
    endloop
  endfacet
  facet normal 0.896911 -0.442211 0
    outer loop
      vertex 10.6016 -26.1781 3
      vertex 10.4281 -26.53 10
      vertex 10.4281 -26.53 3
    endloop
  endfacet
  facet normal 0.555547 -0.831485 0
    outer loop
      vertex 9.33 -27.6281 3
      vertex 9.65628 -27.4101 10
      vertex 9.33 -27.6281 10
    endloop
  endfacet
  facet normal 0.555547 -0.831485 0
    outer loop
      vertex 9.65628 -27.4101 10
      vertex 9.33 -27.6281 3
      vertex 9.65628 -27.4101 3
    endloop
  endfacet
  facet normal 0.321582 -0.946882 0
    outer loop
      vertex 8.60646 -27.9278 3
      vertex 8.97805 -27.8016 10
      vertex 8.60646 -27.9278 10
    endloop
  endfacet
  facet normal 0.321582 -0.946882 0
    outer loop
      vertex 8.97805 -27.8016 10
      vertex 8.60646 -27.9278 3
      vertex 8.97805 -27.8016 3
    endloop
  endfacet
  facet normal 0.751749 0.659449 0
    outer loop
      vertex 10.2101 -23.2037 10
      vertex 9.95132 -22.9087 3
      vertex 9.95132 -22.9087 10
    endloop
  endfacet
  facet normal 0.751749 0.659449 0
    outer loop
      vertex 9.95132 -22.9087 3
      vertex 10.2101 -23.2037 10
      vertex 10.2101 -23.2037 3
    endloop
  endfacet
  facet normal -0.555547 0.831485 0
    outer loop
      vertex 6.33 -22.4319 3
      vertex 6.00372 -22.6499 10
      vertex 6.33 -22.4319 10
    endloop
  endfacet
  facet normal -0.555547 0.831485 0
    outer loop
      vertex 6.00372 -22.6499 10
      vertex 6.33 -22.4319 3
      vertex 6.00372 -22.6499 3
    endloop
  endfacet
  facet normal -0.19495 -0.980813 0
    outer loop
      vertex 7.05354 -27.9278 3
      vertex 7.43842 -28.0043 10
      vertex 7.05354 -27.9278 10
    endloop
  endfacet
  facet normal -0.19495 -0.980813 -0
    outer loop
      vertex 7.43842 -28.0043 10
      vertex 7.05354 -27.9278 3
      vertex 7.43842 -28.0043 3
    endloop
  endfacet
  facet normal 0.946858 0.321651 0
    outer loop
      vertex 10.7278 -24.2535 10
      vertex 10.6016 -23.882 3
      vertex 10.6016 -23.882 10
    endloop
  endfacet
  facet normal 0.946858 0.321651 0
    outer loop
      vertex 10.6016 -23.882 3
      vertex 10.7278 -24.2535 10
      vertex 10.7278 -24.2535 3
    endloop
  endfacet
  facet normal -0.44216 0.896936 0
    outer loop
      vertex 6.68195 -22.2584 3
      vertex 6.33 -22.4319 10
      vertex 6.68195 -22.2584 10
    endloop
  endfacet
  facet normal -0.44216 0.896936 0
    outer loop
      vertex 6.33 -22.4319 10
      vertex 6.68195 -22.2584 3
      vertex 6.33 -22.4319 3
    endloop
  endfacet
  facet normal 0.0654906 0.997853 -0
    outer loop
      vertex 8.22158 -22.0557 3
      vertex 7.83 -22.03 10
      vertex 8.22158 -22.0557 10
    endloop
  endfacet
  facet normal 0.0654906 0.997853 0
    outer loop
      vertex 7.83 -22.03 10
      vertex 8.22158 -22.0557 3
      vertex 7.83 -22.03 3
    endloop
  endfacet
  facet normal -0.44216 -0.896936 0
    outer loop
      vertex 6.33 -27.6281 3
      vertex 6.68195 -27.8016 10
      vertex 6.33 -27.6281 10
    endloop
  endfacet
  facet normal -0.44216 -0.896936 -0
    outer loop
      vertex 6.68195 -27.8016 10
      vertex 6.33 -27.6281 3
      vertex 6.68195 -27.8016 3
    endloop
  endfacet
  facet normal -0.8969 0.442233 0
    outer loop
      vertex 5.05836 -23.882 3
      vertex 5.23192 -23.53 10
      vertex 5.23192 -23.53 3
    endloop
  endfacet
  facet normal -0.8969 0.442233 0
    outer loop
      vertex 5.23192 -23.53 10
      vertex 5.05836 -23.882 3
      vertex 5.05836 -23.882 10
    endloop
  endfacet
  facet normal -0.555547 -0.831485 0
    outer loop
      vertex 6.00372 -27.4101 3
      vertex 6.33 -27.6281 10
      vertex 6.00372 -27.4101 10
    endloop
  endfacet
  facet normal -0.555547 -0.831485 -0
    outer loop
      vertex 6.33 -27.6281 10
      vertex 6.00372 -27.4101 3
      vertex 6.33 -27.6281 3
    endloop
  endfacet
  facet normal -0.946905 0.321514 0
    outer loop
      vertex 4.93222 -24.2535 3
      vertex 5.05836 -23.882 10
      vertex 5.05836 -23.882 3
    endloop
  endfacet
  facet normal -0.946905 0.321514 0
    outer loop
      vertex 5.05836 -23.882 10
      vertex 4.93222 -24.2535 3
      vertex 4.93222 -24.2535 10
    endloop
  endfacet
  facet normal -0.321582 -0.946882 0
    outer loop
      vertex 6.68195 -27.8016 3
      vertex 7.05354 -27.9278 10
      vertex 6.68195 -27.8016 10
    endloop
  endfacet
  facet normal -0.321582 -0.946882 -0
    outer loop
      vertex 7.05354 -27.9278 10
      vertex 6.68195 -27.8016 3
      vertex 7.05354 -27.9278 3
    endloop
  endfacet
  facet normal 0.659428 -0.751768 0
    outer loop
      vertex 9.65628 -27.4101 3
      vertex 9.95132 -27.1513 10
      vertex 9.65628 -27.4101 10
    endloop
  endfacet
  facet normal 0.659428 -0.751768 0
    outer loop
      vertex 9.95132 -27.1513 10
      vertex 9.65628 -27.4101 3
      vertex 9.95132 -27.1513 3
    endloop
  endfacet
  facet normal 0.997853 -0.0654873 0
    outer loop
      vertex 10.8043 -67.3616 10
      vertex 10.83 -66.97 3
      vertex 10.83 -66.97 10
    endloop
  endfacet
  facet normal 0.997853 -0.0654873 0
    outer loop
      vertex 10.83 -66.97 3
      vertex 10.8043 -67.3616 10
      vertex 10.8043 -67.3616 3
    endloop
  endfacet
  facet normal 0.980815 0.19494 0
    outer loop
      vertex 10.8043 -66.5784 10
      vertex 10.7278 -66.1935 3
      vertex 10.7278 -66.1935 10
    endloop
  endfacet
  facet normal 0.980815 0.19494 0
    outer loop
      vertex 10.7278 -66.1935 3
      vertex 10.8043 -66.5784 10
      vertex 10.8043 -66.5784 3
    endloop
  endfacet
  facet normal 0.997853 0.0654873 0
    outer loop
      vertex 10.83 -66.97 10
      vertex 10.8043 -66.5784 3
      vertex 10.8043 -66.5784 10
    endloop
  endfacet
  facet normal 0.997853 0.0654873 0
    outer loop
      vertex 10.8043 -66.5784 3
      vertex 10.83 -66.97 10
      vertex 10.83 -66.97 3
    endloop
  endfacet
  facet normal 0.946885 0.321574 0
    outer loop
      vertex 10.7278 -66.1935 10
      vertex 10.6016 -65.8219 3
      vertex 10.6016 -65.8219 10
    endloop
  endfacet
  facet normal 0.946885 0.321574 0
    outer loop
      vertex 10.6016 -65.8219 3
      vertex 10.7278 -66.1935 10
      vertex 10.7278 -66.1935 3
    endloop
  endfacet
  facet normal 0.946858 -0.321651 0
    outer loop
      vertex 10.6016 -68.118 10
      vertex 10.7278 -67.7465 3
      vertex 10.7278 -67.7465 10
    endloop
  endfacet
  facet normal 0.946858 -0.321651 0
    outer loop
      vertex 10.7278 -67.7465 3
      vertex 10.6016 -68.118 10
      vertex 10.6016 -68.118 3
    endloop
  endfacet
  facet normal 0.831501 0.555523 0
    outer loop
      vertex 10.4281 -65.47 10
      vertex 10.2101 -65.1437 3
      vertex 10.2101 -65.1437 10
    endloop
  endfacet
  facet normal 0.831501 0.555523 0
    outer loop
      vertex 10.2101 -65.1437 3
      vertex 10.4281 -65.47 10
      vertex 10.4281 -65.47 3
    endloop
  endfacet
  facet normal 0.555547 -0.831485 0
    outer loop
      vertex 9.33 -69.5681 3
      vertex 9.65628 -69.3501 10
      vertex 9.33 -69.5681 10
    endloop
  endfacet
  facet normal 0.555547 -0.831485 0
    outer loop
      vertex 9.65628 -69.3501 10
      vertex 9.33 -69.5681 3
      vertex 9.65628 -69.3501 3
    endloop
  endfacet
  facet normal -0.0654906 0.997853 0
    outer loop
      vertex 7.83 -63.97 3
      vertex 7.43842 -63.9957 10
      vertex 7.83 -63.97 10
    endloop
  endfacet
  facet normal -0.0654906 0.997853 0
    outer loop
      vertex 7.43842 -63.9957 10
      vertex 7.83 -63.97 3
      vertex 7.43842 -63.9957 3
    endloop
  endfacet
  facet normal -0.980791 -0.195062 0
    outer loop
      vertex 4.93222 -67.7465 3
      vertex 4.85567 -67.3616 10
      vertex 4.85567 -67.3616 3
    endloop
  endfacet
  facet normal -0.980791 -0.195062 0
    outer loop
      vertex 4.85567 -67.3616 10
      vertex 4.93222 -67.7465 3
      vertex 4.93222 -67.7465 10
    endloop
  endfacet
  facet normal -0.831477 -0.555558 0
    outer loop
      vertex 5.44994 -68.7963 3
      vertex 5.23192 -68.47 10
      vertex 5.23192 -68.47 3
    endloop
  endfacet
  facet normal -0.831477 -0.555558 0
    outer loop
      vertex 5.23192 -68.47 10
      vertex 5.44994 -68.7963 3
      vertex 5.44994 -68.7963 10
    endloop
  endfacet
  facet normal 0.896911 0.442211 0
    outer loop
      vertex 10.6016 -65.8219 10
      vertex 10.4281 -65.47 3
      vertex 10.4281 -65.47 10
    endloop
  endfacet
  facet normal 0.896911 0.442211 0
    outer loop
      vertex 10.4281 -65.47 3
      vertex 10.6016 -65.8219 10
      vertex 10.6016 -65.8219 3
    endloop
  endfacet
  facet normal -0.8969 -0.442233 0
    outer loop
      vertex 5.23192 -68.47 3
      vertex 5.05836 -68.118 10
      vertex 5.05836 -68.118 3
    endloop
  endfacet
  facet normal -0.8969 -0.442233 0
    outer loop
      vertex 5.05836 -68.118 10
      vertex 5.23192 -68.47 3
      vertex 5.23192 -68.47 10
    endloop
  endfacet
  facet normal 0.751749 0.659449 0
    outer loop
      vertex 10.2101 -65.1437 10
      vertex 9.95132 -64.8487 3
      vertex 9.95132 -64.8487 10
    endloop
  endfacet
  facet normal 0.751749 0.659449 0
    outer loop
      vertex 9.95132 -64.8487 3
      vertex 10.2101 -65.1437 10
      vertex 10.2101 -65.1437 3
    endloop
  endfacet
  facet normal -0.659428 -0.751768 0
    outer loop
      vertex 5.70868 -69.0913 3
      vertex 6.00372 -69.3501 10
      vertex 5.70868 -69.0913 10
    endloop
  endfacet
  facet normal -0.659428 -0.751768 -0
    outer loop
      vertex 6.00372 -69.3501 10
      vertex 5.70868 -69.0913 3
      vertex 6.00372 -69.3501 3
    endloop
  endfacet
  facet normal 0.44216 -0.896936 0
    outer loop
      vertex 8.97805 -69.7416 3
      vertex 9.33 -69.5681 10
      vertex 8.97805 -69.7416 10
    endloop
  endfacet
  facet normal 0.44216 -0.896936 0
    outer loop
      vertex 9.33 -69.5681 10
      vertex 8.97805 -69.7416 3
      vertex 9.33 -69.5681 3
    endloop
  endfacet
  facet normal -0.555547 0.831485 0
    outer loop
      vertex 6.33 -64.3719 3
      vertex 6.00372 -64.5899 10
      vertex 6.33 -64.3719 10
    endloop
  endfacet
  facet normal -0.555547 0.831485 0
    outer loop
      vertex 6.00372 -64.5899 10
      vertex 6.33 -64.3719 3
      vertex 6.00372 -64.5899 3
    endloop
  endfacet
  facet normal 0.831501 -0.555523 0
    outer loop
      vertex 10.2101 -68.7963 10
      vertex 10.4281 -68.47 3
      vertex 10.4281 -68.47 10
    endloop
  endfacet
  facet normal 0.831501 -0.555523 0
    outer loop
      vertex 10.4281 -68.47 3
      vertex 10.2101 -68.7963 10
      vertex 10.2101 -68.7963 3
    endloop
  endfacet
  facet normal 0.896961 -0.44211 0
    outer loop
      vertex 10.4281 -68.47 10
      vertex 10.6016 -68.118 3
      vertex 10.6016 -68.118 10
    endloop
  endfacet
  facet normal 0.896961 -0.44211 0
    outer loop
      vertex 10.6016 -68.118 3
      vertex 10.4281 -68.47 10
      vertex 10.4281 -68.47 3
    endloop
  endfacet
  facet normal 0.44216 0.896936 -0
    outer loop
      vertex 9.33 -64.3719 3
      vertex 8.97805 -64.1984 10
      vertex 9.33 -64.3719 10
    endloop
  endfacet
  facet normal 0.44216 0.896936 0
    outer loop
      vertex 8.97805 -64.1984 10
      vertex 9.33 -64.3719 3
      vertex 8.97805 -64.1984 3
    endloop
  endfacet
  facet normal 0.19495 0.980813 -0
    outer loop
      vertex 8.60646 -64.0722 3
      vertex 8.22158 -63.9957 10
      vertex 8.60646 -64.0722 10
    endloop
  endfacet
  facet normal 0.19495 0.980813 0
    outer loop
      vertex 8.22158 -63.9957 10
      vertex 8.60646 -64.0722 3
      vertex 8.22158 -63.9957 3
    endloop
  endfacet
  facet normal -0.0654906 -0.997853 0
    outer loop
      vertex 7.43842 -69.9443 3
      vertex 7.83 -69.97 10
      vertex 7.43842 -69.9443 10
    endloop
  endfacet
  facet normal -0.0654906 -0.997853 -0
    outer loop
      vertex 7.83 -69.97 10
      vertex 7.43842 -69.9443 3
      vertex 7.83 -69.97 3
    endloop
  endfacet
  facet normal -0.751799 0.659392 0
    outer loop
      vertex 5.44994 -65.1437 3
      vertex 5.70868 -64.8487 10
      vertex 5.70868 -64.8487 3
    endloop
  endfacet
  facet normal -0.751799 0.659392 0
    outer loop
      vertex 5.70868 -64.8487 10
      vertex 5.44994 -65.1437 3
      vertex 5.44994 -65.1437 10
    endloop
  endfacet
  facet normal -0.997858 -0.0654112 0
    outer loop
      vertex 4.85567 -67.3616 3
      vertex 4.83 -66.97 10
      vertex 4.83 -66.97 3
    endloop
  endfacet
  facet normal -0.997858 -0.0654112 0
    outer loop
      vertex 4.83 -66.97 10
      vertex 4.85567 -67.3616 3
      vertex 4.85567 -67.3616 10
    endloop
  endfacet
  facet normal 0.321582 0.946882 -0
    outer loop
      vertex 8.97805 -64.1984 3
      vertex 8.60646 -64.0722 10
      vertex 8.97805 -64.1984 10
    endloop
  endfacet
  facet normal 0.321582 0.946882 0
    outer loop
      vertex 8.60646 -64.0722 10
      vertex 8.97805 -64.1984 3
      vertex 8.60646 -64.0722 3
    endloop
  endfacet
  facet normal -0.44216 0.896936 0
    outer loop
      vertex 6.68195 -64.1984 3
      vertex 6.33 -64.3719 10
      vertex 6.68195 -64.1984 10
    endloop
  endfacet
  facet normal -0.44216 0.896936 0
    outer loop
      vertex 6.33 -64.3719 10
      vertex 6.68195 -64.1984 3
      vertex 6.33 -64.3719 3
    endloop
  endfacet
  facet normal 0.555547 0.831485 -0
    outer loop
      vertex 9.65628 -64.5899 3
      vertex 9.33 -64.3719 10
      vertex 9.65628 -64.5899 10
    endloop
  endfacet
  facet normal 0.555547 0.831485 0
    outer loop
      vertex 9.33 -64.3719 10
      vertex 9.65628 -64.5899 3
      vertex 9.33 -64.3719 3
    endloop
  endfacet
  facet normal 0.659428 0.751768 -0
    outer loop
      vertex 9.95132 -64.8487 3
      vertex 9.65628 -64.5899 10
      vertex 9.95132 -64.8487 10
    endloop
  endfacet
  facet normal 0.659428 0.751768 0
    outer loop
      vertex 9.65628 -64.5899 10
      vertex 9.95132 -64.8487 3
      vertex 9.65628 -64.5899 3
    endloop
  endfacet
  facet normal -0.321582 0.946882 0
    outer loop
      vertex 7.05354 -64.0722 3
      vertex 6.68195 -64.1984 10
      vertex 7.05354 -64.0722 10
    endloop
  endfacet
  facet normal -0.321582 0.946882 0
    outer loop
      vertex 6.68195 -64.1984 10
      vertex 7.05354 -64.0722 3
      vertex 6.68195 -64.1984 3
    endloop
  endfacet
  facet normal 0.321582 -0.946882 0
    outer loop
      vertex 8.60646 -69.8678 3
      vertex 8.97805 -69.7416 10
      vertex 8.60646 -69.8678 10
    endloop
  endfacet
  facet normal 0.321582 -0.946882 0
    outer loop
      vertex 8.97805 -69.7416 10
      vertex 8.60646 -69.8678 3
      vertex 8.97805 -69.7416 3
    endloop
  endfacet
  facet normal -0.321582 -0.946882 0
    outer loop
      vertex 6.68195 -69.7416 3
      vertex 7.05354 -69.8678 10
      vertex 6.68195 -69.7416 10
    endloop
  endfacet
  facet normal -0.321582 -0.946882 -0
    outer loop
      vertex 7.05354 -69.8678 10
      vertex 6.68195 -69.7416 3
      vertex 7.05354 -69.8678 3
    endloop
  endfacet
  facet normal -0.19495 0.980813 0
    outer loop
      vertex 7.43842 -63.9957 3
      vertex 7.05354 -64.0722 10
      vertex 7.43842 -63.9957 10
    endloop
  endfacet
  facet normal -0.19495 0.980813 0
    outer loop
      vertex 7.05354 -64.0722 10
      vertex 7.43842 -63.9957 3
      vertex 7.05354 -64.0722 3
    endloop
  endfacet
  facet normal -0.555547 -0.831485 0
    outer loop
      vertex 6.00372 -69.3501 3
      vertex 6.33 -69.5681 10
      vertex 6.00372 -69.3501 10
    endloop
  endfacet
  facet normal -0.555547 -0.831485 -0
    outer loop
      vertex 6.33 -69.5681 10
      vertex 6.00372 -69.3501 3
      vertex 6.33 -69.5681 3
    endloop
  endfacet
  facet normal 0.19495 -0.980813 0
    outer loop
      vertex 8.22158 -69.9443 3
      vertex 8.60646 -69.8678 10
      vertex 8.22158 -69.9443 10
    endloop
  endfacet
  facet normal 0.19495 -0.980813 0
    outer loop
      vertex 8.60646 -69.8678 10
      vertex 8.22158 -69.9443 3
      vertex 8.60646 -69.8678 3
    endloop
  endfacet
  facet normal -0.831477 0.555558 0
    outer loop
      vertex 5.23192 -65.47 3
      vertex 5.44994 -65.1437 10
      vertex 5.44994 -65.1437 3
    endloop
  endfacet
  facet normal -0.831477 0.555558 0
    outer loop
      vertex 5.44994 -65.1437 10
      vertex 5.23192 -65.47 3
      vertex 5.23192 -65.47 10
    endloop
  endfacet
  facet normal 0.751749 -0.659449 0
    outer loop
      vertex 9.95132 -69.0913 10
      vertex 10.2101 -68.7963 3
      vertex 10.2101 -68.7963 10
    endloop
  endfacet
  facet normal 0.751749 -0.659449 0
    outer loop
      vertex 10.2101 -68.7963 3
      vertex 9.95132 -69.0913 10
      vertex 9.95132 -69.0913 3
    endloop
  endfacet
  facet normal 0.980815 -0.19494 0
    outer loop
      vertex 10.7278 -67.7465 10
      vertex 10.8043 -67.3616 3
      vertex 10.8043 -67.3616 10
    endloop
  endfacet
  facet normal 0.980815 -0.19494 0
    outer loop
      vertex 10.8043 -67.3616 3
      vertex 10.7278 -67.7465 10
      vertex 10.7278 -67.7465 3
    endloop
  endfacet
  facet normal -0.946905 -0.321514 0
    outer loop
      vertex 5.05836 -68.118 3
      vertex 4.93222 -67.7465 10
      vertex 4.93222 -67.7465 3
    endloop
  endfacet
  facet normal -0.946905 -0.321514 0
    outer loop
      vertex 4.93222 -67.7465 10
      vertex 5.05836 -68.118 3
      vertex 5.05836 -68.118 10
    endloop
  endfacet
  facet normal -0.659428 0.751768 0
    outer loop
      vertex 6.00372 -64.5899 3
      vertex 5.70868 -64.8487 10
      vertex 6.00372 -64.5899 10
    endloop
  endfacet
  facet normal -0.659428 0.751768 0
    outer loop
      vertex 5.70868 -64.8487 10
      vertex 6.00372 -64.5899 3
      vertex 5.70868 -64.8487 3
    endloop
  endfacet
  facet normal -0.19495 -0.980813 0
    outer loop
      vertex 7.05354 -69.8678 3
      vertex 7.43842 -69.9443 10
      vertex 7.05354 -69.8678 10
    endloop
  endfacet
  facet normal -0.19495 -0.980813 -0
    outer loop
      vertex 7.43842 -69.9443 10
      vertex 7.05354 -69.8678 3
      vertex 7.43842 -69.9443 3
    endloop
  endfacet
  facet normal 0 0 1
    outer loop
      vertex 9.08 -66.97 10
      vertex 10.83 -66.97 10
      vertex 10.8043 -66.5784 10
    endloop
  endfacet
  facet normal 0 0 1
    outer loop
      vertex 9.01882 -66.5837 10
      vertex 10.8043 -66.5784 10
      vertex 10.7278 -66.1935 10
    endloop
  endfacet
  facet normal 0 0 1
    outer loop
      vertex 10.83 -66.97 10
      vertex 9.08 -66.97 10
      vertex 10.8043 -67.3616 10
    endloop
  endfacet
  facet normal 0 0 1
    outer loop
      vertex 9.01882 -66.5837 10
      vertex 10.7278 -66.1935 10
      vertex 10.6016 -65.8219 10
    endloop
  endfacet
  facet normal -0 0 1
    outer loop
      vertex 9.01882 -67.3563 10
      vertex 10.8043 -67.3616 10
      vertex 9.08 -66.97 10
    endloop
  endfacet
  facet normal 0 0 1
    outer loop
      vertex 9.01882 -66.5837 10
      vertex 10.6016 -65.8219 10
      vertex 10.4281 -65.47 10
    endloop
  endfacet
  facet normal 0 0 1
    outer loop
      vertex 10.8043 -67.3616 10
      vertex 9.01882 -67.3563 10
      vertex 10.7278 -67.7465 10
    endloop
  endfacet
  facet normal 0 0 1
    outer loop
      vertex 8.84127 -66.2353 10
      vertex 10.4281 -65.47 10
      vertex 10.2101 -65.1437 10
    endloop
  endfacet
  facet normal 0 0 1
    outer loop
      vertex 10.7278 -67.7465 10
      vertex 9.01882 -67.3563 10
      vertex 10.6016 -68.118 10
    endloop
  endfacet
  facet normal 0 0 1
    outer loop
      vertex 8.84127 -66.2353 10
      vertex 10.2101 -65.1437 10
      vertex 9.95132 -64.8487 10
    endloop
  endfacet
  facet normal 0 0 1
    outer loop
      vertex 10.6016 -68.118 10
      vertex 9.01882 -67.3563 10
      vertex 10.4281 -68.47 10
    endloop
  endfacet
  facet normal 0 0 1
    outer loop
      vertex 8.56473 -65.9587 10
      vertex 9.95132 -64.8487 10
      vertex 9.65628 -64.5899 10
    endloop
  endfacet
  facet normal -0 0 1
    outer loop
      vertex 8.84127 -67.7047 10
      vertex 10.4281 -68.47 10
      vertex 9.01882 -67.3563 10
    endloop
  endfacet
  facet normal 0 0 1
    outer loop
      vertex 8.56473 -65.9587 10
      vertex 9.65628 -64.5899 10
      vertex 9.33 -64.3719 10
    endloop
  endfacet
  facet normal 0 0 1
    outer loop
      vertex 10.4281 -68.47 10
      vertex 8.84127 -67.7047 10
      vertex 10.2101 -68.7963 10
    endloop
  endfacet
  facet normal 0 0 1
    outer loop
      vertex 10.2101 -68.7963 10
      vertex 8.84127 -67.7047 10
      vertex 9.95132 -69.0913 10
    endloop
  endfacet
  facet normal 0 0 1
    outer loop
      vertex 10.8043 -66.5784 10
      vertex 9.01882 -66.5837 10
      vertex 9.08 -66.97 10
    endloop
  endfacet
  facet normal 0 0 1
    outer loop
      vertex 8.21627 -65.7812 10
      vertex 9.33 -64.3719 10
      vertex 8.97805 -64.1984 10
    endloop
  endfacet
  facet normal 0 0 1
    outer loop
      vertex 10.4281 -65.47 10
      vertex 8.84127 -66.2353 10
      vertex 9.01882 -66.5837 10
    endloop
  endfacet
  facet normal 0 0 1
    outer loop
      vertex 8.21627 -65.7812 10
      vertex 8.97805 -64.1984 10
      vertex 8.60646 -64.0722 10
    endloop
  endfacet
  facet normal 0 0 1
    outer loop
      vertex 9.95132 -64.8487 10
      vertex 8.56473 -65.9587 10
      vertex 8.84127 -66.2353 10
    endloop
  endfacet
  facet normal 0 0 1
    outer loop
      vertex 8.21627 -65.7812 10
      vertex 8.60646 -64.0722 10
      vertex 8.22158 -63.9957 10
    endloop
  endfacet
  facet normal 0 0 1
    outer loop
      vertex 9.33 -64.3719 10
      vertex 8.21627 -65.7812 10
      vertex 8.56473 -65.9587 10
    endloop
  endfacet
  facet normal 0 0 1
    outer loop
      vertex 7.83 -65.72 10
      vertex 8.22158 -63.9957 10
      vertex 7.83 -63.97 10
    endloop
  endfacet
  facet normal 0 0 1
    outer loop
      vertex 8.22158 -63.9957 10
      vertex 7.83 -65.72 10
      vertex 8.21627 -65.7812 10
    endloop
  endfacet
  facet normal -0 0 1
    outer loop
      vertex 7.43842 -63.9957 10
      vertex 7.83 -65.72 10
      vertex 7.83 -63.97 10
    endloop
  endfacet
  facet normal 0 0 1
    outer loop
      vertex 7.83 -65.72 10
      vertex 7.43842 -63.9957 10
      vertex 7.44373 -65.7812 10
    endloop
  endfacet
  facet normal -0 0 1
    outer loop
      vertex 7.05354 -64.0722 10
      vertex 7.44373 -65.7812 10
      vertex 7.43842 -63.9957 10
    endloop
  endfacet
  facet normal -0 0 1
    outer loop
      vertex 6.68195 -64.1984 10
      vertex 7.44373 -65.7812 10
      vertex 7.05354 -64.0722 10
    endloop
  endfacet
  facet normal -0 0 1
    outer loop
      vertex 6.33 -64.3719 10
      vertex 7.44373 -65.7812 10
      vertex 6.68195 -64.1984 10
    endloop
  endfacet
  facet normal 0 0 1
    outer loop
      vertex 7.44373 -65.7812 10
      vertex 6.33 -64.3719 10
      vertex 7.09527 -65.9587 10
    endloop
  endfacet
  facet normal -0 0 1
    outer loop
      vertex 6.00372 -64.5899 10
      vertex 7.09527 -65.9587 10
      vertex 6.33 -64.3719 10
    endloop
  endfacet
  facet normal -0 0 1
    outer loop
      vertex 5.70868 -64.8487 10
      vertex 7.09527 -65.9587 10
      vertex 6.00372 -64.5899 10
    endloop
  endfacet
  facet normal 0 0 1
    outer loop
      vertex 7.09527 -65.9587 10
      vertex 5.70868 -64.8487 10
      vertex 6.81873 -66.2353 10
    endloop
  endfacet
  facet normal -0 0 1
    outer loop
      vertex 8.56473 -67.9813 10
      vertex 9.95132 -69.0913 10
      vertex 8.84127 -67.7047 10
    endloop
  endfacet
  facet normal 0 0 1
    outer loop
      vertex 9.95132 -69.0913 10
      vertex 8.56473 -67.9813 10
      vertex 9.65628 -69.3501 10
    endloop
  endfacet
  facet normal 0 0 1
    outer loop
      vertex 9.65628 -69.3501 10
      vertex 8.56473 -67.9813 10
      vertex 9.33 -69.5681 10
    endloop
  endfacet
  facet normal -0 0 1
    outer loop
      vertex 8.21627 -68.1588 10
      vertex 9.33 -69.5681 10
      vertex 8.56473 -67.9813 10
    endloop
  endfacet
  facet normal 0 0 1
    outer loop
      vertex 9.33 -69.5681 10
      vertex 8.21627 -68.1588 10
      vertex 8.97805 -69.7416 10
    endloop
  endfacet
  facet normal 0 0 1
    outer loop
      vertex 8.97805 -69.7416 10
      vertex 8.21627 -68.1588 10
      vertex 8.60646 -69.8678 10
    endloop
  endfacet
  facet normal 0 0 1
    outer loop
      vertex 8.60646 -69.8678 10
      vertex 8.21627 -68.1588 10
      vertex 8.22158 -69.9443 10
    endloop
  endfacet
  facet normal -0 0 1
    outer loop
      vertex 7.83 -68.22 10
      vertex 8.22158 -69.9443 10
      vertex 8.21627 -68.1588 10
    endloop
  endfacet
  facet normal 0 0 1
    outer loop
      vertex 7.83 -68.22 10
      vertex 7.83 -69.97 10
      vertex 8.22158 -69.9443 10
    endloop
  endfacet
  facet normal 0 0 1
    outer loop
      vertex 7.43842 -69.9443 10
      vertex 7.83 -68.22 10
      vertex 7.44373 -68.1588 10
    endloop
  endfacet
  facet normal 0 0 1
    outer loop
      vertex 7.83 -68.22 10
      vertex 7.43842 -69.9443 10
      vertex 7.83 -69.97 10
    endloop
  endfacet
  facet normal 0 0 1
    outer loop
      vertex 6.33 -69.5681 10
      vertex 7.44373 -68.1588 10
      vertex 7.09527 -67.9813 10
    endloop
  endfacet
  facet normal 0 0 1
    outer loop
      vertex 7.44373 -68.1588 10
      vertex 7.05354 -69.8678 10
      vertex 7.43842 -69.9443 10
    endloop
  endfacet
  facet normal 0 0 1
    outer loop
      vertex 5.70868 -69.0913 10
      vertex 7.09527 -67.9813 10
      vertex 6.81873 -67.7047 10
    endloop
  endfacet
  facet normal 0 0 1
    outer loop
      vertex 7.44373 -68.1588 10
      vertex 6.68195 -69.7416 10
      vertex 7.05354 -69.8678 10
    endloop
  endfacet
  facet normal 0 0 1
    outer loop
      vertex 5.23192 -68.47 10
      vertex 6.81873 -67.7047 10
      vertex 6.64118 -67.3563 10
    endloop
  endfacet
  facet normal 0 0 1
    outer loop
      vertex 4.85567 -67.3616 10
      vertex 6.64118 -67.3563 10
      vertex 6.58 -66.97 10
    endloop
  endfacet
  facet normal -0 0 1
    outer loop
      vertex 5.44994 -65.1437 10
      vertex 6.81873 -66.2353 10
      vertex 5.70868 -64.8487 10
    endloop
  endfacet
  facet normal 0 0 1
    outer loop
      vertex 7.44373 -68.1588 10
      vertex 6.33 -69.5681 10
      vertex 6.68195 -69.7416 10
    endloop
  endfacet
  facet normal -0 0 1
    outer loop
      vertex 5.23192 -65.47 10
      vertex 6.81873 -66.2353 10
      vertex 5.44994 -65.1437 10
    endloop
  endfacet
  facet normal 0 0 1
    outer loop
      vertex 7.09527 -67.9813 10
      vertex 6.00372 -69.3501 10
      vertex 6.33 -69.5681 10
    endloop
  endfacet
  facet normal 0 0 1
    outer loop
      vertex 6.81873 -66.2353 10
      vertex 5.23192 -65.47 10
      vertex 6.64118 -66.5837 10
    endloop
  endfacet
  facet normal 0 0 1
    outer loop
      vertex 7.09527 -67.9813 10
      vertex 5.70868 -69.0913 10
      vertex 6.00372 -69.3501 10
    endloop
  endfacet
  facet normal -0 0 1
    outer loop
      vertex 5.05836 -65.8219 10
      vertex 6.64118 -66.5837 10
      vertex 5.23192 -65.47 10
    endloop
  endfacet
  facet normal 0 0 1
    outer loop
      vertex 6.81873 -67.7047 10
      vertex 5.44994 -68.7963 10
      vertex 5.70868 -69.0913 10
    endloop
  endfacet
  facet normal -0 0 1
    outer loop
      vertex 4.93222 -66.1935 10
      vertex 6.64118 -66.5837 10
      vertex 5.05836 -65.8219 10
    endloop
  endfacet
  facet normal 0 0 1
    outer loop
      vertex 6.81873 -67.7047 10
      vertex 5.23192 -68.47 10
      vertex 5.44994 -68.7963 10
    endloop
  endfacet
  facet normal -0 0 1
    outer loop
      vertex 4.85567 -66.5784 10
      vertex 6.64118 -66.5837 10
      vertex 4.93222 -66.1935 10
    endloop
  endfacet
  facet normal 0 0 1
    outer loop
      vertex 6.64118 -67.3563 10
      vertex 5.05836 -68.118 10
      vertex 5.23192 -68.47 10
    endloop
  endfacet
  facet normal 0 0 1
    outer loop
      vertex 6.64118 -66.5837 10
      vertex 4.85567 -66.5784 10
      vertex 6.58 -66.97 10
    endloop
  endfacet
  facet normal 0 0 1
    outer loop
      vertex 6.64118 -67.3563 10
      vertex 4.93222 -67.7465 10
      vertex 5.05836 -68.118 10
    endloop
  endfacet
  facet normal 0 0 1
    outer loop
      vertex 4.83 -66.97 10
      vertex 6.58 -66.97 10
      vertex 4.85567 -66.5784 10
    endloop
  endfacet
  facet normal 0 0 1
    outer loop
      vertex 6.64118 -67.3563 10
      vertex 4.85567 -67.3616 10
      vertex 4.93222 -67.7465 10
    endloop
  endfacet
  facet normal 0 0 1
    outer loop
      vertex 6.58 -66.97 10
      vertex 4.83 -66.97 10
      vertex 4.85567 -67.3616 10
    endloop
  endfacet
  facet normal -0.980791 0.195062 0
    outer loop
      vertex 4.85567 -66.5784 3
      vertex 4.93222 -66.1935 10
      vertex 4.93222 -66.1935 3
    endloop
  endfacet
  facet normal -0.980791 0.195062 0
    outer loop
      vertex 4.93222 -66.1935 10
      vertex 4.85567 -66.5784 3
      vertex 4.85567 -66.5784 10
    endloop
  endfacet
  facet normal 0.659428 -0.751768 0
    outer loop
      vertex 9.65628 -69.3501 3
      vertex 9.95132 -69.0913 10
      vertex 9.65628 -69.3501 10
    endloop
  endfacet
  facet normal 0.659428 -0.751768 0
    outer loop
      vertex 9.95132 -69.0913 10
      vertex 9.65628 -69.3501 3
      vertex 9.95132 -69.0913 3
    endloop
  endfacet
  facet normal -0.997858 0.0654112 0
    outer loop
      vertex 4.83 -66.97 3
      vertex 4.85567 -66.5784 10
      vertex 4.85567 -66.5784 3
    endloop
  endfacet
  facet normal -0.997858 0.0654112 0
    outer loop
      vertex 4.85567 -66.5784 10
      vertex 4.83 -66.97 3
      vertex 4.83 -66.97 10
    endloop
  endfacet
  facet normal -0.44216 -0.896936 0
    outer loop
      vertex 6.33 -69.5681 3
      vertex 6.68195 -69.7416 10
      vertex 6.33 -69.5681 10
    endloop
  endfacet
  facet normal -0.44216 -0.896936 -0
    outer loop
      vertex 6.68195 -69.7416 10
      vertex 6.33 -69.5681 3
      vertex 6.68195 -69.7416 3
    endloop
  endfacet
  facet normal 0.0654906 0.997853 -0
    outer loop
      vertex 8.22158 -63.9957 3
      vertex 7.83 -63.97 10
      vertex 8.22158 -63.9957 10
    endloop
  endfacet
  facet normal 0.0654906 0.997853 0
    outer loop
      vertex 7.83 -63.97 10
      vertex 8.22158 -63.9957 3
      vertex 7.83 -63.97 3
    endloop
  endfacet
  facet normal -0.946931 0.321437 0
    outer loop
      vertex 4.93222 -66.1935 3
      vertex 5.05836 -65.8219 10
      vertex 5.05836 -65.8219 3
    endloop
  endfacet
  facet normal -0.946931 0.321437 0
    outer loop
      vertex 5.05836 -65.8219 10
      vertex 4.93222 -66.1935 3
      vertex 4.93222 -66.1935 10
    endloop
  endfacet
  facet normal -0.89685 0.442334 0
    outer loop
      vertex 5.05836 -65.8219 3
      vertex 5.23192 -65.47 10
      vertex 5.23192 -65.47 3
    endloop
  endfacet
  facet normal -0.89685 0.442334 0
    outer loop
      vertex 5.23192 -65.47 10
      vertex 5.05836 -65.8219 3
      vertex 5.05836 -65.8219 10
    endloop
  endfacet
  facet normal 0.0654906 -0.997853 0
    outer loop
      vertex 7.83 -69.97 3
      vertex 8.22158 -69.9443 10
      vertex 7.83 -69.97 10
    endloop
  endfacet
  facet normal 0.0654906 -0.997853 0
    outer loop
      vertex 8.22158 -69.9443 10
      vertex 7.83 -69.97 3
      vertex 8.22158 -69.9443 3
    endloop
  endfacet
  facet normal -0.751799 -0.659392 0
    outer loop
      vertex 5.70868 -69.0913 3
      vertex 5.44994 -68.7963 10
      vertex 5.44994 -68.7963 3
    endloop
  endfacet
  facet normal -0.751799 -0.659392 0
    outer loop
      vertex 5.44994 -68.7963 10
      vertex 5.70868 -69.0913 3
      vertex 5.70868 -69.0913 10
    endloop
  endfacet
  facet normal 0.751724 -0.659478 0
    outer loop
      vertex 88.3913 -27.1513 10
      vertex 88.6501 -26.8563 3
      vertex 88.6501 -26.8563 10
    endloop
  endfacet
  facet normal 0.751724 -0.659478 0
    outer loop
      vertex 88.6501 -26.8563 3
      vertex 88.3913 -27.1513 10
      vertex 88.3913 -27.1513 3
    endloop
  endfacet
  facet normal 0.980815 0.19494 0
    outer loop
      vertex 89.2443 -24.6384 10
      vertex 89.1678 -24.2535 3
      vertex 89.1678 -24.2535 10
    endloop
  endfacet
  facet normal 0.980815 0.19494 0
    outer loop
      vertex 89.1678 -24.2535 3
      vertex 89.2443 -24.6384 10
      vertex 89.2443 -24.6384 3
    endloop
  endfacet
  facet normal 0.997853 0.0654873 0
    outer loop
      vertex 89.27 -25.03 10
      vertex 89.2443 -24.6384 3
      vertex 89.2443 -24.6384 10
    endloop
  endfacet
  facet normal 0.997853 0.0654873 0
    outer loop
      vertex 89.2443 -24.6384 3
      vertex 89.27 -25.03 10
      vertex 89.27 -25.03 3
    endloop
  endfacet
  facet normal 0.946858 0.321651 0
    outer loop
      vertex 89.1678 -24.2535 10
      vertex 89.0416 -23.882 3
      vertex 89.0416 -23.882 10
    endloop
  endfacet
  facet normal 0.946858 0.321651 0
    outer loop
      vertex 89.0416 -23.882 3
      vertex 89.1678 -24.2535 10
      vertex 89.1678 -24.2535 3
    endloop
  endfacet
  facet normal -0.980815 0.19494 0
    outer loop
      vertex 83.2957 -24.6384 3
      vertex 83.3722 -24.2535 10
      vertex 83.3722 -24.2535 3
    endloop
  endfacet
  facet normal -0.980815 0.19494 0
    outer loop
      vertex 83.3722 -24.2535 10
      vertex 83.2957 -24.6384 3
      vertex 83.2957 -24.6384 10
    endloop
  endfacet
  facet normal -0.831501 -0.555523 0
    outer loop
      vertex 83.8899 -26.8563 3
      vertex 83.6719 -26.53 10
      vertex 83.6719 -26.53 3
    endloop
  endfacet
  facet normal -0.831501 -0.555523 0
    outer loop
      vertex 83.6719 -26.53 10
      vertex 83.8899 -26.8563 3
      vertex 83.8899 -26.8563 10
    endloop
  endfacet
  facet normal -0.0654873 -0.997853 0
    outer loop
      vertex 85.8784 -28.0043 3
      vertex 86.27 -28.03 10
      vertex 85.8784 -28.0043 10
    endloop
  endfacet
  facet normal -0.0654873 -0.997853 -0
    outer loop
      vertex 86.27 -28.03 10
      vertex 85.8784 -28.0043 3
      vertex 86.27 -28.03 3
    endloop
  endfacet
  facet normal -0.0654873 0.997853 0
    outer loop
      vertex 86.27 -22.03 3
      vertex 85.8784 -22.0557 10
      vertex 86.27 -22.03 10
    endloop
  endfacet
  facet normal -0.0654873 0.997853 0
    outer loop
      vertex 85.8784 -22.0557 10
      vertex 86.27 -22.03 3
      vertex 85.8784 -22.0557 3
    endloop
  endfacet
  facet normal -0.442211 -0.896911 0
    outer loop
      vertex 84.77 -27.6281 3
      vertex 85.1219 -27.8016 10
      vertex 84.77 -27.6281 10
    endloop
  endfacet
  facet normal -0.442211 -0.896911 -0
    outer loop
      vertex 85.1219 -27.8016 10
      vertex 84.77 -27.6281 3
      vertex 85.1219 -27.8016 3
    endloop
  endfacet
  facet normal 0.896961 0.44211 0
    outer loop
      vertex 89.0416 -23.882 10
      vertex 88.8681 -23.53 3
      vertex 88.8681 -23.53 10
    endloop
  endfacet
  facet normal 0.896961 0.44211 0
    outer loop
      vertex 88.8681 -23.53 3
      vertex 89.0416 -23.882 10
      vertex 89.0416 -23.882 3
    endloop
  endfacet
  facet normal -0.19494 -0.980815 0
    outer loop
      vertex 85.4935 -27.9278 3
      vertex 85.8784 -28.0043 10
      vertex 85.4935 -27.9278 10
    endloop
  endfacet
  facet normal -0.19494 -0.980815 -0
    outer loop
      vertex 85.8784 -28.0043 10
      vertex 85.4935 -27.9278 3
      vertex 85.8784 -28.0043 3
    endloop
  endfacet
  facet normal 0.946885 -0.321574 0
    outer loop
      vertex 89.0416 -26.1781 10
      vertex 89.1678 -25.8065 3
      vertex 89.1678 -25.8065 10
    endloop
  endfacet
  facet normal 0.946885 -0.321574 0
    outer loop
      vertex 89.1678 -25.8065 3
      vertex 89.0416 -26.1781 10
      vertex 89.0416 -26.1781 3
    endloop
  endfacet
  facet normal -0.751724 -0.659478 0
    outer loop
      vertex 84.1487 -27.1513 3
      vertex 83.8899 -26.8563 10
      vertex 83.8899 -26.8563 3
    endloop
  endfacet
  facet normal -0.751724 -0.659478 0
    outer loop
      vertex 83.8899 -26.8563 10
      vertex 84.1487 -27.1513 3
      vertex 84.1487 -27.1513 10
    endloop
  endfacet
  facet normal -0.946885 -0.321574 0
    outer loop
      vertex 83.4984 -26.1781 3
      vertex 83.3722 -25.8065 10
      vertex 83.3722 -25.8065 3
    endloop
  endfacet
  facet normal -0.946885 -0.321574 0
    outer loop
      vertex 83.3722 -25.8065 10
      vertex 83.4984 -26.1781 3
      vertex 83.4984 -26.1781 10
    endloop
  endfacet
  facet normal 0.659478 -0.751724 0
    outer loop
      vertex 88.0963 -27.4101 3
      vertex 88.3913 -27.1513 10
      vertex 88.0963 -27.4101 10
    endloop
  endfacet
  facet normal 0.659478 -0.751724 0
    outer loop
      vertex 88.3913 -27.1513 10
      vertex 88.0963 -27.4101 3
      vertex 88.3913 -27.1513 3
    endloop
  endfacet
  facet normal -0.659478 0.751724 0
    outer loop
      vertex 84.4437 -22.6499 3
      vertex 84.1487 -22.9087 10
      vertex 84.4437 -22.6499 10
    endloop
  endfacet
  facet normal -0.659478 0.751724 0
    outer loop
      vertex 84.1487 -22.9087 10
      vertex 84.4437 -22.6499 3
      vertex 84.1487 -22.9087 3
    endloop
  endfacet
  facet normal -0.980815 -0.19494 0
    outer loop
      vertex 83.3722 -25.8065 3
      vertex 83.2957 -25.4216 10
      vertex 83.2957 -25.4216 3
    endloop
  endfacet
  facet normal -0.980815 -0.19494 0
    outer loop
      vertex 83.2957 -25.4216 10
      vertex 83.3722 -25.8065 3
      vertex 83.3722 -25.8065 10
    endloop
  endfacet
  facet normal -0.997853 -0.0654873 0
    outer loop
      vertex 83.2957 -25.4216 3
      vertex 83.27 -25.03 10
      vertex 83.27 -25.03 3
    endloop
  endfacet
  facet normal -0.997853 -0.0654873 0
    outer loop
      vertex 83.27 -25.03 10
      vertex 83.2957 -25.4216 3
      vertex 83.2957 -25.4216 10
    endloop
  endfacet
  facet normal 0.831501 0.555523 0
    outer loop
      vertex 88.8681 -23.53 10
      vertex 88.6501 -23.2037 3
      vertex 88.6501 -23.2037 10
    endloop
  endfacet
  facet normal 0.831501 0.555523 0
    outer loop
      vertex 88.6501 -23.2037 3
      vertex 88.8681 -23.53 10
      vertex 88.8681 -23.53 3
    endloop
  endfacet
  facet normal 0.321574 -0.946885 0
    outer loop
      vertex 87.0465 -27.9278 3
      vertex 87.4181 -27.8016 10
      vertex 87.0465 -27.9278 10
    endloop
  endfacet
  facet normal 0.321574 -0.946885 0
    outer loop
      vertex 87.4181 -27.8016 10
      vertex 87.0465 -27.9278 3
      vertex 87.4181 -27.8016 3
    endloop
  endfacet
  facet normal 0.555523 0.831501 -0
    outer loop
      vertex 88.0963 -22.6499 3
      vertex 87.77 -22.4319 10
      vertex 88.0963 -22.6499 10
    endloop
  endfacet
  facet normal 0.555523 0.831501 0
    outer loop
      vertex 87.77 -22.4319 10
      vertex 88.0963 -22.6499 3
      vertex 87.77 -22.4319 3
    endloop
  endfacet
  facet normal -0.442211 0.896911 0
    outer loop
      vertex 85.1219 -22.2584 3
      vertex 84.77 -22.4319 10
      vertex 85.1219 -22.2584 10
    endloop
  endfacet
  facet normal -0.442211 0.896911 0
    outer loop
      vertex 84.77 -22.4319 10
      vertex 85.1219 -22.2584 3
      vertex 84.77 -22.4319 3
    endloop
  endfacet
  facet normal 0.555523 -0.831501 0
    outer loop
      vertex 87.77 -27.6281 3
      vertex 88.0963 -27.4101 10
      vertex 87.77 -27.6281 10
    endloop
  endfacet
  facet normal 0.555523 -0.831501 0
    outer loop
      vertex 88.0963 -27.4101 10
      vertex 87.77 -27.6281 3
      vertex 88.0963 -27.4101 3
    endloop
  endfacet
  facet normal 0.659478 0.751724 -0
    outer loop
      vertex 88.3913 -22.9087 3
      vertex 88.0963 -22.6499 10
      vertex 88.3913 -22.9087 10
    endloop
  endfacet
  facet normal 0.659478 0.751724 0
    outer loop
      vertex 88.0963 -22.6499 10
      vertex 88.3913 -22.9087 3
      vertex 88.0963 -22.6499 3
    endloop
  endfacet
  facet normal 0.442211 -0.896911 0
    outer loop
      vertex 87.4181 -27.8016 3
      vertex 87.77 -27.6281 10
      vertex 87.4181 -27.8016 10
    endloop
  endfacet
  facet normal 0.442211 -0.896911 0
    outer loop
      vertex 87.77 -27.6281 10
      vertex 87.4181 -27.8016 3
      vertex 87.77 -27.6281 3
    endloop
  endfacet
  facet normal -0.659478 -0.751724 0
    outer loop
      vertex 84.1487 -27.1513 3
      vertex 84.4437 -27.4101 10
      vertex 84.1487 -27.1513 10
    endloop
  endfacet
  facet normal -0.659478 -0.751724 -0
    outer loop
      vertex 84.4437 -27.4101 10
      vertex 84.1487 -27.1513 3
      vertex 84.4437 -27.4101 3
    endloop
  endfacet
  facet normal -0.555523 0.831501 0
    outer loop
      vertex 84.77 -22.4319 3
      vertex 84.4437 -22.6499 10
      vertex 84.77 -22.4319 10
    endloop
  endfacet
  facet normal -0.555523 0.831501 0
    outer loop
      vertex 84.4437 -22.6499 10
      vertex 84.77 -22.4319 3
      vertex 84.4437 -22.6499 3
    endloop
  endfacet
  facet normal 0.19494 -0.980815 0
    outer loop
      vertex 86.6616 -28.0043 3
      vertex 87.0465 -27.9278 10
      vertex 86.6616 -28.0043 10
    endloop
  endfacet
  facet normal 0.19494 -0.980815 0
    outer loop
      vertex 87.0465 -27.9278 10
      vertex 86.6616 -28.0043 3
      vertex 87.0465 -27.9278 3
    endloop
  endfacet
  facet normal 0.831501 -0.555523 0
    outer loop
      vertex 88.6501 -26.8563 10
      vertex 88.8681 -26.53 3
      vertex 88.8681 -26.53 10
    endloop
  endfacet
  facet normal 0.831501 -0.555523 0
    outer loop
      vertex 88.8681 -26.53 3
      vertex 88.6501 -26.8563 10
      vertex 88.6501 -26.8563 3
    endloop
  endfacet
  facet normal 0.997853 -0.0654873 0
    outer loop
      vertex 89.2443 -25.4216 10
      vertex 89.27 -25.03 3
      vertex 89.27 -25.03 10
    endloop
  endfacet
  facet normal 0.997853 -0.0654873 0
    outer loop
      vertex 89.27 -25.03 3
      vertex 89.2443 -25.4216 10
      vertex 89.2443 -25.4216 3
    endloop
  endfacet
  facet normal 0.980815 -0.19494 0
    outer loop
      vertex 89.1678 -25.8065 10
      vertex 89.2443 -25.4216 3
      vertex 89.2443 -25.4216 10
    endloop
  endfacet
  facet normal 0.980815 -0.19494 0
    outer loop
      vertex 89.2443 -25.4216 3
      vertex 89.1678 -25.8065 10
      vertex 89.1678 -25.8065 3
    endloop
  endfacet
  facet normal -0.19494 0.980815 0
    outer loop
      vertex 85.8784 -22.0557 3
      vertex 85.4935 -22.1322 10
      vertex 85.8784 -22.0557 10
    endloop
  endfacet
  facet normal -0.19494 0.980815 0
    outer loop
      vertex 85.4935 -22.1322 10
      vertex 85.8784 -22.0557 3
      vertex 85.4935 -22.1322 3
    endloop
  endfacet
  facet normal 0.321574 0.946885 -0
    outer loop
      vertex 87.4181 -22.2584 3
      vertex 87.0465 -22.1322 10
      vertex 87.4181 -22.2584 10
    endloop
  endfacet
  facet normal 0.321574 0.946885 0
    outer loop
      vertex 87.0465 -22.1322 10
      vertex 87.4181 -22.2584 3
      vertex 87.0465 -22.1322 3
    endloop
  endfacet
  facet normal -0.751724 0.659478 0
    outer loop
      vertex 83.8899 -23.2037 3
      vertex 84.1487 -22.9087 10
      vertex 84.1487 -22.9087 3
    endloop
  endfacet
  facet normal -0.751724 0.659478 0
    outer loop
      vertex 84.1487 -22.9087 10
      vertex 83.8899 -23.2037 3
      vertex 83.8899 -23.2037 10
    endloop
  endfacet
  facet normal -0.321574 0.946885 0
    outer loop
      vertex 85.4935 -22.1322 3
      vertex 85.1219 -22.2584 10
      vertex 85.4935 -22.1322 10
    endloop
  endfacet
  facet normal -0.321574 0.946885 0
    outer loop
      vertex 85.1219 -22.2584 10
      vertex 85.4935 -22.1322 3
      vertex 85.1219 -22.2584 3
    endloop
  endfacet
  facet normal 0.0654873 0.997853 -0
    outer loop
      vertex 86.6616 -22.0557 3
      vertex 86.27 -22.03 10
      vertex 86.6616 -22.0557 10
    endloop
  endfacet
  facet normal 0.0654873 0.997853 0
    outer loop
      vertex 86.27 -22.03 10
      vertex 86.6616 -22.0557 3
      vertex 86.27 -22.03 3
    endloop
  endfacet
  facet normal -0.946858 0.321651 0
    outer loop
      vertex 83.3722 -24.2535 3
      vertex 83.4984 -23.882 10
      vertex 83.4984 -23.882 3
    endloop
  endfacet
  facet normal -0.946858 0.321651 0
    outer loop
      vertex 83.4984 -23.882 10
      vertex 83.3722 -24.2535 3
      vertex 83.3722 -24.2535 10
    endloop
  endfacet
  facet normal 0.442211 0.896911 -0
    outer loop
      vertex 87.77 -22.4319 3
      vertex 87.4181 -22.2584 10
      vertex 87.77 -22.4319 10
    endloop
  endfacet
  facet normal 0.442211 0.896911 0
    outer loop
      vertex 87.4181 -22.2584 10
      vertex 87.77 -22.4319 3
      vertex 87.4181 -22.2584 3
    endloop
  endfacet
  facet normal 0.896911 -0.442211 0
    outer loop
      vertex 88.8681 -26.53 10
      vertex 89.0416 -26.1781 3
      vertex 89.0416 -26.1781 10
    endloop
  endfacet
  facet normal 0.896911 -0.442211 0
    outer loop
      vertex 89.0416 -26.1781 3
      vertex 88.8681 -26.53 10
      vertex 88.8681 -26.53 3
    endloop
  endfacet
  facet normal 0.751724 0.659478 0
    outer loop
      vertex 88.6501 -23.2037 10
      vertex 88.3913 -22.9087 3
      vertex 88.3913 -22.9087 10
    endloop
  endfacet
  facet normal 0.751724 0.659478 0
    outer loop
      vertex 88.3913 -22.9087 3
      vertex 88.6501 -23.2037 10
      vertex 88.6501 -23.2037 3
    endloop
  endfacet
  facet normal 0 0 1
    outer loop
      vertex 87.52 -25.03 10
      vertex 89.27 -25.03 10
      vertex 89.2443 -24.6384 10
    endloop
  endfacet
  facet normal 0 0 1
    outer loop
      vertex 87.4588 -24.6437 10
      vertex 89.2443 -24.6384 10
      vertex 89.1678 -24.2535 10
    endloop
  endfacet
  facet normal 0 0 1
    outer loop
      vertex 89.27 -25.03 10
      vertex 87.52 -25.03 10
      vertex 89.2443 -25.4216 10
    endloop
  endfacet
  facet normal 0 0 1
    outer loop
      vertex 87.4588 -24.6437 10
      vertex 89.1678 -24.2535 10
      vertex 89.0416 -23.882 10
    endloop
  endfacet
  facet normal -0 0 1
    outer loop
      vertex 87.4588 -25.4163 10
      vertex 89.2443 -25.4216 10
      vertex 87.52 -25.03 10
    endloop
  endfacet
  facet normal 0 0 1
    outer loop
      vertex 87.4588 -24.6437 10
      vertex 89.0416 -23.882 10
      vertex 88.8681 -23.53 10
    endloop
  endfacet
  facet normal 0 0 1
    outer loop
      vertex 89.2443 -25.4216 10
      vertex 87.4588 -25.4163 10
      vertex 89.1678 -25.8065 10
    endloop
  endfacet
  facet normal 0 0 1
    outer loop
      vertex 87.2813 -24.2953 10
      vertex 88.8681 -23.53 10
      vertex 88.6501 -23.2037 10
    endloop
  endfacet
  facet normal 0 0 1
    outer loop
      vertex 89.1678 -25.8065 10
      vertex 87.4588 -25.4163 10
      vertex 89.0416 -26.1781 10
    endloop
  endfacet
  facet normal 0 0 1
    outer loop
      vertex 87.2813 -24.2953 10
      vertex 88.6501 -23.2037 10
      vertex 88.3913 -22.9087 10
    endloop
  endfacet
  facet normal 0 0 1
    outer loop
      vertex 89.0416 -26.1781 10
      vertex 87.4588 -25.4163 10
      vertex 88.8681 -26.53 10
    endloop
  endfacet
  facet normal 0 0 1
    outer loop
      vertex 87.0047 -24.0187 10
      vertex 88.3913 -22.9087 10
      vertex 88.0963 -22.6499 10
    endloop
  endfacet
  facet normal -0 0 1
    outer loop
      vertex 87.2813 -25.7647 10
      vertex 88.8681 -26.53 10
      vertex 87.4588 -25.4163 10
    endloop
  endfacet
  facet normal 0 0 1
    outer loop
      vertex 87.0047 -24.0187 10
      vertex 88.0963 -22.6499 10
      vertex 87.77 -22.4319 10
    endloop
  endfacet
  facet normal 0 0 1
    outer loop
      vertex 88.8681 -26.53 10
      vertex 87.2813 -25.7647 10
      vertex 88.6501 -26.8563 10
    endloop
  endfacet
  facet normal 0 0 1
    outer loop
      vertex 88.6501 -26.8563 10
      vertex 87.2813 -25.7647 10
      vertex 88.3913 -27.1513 10
    endloop
  endfacet
  facet normal 0 0 1
    outer loop
      vertex 89.2443 -24.6384 10
      vertex 87.4588 -24.6437 10
      vertex 87.52 -25.03 10
    endloop
  endfacet
  facet normal 0 0 1
    outer loop
      vertex 86.6563 -23.8412 10
      vertex 87.77 -22.4319 10
      vertex 87.4181 -22.2584 10
    endloop
  endfacet
  facet normal 0 0 1
    outer loop
      vertex 88.8681 -23.53 10
      vertex 87.2813 -24.2953 10
      vertex 87.4588 -24.6437 10
    endloop
  endfacet
  facet normal 0 0 1
    outer loop
      vertex 86.6563 -23.8412 10
      vertex 87.4181 -22.2584 10
      vertex 87.0465 -22.1322 10
    endloop
  endfacet
  facet normal 0 0 1
    outer loop
      vertex 88.3913 -22.9087 10
      vertex 87.0047 -24.0187 10
      vertex 87.2813 -24.2953 10
    endloop
  endfacet
  facet normal 0 0 1
    outer loop
      vertex 86.6563 -23.8412 10
      vertex 87.0465 -22.1322 10
      vertex 86.6616 -22.0557 10
    endloop
  endfacet
  facet normal 0 0 1
    outer loop
      vertex 87.77 -22.4319 10
      vertex 86.6563 -23.8412 10
      vertex 87.0047 -24.0187 10
    endloop
  endfacet
  facet normal 0 0 1
    outer loop
      vertex 86.27 -23.78 10
      vertex 86.6616 -22.0557 10
      vertex 86.27 -22.03 10
    endloop
  endfacet
  facet normal 0 0 1
    outer loop
      vertex 86.6616 -22.0557 10
      vertex 86.27 -23.78 10
      vertex 86.6563 -23.8412 10
    endloop
  endfacet
  facet normal -0 0 1
    outer loop
      vertex 85.8784 -22.0557 10
      vertex 86.27 -23.78 10
      vertex 86.27 -22.03 10
    endloop
  endfacet
  facet normal 0 0 1
    outer loop
      vertex 86.27 -23.78 10
      vertex 85.8784 -22.0557 10
      vertex 85.8837 -23.8412 10
    endloop
  endfacet
  facet normal -0 0 1
    outer loop
      vertex 85.4935 -22.1322 10
      vertex 85.8837 -23.8412 10
      vertex 85.8784 -22.0557 10
    endloop
  endfacet
  facet normal -0 0 1
    outer loop
      vertex 85.1219 -22.2584 10
      vertex 85.8837 -23.8412 10
      vertex 85.4935 -22.1322 10
    endloop
  endfacet
  facet normal -0 0 1
    outer loop
      vertex 84.77 -22.4319 10
      vertex 85.8837 -23.8412 10
      vertex 85.1219 -22.2584 10
    endloop
  endfacet
  facet normal 0 0 1
    outer loop
      vertex 85.8837 -23.8412 10
      vertex 84.77 -22.4319 10
      vertex 85.5353 -24.0187 10
    endloop
  endfacet
  facet normal -0 0 1
    outer loop
      vertex 84.4437 -22.6499 10
      vertex 85.5353 -24.0187 10
      vertex 84.77 -22.4319 10
    endloop
  endfacet
  facet normal -0 0 1
    outer loop
      vertex 84.1487 -22.9087 10
      vertex 85.5353 -24.0187 10
      vertex 84.4437 -22.6499 10
    endloop
  endfacet
  facet normal 0 0 1
    outer loop
      vertex 85.5353 -24.0187 10
      vertex 84.1487 -22.9087 10
      vertex 85.2587 -24.2953 10
    endloop
  endfacet
  facet normal -0 0 1
    outer loop
      vertex 87.0047 -26.0413 10
      vertex 88.3913 -27.1513 10
      vertex 87.2813 -25.7647 10
    endloop
  endfacet
  facet normal 0 0 1
    outer loop
      vertex 88.3913 -27.1513 10
      vertex 87.0047 -26.0413 10
      vertex 88.0963 -27.4101 10
    endloop
  endfacet
  facet normal 0 0 1
    outer loop
      vertex 88.0963 -27.4101 10
      vertex 87.0047 -26.0413 10
      vertex 87.77 -27.6281 10
    endloop
  endfacet
  facet normal -0 0 1
    outer loop
      vertex 86.6563 -26.2188 10
      vertex 87.77 -27.6281 10
      vertex 87.0047 -26.0413 10
    endloop
  endfacet
  facet normal 0 0 1
    outer loop
      vertex 87.77 -27.6281 10
      vertex 86.6563 -26.2188 10
      vertex 87.4181 -27.8016 10
    endloop
  endfacet
  facet normal 0 0 1
    outer loop
      vertex 87.4181 -27.8016 10
      vertex 86.6563 -26.2188 10
      vertex 87.0465 -27.9278 10
    endloop
  endfacet
  facet normal 0 0 1
    outer loop
      vertex 87.0465 -27.9278 10
      vertex 86.6563 -26.2188 10
      vertex 86.6616 -28.0043 10
    endloop
  endfacet
  facet normal -0 0 1
    outer loop
      vertex 86.27 -26.28 10
      vertex 86.6616 -28.0043 10
      vertex 86.6563 -26.2188 10
    endloop
  endfacet
  facet normal 0 0 1
    outer loop
      vertex 86.27 -26.28 10
      vertex 86.27 -28.03 10
      vertex 86.6616 -28.0043 10
    endloop
  endfacet
  facet normal 0 0 1
    outer loop
      vertex 85.8784 -28.0043 10
      vertex 86.27 -26.28 10
      vertex 85.8837 -26.2188 10
    endloop
  endfacet
  facet normal 0 0 1
    outer loop
      vertex 86.27 -26.28 10
      vertex 85.8784 -28.0043 10
      vertex 86.27 -28.03 10
    endloop
  endfacet
  facet normal 0 0 1
    outer loop
      vertex 84.77 -27.6281 10
      vertex 85.8837 -26.2188 10
      vertex 85.5353 -26.0413 10
    endloop
  endfacet
  facet normal 0 0 1
    outer loop
      vertex 85.8837 -26.2188 10
      vertex 85.4935 -27.9278 10
      vertex 85.8784 -28.0043 10
    endloop
  endfacet
  facet normal 0 0 1
    outer loop
      vertex 84.1487 -27.1513 10
      vertex 85.5353 -26.0413 10
      vertex 85.2587 -25.7647 10
    endloop
  endfacet
  facet normal 0 0 1
    outer loop
      vertex 85.8837 -26.2188 10
      vertex 85.1219 -27.8016 10
      vertex 85.4935 -27.9278 10
    endloop
  endfacet
  facet normal 0 0 1
    outer loop
      vertex 83.6719 -26.53 10
      vertex 85.2587 -25.7647 10
      vertex 85.0812 -25.4163 10
    endloop
  endfacet
  facet normal 0 0 1
    outer loop
      vertex 83.2957 -25.4216 10
      vertex 85.0812 -25.4163 10
      vertex 85.02 -25.03 10
    endloop
  endfacet
  facet normal -0 0 1
    outer loop
      vertex 83.8899 -23.2037 10
      vertex 85.2587 -24.2953 10
      vertex 84.1487 -22.9087 10
    endloop
  endfacet
  facet normal 0 0 1
    outer loop
      vertex 85.8837 -26.2188 10
      vertex 84.77 -27.6281 10
      vertex 85.1219 -27.8016 10
    endloop
  endfacet
  facet normal -0 0 1
    outer loop
      vertex 83.6719 -23.53 10
      vertex 85.2587 -24.2953 10
      vertex 83.8899 -23.2037 10
    endloop
  endfacet
  facet normal 0 0 1
    outer loop
      vertex 85.5353 -26.0413 10
      vertex 84.4437 -27.4101 10
      vertex 84.77 -27.6281 10
    endloop
  endfacet
  facet normal 0 0 1
    outer loop
      vertex 85.2587 -24.2953 10
      vertex 83.6719 -23.53 10
      vertex 85.0812 -24.6437 10
    endloop
  endfacet
  facet normal 0 0 1
    outer loop
      vertex 85.5353 -26.0413 10
      vertex 84.1487 -27.1513 10
      vertex 84.4437 -27.4101 10
    endloop
  endfacet
  facet normal -0 0 1
    outer loop
      vertex 83.4984 -23.882 10
      vertex 85.0812 -24.6437 10
      vertex 83.6719 -23.53 10
    endloop
  endfacet
  facet normal 0 0 1
    outer loop
      vertex 85.2587 -25.7647 10
      vertex 83.8899 -26.8563 10
      vertex 84.1487 -27.1513 10
    endloop
  endfacet
  facet normal -0 0 1
    outer loop
      vertex 83.3722 -24.2535 10
      vertex 85.0812 -24.6437 10
      vertex 83.4984 -23.882 10
    endloop
  endfacet
  facet normal 0 0 1
    outer loop
      vertex 85.2587 -25.7647 10
      vertex 83.6719 -26.53 10
      vertex 83.8899 -26.8563 10
    endloop
  endfacet
  facet normal -0 0 1
    outer loop
      vertex 83.2957 -24.6384 10
      vertex 85.0812 -24.6437 10
      vertex 83.3722 -24.2535 10
    endloop
  endfacet
  facet normal 0 0 1
    outer loop
      vertex 85.0812 -25.4163 10
      vertex 83.4984 -26.1781 10
      vertex 83.6719 -26.53 10
    endloop
  endfacet
  facet normal 0 0 1
    outer loop
      vertex 85.0812 -24.6437 10
      vertex 83.2957 -24.6384 10
      vertex 85.02 -25.03 10
    endloop
  endfacet
  facet normal 0 0 1
    outer loop
      vertex 85.0812 -25.4163 10
      vertex 83.3722 -25.8065 10
      vertex 83.4984 -26.1781 10
    endloop
  endfacet
  facet normal 0 0 1
    outer loop
      vertex 83.27 -25.03 10
      vertex 85.02 -25.03 10
      vertex 83.2957 -24.6384 10
    endloop
  endfacet
  facet normal 0 0 1
    outer loop
      vertex 85.0812 -25.4163 10
      vertex 83.2957 -25.4216 10
      vertex 83.3722 -25.8065 10
    endloop
  endfacet
  facet normal 0 0 1
    outer loop
      vertex 85.02 -25.03 10
      vertex 83.27 -25.03 10
      vertex 83.2957 -25.4216 10
    endloop
  endfacet
  facet normal 0.19494 0.980815 -0
    outer loop
      vertex 87.0465 -22.1322 3
      vertex 86.6616 -22.0557 10
      vertex 87.0465 -22.1322 10
    endloop
  endfacet
  facet normal 0.19494 0.980815 0
    outer loop
      vertex 86.6616 -22.0557 10
      vertex 87.0465 -22.1322 3
      vertex 86.6616 -22.0557 3
    endloop
  endfacet
  facet normal -0.321574 -0.946885 0
    outer loop
      vertex 85.1219 -27.8016 3
      vertex 85.4935 -27.9278 10
      vertex 85.1219 -27.8016 10
    endloop
  endfacet
  facet normal -0.321574 -0.946885 -0
    outer loop
      vertex 85.4935 -27.9278 10
      vertex 85.1219 -27.8016 3
      vertex 85.4935 -27.9278 3
    endloop
  endfacet
  facet normal -0.831501 0.555523 0
    outer loop
      vertex 83.6719 -23.53 3
      vertex 83.8899 -23.2037 10
      vertex 83.8899 -23.2037 3
    endloop
  endfacet
  facet normal -0.831501 0.555523 0
    outer loop
      vertex 83.8899 -23.2037 10
      vertex 83.6719 -23.53 3
      vertex 83.6719 -23.53 10
    endloop
  endfacet
  facet normal -0.997853 0.0654873 0
    outer loop
      vertex 83.27 -25.03 3
      vertex 83.2957 -24.6384 10
      vertex 83.2957 -24.6384 3
    endloop
  endfacet
  facet normal -0.997853 0.0654873 0
    outer loop
      vertex 83.2957 -24.6384 10
      vertex 83.27 -25.03 3
      vertex 83.27 -25.03 10
    endloop
  endfacet
  facet normal 0.0654873 -0.997853 0
    outer loop
      vertex 86.27 -28.03 3
      vertex 86.6616 -28.0043 10
      vertex 86.27 -28.03 10
    endloop
  endfacet
  facet normal 0.0654873 -0.997853 0
    outer loop
      vertex 86.6616 -28.0043 10
      vertex 86.27 -28.03 3
      vertex 86.6616 -28.0043 3
    endloop
  endfacet
  facet normal -0.555523 -0.831501 0
    outer loop
      vertex 84.4437 -27.4101 3
      vertex 84.77 -27.6281 10
      vertex 84.4437 -27.4101 10
    endloop
  endfacet
  facet normal -0.555523 -0.831501 -0
    outer loop
      vertex 84.77 -27.6281 10
      vertex 84.4437 -27.4101 3
      vertex 84.77 -27.6281 3
    endloop
  endfacet
  facet normal -0.896961 0.44211 0
    outer loop
      vertex 83.4984 -23.882 3
      vertex 83.6719 -23.53 10
      vertex 83.6719 -23.53 3
    endloop
  endfacet
  facet normal -0.896961 0.44211 0
    outer loop
      vertex 83.6719 -23.53 10
      vertex 83.4984 -23.882 3
      vertex 83.4984 -23.882 10
    endloop
  endfacet
  facet normal -0.896911 -0.442211 0
    outer loop
      vertex 83.6719 -26.53 3
      vertex 83.4984 -26.1781 10
      vertex 83.4984 -26.1781 3
    endloop
  endfacet
  facet normal -0.896911 -0.442211 0
    outer loop
      vertex 83.4984 -26.1781 10
      vertex 83.6719 -26.53 3
      vertex 83.6719 -26.53 10
    endloop
  endfacet
  facet normal 0.19494 0.980815 -0
    outer loop
      vertex 87.0465 -64.0722 3
      vertex 86.6616 -63.9957 10
      vertex 87.0465 -64.0722 10
    endloop
  endfacet
  facet normal 0.19494 0.980815 0
    outer loop
      vertex 86.6616 -63.9957 10
      vertex 87.0465 -64.0722 3
      vertex 86.6616 -63.9957 3
    endloop
  endfacet
  facet normal 0.980815 0.19494 0
    outer loop
      vertex 89.2443 -66.5784 10
      vertex 89.1678 -66.1935 3
      vertex 89.1678 -66.1935 10
    endloop
  endfacet
  facet normal 0.980815 0.19494 0
    outer loop
      vertex 89.1678 -66.1935 3
      vertex 89.2443 -66.5784 10
      vertex 89.2443 -66.5784 3
    endloop
  endfacet
  facet normal 0.997853 0.0654873 0
    outer loop
      vertex 89.27 -66.97 10
      vertex 89.2443 -66.5784 3
      vertex 89.2443 -66.5784 10
    endloop
  endfacet
  facet normal 0.997853 0.0654873 0
    outer loop
      vertex 89.2443 -66.5784 3
      vertex 89.27 -66.97 10
      vertex 89.27 -66.97 3
    endloop
  endfacet
  facet normal 0.946885 0.321574 0
    outer loop
      vertex 89.1678 -66.1935 10
      vertex 89.0416 -65.8219 3
      vertex 89.0416 -65.8219 10
    endloop
  endfacet
  facet normal 0.946885 0.321574 0
    outer loop
      vertex 89.0416 -65.8219 3
      vertex 89.1678 -66.1935 10
      vertex 89.1678 -66.1935 3
    endloop
  endfacet
  facet normal 0 0 1
    outer loop
      vertex 87.52 -66.97 10
      vertex 89.27 -66.97 10
      vertex 89.2443 -66.5784 10
    endloop
  endfacet
  facet normal 0 0 1
    outer loop
      vertex 87.4588 -66.5837 10
      vertex 89.2443 -66.5784 10
      vertex 89.1678 -66.1935 10
    endloop
  endfacet
  facet normal 0 0 1
    outer loop
      vertex 89.27 -66.97 10
      vertex 87.52 -66.97 10
      vertex 89.2443 -67.3616 10
    endloop
  endfacet
  facet normal 0 0 1
    outer loop
      vertex 87.4588 -66.5837 10
      vertex 89.1678 -66.1935 10
      vertex 89.0416 -65.8219 10
    endloop
  endfacet
  facet normal -0 0 1
    outer loop
      vertex 87.4588 -67.3563 10
      vertex 89.2443 -67.3616 10
      vertex 87.52 -66.97 10
    endloop
  endfacet
  facet normal 0 0 1
    outer loop
      vertex 87.4588 -66.5837 10
      vertex 89.0416 -65.8219 10
      vertex 88.8681 -65.47 10
    endloop
  endfacet
  facet normal 0 0 1
    outer loop
      vertex 89.2443 -67.3616 10
      vertex 87.4588 -67.3563 10
      vertex 89.1678 -67.7465 10
    endloop
  endfacet
  facet normal 0 0 1
    outer loop
      vertex 87.2813 -66.2353 10
      vertex 88.8681 -65.47 10
      vertex 88.6501 -65.1437 10
    endloop
  endfacet
  facet normal 0 0 1
    outer loop
      vertex 89.1678 -67.7465 10
      vertex 87.4588 -67.3563 10
      vertex 89.0416 -68.118 10
    endloop
  endfacet
  facet normal 0 0 1
    outer loop
      vertex 87.2813 -66.2353 10
      vertex 88.6501 -65.1437 10
      vertex 88.3913 -64.8487 10
    endloop
  endfacet
  facet normal 0 0 1
    outer loop
      vertex 89.0416 -68.118 10
      vertex 87.4588 -67.3563 10
      vertex 88.8681 -68.47 10
    endloop
  endfacet
  facet normal 0 0 1
    outer loop
      vertex 87.0047 -65.9587 10
      vertex 88.3913 -64.8487 10
      vertex 88.0963 -64.5899 10
    endloop
  endfacet
  facet normal -0 0 1
    outer loop
      vertex 87.2813 -67.7047 10
      vertex 88.8681 -68.47 10
      vertex 87.4588 -67.3563 10
    endloop
  endfacet
  facet normal 0 0 1
    outer loop
      vertex 87.0047 -65.9587 10
      vertex 88.0963 -64.5899 10
      vertex 87.77 -64.3719 10
    endloop
  endfacet
  facet normal 0 0 1
    outer loop
      vertex 88.8681 -68.47 10
      vertex 87.2813 -67.7047 10
      vertex 88.6501 -68.7963 10
    endloop
  endfacet
  facet normal 0 0 1
    outer loop
      vertex 88.6501 -68.7963 10
      vertex 87.2813 -67.7047 10
      vertex 88.3913 -69.0913 10
    endloop
  endfacet
  facet normal 0 0 1
    outer loop
      vertex 89.2443 -66.5784 10
      vertex 87.4588 -66.5837 10
      vertex 87.52 -66.97 10
    endloop
  endfacet
  facet normal 0 0 1
    outer loop
      vertex 86.6563 -65.7812 10
      vertex 87.77 -64.3719 10
      vertex 87.4181 -64.1984 10
    endloop
  endfacet
  facet normal 0 0 1
    outer loop
      vertex 88.8681 -65.47 10
      vertex 87.2813 -66.2353 10
      vertex 87.4588 -66.5837 10
    endloop
  endfacet
  facet normal 0 0 1
    outer loop
      vertex 86.6563 -65.7812 10
      vertex 87.4181 -64.1984 10
      vertex 87.0465 -64.0722 10
    endloop
  endfacet
  facet normal 0 0 1
    outer loop
      vertex 88.3913 -64.8487 10
      vertex 87.0047 -65.9587 10
      vertex 87.2813 -66.2353 10
    endloop
  endfacet
  facet normal 0 0 1
    outer loop
      vertex 86.6563 -65.7812 10
      vertex 87.0465 -64.0722 10
      vertex 86.6616 -63.9957 10
    endloop
  endfacet
  facet normal 0 0 1
    outer loop
      vertex 87.77 -64.3719 10
      vertex 86.6563 -65.7812 10
      vertex 87.0047 -65.9587 10
    endloop
  endfacet
  facet normal 0 0 1
    outer loop
      vertex 86.27 -65.72 10
      vertex 86.6616 -63.9957 10
      vertex 86.27 -63.97 10
    endloop
  endfacet
  facet normal 0 0 1
    outer loop
      vertex 86.6616 -63.9957 10
      vertex 86.27 -65.72 10
      vertex 86.6563 -65.7812 10
    endloop
  endfacet
  facet normal -0 0 1
    outer loop
      vertex 85.8784 -63.9957 10
      vertex 86.27 -65.72 10
      vertex 86.27 -63.97 10
    endloop
  endfacet
  facet normal 0 0 1
    outer loop
      vertex 86.27 -65.72 10
      vertex 85.8784 -63.9957 10
      vertex 85.8837 -65.7812 10
    endloop
  endfacet
  facet normal -0 0 1
    outer loop
      vertex 85.4935 -64.0722 10
      vertex 85.8837 -65.7812 10
      vertex 85.8784 -63.9957 10
    endloop
  endfacet
  facet normal -0 0 1
    outer loop
      vertex 85.1219 -64.1984 10
      vertex 85.8837 -65.7812 10
      vertex 85.4935 -64.0722 10
    endloop
  endfacet
  facet normal -0 0 1
    outer loop
      vertex 84.77 -64.3719 10
      vertex 85.8837 -65.7812 10
      vertex 85.1219 -64.1984 10
    endloop
  endfacet
  facet normal 0 0 1
    outer loop
      vertex 85.8837 -65.7812 10
      vertex 84.77 -64.3719 10
      vertex 85.5353 -65.9587 10
    endloop
  endfacet
  facet normal -0 0 1
    outer loop
      vertex 84.4437 -64.5899 10
      vertex 85.5353 -65.9587 10
      vertex 84.77 -64.3719 10
    endloop
  endfacet
  facet normal -0 0 1
    outer loop
      vertex 84.1487 -64.8487 10
      vertex 85.5353 -65.9587 10
      vertex 84.4437 -64.5899 10
    endloop
  endfacet
  facet normal 0 0 1
    outer loop
      vertex 85.5353 -65.9587 10
      vertex 84.1487 -64.8487 10
      vertex 85.2587 -66.2353 10
    endloop
  endfacet
  facet normal -0 0 1
    outer loop
      vertex 87.0047 -67.9813 10
      vertex 88.3913 -69.0913 10
      vertex 87.2813 -67.7047 10
    endloop
  endfacet
  facet normal 0 0 1
    outer loop
      vertex 88.3913 -69.0913 10
      vertex 87.0047 -67.9813 10
      vertex 88.0963 -69.3501 10
    endloop
  endfacet
  facet normal 0 0 1
    outer loop
      vertex 88.0963 -69.3501 10
      vertex 87.0047 -67.9813 10
      vertex 87.77 -69.5681 10
    endloop
  endfacet
  facet normal -0 0 1
    outer loop
      vertex 86.6563 -68.1588 10
      vertex 87.77 -69.5681 10
      vertex 87.0047 -67.9813 10
    endloop
  endfacet
  facet normal 0 0 1
    outer loop
      vertex 87.77 -69.5681 10
      vertex 86.6563 -68.1588 10
      vertex 87.4181 -69.7416 10
    endloop
  endfacet
  facet normal 0 0 1
    outer loop
      vertex 87.4181 -69.7416 10
      vertex 86.6563 -68.1588 10
      vertex 87.0465 -69.8678 10
    endloop
  endfacet
  facet normal 0 0 1
    outer loop
      vertex 87.0465 -69.8678 10
      vertex 86.6563 -68.1588 10
      vertex 86.6616 -69.9443 10
    endloop
  endfacet
  facet normal -0 0 1
    outer loop
      vertex 86.27 -68.22 10
      vertex 86.6616 -69.9443 10
      vertex 86.6563 -68.1588 10
    endloop
  endfacet
  facet normal 0 0 1
    outer loop
      vertex 86.27 -68.22 10
      vertex 86.27 -69.97 10
      vertex 86.6616 -69.9443 10
    endloop
  endfacet
  facet normal 0 0 1
    outer loop
      vertex 85.8784 -69.9443 10
      vertex 86.27 -68.22 10
      vertex 85.8837 -68.1588 10
    endloop
  endfacet
  facet normal 0 0 1
    outer loop
      vertex 86.27 -68.22 10
      vertex 85.8784 -69.9443 10
      vertex 86.27 -69.97 10
    endloop
  endfacet
  facet normal 0 0 1
    outer loop
      vertex 84.77 -69.5681 10
      vertex 85.8837 -68.1588 10
      vertex 85.5353 -67.9813 10
    endloop
  endfacet
  facet normal 0 0 1
    outer loop
      vertex 85.8837 -68.1588 10
      vertex 85.4935 -69.8678 10
      vertex 85.8784 -69.9443 10
    endloop
  endfacet
  facet normal 0 0 1
    outer loop
      vertex 84.1487 -69.0913 10
      vertex 85.5353 -67.9813 10
      vertex 85.2587 -67.7047 10
    endloop
  endfacet
  facet normal 0 0 1
    outer loop
      vertex 85.8837 -68.1588 10
      vertex 85.1219 -69.7416 10
      vertex 85.4935 -69.8678 10
    endloop
  endfacet
  facet normal 0 0 1
    outer loop
      vertex 83.6719 -68.47 10
      vertex 85.2587 -67.7047 10
      vertex 85.0812 -67.3563 10
    endloop
  endfacet
  facet normal 0 0 1
    outer loop
      vertex 83.2957 -67.3616 10
      vertex 85.0812 -67.3563 10
      vertex 85.02 -66.97 10
    endloop
  endfacet
  facet normal -0 0 1
    outer loop
      vertex 83.8899 -65.1437 10
      vertex 85.2587 -66.2353 10
      vertex 84.1487 -64.8487 10
    endloop
  endfacet
  facet normal 0 0 1
    outer loop
      vertex 85.8837 -68.1588 10
      vertex 84.77 -69.5681 10
      vertex 85.1219 -69.7416 10
    endloop
  endfacet
  facet normal -0 0 1
    outer loop
      vertex 83.6719 -65.47 10
      vertex 85.2587 -66.2353 10
      vertex 83.8899 -65.1437 10
    endloop
  endfacet
  facet normal 0 0 1
    outer loop
      vertex 85.5353 -67.9813 10
      vertex 84.4437 -69.3501 10
      vertex 84.77 -69.5681 10
    endloop
  endfacet
  facet normal 0 0 1
    outer loop
      vertex 85.2587 -66.2353 10
      vertex 83.6719 -65.47 10
      vertex 85.0812 -66.5837 10
    endloop
  endfacet
  facet normal 0 0 1
    outer loop
      vertex 85.5353 -67.9813 10
      vertex 84.1487 -69.0913 10
      vertex 84.4437 -69.3501 10
    endloop
  endfacet
  facet normal -0 0 1
    outer loop
      vertex 83.4984 -65.8219 10
      vertex 85.0812 -66.5837 10
      vertex 83.6719 -65.47 10
    endloop
  endfacet
  facet normal 0 0 1
    outer loop
      vertex 85.2587 -67.7047 10
      vertex 83.8899 -68.7963 10
      vertex 84.1487 -69.0913 10
    endloop
  endfacet
  facet normal -0 0 1
    outer loop
      vertex 83.3722 -66.1935 10
      vertex 85.0812 -66.5837 10
      vertex 83.4984 -65.8219 10
    endloop
  endfacet
  facet normal 0 0 1
    outer loop
      vertex 85.2587 -67.7047 10
      vertex 83.6719 -68.47 10
      vertex 83.8899 -68.7963 10
    endloop
  endfacet
  facet normal -0 0 1
    outer loop
      vertex 83.2957 -66.5784 10
      vertex 85.0812 -66.5837 10
      vertex 83.3722 -66.1935 10
    endloop
  endfacet
  facet normal 0 0 1
    outer loop
      vertex 85.0812 -67.3563 10
      vertex 83.4984 -68.118 10
      vertex 83.6719 -68.47 10
    endloop
  endfacet
  facet normal 0 0 1
    outer loop
      vertex 85.0812 -66.5837 10
      vertex 83.2957 -66.5784 10
      vertex 85.02 -66.97 10
    endloop
  endfacet
  facet normal 0 0 1
    outer loop
      vertex 85.0812 -67.3563 10
      vertex 83.3722 -67.7465 10
      vertex 83.4984 -68.118 10
    endloop
  endfacet
  facet normal 0 0 1
    outer loop
      vertex 83.27 -66.97 10
      vertex 85.02 -66.97 10
      vertex 83.2957 -66.5784 10
    endloop
  endfacet
  facet normal 0 0 1
    outer loop
      vertex 85.0812 -67.3563 10
      vertex 83.2957 -67.3616 10
      vertex 83.3722 -67.7465 10
    endloop
  endfacet
  facet normal 0 0 1
    outer loop
      vertex 85.02 -66.97 10
      vertex 83.27 -66.97 10
      vertex 83.2957 -67.3616 10
    endloop
  endfacet
  facet normal 0.321574 -0.946885 0
    outer loop
      vertex 87.0465 -69.8678 3
      vertex 87.4181 -69.7416 10
      vertex 87.0465 -69.8678 10
    endloop
  endfacet
  facet normal 0.321574 -0.946885 0
    outer loop
      vertex 87.4181 -69.7416 10
      vertex 87.0465 -69.8678 3
      vertex 87.4181 -69.7416 3
    endloop
  endfacet
  facet normal 0.831501 0.555523 0
    outer loop
      vertex 88.8681 -65.47 10
      vertex 88.6501 -65.1437 3
      vertex 88.6501 -65.1437 10
    endloop
  endfacet
  facet normal 0.831501 0.555523 0
    outer loop
      vertex 88.6501 -65.1437 3
      vertex 88.8681 -65.47 10
      vertex 88.8681 -65.47 3
    endloop
  endfacet
  facet normal 0.896911 0.442211 0
    outer loop
      vertex 89.0416 -65.8219 10
      vertex 88.8681 -65.47 3
      vertex 88.8681 -65.47 10
    endloop
  endfacet
  facet normal 0.896911 0.442211 0
    outer loop
      vertex 88.8681 -65.47 3
      vertex 89.0416 -65.8219 10
      vertex 89.0416 -65.8219 3
    endloop
  endfacet
  facet normal -0.19494 0.980815 0
    outer loop
      vertex 85.8784 -63.9957 3
      vertex 85.4935 -64.0722 10
      vertex 85.8784 -63.9957 10
    endloop
  endfacet
  facet normal -0.19494 0.980815 0
    outer loop
      vertex 85.4935 -64.0722 10
      vertex 85.8784 -63.9957 3
      vertex 85.4935 -64.0722 3
    endloop
  endfacet
  facet normal -0.555523 -0.831501 0
    outer loop
      vertex 84.4437 -69.3501 3
      vertex 84.77 -69.5681 10
      vertex 84.4437 -69.3501 10
    endloop
  endfacet
  facet normal -0.555523 -0.831501 -0
    outer loop
      vertex 84.77 -69.5681 10
      vertex 84.4437 -69.3501 3
      vertex 84.77 -69.5681 3
    endloop
  endfacet
  facet normal 0.946858 -0.321651 0
    outer loop
      vertex 89.0416 -68.118 10
      vertex 89.1678 -67.7465 3
      vertex 89.1678 -67.7465 10
    endloop
  endfacet
  facet normal 0.946858 -0.321651 0
    outer loop
      vertex 89.1678 -67.7465 3
      vertex 89.0416 -68.118 10
      vertex 89.0416 -68.118 3
    endloop
  endfacet
  facet normal -0.659478 0.751724 0
    outer loop
      vertex 84.4437 -64.5899 3
      vertex 84.1487 -64.8487 10
      vertex 84.4437 -64.5899 10
    endloop
  endfacet
  facet normal -0.659478 0.751724 0
    outer loop
      vertex 84.1487 -64.8487 10
      vertex 84.4437 -64.5899 3
      vertex 84.1487 -64.8487 3
    endloop
  endfacet
  facet normal -0.321574 0.946885 0
    outer loop
      vertex 85.4935 -64.0722 3
      vertex 85.1219 -64.1984 10
      vertex 85.4935 -64.0722 10
    endloop
  endfacet
  facet normal -0.321574 0.946885 0
    outer loop
      vertex 85.1219 -64.1984 10
      vertex 85.4935 -64.0722 3
      vertex 85.1219 -64.1984 3
    endloop
  endfacet
  facet normal -0.0654873 0.997853 0
    outer loop
      vertex 86.27 -63.97 3
      vertex 85.8784 -63.9957 10
      vertex 86.27 -63.97 10
    endloop
  endfacet
  facet normal -0.0654873 0.997853 0
    outer loop
      vertex 85.8784 -63.9957 10
      vertex 86.27 -63.97 3
      vertex 85.8784 -63.9957 3
    endloop
  endfacet
  facet normal 0.0654873 0.997853 -0
    outer loop
      vertex 86.6616 -63.9957 3
      vertex 86.27 -63.97 10
      vertex 86.6616 -63.9957 10
    endloop
  endfacet
  facet normal 0.0654873 0.997853 0
    outer loop
      vertex 86.27 -63.97 10
      vertex 86.6616 -63.9957 3
      vertex 86.27 -63.97 3
    endloop
  endfacet
  facet normal -0.19494 -0.980815 0
    outer loop
      vertex 85.4935 -69.8678 3
      vertex 85.8784 -69.9443 10
      vertex 85.4935 -69.8678 10
    endloop
  endfacet
  facet normal -0.19494 -0.980815 -0
    outer loop
      vertex 85.8784 -69.9443 10
      vertex 85.4935 -69.8678 3
      vertex 85.8784 -69.9443 3
    endloop
  endfacet
  facet normal -0.659478 -0.751724 0
    outer loop
      vertex 84.1487 -69.0913 3
      vertex 84.4437 -69.3501 10
      vertex 84.1487 -69.0913 10
    endloop
  endfacet
  facet normal -0.659478 -0.751724 -0
    outer loop
      vertex 84.4437 -69.3501 10
      vertex 84.1487 -69.0913 3
      vertex 84.4437 -69.3501 3
    endloop
  endfacet
  facet normal 0.19494 -0.980815 0
    outer loop
      vertex 86.6616 -69.9443 3
      vertex 87.0465 -69.8678 10
      vertex 86.6616 -69.9443 10
    endloop
  endfacet
  facet normal 0.19494 -0.980815 0
    outer loop
      vertex 87.0465 -69.8678 10
      vertex 86.6616 -69.9443 3
      vertex 87.0465 -69.8678 3
    endloop
  endfacet
  facet normal 0.555523 0.831501 -0
    outer loop
      vertex 88.0963 -64.5899 3
      vertex 87.77 -64.3719 10
      vertex 88.0963 -64.5899 10
    endloop
  endfacet
  facet normal 0.555523 0.831501 0
    outer loop
      vertex 87.77 -64.3719 10
      vertex 88.0963 -64.5899 3
      vertex 87.77 -64.3719 3
    endloop
  endfacet
  facet normal 0.659478 0.751724 -0
    outer loop
      vertex 88.3913 -64.8487 3
      vertex 88.0963 -64.5899 10
      vertex 88.3913 -64.8487 10
    endloop
  endfacet
  facet normal 0.659478 0.751724 0
    outer loop
      vertex 88.0963 -64.5899 10
      vertex 88.3913 -64.8487 3
      vertex 88.0963 -64.5899 3
    endloop
  endfacet
  facet normal -0.946858 -0.321651 0
    outer loop
      vertex 83.4984 -68.118 3
      vertex 83.3722 -67.7465 10
      vertex 83.3722 -67.7465 3
    endloop
  endfacet
  facet normal -0.946858 -0.321651 0
    outer loop
      vertex 83.3722 -67.7465 10
      vertex 83.4984 -68.118 3
      vertex 83.4984 -68.118 10
    endloop
  endfacet
  facet normal -0.0654873 -0.997853 0
    outer loop
      vertex 85.8784 -69.9443 3
      vertex 86.27 -69.97 10
      vertex 85.8784 -69.9443 10
    endloop
  endfacet
  facet normal -0.0654873 -0.997853 -0
    outer loop
      vertex 86.27 -69.97 10
      vertex 85.8784 -69.9443 3
      vertex 86.27 -69.97 3
    endloop
  endfacet
  facet normal -0.442211 0.896911 0
    outer loop
      vertex 85.1219 -64.1984 3
      vertex 84.77 -64.3719 10
      vertex 85.1219 -64.1984 10
    endloop
  endfacet
  facet normal -0.442211 0.896911 0
    outer loop
      vertex 84.77 -64.3719 10
      vertex 85.1219 -64.1984 3
      vertex 84.77 -64.3719 3
    endloop
  endfacet
  facet normal 0.659478 -0.751724 0
    outer loop
      vertex 88.0963 -69.3501 3
      vertex 88.3913 -69.0913 10
      vertex 88.0963 -69.3501 10
    endloop
  endfacet
  facet normal 0.659478 -0.751724 0
    outer loop
      vertex 88.3913 -69.0913 10
      vertex 88.0963 -69.3501 3
      vertex 88.3913 -69.0913 3
    endloop
  endfacet
  facet normal 0.555523 -0.831501 0
    outer loop
      vertex 87.77 -69.5681 3
      vertex 88.0963 -69.3501 10
      vertex 87.77 -69.5681 10
    endloop
  endfacet
  facet normal 0.555523 -0.831501 0
    outer loop
      vertex 88.0963 -69.3501 10
      vertex 87.77 -69.5681 3
      vertex 88.0963 -69.3501 3
    endloop
  endfacet
  facet normal -0.555523 0.831501 0
    outer loop
      vertex 84.77 -64.3719 3
      vertex 84.4437 -64.5899 10
      vertex 84.77 -64.3719 10
    endloop
  endfacet
  facet normal -0.555523 0.831501 0
    outer loop
      vertex 84.4437 -64.5899 10
      vertex 84.77 -64.3719 3
      vertex 84.4437 -64.5899 3
    endloop
  endfacet
  facet normal 0.997853 -0.0654873 0
    outer loop
      vertex 89.2443 -67.3616 10
      vertex 89.27 -66.97 3
      vertex 89.27 -66.97 10
    endloop
  endfacet
  facet normal 0.997853 -0.0654873 0
    outer loop
      vertex 89.27 -66.97 3
      vertex 89.2443 -67.3616 10
      vertex 89.2443 -67.3616 3
    endloop
  endfacet
  facet normal 0.751724 -0.659478 0
    outer loop
      vertex 88.3913 -69.0913 10
      vertex 88.6501 -68.7963 3
      vertex 88.6501 -68.7963 10
    endloop
  endfacet
  facet normal 0.751724 -0.659478 0
    outer loop
      vertex 88.6501 -68.7963 3
      vertex 88.3913 -69.0913 10
      vertex 88.3913 -69.0913 3
    endloop
  endfacet
  facet normal -0.442211 -0.896911 0
    outer loop
      vertex 84.77 -69.5681 3
      vertex 85.1219 -69.7416 10
      vertex 84.77 -69.5681 10
    endloop
  endfacet
  facet normal -0.442211 -0.896911 -0
    outer loop
      vertex 85.1219 -69.7416 10
      vertex 84.77 -69.5681 3
      vertex 85.1219 -69.7416 3
    endloop
  endfacet
  facet normal 0.831501 -0.555523 0
    outer loop
      vertex 88.6501 -68.7963 10
      vertex 88.8681 -68.47 3
      vertex 88.8681 -68.47 10
    endloop
  endfacet
  facet normal 0.831501 -0.555523 0
    outer loop
      vertex 88.8681 -68.47 3
      vertex 88.6501 -68.7963 10
      vertex 88.6501 -68.7963 3
    endloop
  endfacet
  facet normal 0.980815 -0.19494 0
    outer loop
      vertex 89.1678 -67.7465 10
      vertex 89.2443 -67.3616 3
      vertex 89.2443 -67.3616 10
    endloop
  endfacet
  facet normal 0.980815 -0.19494 0
    outer loop
      vertex 89.2443 -67.3616 3
      vertex 89.1678 -67.7465 10
      vertex 89.1678 -67.7465 3
    endloop
  endfacet
  facet normal -0.946885 0.321574 0
    outer loop
      vertex 83.3722 -66.1935 3
      vertex 83.4984 -65.8219 10
      vertex 83.4984 -65.8219 3
    endloop
  endfacet
  facet normal -0.946885 0.321574 0
    outer loop
      vertex 83.4984 -65.8219 10
      vertex 83.3722 -66.1935 3
      vertex 83.3722 -66.1935 10
    endloop
  endfacet
  facet normal 0.442211 0.896911 -0
    outer loop
      vertex 87.77 -64.3719 3
      vertex 87.4181 -64.1984 10
      vertex 87.77 -64.3719 10
    endloop
  endfacet
  facet normal 0.442211 0.896911 0
    outer loop
      vertex 87.4181 -64.1984 10
      vertex 87.77 -64.3719 3
      vertex 87.4181 -64.1984 3
    endloop
  endfacet
  facet normal -0.980815 0.19494 0
    outer loop
      vertex 83.2957 -66.5784 3
      vertex 83.3722 -66.1935 10
      vertex 83.3722 -66.1935 3
    endloop
  endfacet
  facet normal -0.980815 0.19494 0
    outer loop
      vertex 83.3722 -66.1935 10
      vertex 83.2957 -66.5784 3
      vertex 83.2957 -66.5784 10
    endloop
  endfacet
  facet normal 0.442211 -0.896911 0
    outer loop
      vertex 87.4181 -69.7416 3
      vertex 87.77 -69.5681 10
      vertex 87.4181 -69.7416 10
    endloop
  endfacet
  facet normal 0.442211 -0.896911 0
    outer loop
      vertex 87.77 -69.5681 10
      vertex 87.4181 -69.7416 3
      vertex 87.77 -69.5681 3
    endloop
  endfacet
  facet normal -0.831501 0.555523 0
    outer loop
      vertex 83.6719 -65.47 3
      vertex 83.8899 -65.1437 10
      vertex 83.8899 -65.1437 3
    endloop
  endfacet
  facet normal -0.831501 0.555523 0
    outer loop
      vertex 83.8899 -65.1437 10
      vertex 83.6719 -65.47 3
      vertex 83.6719 -65.47 10
    endloop
  endfacet
  facet normal -0.997853 -0.0654873 0
    outer loop
      vertex 83.2957 -67.3616 3
      vertex 83.27 -66.97 10
      vertex 83.27 -66.97 3
    endloop
  endfacet
  facet normal -0.997853 -0.0654873 0
    outer loop
      vertex 83.27 -66.97 10
      vertex 83.2957 -67.3616 3
      vertex 83.2957 -67.3616 10
    endloop
  endfacet
  facet normal -0.751724 -0.659478 0
    outer loop
      vertex 84.1487 -69.0913 3
      vertex 83.8899 -68.7963 10
      vertex 83.8899 -68.7963 3
    endloop
  endfacet
  facet normal -0.751724 -0.659478 0
    outer loop
      vertex 83.8899 -68.7963 10
      vertex 84.1487 -69.0913 3
      vertex 84.1487 -69.0913 10
    endloop
  endfacet
  facet normal -0.997853 0.0654873 0
    outer loop
      vertex 83.27 -66.97 3
      vertex 83.2957 -66.5784 10
      vertex 83.2957 -66.5784 3
    endloop
  endfacet
  facet normal -0.997853 0.0654873 0
    outer loop
      vertex 83.2957 -66.5784 10
      vertex 83.27 -66.97 3
      vertex 83.27 -66.97 10
    endloop
  endfacet
  facet normal 0.321574 0.946885 -0
    outer loop
      vertex 87.4181 -64.1984 3
      vertex 87.0465 -64.0722 10
      vertex 87.4181 -64.1984 10
    endloop
  endfacet
  facet normal 0.321574 0.946885 0
    outer loop
      vertex 87.0465 -64.0722 10
      vertex 87.4181 -64.1984 3
      vertex 87.0465 -64.0722 3
    endloop
  endfacet
  facet normal -0.751724 0.659478 0
    outer loop
      vertex 83.8899 -65.1437 3
      vertex 84.1487 -64.8487 10
      vertex 84.1487 -64.8487 3
    endloop
  endfacet
  facet normal -0.751724 0.659478 0
    outer loop
      vertex 84.1487 -64.8487 10
      vertex 83.8899 -65.1437 3
      vertex 83.8899 -65.1437 10
    endloop
  endfacet
  facet normal 0.751724 0.659478 0
    outer loop
      vertex 88.6501 -65.1437 10
      vertex 88.3913 -64.8487 3
      vertex 88.3913 -64.8487 10
    endloop
  endfacet
  facet normal 0.751724 0.659478 0
    outer loop
      vertex 88.3913 -64.8487 3
      vertex 88.6501 -65.1437 10
      vertex 88.6501 -65.1437 3
    endloop
  endfacet
  facet normal -0.896961 -0.44211 0
    outer loop
      vertex 83.6719 -68.47 3
      vertex 83.4984 -68.118 10
      vertex 83.4984 -68.118 3
    endloop
  endfacet
  facet normal -0.896961 -0.44211 0
    outer loop
      vertex 83.4984 -68.118 10
      vertex 83.6719 -68.47 3
      vertex 83.6719 -68.47 10
    endloop
  endfacet
  facet normal 0.0654873 -0.997853 0
    outer loop
      vertex 86.27 -69.97 3
      vertex 86.6616 -69.9443 10
      vertex 86.27 -69.97 10
    endloop
  endfacet
  facet normal 0.0654873 -0.997853 0
    outer loop
      vertex 86.6616 -69.9443 10
      vertex 86.27 -69.97 3
      vertex 86.6616 -69.9443 3
    endloop
  endfacet
  facet normal -0.980815 -0.19494 0
    outer loop
      vertex 83.3722 -67.7465 3
      vertex 83.2957 -67.3616 10
      vertex 83.2957 -67.3616 3
    endloop
  endfacet
  facet normal -0.980815 -0.19494 0
    outer loop
      vertex 83.2957 -67.3616 10
      vertex 83.3722 -67.7465 3
      vertex 83.3722 -67.7465 10
    endloop
  endfacet
  facet normal -0.831501 -0.555523 0
    outer loop
      vertex 83.8899 -68.7963 3
      vertex 83.6719 -68.47 10
      vertex 83.6719 -68.47 3
    endloop
  endfacet
  facet normal -0.831501 -0.555523 0
    outer loop
      vertex 83.6719 -68.47 10
      vertex 83.8899 -68.7963 3
      vertex 83.8899 -68.7963 10
    endloop
  endfacet
  facet normal -0.321574 -0.946885 0
    outer loop
      vertex 85.1219 -69.7416 3
      vertex 85.4935 -69.8678 10
      vertex 85.1219 -69.7416 10
    endloop
  endfacet
  facet normal -0.321574 -0.946885 -0
    outer loop
      vertex 85.4935 -69.8678 10
      vertex 85.1219 -69.7416 3
      vertex 85.4935 -69.8678 3
    endloop
  endfacet
  facet normal 0.896961 -0.44211 0
    outer loop
      vertex 88.8681 -68.47 10
      vertex 89.0416 -68.118 3
      vertex 89.0416 -68.118 10
    endloop
  endfacet
  facet normal 0.896961 -0.44211 0
    outer loop
      vertex 89.0416 -68.118 3
      vertex 88.8681 -68.47 10
      vertex 88.8681 -68.47 3
    endloop
  endfacet
  facet normal -0.896911 0.442211 0
    outer loop
      vertex 83.4984 -65.8219 3
      vertex 83.6719 -65.47 10
      vertex 83.6719 -65.47 3
    endloop
  endfacet
  facet normal -0.896911 0.442211 0
    outer loop
      vertex 83.6719 -65.47 10
      vertex 83.4984 -65.8219 3
      vertex 83.4984 -65.8219 10
    endloop
  endfacet
  facet normal 0.980815 0.19494 0
    outer loop
      vertex 98.4743 -53.6084 10.5
      vertex 98.3978 -53.2235 3
      vertex 98.3978 -53.2235 10.5
    endloop
  endfacet
  facet normal 0.980815 0.19494 0
    outer loop
      vertex 98.3978 -53.2235 3
      vertex 98.4743 -53.6084 10.5
      vertex 98.4743 -53.6084 3
    endloop
  endfacet
  facet normal 0.997853 0.0654873 0
    outer loop
      vertex 98.5 -54 10.5
      vertex 98.4743 -53.6084 3
      vertex 98.4743 -53.6084 10.5
    endloop
  endfacet
  facet normal 0.997853 0.0654873 0
    outer loop
      vertex 98.4743 -53.6084 3
      vertex 98.5 -54 10.5
      vertex 98.5 -54 3
    endloop
  endfacet
  facet normal -0.896961 -0.44211 0
    outer loop
      vertex 92.9019 -55.5 3
      vertex 92.7284 -55.148 10.5
      vertex 92.7284 -55.148 3
    endloop
  endfacet
  facet normal -0.896961 -0.44211 0
    outer loop
      vertex 92.7284 -55.148 10.5
      vertex 92.9019 -55.5 3
      vertex 92.9019 -55.5 10.5
    endloop
  endfacet
  facet normal -0.555523 -0.831501 0
    outer loop
      vertex 93.6737 -56.3801 3
      vertex 94 -56.5981 10.5
      vertex 93.6737 -56.3801 10.5
    endloop
  endfacet
  facet normal -0.555523 -0.831501 -0
    outer loop
      vertex 94 -56.5981 10.5
      vertex 93.6737 -56.3801 3
      vertex 94 -56.5981 3
    endloop
  endfacet
  facet normal 0.946858 -0.321651 0
    outer loop
      vertex 98.2716 -55.148 10.5
      vertex 98.3978 -54.7765 3
      vertex 98.3978 -54.7765 10.5
    endloop
  endfacet
  facet normal 0.946858 -0.321651 0
    outer loop
      vertex 98.3978 -54.7765 3
      vertex 98.2716 -55.148 10.5
      vertex 98.2716 -55.148 3
    endloop
  endfacet
  facet normal 0.997853 -0.0654873 0
    outer loop
      vertex 98.4743 -54.3916 10.5
      vertex 98.5 -54 3
      vertex 98.5 -54 10.5
    endloop
  endfacet
  facet normal 0.997853 -0.0654873 0
    outer loop
      vertex 98.5 -54 3
      vertex 98.4743 -54.3916 10.5
      vertex 98.4743 -54.3916 3
    endloop
  endfacet
  facet normal 0.896961 0.44211 0
    outer loop
      vertex 98.2716 -52.852 10.5
      vertex 98.0981 -52.5 3
      vertex 98.0981 -52.5 10.5
    endloop
  endfacet
  facet normal 0.896961 0.44211 0
    outer loop
      vertex 98.0981 -52.5 3
      vertex 98.2716 -52.852 10.5
      vertex 98.2716 -52.852 3
    endloop
  endfacet
  facet normal -0.321651 -0.946858 0
    outer loop
      vertex 94.352 -56.7716 3
      vertex 94.7235 -56.8978 10.5
      vertex 94.352 -56.7716 10.5
    endloop
  endfacet
  facet normal -0.321651 -0.946858 -0
    outer loop
      vertex 94.7235 -56.8978 10.5
      vertex 94.352 -56.7716 3
      vertex 94.7235 -56.8978 3
    endloop
  endfacet
  facet normal 0.659478 0.751724 -0
    outer loop
      vertex 97.6213 -51.8787 3
      vertex 97.3263 -51.6199 10.5
      vertex 97.6213 -51.8787 10.5
    endloop
  endfacet
  facet normal 0.659478 0.751724 0
    outer loop
      vertex 97.3263 -51.6199 10.5
      vertex 97.6213 -51.8787 3
      vertex 97.3263 -51.6199 3
    endloop
  endfacet
  facet normal 0.321651 0.946858 -0
    outer loop
      vertex 96.648 -51.2284 3
      vertex 96.2765 -51.1022 10.5
      vertex 96.648 -51.2284 10.5
    endloop
  endfacet
  facet normal 0.321651 0.946858 0
    outer loop
      vertex 96.2765 -51.1022 10.5
      vertex 96.648 -51.2284 3
      vertex 96.2765 -51.1022 3
    endloop
  endfacet
  facet normal 0.659478 -0.751724 0
    outer loop
      vertex 97.3263 -56.3801 3
      vertex 97.6213 -56.1213 10.5
      vertex 97.3263 -56.3801 10.5
    endloop
  endfacet
  facet normal 0.659478 -0.751724 0
    outer loop
      vertex 97.6213 -56.1213 10.5
      vertex 97.3263 -56.3801 3
      vertex 97.6213 -56.1213 3
    endloop
  endfacet
  facet normal 0.896961 -0.44211 0
    outer loop
      vertex 98.0981 -55.5 10.5
      vertex 98.2716 -55.148 3
      vertex 98.2716 -55.148 10.5
    endloop
  endfacet
  facet normal 0.896961 -0.44211 0
    outer loop
      vertex 98.2716 -55.148 3
      vertex 98.0981 -55.5 10.5
      vertex 98.0981 -55.5 3
    endloop
  endfacet
  facet normal -0.946858 -0.321651 0
    outer loop
      vertex 92.7284 -55.148 3
      vertex 92.6022 -54.7765 10.5
      vertex 92.6022 -54.7765 3
    endloop
  endfacet
  facet normal -0.946858 -0.321651 0
    outer loop
      vertex 92.6022 -54.7765 10.5
      vertex 92.7284 -55.148 3
      vertex 92.7284 -55.148 10.5
    endloop
  endfacet
  facet normal -0.946858 0.321651 0
    outer loop
      vertex 92.6022 -53.2235 3
      vertex 92.7284 -52.852 10.5
      vertex 92.7284 -52.852 3
    endloop
  endfacet
  facet normal -0.946858 0.321651 0
    outer loop
      vertex 92.7284 -52.852 10.5
      vertex 92.6022 -53.2235 3
      vertex 92.6022 -53.2235 10.5
    endloop
  endfacet
  facet normal 0.44211 -0.896961 0
    outer loop
      vertex 96.648 -56.7716 3
      vertex 97 -56.5981 10.5
      vertex 96.648 -56.7716 10.5
    endloop
  endfacet
  facet normal 0.44211 -0.896961 0
    outer loop
      vertex 97 -56.5981 10.5
      vertex 96.648 -56.7716 3
      vertex 97 -56.5981 3
    endloop
  endfacet
  facet normal -0.997853 -0.0654873 0
    outer loop
      vertex 92.5257 -54.3916 3
      vertex 92.5 -54 10.5
      vertex 92.5 -54 3
    endloop
  endfacet
  facet normal -0.997853 -0.0654873 0
    outer loop
      vertex 92.5 -54 10.5
      vertex 92.5257 -54.3916 3
      vertex 92.5257 -54.3916 10.5
    endloop
  endfacet
  facet normal 0.321651 -0.946858 0
    outer loop
      vertex 96.2765 -56.8978 3
      vertex 96.648 -56.7716 10.5
      vertex 96.2765 -56.8978 10.5
    endloop
  endfacet
  facet normal 0.321651 -0.946858 0
    outer loop
      vertex 96.648 -56.7716 10.5
      vertex 96.2765 -56.8978 3
      vertex 96.648 -56.7716 3
    endloop
  endfacet
  facet normal -0.980815 0.19494 0
    outer loop
      vertex 92.5257 -53.6084 3
      vertex 92.6022 -53.2235 10.5
      vertex 92.6022 -53.2235 3
    endloop
  endfacet
  facet normal -0.980815 0.19494 0
    outer loop
      vertex 92.6022 -53.2235 10.5
      vertex 92.5257 -53.6084 3
      vertex 92.5257 -53.6084 10.5
    endloop
  endfacet
  facet normal -0.751724 -0.659478 0
    outer loop
      vertex 93.3787 -56.1213 3
      vertex 93.1199 -55.8263 10.5
      vertex 93.1199 -55.8263 3
    endloop
  endfacet
  facet normal -0.751724 -0.659478 0
    outer loop
      vertex 93.1199 -55.8263 10.5
      vertex 93.3787 -56.1213 3
      vertex 93.3787 -56.1213 10.5
    endloop
  endfacet
  facet normal -0.751724 0.659478 0
    outer loop
      vertex 93.1199 -52.1737 3
      vertex 93.3787 -51.8787 10.5
      vertex 93.3787 -51.8787 3
    endloop
  endfacet
  facet normal -0.751724 0.659478 0
    outer loop
      vertex 93.3787 -51.8787 10.5
      vertex 93.1199 -52.1737 3
      vertex 93.1199 -52.1737 10.5
    endloop
  endfacet
  facet normal -0.0654873 -0.997853 0
    outer loop
      vertex 95.1084 -56.9743 3
      vertex 95.5 -57 10.5
      vertex 95.1084 -56.9743 10.5
    endloop
  endfacet
  facet normal -0.0654873 -0.997853 -0
    outer loop
      vertex 95.5 -57 10.5
      vertex 95.1084 -56.9743 3
      vertex 95.5 -57 3
    endloop
  endfacet
  facet normal 0.751724 -0.659478 0
    outer loop
      vertex 97.6213 -56.1213 10.5
      vertex 97.8801 -55.8263 3
      vertex 97.8801 -55.8263 10.5
    endloop
  endfacet
  facet normal 0.751724 -0.659478 0
    outer loop
      vertex 97.8801 -55.8263 3
      vertex 97.6213 -56.1213 10.5
      vertex 97.6213 -56.1213 3
    endloop
  endfacet
  facet normal 0.831501 0.555523 0
    outer loop
      vertex 98.0981 -52.5 10.5
      vertex 97.8801 -52.1737 3
      vertex 97.8801 -52.1737 10.5
    endloop
  endfacet
  facet normal 0.831501 0.555523 0
    outer loop
      vertex 97.8801 -52.1737 3
      vertex 98.0981 -52.5 10.5
      vertex 98.0981 -52.5 3
    endloop
  endfacet
  facet normal 0.44211 0.896961 -0
    outer loop
      vertex 97 -51.4019 3
      vertex 96.648 -51.2284 10.5
      vertex 97 -51.4019 10.5
    endloop
  endfacet
  facet normal 0.44211 0.896961 0
    outer loop
      vertex 96.648 -51.2284 10.5
      vertex 97 -51.4019 3
      vertex 96.648 -51.2284 3
    endloop
  endfacet
  facet normal -0.997853 0.0654873 0
    outer loop
      vertex 92.5 -54 3
      vertex 92.5257 -53.6084 10.5
      vertex 92.5257 -53.6084 3
    endloop
  endfacet
  facet normal -0.997853 0.0654873 0
    outer loop
      vertex 92.5257 -53.6084 10.5
      vertex 92.5 -54 3
      vertex 92.5 -54 10.5
    endloop
  endfacet
  facet normal 0.19494 -0.980815 0
    outer loop
      vertex 95.8916 -56.9743 3
      vertex 96.2765 -56.8978 10.5
      vertex 95.8916 -56.9743 10.5
    endloop
  endfacet
  facet normal 0.19494 -0.980815 0
    outer loop
      vertex 96.2765 -56.8978 10.5
      vertex 95.8916 -56.9743 3
      vertex 96.2765 -56.8978 3
    endloop
  endfacet
  facet normal 0.555523 0.831501 -0
    outer loop
      vertex 97.3263 -51.6199 3
      vertex 97 -51.4019 10.5
      vertex 97.3263 -51.6199 10.5
    endloop
  endfacet
  facet normal 0.555523 0.831501 0
    outer loop
      vertex 97 -51.4019 10.5
      vertex 97.3263 -51.6199 3
      vertex 97 -51.4019 3
    endloop
  endfacet
  facet normal 0.980815 -0.19494 0
    outer loop
      vertex 98.3978 -54.7765 10.5
      vertex 98.4743 -54.3916 3
      vertex 98.4743 -54.3916 10.5
    endloop
  endfacet
  facet normal 0.980815 -0.19494 0
    outer loop
      vertex 98.4743 -54.3916 3
      vertex 98.3978 -54.7765 10.5
      vertex 98.3978 -54.7765 3
    endloop
  endfacet
  facet normal 0.0654873 0.997853 -0
    outer loop
      vertex 95.8916 -51.0257 3
      vertex 95.5 -51 10.5
      vertex 95.8916 -51.0257 10.5
    endloop
  endfacet
  facet normal 0.0654873 0.997853 0
    outer loop
      vertex 95.5 -51 10.5
      vertex 95.8916 -51.0257 3
      vertex 95.5 -51 3
    endloop
  endfacet
  facet normal -0.659478 0.751724 0
    outer loop
      vertex 93.6737 -51.6199 3
      vertex 93.3787 -51.8787 10.5
      vertex 93.6737 -51.6199 10.5
    endloop
  endfacet
  facet normal -0.659478 0.751724 0
    outer loop
      vertex 93.3787 -51.8787 10.5
      vertex 93.6737 -51.6199 3
      vertex 93.3787 -51.8787 3
    endloop
  endfacet
  facet normal -0.831501 -0.555523 0
    outer loop
      vertex 93.1199 -55.8263 3
      vertex 92.9019 -55.5 10.5
      vertex 92.9019 -55.5 3
    endloop
  endfacet
  facet normal -0.831501 -0.555523 0
    outer loop
      vertex 92.9019 -55.5 10.5
      vertex 93.1199 -55.8263 3
      vertex 93.1199 -55.8263 10.5
    endloop
  endfacet
  facet normal -0.19494 0.980815 0
    outer loop
      vertex 95.1084 -51.0257 3
      vertex 94.7235 -51.1022 10.5
      vertex 95.1084 -51.0257 10.5
    endloop
  endfacet
  facet normal -0.19494 0.980815 0
    outer loop
      vertex 94.7235 -51.1022 10.5
      vertex 95.1084 -51.0257 3
      vertex 94.7235 -51.1022 3
    endloop
  endfacet
  facet normal 0.0654873 -0.997853 0
    outer loop
      vertex 95.5 -57 3
      vertex 95.8916 -56.9743 10.5
      vertex 95.5 -57 10.5
    endloop
  endfacet
  facet normal 0.0654873 -0.997853 0
    outer loop
      vertex 95.8916 -56.9743 10.5
      vertex 95.5 -57 3
      vertex 95.8916 -56.9743 3
    endloop
  endfacet
  facet normal -0.980815 -0.19494 0
    outer loop
      vertex 92.6022 -54.7765 3
      vertex 92.5257 -54.3916 10.5
      vertex 92.5257 -54.3916 3
    endloop
  endfacet
  facet normal -0.980815 -0.19494 0
    outer loop
      vertex 92.5257 -54.3916 10.5
      vertex 92.6022 -54.7765 3
      vertex 92.6022 -54.7765 10.5
    endloop
  endfacet
  facet normal 0.555523 -0.831501 0
    outer loop
      vertex 97 -56.5981 3
      vertex 97.3263 -56.3801 10.5
      vertex 97 -56.5981 10.5
    endloop
  endfacet
  facet normal 0.555523 -0.831501 0
    outer loop
      vertex 97.3263 -56.3801 10.5
      vertex 97 -56.5981 3
      vertex 97.3263 -56.3801 3
    endloop
  endfacet
  facet normal 0.831501 -0.555523 0
    outer loop
      vertex 97.8801 -55.8263 10.5
      vertex 98.0981 -55.5 3
      vertex 98.0981 -55.5 10.5
    endloop
  endfacet
  facet normal 0.831501 -0.555523 0
    outer loop
      vertex 98.0981 -55.5 3
      vertex 97.8801 -55.8263 10.5
      vertex 97.8801 -55.8263 3
    endloop
  endfacet
  facet normal 0.19494 0.980815 -0
    outer loop
      vertex 96.2765 -51.1022 3
      vertex 95.8916 -51.0257 10.5
      vertex 96.2765 -51.1022 10.5
    endloop
  endfacet
  facet normal 0.19494 0.980815 0
    outer loop
      vertex 95.8916 -51.0257 10.5
      vertex 96.2765 -51.1022 3
      vertex 95.8916 -51.0257 3
    endloop
  endfacet
  facet normal -0.896961 0.44211 0
    outer loop
      vertex 92.7284 -52.852 3
      vertex 92.9019 -52.5 10.5
      vertex 92.9019 -52.5 3
    endloop
  endfacet
  facet normal -0.896961 0.44211 0
    outer loop
      vertex 92.9019 -52.5 10.5
      vertex 92.7284 -52.852 3
      vertex 92.7284 -52.852 10.5
    endloop
  endfacet
  facet normal -0.555523 0.831501 0
    outer loop
      vertex 94 -51.4019 3
      vertex 93.6737 -51.6199 10.5
      vertex 94 -51.4019 10.5
    endloop
  endfacet
  facet normal -0.555523 0.831501 0
    outer loop
      vertex 93.6737 -51.6199 10.5
      vertex 94 -51.4019 3
      vertex 93.6737 -51.6199 3
    endloop
  endfacet
  facet normal 0.751724 0.659478 0
    outer loop
      vertex 97.8801 -52.1737 10.5
      vertex 97.6213 -51.8787 3
      vertex 97.6213 -51.8787 10.5
    endloop
  endfacet
  facet normal 0.751724 0.659478 0
    outer loop
      vertex 97.6213 -51.8787 3
      vertex 97.8801 -52.1737 10.5
      vertex 97.8801 -52.1737 3
    endloop
  endfacet
  facet normal 0.946858 0.321651 0
    outer loop
      vertex 98.3978 -53.2235 10.5
      vertex 98.2716 -52.852 3
      vertex 98.2716 -52.852 10.5
    endloop
  endfacet
  facet normal 0.946858 0.321651 0
    outer loop
      vertex 98.2716 -52.852 3
      vertex 98.3978 -53.2235 10.5
      vertex 98.3978 -53.2235 3
    endloop
  endfacet
  facet normal -0.44211 0.896961 0
    outer loop
      vertex 94.352 -51.2284 3
      vertex 94 -51.4019 10.5
      vertex 94.352 -51.2284 10.5
    endloop
  endfacet
  facet normal -0.44211 0.896961 0
    outer loop
      vertex 94 -51.4019 10.5
      vertex 94.352 -51.2284 3
      vertex 94 -51.4019 3
    endloop
  endfacet
  facet normal -0.44211 -0.896961 0
    outer loop
      vertex 94 -56.5981 3
      vertex 94.352 -56.7716 10.5
      vertex 94 -56.5981 10.5
    endloop
  endfacet
  facet normal -0.44211 -0.896961 -0
    outer loop
      vertex 94.352 -56.7716 10.5
      vertex 94 -56.5981 3
      vertex 94.352 -56.7716 3
    endloop
  endfacet
  facet normal -0.321651 0.946858 0
    outer loop
      vertex 94.7235 -51.1022 3
      vertex 94.352 -51.2284 10.5
      vertex 94.7235 -51.1022 10.5
    endloop
  endfacet
  facet normal -0.321651 0.946858 0
    outer loop
      vertex 94.352 -51.2284 10.5
      vertex 94.7235 -51.1022 3
      vertex 94.352 -51.2284 3
    endloop
  endfacet
  facet normal -0.831501 0.555523 0
    outer loop
      vertex 92.9019 -52.5 3
      vertex 93.1199 -52.1737 10.5
      vertex 93.1199 -52.1737 3
    endloop
  endfacet
  facet normal -0.831501 0.555523 0
    outer loop
      vertex 93.1199 -52.1737 10.5
      vertex 92.9019 -52.5 3
      vertex 92.9019 -52.5 10.5
    endloop
  endfacet
  facet normal -0.0654873 0.997853 0
    outer loop
      vertex 95.5 -51 3
      vertex 95.1084 -51.0257 10.5
      vertex 95.5 -51 10.5
    endloop
  endfacet
  facet normal -0.0654873 0.997853 0
    outer loop
      vertex 95.1084 -51.0257 10.5
      vertex 95.5 -51 3
      vertex 95.1084 -51.0257 3
    endloop
  endfacet
  facet normal -0.19494 -0.980815 0
    outer loop
      vertex 94.7235 -56.8978 3
      vertex 95.1084 -56.9743 10.5
      vertex 94.7235 -56.8978 10.5
    endloop
  endfacet
  facet normal -0.19494 -0.980815 -0
    outer loop
      vertex 95.1084 -56.9743 10.5
      vertex 94.7235 -56.8978 3
      vertex 95.1084 -56.9743 3
    endloop
  endfacet
  facet normal 0 0 1
    outer loop
      vertex 96.75 -54 10.5
      vertex 98.5 -54 10.5
      vertex 98.4743 -53.6084 10.5
    endloop
  endfacet
  facet normal 0 0 1
    outer loop
      vertex 96.6888 -53.6137 10.5
      vertex 98.4743 -53.6084 10.5
      vertex 98.3978 -53.2235 10.5
    endloop
  endfacet
  facet normal 0 0 1
    outer loop
      vertex 98.5 -54 10.5
      vertex 96.75 -54 10.5
      vertex 98.4743 -54.3916 10.5
    endloop
  endfacet
  facet normal 0 0 1
    outer loop
      vertex 96.6888 -53.6137 10.5
      vertex 98.3978 -53.2235 10.5
      vertex 98.2716 -52.852 10.5
    endloop
  endfacet
  facet normal -0 0 1
    outer loop
      vertex 96.6888 -54.3863 10.5
      vertex 98.4743 -54.3916 10.5
      vertex 96.75 -54 10.5
    endloop
  endfacet
  facet normal 0 0 1
    outer loop
      vertex 96.6888 -53.6137 10.5
      vertex 98.2716 -52.852 10.5
      vertex 98.0981 -52.5 10.5
    endloop
  endfacet
  facet normal 0 0 1
    outer loop
      vertex 98.4743 -54.3916 10.5
      vertex 96.6888 -54.3863 10.5
      vertex 98.3978 -54.7765 10.5
    endloop
  endfacet
  facet normal 0 0 1
    outer loop
      vertex 96.5113 -53.2653 10.5
      vertex 98.0981 -52.5 10.5
      vertex 97.8801 -52.1737 10.5
    endloop
  endfacet
  facet normal 0 0 1
    outer loop
      vertex 98.3978 -54.7765 10.5
      vertex 96.6888 -54.3863 10.5
      vertex 98.2716 -55.148 10.5
    endloop
  endfacet
  facet normal 0 0 1
    outer loop
      vertex 96.5113 -53.2653 10.5
      vertex 97.8801 -52.1737 10.5
      vertex 97.6213 -51.8787 10.5
    endloop
  endfacet
  facet normal 0 0 1
    outer loop
      vertex 98.2716 -55.148 10.5
      vertex 96.6888 -54.3863 10.5
      vertex 98.0981 -55.5 10.5
    endloop
  endfacet
  facet normal 0 0 1
    outer loop
      vertex 96.2347 -52.9887 10.5
      vertex 97.6213 -51.8787 10.5
      vertex 97.3263 -51.6199 10.5
    endloop
  endfacet
  facet normal -0 0 1
    outer loop
      vertex 96.5113 -54.7347 10.5
      vertex 98.0981 -55.5 10.5
      vertex 96.6888 -54.3863 10.5
    endloop
  endfacet
  facet normal 0 0 1
    outer loop
      vertex 96.2347 -52.9887 10.5
      vertex 97.3263 -51.6199 10.5
      vertex 97 -51.4019 10.5
    endloop
  endfacet
  facet normal 0 0 1
    outer loop
      vertex 98.0981 -55.5 10.5
      vertex 96.5113 -54.7347 10.5
      vertex 97.8801 -55.8263 10.5
    endloop
  endfacet
  facet normal 0 0 1
    outer loop
      vertex 97.8801 -55.8263 10.5
      vertex 96.5113 -54.7347 10.5
      vertex 97.6213 -56.1213 10.5
    endloop
  endfacet
  facet normal 0 0 1
    outer loop
      vertex 98.4743 -53.6084 10.5
      vertex 96.6888 -53.6137 10.5
      vertex 96.75 -54 10.5
    endloop
  endfacet
  facet normal 0 0 1
    outer loop
      vertex 95.8863 -52.8112 10.5
      vertex 97 -51.4019 10.5
      vertex 96.648 -51.2284 10.5
    endloop
  endfacet
  facet normal 0 0 1
    outer loop
      vertex 98.0981 -52.5 10.5
      vertex 96.5113 -53.2653 10.5
      vertex 96.6888 -53.6137 10.5
    endloop
  endfacet
  facet normal 0 0 1
    outer loop
      vertex 95.8863 -52.8112 10.5
      vertex 96.648 -51.2284 10.5
      vertex 96.2765 -51.1022 10.5
    endloop
  endfacet
  facet normal 0 0 1
    outer loop
      vertex 97.6213 -51.8787 10.5
      vertex 96.2347 -52.9887 10.5
      vertex 96.5113 -53.2653 10.5
    endloop
  endfacet
  facet normal 0 0 1
    outer loop
      vertex 95.8863 -52.8112 10.5
      vertex 96.2765 -51.1022 10.5
      vertex 95.8916 -51.0257 10.5
    endloop
  endfacet
  facet normal 0 0 1
    outer loop
      vertex 97 -51.4019 10.5
      vertex 95.8863 -52.8112 10.5
      vertex 96.2347 -52.9887 10.5
    endloop
  endfacet
  facet normal 0 0 1
    outer loop
      vertex 95.5 -52.75 10.5
      vertex 95.8916 -51.0257 10.5
      vertex 95.5 -51 10.5
    endloop
  endfacet
  facet normal 0 0 1
    outer loop
      vertex 95.8916 -51.0257 10.5
      vertex 95.5 -52.75 10.5
      vertex 95.8863 -52.8112 10.5
    endloop
  endfacet
  facet normal -0 0 1
    outer loop
      vertex 95.1084 -51.0257 10.5
      vertex 95.5 -52.75 10.5
      vertex 95.5 -51 10.5
    endloop
  endfacet
  facet normal 0 0 1
    outer loop
      vertex 95.5 -52.75 10.5
      vertex 95.1084 -51.0257 10.5
      vertex 95.1137 -52.8112 10.5
    endloop
  endfacet
  facet normal -0 0 1
    outer loop
      vertex 94.7235 -51.1022 10.5
      vertex 95.1137 -52.8112 10.5
      vertex 95.1084 -51.0257 10.5
    endloop
  endfacet
  facet normal -0 0 1
    outer loop
      vertex 94.352 -51.2284 10.5
      vertex 95.1137 -52.8112 10.5
      vertex 94.7235 -51.1022 10.5
    endloop
  endfacet
  facet normal -0 0 1
    outer loop
      vertex 94 -51.4019 10.5
      vertex 95.1137 -52.8112 10.5
      vertex 94.352 -51.2284 10.5
    endloop
  endfacet
  facet normal 0 0 1
    outer loop
      vertex 95.1137 -52.8112 10.5
      vertex 94 -51.4019 10.5
      vertex 94.7653 -52.9887 10.5
    endloop
  endfacet
  facet normal -0 0 1
    outer loop
      vertex 93.6737 -51.6199 10.5
      vertex 94.7653 -52.9887 10.5
      vertex 94 -51.4019 10.5
    endloop
  endfacet
  facet normal -0 0 1
    outer loop
      vertex 93.3787 -51.8787 10.5
      vertex 94.7653 -52.9887 10.5
      vertex 93.6737 -51.6199 10.5
    endloop
  endfacet
  facet normal 0 0 1
    outer loop
      vertex 94.7653 -52.9887 10.5
      vertex 93.3787 -51.8787 10.5
      vertex 94.4887 -53.2653 10.5
    endloop
  endfacet
  facet normal -0 0 1
    outer loop
      vertex 96.2347 -55.0113 10.5
      vertex 97.6213 -56.1213 10.5
      vertex 96.5113 -54.7347 10.5
    endloop
  endfacet
  facet normal 0 0 1
    outer loop
      vertex 97.6213 -56.1213 10.5
      vertex 96.2347 -55.0113 10.5
      vertex 97.3263 -56.3801 10.5
    endloop
  endfacet
  facet normal 0 0 1
    outer loop
      vertex 97.3263 -56.3801 10.5
      vertex 96.2347 -55.0113 10.5
      vertex 97 -56.5981 10.5
    endloop
  endfacet
  facet normal -0 0 1
    outer loop
      vertex 95.8863 -55.1888 10.5
      vertex 97 -56.5981 10.5
      vertex 96.2347 -55.0113 10.5
    endloop
  endfacet
  facet normal 0 0 1
    outer loop
      vertex 97 -56.5981 10.5
      vertex 95.8863 -55.1888 10.5
      vertex 96.648 -56.7716 10.5
    endloop
  endfacet
  facet normal 0 0 1
    outer loop
      vertex 96.648 -56.7716 10.5
      vertex 95.8863 -55.1888 10.5
      vertex 96.2765 -56.8978 10.5
    endloop
  endfacet
  facet normal 0 0 1
    outer loop
      vertex 96.2765 -56.8978 10.5
      vertex 95.8863 -55.1888 10.5
      vertex 95.8916 -56.9743 10.5
    endloop
  endfacet
  facet normal -0 0 1
    outer loop
      vertex 95.5 -55.25 10.5
      vertex 95.8916 -56.9743 10.5
      vertex 95.8863 -55.1888 10.5
    endloop
  endfacet
  facet normal 0 0 1
    outer loop
      vertex 95.5 -55.25 10.5
      vertex 95.5 -57 10.5
      vertex 95.8916 -56.9743 10.5
    endloop
  endfacet
  facet normal 0 0 1
    outer loop
      vertex 95.1084 -56.9743 10.5
      vertex 95.5 -55.25 10.5
      vertex 95.1137 -55.1888 10.5
    endloop
  endfacet
  facet normal 0 0 1
    outer loop
      vertex 95.5 -55.25 10.5
      vertex 95.1084 -56.9743 10.5
      vertex 95.5 -57 10.5
    endloop
  endfacet
  facet normal 0 0 1
    outer loop
      vertex 94 -56.5981 10.5
      vertex 95.1137 -55.1888 10.5
      vertex 94.7653 -55.0113 10.5
    endloop
  endfacet
  facet normal 0 0 1
    outer loop
      vertex 95.1137 -55.1888 10.5
      vertex 94.7235 -56.8978 10.5
      vertex 95.1084 -56.9743 10.5
    endloop
  endfacet
  facet normal 0 0 1
    outer loop
      vertex 93.3787 -56.1213 10.5
      vertex 94.7653 -55.0113 10.5
      vertex 94.4887 -54.7347 10.5
    endloop
  endfacet
  facet normal 0 0 1
    outer loop
      vertex 95.1137 -55.1888 10.5
      vertex 94.352 -56.7716 10.5
      vertex 94.7235 -56.8978 10.5
    endloop
  endfacet
  facet normal 0 0 1
    outer loop
      vertex 92.9019 -55.5 10.5
      vertex 94.4887 -54.7347 10.5
      vertex 94.3112 -54.3863 10.5
    endloop
  endfacet
  facet normal 0 0 1
    outer loop
      vertex 92.5257 -54.3916 10.5
      vertex 94.3112 -54.3863 10.5
      vertex 94.25 -54 10.5
    endloop
  endfacet
  facet normal -0 0 1
    outer loop
      vertex 93.1199 -52.1737 10.5
      vertex 94.4887 -53.2653 10.5
      vertex 93.3787 -51.8787 10.5
    endloop
  endfacet
  facet normal 0 0 1
    outer loop
      vertex 95.1137 -55.1888 10.5
      vertex 94 -56.5981 10.5
      vertex 94.352 -56.7716 10.5
    endloop
  endfacet
  facet normal -0 0 1
    outer loop
      vertex 92.9019 -52.5 10.5
      vertex 94.4887 -53.2653 10.5
      vertex 93.1199 -52.1737 10.5
    endloop
  endfacet
  facet normal 0 0 1
    outer loop
      vertex 94.7653 -55.0113 10.5
      vertex 93.6737 -56.3801 10.5
      vertex 94 -56.5981 10.5
    endloop
  endfacet
  facet normal 0 0 1
    outer loop
      vertex 94.4887 -53.2653 10.5
      vertex 92.9019 -52.5 10.5
      vertex 94.3112 -53.6137 10.5
    endloop
  endfacet
  facet normal 0 0 1
    outer loop
      vertex 94.7653 -55.0113 10.5
      vertex 93.3787 -56.1213 10.5
      vertex 93.6737 -56.3801 10.5
    endloop
  endfacet
  facet normal -0 0 1
    outer loop
      vertex 92.7284 -52.852 10.5
      vertex 94.3112 -53.6137 10.5
      vertex 92.9019 -52.5 10.5
    endloop
  endfacet
  facet normal 0 0 1
    outer loop
      vertex 94.4887 -54.7347 10.5
      vertex 93.1199 -55.8263 10.5
      vertex 93.3787 -56.1213 10.5
    endloop
  endfacet
  facet normal -0 0 1
    outer loop
      vertex 92.6022 -53.2235 10.5
      vertex 94.3112 -53.6137 10.5
      vertex 92.7284 -52.852 10.5
    endloop
  endfacet
  facet normal 0 0 1
    outer loop
      vertex 94.4887 -54.7347 10.5
      vertex 92.9019 -55.5 10.5
      vertex 93.1199 -55.8263 10.5
    endloop
  endfacet
  facet normal -0 0 1
    outer loop
      vertex 92.5257 -53.6084 10.5
      vertex 94.3112 -53.6137 10.5
      vertex 92.6022 -53.2235 10.5
    endloop
  endfacet
  facet normal 0 0 1
    outer loop
      vertex 94.3112 -54.3863 10.5
      vertex 92.7284 -55.148 10.5
      vertex 92.9019 -55.5 10.5
    endloop
  endfacet
  facet normal 0 0 1
    outer loop
      vertex 94.3112 -53.6137 10.5
      vertex 92.5257 -53.6084 10.5
      vertex 94.25 -54 10.5
    endloop
  endfacet
  facet normal 0 0 1
    outer loop
      vertex 94.3112 -54.3863 10.5
      vertex 92.6022 -54.7765 10.5
      vertex 92.7284 -55.148 10.5
    endloop
  endfacet
  facet normal 0 0 1
    outer loop
      vertex 92.5 -54 10.5
      vertex 94.25 -54 10.5
      vertex 92.5257 -53.6084 10.5
    endloop
  endfacet
  facet normal 0 0 1
    outer loop
      vertex 94.3112 -54.3863 10.5
      vertex 92.5257 -54.3916 10.5
      vertex 92.6022 -54.7765 10.5
    endloop
  endfacet
  facet normal 0 0 1
    outer loop
      vertex 94.25 -54 10.5
      vertex 92.5 -54 10.5
      vertex 92.5257 -54.3916 10.5
    endloop
  endfacet
  facet normal -0.659478 -0.751724 0
    outer loop
      vertex 93.3787 -56.1213 3
      vertex 93.6737 -56.3801 10.5
      vertex 93.3787 -56.1213 10.5
    endloop
  endfacet
  facet normal -0.659478 -0.751724 -0
    outer loop
      vertex 93.6737 -56.3801 10.5
      vertex 93.3787 -56.1213 3
      vertex 93.6737 -56.3801 3
    endloop
  endfacet
  facet normal 0.981058 0.193714 0
    outer loop
      vertex 112.474 -53.6084 10.5
      vertex 112.398 -53.2235 3
      vertex 112.398 -53.2235 10.5
    endloop
  endfacet
  facet normal 0.981058 0.193714 0
    outer loop
      vertex 112.398 -53.2235 3
      vertex 112.474 -53.6084 10.5
      vertex 112.474 -53.6084 3
    endloop
  endfacet
  facet normal 0.997803 0.0662484 0
    outer loop
      vertex 112.5 -54 10.5
      vertex 112.474 -53.6084 3
      vertex 112.474 -53.6084 10.5
    endloop
  endfacet
  facet normal 0.997803 0.0662484 0
    outer loop
      vertex 112.474 -53.6084 3
      vertex 112.5 -54 10.5
      vertex 112.5 -54 3
    endloop
  endfacet
  facet normal -0.896455 -0.443134 0
    outer loop
      vertex 106.902 -55.5 3
      vertex 106.728 -55.148 10.5
      vertex 106.728 -55.148 3
    endloop
  endfacet
  facet normal -0.896455 -0.443134 0
    outer loop
      vertex 106.728 -55.148 10.5
      vertex 106.902 -55.5 3
      vertex 106.902 -55.5 10.5
    endloop
  endfacet
  facet normal -0.555877 -0.831265 0
    outer loop
      vertex 107.674 -56.3801 3
      vertex 108 -56.5981 10.5
      vertex 107.674 -56.3801 10.5
    endloop
  endfacet
  facet normal -0.555877 -0.831265 -0
    outer loop
      vertex 108 -56.5981 10.5
      vertex 107.674 -56.3801 3
      vertex 108 -56.5981 3
    endloop
  endfacet
  facet normal 0.947013 -0.321194 0
    outer loop
      vertex 112.272 -55.148 10.5
      vertex 112.398 -54.7765 3
      vertex 112.398 -54.7765 10.5
    endloop
  endfacet
  facet normal 0.947013 -0.321194 0
    outer loop
      vertex 112.398 -54.7765 3
      vertex 112.272 -55.148 10.5
      vertex 112.272 -55.148 3
    endloop
  endfacet
  facet normal 0.997803 -0.0662484 0
    outer loop
      vertex 112.474 -54.3916 10.5
      vertex 112.5 -54 3
      vertex 112.5 -54 10.5
    endloop
  endfacet
  facet normal 0.997803 -0.0662484 0
    outer loop
      vertex 112.5 -54 3
      vertex 112.474 -54.3916 10.5
      vertex 112.474 -54.3916 3
    endloop
  endfacet
  facet normal 0.896455 0.443134 0
    outer loop
      vertex 112.272 -52.852 10.5
      vertex 112.098 -52.5 3
      vertex 112.098 -52.5 10.5
    endloop
  endfacet
  facet normal 0.896455 0.443134 0
    outer loop
      vertex 112.098 -52.5 3
      vertex 112.272 -52.852 10.5
      vertex 112.272 -52.852 3
    endloop
  endfacet
  facet normal -0.321264 -0.94699 0
    outer loop
      vertex 108.352 -56.7716 3
      vertex 108.724 -56.8978 10.5
      vertex 108.352 -56.7716 10.5
    endloop
  endfacet
  facet normal -0.321264 -0.94699 -0
    outer loop
      vertex 108.724 -56.8978 10.5
      vertex 108.352 -56.7716 3
      vertex 108.724 -56.8978 3
    endloop
  endfacet
  facet normal 0.659478 0.751724 -0
    outer loop
      vertex 111.621 -51.8787 3
      vertex 111.326 -51.6199 10.5
      vertex 111.621 -51.8787 10.5
    endloop
  endfacet
  facet normal 0.659478 0.751724 0
    outer loop
      vertex 111.326 -51.6199 10.5
      vertex 111.621 -51.8787 3
      vertex 111.326 -51.6199 3
    endloop
  endfacet
  facet normal 0.321264 0.94699 -0
    outer loop
      vertex 110.648 -51.2284 3
      vertex 110.276 -51.1022 10.5
      vertex 110.648 -51.2284 10.5
    endloop
  endfacet
  facet normal 0.321264 0.94699 0
    outer loop
      vertex 110.276 -51.1022 10.5
      vertex 110.648 -51.2284 3
      vertex 110.276 -51.1022 3
    endloop
  endfacet
  facet normal -0.321264 0.94699 0
    outer loop
      vertex 108.724 -51.1022 3
      vertex 108.352 -51.2284 10.5
      vertex 108.724 -51.1022 10.5
    endloop
  endfacet
  facet normal -0.321264 0.94699 0
    outer loop
      vertex 108.352 -51.2284 10.5
      vertex 108.724 -51.1022 3
      vertex 108.352 -51.2284 3
    endloop
  endfacet
  facet normal 0.896455 -0.443134 0
    outer loop
      vertex 112.098 -55.5 10.5
      vertex 112.272 -55.148 3
      vertex 112.272 -55.148 10.5
    endloop
  endfacet
  facet normal 0.896455 -0.443134 0
    outer loop
      vertex 112.272 -55.148 3
      vertex 112.098 -55.5 10.5
      vertex 112.098 -55.5 3
    endloop
  endfacet
  facet normal -0.947013 -0.321194 0
    outer loop
      vertex 106.728 -55.148 3
      vertex 106.602 -54.7765 10.5
      vertex 106.602 -54.7765 3
    endloop
  endfacet
  facet normal -0.947013 -0.321194 0
    outer loop
      vertex 106.602 -54.7765 10.5
      vertex 106.728 -55.148 3
      vertex 106.728 -55.148 10.5
    endloop
  endfacet
  facet normal -0.947013 0.321194 0
    outer loop
      vertex 106.602 -53.2235 3
      vertex 106.728 -52.852 10.5
      vertex 106.728 -52.852 3
    endloop
  endfacet
  facet normal -0.947013 0.321194 0
    outer loop
      vertex 106.728 -52.852 10.5
      vertex 106.602 -53.2235 3
      vertex 106.602 -53.2235 10.5
    endloop
  endfacet
  facet normal 0.44211 -0.896961 0
    outer loop
      vertex 110.648 -56.7716 3
      vertex 111 -56.5981 10.5
      vertex 110.648 -56.7716 10.5
    endloop
  endfacet
  facet normal 0.44211 -0.896961 0
    outer loop
      vertex 111 -56.5981 10.5
      vertex 110.648 -56.7716 3
      vertex 111 -56.5981 3
    endloop
  endfacet
  facet normal -0.997803 -0.0662484 0
    outer loop
      vertex 106.526 -54.3916 3
      vertex 106.5 -54 10.5
      vertex 106.5 -54 3
    endloop
  endfacet
  facet normal -0.997803 -0.0662484 0
    outer loop
      vertex 106.5 -54 10.5
      vertex 106.526 -54.3916 3
      vertex 106.526 -54.3916 10.5
    endloop
  endfacet
  facet normal 0.321264 -0.94699 0
    outer loop
      vertex 110.276 -56.8978 3
      vertex 110.648 -56.7716 10.5
      vertex 110.276 -56.8978 10.5
    endloop
  endfacet
  facet normal 0.321264 -0.94699 0
    outer loop
      vertex 110.648 -56.7716 10.5
      vertex 110.276 -56.8978 3
      vertex 110.648 -56.7716 3
    endloop
  endfacet
  facet normal -0.981058 0.193714 0
    outer loop
      vertex 106.526 -53.6084 3
      vertex 106.602 -53.2235 10.5
      vertex 106.602 -53.2235 3
    endloop
  endfacet
  facet normal -0.981058 0.193714 0
    outer loop
      vertex 106.602 -53.2235 10.5
      vertex 106.526 -53.6084 3
      vertex 106.526 -53.6084 10.5
    endloop
  endfacet
  facet normal -0.751471 -0.659766 0
    outer loop
      vertex 107.379 -56.1213 3
      vertex 107.12 -55.8263 10.5
      vertex 107.12 -55.8263 3
    endloop
  endfacet
  facet normal -0.751471 -0.659766 0
    outer loop
      vertex 107.12 -55.8263 10.5
      vertex 107.379 -56.1213 3
      vertex 107.379 -56.1213 10.5
    endloop
  endfacet
  facet normal -0.751471 0.659766 0
    outer loop
      vertex 107.12 -52.1737 3
      vertex 107.379 -51.8787 10.5
      vertex 107.379 -51.8787 3
    endloop
  endfacet
  facet normal -0.751471 0.659766 0
    outer loop
      vertex 107.379 -51.8787 10.5
      vertex 107.12 -52.1737 3
      vertex 107.12 -52.1737 10.5
    endloop
  endfacet
  facet normal -0.0654208 -0.997858 0
    outer loop
      vertex 109.108 -56.9743 3
      vertex 109.5 -57 10.5
      vertex 109.108 -56.9743 10.5
    endloop
  endfacet
  facet normal -0.0654208 -0.997858 -0
    outer loop
      vertex 109.5 -57 10.5
      vertex 109.108 -56.9743 3
      vertex 109.5 -57 3
    endloop
  endfacet
  facet normal 0.751471 -0.659766 0
    outer loop
      vertex 111.621 -56.1213 10.5
      vertex 111.88 -55.8263 3
      vertex 111.88 -55.8263 10.5
    endloop
  endfacet
  facet normal 0.751471 -0.659766 0
    outer loop
      vertex 111.88 -55.8263 3
      vertex 111.621 -56.1213 10.5
      vertex 111.621 -56.1213 3
    endloop
  endfacet
  facet normal 0.831501 0.555523 0
    outer loop
      vertex 112.098 -52.5 10.5
      vertex 111.88 -52.1737 3
      vertex 111.88 -52.1737 10.5
    endloop
  endfacet
  facet normal 0.831501 0.555523 0
    outer loop
      vertex 111.88 -52.1737 3
      vertex 112.098 -52.5 10.5
      vertex 112.098 -52.5 3
    endloop
  endfacet
  facet normal 0.44211 0.896961 -0
    outer loop
      vertex 111 -51.4019 3
      vertex 110.648 -51.2284 10.5
      vertex 111 -51.4019 10.5
    endloop
  endfacet
  facet normal 0.44211 0.896961 0
    outer loop
      vertex 110.648 -51.2284 10.5
      vertex 111 -51.4019 3
      vertex 110.648 -51.2284 3
    endloop
  endfacet
  facet normal -0.997803 0.0662484 0
    outer loop
      vertex 106.5 -54 3
      vertex 106.526 -53.6084 10.5
      vertex 106.526 -53.6084 3
    endloop
  endfacet
  facet normal -0.997803 0.0662484 0
    outer loop
      vertex 106.526 -53.6084 10.5
      vertex 106.5 -54 3
      vertex 106.5 -54 10.5
    endloop
  endfacet
  facet normal 0.195379 -0.980728 0
    outer loop
      vertex 109.892 -56.9743 3
      vertex 110.276 -56.8978 10.5
      vertex 109.892 -56.9743 10.5
    endloop
  endfacet
  facet normal 0.195379 -0.980728 0
    outer loop
      vertex 110.276 -56.8978 10.5
      vertex 109.892 -56.9743 3
      vertex 110.276 -56.8978 3
    endloop
  endfacet
  facet normal 0.555877 0.831265 -0
    outer loop
      vertex 111.326 -51.6199 3
      vertex 111 -51.4019 10.5
      vertex 111.326 -51.6199 10.5
    endloop
  endfacet
  facet normal 0.555877 0.831265 0
    outer loop
      vertex 111 -51.4019 10.5
      vertex 111.326 -51.6199 3
      vertex 111 -51.4019 3
    endloop
  endfacet
  facet normal 0.981058 -0.193714 0
    outer loop
      vertex 112.398 -54.7765 10.5
      vertex 112.474 -54.3916 3
      vertex 112.474 -54.3916 10.5
    endloop
  endfacet
  facet normal 0.981058 -0.193714 0
    outer loop
      vertex 112.474 -54.3916 3
      vertex 112.398 -54.7765 10.5
      vertex 112.398 -54.7765 3
    endloop
  endfacet
  facet normal 0.0654208 0.997858 -0
    outer loop
      vertex 109.892 -51.0257 3
      vertex 109.5 -51 10.5
      vertex 109.892 -51.0257 10.5
    endloop
  endfacet
  facet normal 0.0654208 0.997858 0
    outer loop
      vertex 109.5 -51 10.5
      vertex 109.892 -51.0257 3
      vertex 109.5 -51 3
    endloop
  endfacet
  facet normal -0.659478 0.751724 0
    outer loop
      vertex 107.674 -51.6199 3
      vertex 107.379 -51.8787 10.5
      vertex 107.674 -51.6199 10.5
    endloop
  endfacet
  facet normal -0.659478 0.751724 0
    outer loop
      vertex 107.379 -51.8787 10.5
      vertex 107.674 -51.6199 3
      vertex 107.379 -51.8787 3
    endloop
  endfacet
  facet normal -0.831501 -0.555523 0
    outer loop
      vertex 107.12 -55.8263 3
      vertex 106.902 -55.5 10.5
      vertex 106.902 -55.5 3
    endloop
  endfacet
  facet normal -0.831501 -0.555523 0
    outer loop
      vertex 106.902 -55.5 10.5
      vertex 107.12 -55.8263 3
      vertex 107.12 -55.8263 10.5
    endloop
  endfacet
  facet normal -0.195379 0.980728 0
    outer loop
      vertex 109.108 -51.0257 3
      vertex 108.724 -51.1022 10.5
      vertex 109.108 -51.0257 10.5
    endloop
  endfacet
  facet normal -0.195379 0.980728 0
    outer loop
      vertex 108.724 -51.1022 10.5
      vertex 109.108 -51.0257 3
      vertex 108.724 -51.1022 3
    endloop
  endfacet
  facet normal 0.0654208 -0.997858 0
    outer loop
      vertex 109.5 -57 3
      vertex 109.892 -56.9743 10.5
      vertex 109.5 -57 10.5
    endloop
  endfacet
  facet normal 0.0654208 -0.997858 0
    outer loop
      vertex 109.892 -56.9743 10.5
      vertex 109.5 -57 3
      vertex 109.892 -56.9743 3
    endloop
  endfacet
  facet normal -0.981058 -0.193714 0
    outer loop
      vertex 106.602 -54.7765 3
      vertex 106.526 -54.3916 10.5
      vertex 106.526 -54.3916 3
    endloop
  endfacet
  facet normal -0.981058 -0.193714 0
    outer loop
      vertex 106.526 -54.3916 10.5
      vertex 106.602 -54.7765 3
      vertex 106.602 -54.7765 10.5
    endloop
  endfacet
  facet normal 0.555877 -0.831265 0
    outer loop
      vertex 111 -56.5981 3
      vertex 111.326 -56.3801 10.5
      vertex 111 -56.5981 10.5
    endloop
  endfacet
  facet normal 0.555877 -0.831265 0
    outer loop
      vertex 111.326 -56.3801 10.5
      vertex 111 -56.5981 3
      vertex 111.326 -56.3801 3
    endloop
  endfacet
  facet normal 0.659478 -0.751724 0
    outer loop
      vertex 111.326 -56.3801 3
      vertex 111.621 -56.1213 10.5
      vertex 111.326 -56.3801 10.5
    endloop
  endfacet
  facet normal 0.659478 -0.751724 0
    outer loop
      vertex 111.621 -56.1213 10.5
      vertex 111.326 -56.3801 3
      vertex 111.621 -56.1213 3
    endloop
  endfacet
  facet normal 0.831501 -0.555523 0
    outer loop
      vertex 111.88 -55.8263 10.5
      vertex 112.098 -55.5 3
      vertex 112.098 -55.5 10.5
    endloop
  endfacet
  facet normal 0.831501 -0.555523 0
    outer loop
      vertex 112.098 -55.5 3
      vertex 111.88 -55.8263 10.5
      vertex 111.88 -55.8263 3
    endloop
  endfacet
  facet normal 0.195379 0.980728 -0
    outer loop
      vertex 110.276 -51.1022 3
      vertex 109.892 -51.0257 10.5
      vertex 110.276 -51.1022 10.5
    endloop
  endfacet
  facet normal 0.195379 0.980728 0
    outer loop
      vertex 109.892 -51.0257 10.5
      vertex 110.276 -51.1022 3
      vertex 109.892 -51.0257 3
    endloop
  endfacet
  facet normal -0.896455 0.443134 0
    outer loop
      vertex 106.728 -52.852 3
      vertex 106.902 -52.5 10.5
      vertex 106.902 -52.5 3
    endloop
  endfacet
  facet normal -0.896455 0.443134 0
    outer loop
      vertex 106.902 -52.5 10.5
      vertex 106.728 -52.852 3
      vertex 106.728 -52.852 10.5
    endloop
  endfacet
  facet normal -0.555877 0.831265 0
    outer loop
      vertex 108 -51.4019 3
      vertex 107.674 -51.6199 10.5
      vertex 108 -51.4019 10.5
    endloop
  endfacet
  facet normal -0.555877 0.831265 0
    outer loop
      vertex 107.674 -51.6199 10.5
      vertex 108 -51.4019 3
      vertex 107.674 -51.6199 3
    endloop
  endfacet
  facet normal 0.751471 0.659766 0
    outer loop
      vertex 111.88 -52.1737 10.5
      vertex 111.621 -51.8787 3
      vertex 111.621 -51.8787 10.5
    endloop
  endfacet
  facet normal 0.751471 0.659766 0
    outer loop
      vertex 111.621 -51.8787 3
      vertex 111.88 -52.1737 10.5
      vertex 111.88 -52.1737 3
    endloop
  endfacet
  facet normal 0.947013 0.321194 0
    outer loop
      vertex 112.398 -53.2235 10.5
      vertex 112.272 -52.852 3
      vertex 112.272 -52.852 10.5
    endloop
  endfacet
  facet normal 0.947013 0.321194 0
    outer loop
      vertex 112.272 -52.852 3
      vertex 112.398 -53.2235 10.5
      vertex 112.398 -53.2235 3
    endloop
  endfacet
  facet normal -0.44211 0.896961 0
    outer loop
      vertex 108.352 -51.2284 3
      vertex 108 -51.4019 10.5
      vertex 108.352 -51.2284 10.5
    endloop
  endfacet
  facet normal -0.44211 0.896961 0
    outer loop
      vertex 108 -51.4019 10.5
      vertex 108.352 -51.2284 3
      vertex 108 -51.4019 3
    endloop
  endfacet
  facet normal -0.44211 -0.896961 0
    outer loop
      vertex 108 -56.5981 3
      vertex 108.352 -56.7716 10.5
      vertex 108 -56.5981 10.5
    endloop
  endfacet
  facet normal -0.44211 -0.896961 -0
    outer loop
      vertex 108.352 -56.7716 10.5
      vertex 108 -56.5981 3
      vertex 108.352 -56.7716 3
    endloop
  endfacet
  facet normal -0.831501 0.555523 0
    outer loop
      vertex 106.902 -52.5 3
      vertex 107.12 -52.1737 10.5
      vertex 107.12 -52.1737 3
    endloop
  endfacet
  facet normal -0.831501 0.555523 0
    outer loop
      vertex 107.12 -52.1737 10.5
      vertex 106.902 -52.5 3
      vertex 106.902 -52.5 10.5
    endloop
  endfacet
  facet normal -0.0654208 0.997858 0
    outer loop
      vertex 109.5 -51 3
      vertex 109.108 -51.0257 10.5
      vertex 109.5 -51 10.5
    endloop
  endfacet
  facet normal -0.0654208 0.997858 0
    outer loop
      vertex 109.108 -51.0257 10.5
      vertex 109.5 -51 3
      vertex 109.108 -51.0257 3
    endloop
  endfacet
  facet normal -0.195379 -0.980728 0
    outer loop
      vertex 108.724 -56.8978 3
      vertex 109.108 -56.9743 10.5
      vertex 108.724 -56.8978 10.5
    endloop
  endfacet
  facet normal -0.195379 -0.980728 -0
    outer loop
      vertex 109.108 -56.9743 10.5
      vertex 108.724 -56.8978 3
      vertex 109.108 -56.9743 3
    endloop
  endfacet
  facet normal 0 0 1
    outer loop
      vertex 110.75 -54 10.5
      vertex 112.5 -54 10.5
      vertex 112.474 -53.6084 10.5
    endloop
  endfacet
  facet normal 0 0 1
    outer loop
      vertex 110.689 -53.6137 10.5
      vertex 112.474 -53.6084 10.5
      vertex 112.398 -53.2235 10.5
    endloop
  endfacet
  facet normal 0 0 1
    outer loop
      vertex 112.5 -54 10.5
      vertex 110.75 -54 10.5
      vertex 112.474 -54.3916 10.5
    endloop
  endfacet
  facet normal 0 0 1
    outer loop
      vertex 110.689 -53.6137 10.5
      vertex 112.398 -53.2235 10.5
      vertex 112.272 -52.852 10.5
    endloop
  endfacet
  facet normal -0 0 1
    outer loop
      vertex 110.689 -54.3863 10.5
      vertex 112.474 -54.3916 10.5
      vertex 110.75 -54 10.5
    endloop
  endfacet
  facet normal 0 0 1
    outer loop
      vertex 110.689 -53.6137 10.5
      vertex 112.272 -52.852 10.5
      vertex 112.098 -52.5 10.5
    endloop
  endfacet
  facet normal 0 0 1
    outer loop
      vertex 112.474 -54.3916 10.5
      vertex 110.689 -54.3863 10.5
      vertex 112.398 -54.7765 10.5
    endloop
  endfacet
  facet normal 0 0 1
    outer loop
      vertex 110.511 -53.2653 10.5
      vertex 112.098 -52.5 10.5
      vertex 111.88 -52.1737 10.5
    endloop
  endfacet
  facet normal 0 0 1
    outer loop
      vertex 112.398 -54.7765 10.5
      vertex 110.689 -54.3863 10.5
      vertex 112.272 -55.148 10.5
    endloop
  endfacet
  facet normal 0 0 1
    outer loop
      vertex 110.511 -53.2653 10.5
      vertex 111.88 -52.1737 10.5
      vertex 111.621 -51.8787 10.5
    endloop
  endfacet
  facet normal 0 0 1
    outer loop
      vertex 112.272 -55.148 10.5
      vertex 110.689 -54.3863 10.5
      vertex 112.098 -55.5 10.5
    endloop
  endfacet
  facet normal 0 0 1
    outer loop
      vertex 110.235 -52.9887 10.5
      vertex 111.621 -51.8787 10.5
      vertex 111.326 -51.6199 10.5
    endloop
  endfacet
  facet normal -0 0 1
    outer loop
      vertex 110.511 -54.7347 10.5
      vertex 112.098 -55.5 10.5
      vertex 110.689 -54.3863 10.5
    endloop
  endfacet
  facet normal 0 0 1
    outer loop
      vertex 110.235 -52.9887 10.5
      vertex 111.326 -51.6199 10.5
      vertex 111 -51.4019 10.5
    endloop
  endfacet
  facet normal 0 0 1
    outer loop
      vertex 112.098 -55.5 10.5
      vertex 110.511 -54.7347 10.5
      vertex 111.88 -55.8263 10.5
    endloop
  endfacet
  facet normal 0 0 1
    outer loop
      vertex 111.88 -55.8263 10.5
      vertex 110.511 -54.7347 10.5
      vertex 111.621 -56.1213 10.5
    endloop
  endfacet
  facet normal 0 0 1
    outer loop
      vertex 112.474 -53.6084 10.5
      vertex 110.689 -53.6137 10.5
      vertex 110.75 -54 10.5
    endloop
  endfacet
  facet normal 0 0 1
    outer loop
      vertex 109.886 -52.8112 10.5
      vertex 111 -51.4019 10.5
      vertex 110.648 -51.2284 10.5
    endloop
  endfacet
  facet normal 0 0 1
    outer loop
      vertex 112.098 -52.5 10.5
      vertex 110.511 -53.2653 10.5
      vertex 110.689 -53.6137 10.5
    endloop
  endfacet
  facet normal 0 0 1
    outer loop
      vertex 109.886 -52.8112 10.5
      vertex 110.648 -51.2284 10.5
      vertex 110.276 -51.1022 10.5
    endloop
  endfacet
  facet normal 0 0 1
    outer loop
      vertex 111.621 -51.8787 10.5
      vertex 110.235 -52.9887 10.5
      vertex 110.511 -53.2653 10.5
    endloop
  endfacet
  facet normal 0 0 1
    outer loop
      vertex 109.886 -52.8112 10.5
      vertex 110.276 -51.1022 10.5
      vertex 109.892 -51.0257 10.5
    endloop
  endfacet
  facet normal 0 0 1
    outer loop
      vertex 111 -51.4019 10.5
      vertex 109.886 -52.8112 10.5
      vertex 110.235 -52.9887 10.5
    endloop
  endfacet
  facet normal 0 0 1
    outer loop
      vertex 109.5 -52.75 10.5
      vertex 109.892 -51.0257 10.5
      vertex 109.5 -51 10.5
    endloop
  endfacet
  facet normal 0 0 1
    outer loop
      vertex 109.892 -51.0257 10.5
      vertex 109.5 -52.75 10.5
      vertex 109.886 -52.8112 10.5
    endloop
  endfacet
  facet normal -0 0 1
    outer loop
      vertex 109.108 -51.0257 10.5
      vertex 109.5 -52.75 10.5
      vertex 109.5 -51 10.5
    endloop
  endfacet
  facet normal 0 0 1
    outer loop
      vertex 109.5 -52.75 10.5
      vertex 109.108 -51.0257 10.5
      vertex 109.114 -52.8112 10.5
    endloop
  endfacet
  facet normal -0 0 1
    outer loop
      vertex 108.724 -51.1022 10.5
      vertex 109.114 -52.8112 10.5
      vertex 109.108 -51.0257 10.5
    endloop
  endfacet
  facet normal -0 0 1
    outer loop
      vertex 108.352 -51.2284 10.5
      vertex 109.114 -52.8112 10.5
      vertex 108.724 -51.1022 10.5
    endloop
  endfacet
  facet normal -0 0 1
    outer loop
      vertex 108 -51.4019 10.5
      vertex 109.114 -52.8112 10.5
      vertex 108.352 -51.2284 10.5
    endloop
  endfacet
  facet normal 0 0 1
    outer loop
      vertex 109.114 -52.8112 10.5
      vertex 108 -51.4019 10.5
      vertex 108.765 -52.9887 10.5
    endloop
  endfacet
  facet normal -0 0 1
    outer loop
      vertex 107.674 -51.6199 10.5
      vertex 108.765 -52.9887 10.5
      vertex 108 -51.4019 10.5
    endloop
  endfacet
  facet normal -0 0 1
    outer loop
      vertex 107.379 -51.8787 10.5
      vertex 108.765 -52.9887 10.5
      vertex 107.674 -51.6199 10.5
    endloop
  endfacet
  facet normal 0 0 1
    outer loop
      vertex 108.765 -52.9887 10.5
      vertex 107.379 -51.8787 10.5
      vertex 108.489 -53.2653 10.5
    endloop
  endfacet
  facet normal -0 0 1
    outer loop
      vertex 110.235 -55.0113 10.5
      vertex 111.621 -56.1213 10.5
      vertex 110.511 -54.7347 10.5
    endloop
  endfacet
  facet normal 0 0 1
    outer loop
      vertex 111.621 -56.1213 10.5
      vertex 110.235 -55.0113 10.5
      vertex 111.326 -56.3801 10.5
    endloop
  endfacet
  facet normal 0 0 1
    outer loop
      vertex 111.326 -56.3801 10.5
      vertex 110.235 -55.0113 10.5
      vertex 111 -56.5981 10.5
    endloop
  endfacet
  facet normal -0 0 1
    outer loop
      vertex 109.886 -55.1888 10.5
      vertex 111 -56.5981 10.5
      vertex 110.235 -55.0113 10.5
    endloop
  endfacet
  facet normal 0 0 1
    outer loop
      vertex 111 -56.5981 10.5
      vertex 109.886 -55.1888 10.5
      vertex 110.648 -56.7716 10.5
    endloop
  endfacet
  facet normal 0 0 1
    outer loop
      vertex 110.648 -56.7716 10.5
      vertex 109.886 -55.1888 10.5
      vertex 110.276 -56.8978 10.5
    endloop
  endfacet
  facet normal 0 0 1
    outer loop
      vertex 110.276 -56.8978 10.5
      vertex 109.886 -55.1888 10.5
      vertex 109.892 -56.9743 10.5
    endloop
  endfacet
  facet normal -0 0 1
    outer loop
      vertex 109.5 -55.25 10.5
      vertex 109.892 -56.9743 10.5
      vertex 109.886 -55.1888 10.5
    endloop
  endfacet
  facet normal 0 0 1
    outer loop
      vertex 109.5 -55.25 10.5
      vertex 109.5 -57 10.5
      vertex 109.892 -56.9743 10.5
    endloop
  endfacet
  facet normal 0 0 1
    outer loop
      vertex 109.108 -56.9743 10.5
      vertex 109.5 -55.25 10.5
      vertex 109.114 -55.1888 10.5
    endloop
  endfacet
  facet normal 0 0 1
    outer loop
      vertex 109.5 -55.25 10.5
      vertex 109.108 -56.9743 10.5
      vertex 109.5 -57 10.5
    endloop
  endfacet
  facet normal 0 0 1
    outer loop
      vertex 108 -56.5981 10.5
      vertex 109.114 -55.1888 10.5
      vertex 108.765 -55.0113 10.5
    endloop
  endfacet
  facet normal 0 0 1
    outer loop
      vertex 109.114 -55.1888 10.5
      vertex 108.724 -56.8978 10.5
      vertex 109.108 -56.9743 10.5
    endloop
  endfacet
  facet normal 0 0 1
    outer loop
      vertex 107.379 -56.1213 10.5
      vertex 108.765 -55.0113 10.5
      vertex 108.489 -54.7347 10.5
    endloop
  endfacet
  facet normal 0 0 1
    outer loop
      vertex 109.114 -55.1888 10.5
      vertex 108.352 -56.7716 10.5
      vertex 108.724 -56.8978 10.5
    endloop
  endfacet
  facet normal 0 0 1
    outer loop
      vertex 106.902 -55.5 10.5
      vertex 108.489 -54.7347 10.5
      vertex 108.311 -54.3863 10.5
    endloop
  endfacet
  facet normal 0 0 1
    outer loop
      vertex 106.526 -54.3916 10.5
      vertex 108.311 -54.3863 10.5
      vertex 108.25 -54 10.5
    endloop
  endfacet
  facet normal -0 0 1
    outer loop
      vertex 107.12 -52.1737 10.5
      vertex 108.489 -53.2653 10.5
      vertex 107.379 -51.8787 10.5
    endloop
  endfacet
  facet normal 0 0 1
    outer loop
      vertex 109.114 -55.1888 10.5
      vertex 108 -56.5981 10.5
      vertex 108.352 -56.7716 10.5
    endloop
  endfacet
  facet normal -0 0 1
    outer loop
      vertex 106.902 -52.5 10.5
      vertex 108.489 -53.2653 10.5
      vertex 107.12 -52.1737 10.5
    endloop
  endfacet
  facet normal 0 0 1
    outer loop
      vertex 108.765 -55.0113 10.5
      vertex 107.674 -56.3801 10.5
      vertex 108 -56.5981 10.5
    endloop
  endfacet
  facet normal 0 0 1
    outer loop
      vertex 108.489 -53.2653 10.5
      vertex 106.902 -52.5 10.5
      vertex 108.311 -53.6137 10.5
    endloop
  endfacet
  facet normal 0 0 1
    outer loop
      vertex 108.765 -55.0113 10.5
      vertex 107.379 -56.1213 10.5
      vertex 107.674 -56.3801 10.5
    endloop
  endfacet
  facet normal -0 0 1
    outer loop
      vertex 106.728 -52.852 10.5
      vertex 108.311 -53.6137 10.5
      vertex 106.902 -52.5 10.5
    endloop
  endfacet
  facet normal 0 0 1
    outer loop
      vertex 108.489 -54.7347 10.5
      vertex 107.12 -55.8263 10.5
      vertex 107.379 -56.1213 10.5
    endloop
  endfacet
  facet normal -0 0 1
    outer loop
      vertex 106.602 -53.2235 10.5
      vertex 108.311 -53.6137 10.5
      vertex 106.728 -52.852 10.5
    endloop
  endfacet
  facet normal 0 0 1
    outer loop
      vertex 108.489 -54.7347 10.5
      vertex 106.902 -55.5 10.5
      vertex 107.12 -55.8263 10.5
    endloop
  endfacet
  facet normal -0 0 1
    outer loop
      vertex 106.526 -53.6084 10.5
      vertex 108.311 -53.6137 10.5
      vertex 106.602 -53.2235 10.5
    endloop
  endfacet
  facet normal 0 0 1
    outer loop
      vertex 108.311 -54.3863 10.5
      vertex 106.728 -55.148 10.5
      vertex 106.902 -55.5 10.5
    endloop
  endfacet
  facet normal 0 0 1
    outer loop
      vertex 108.311 -53.6137 10.5
      vertex 106.526 -53.6084 10.5
      vertex 108.25 -54 10.5
    endloop
  endfacet
  facet normal 0 0 1
    outer loop
      vertex 108.311 -54.3863 10.5
      vertex 106.602 -54.7765 10.5
      vertex 106.728 -55.148 10.5
    endloop
  endfacet
  facet normal 0 0 1
    outer loop
      vertex 106.5 -54 10.5
      vertex 108.25 -54 10.5
      vertex 106.526 -53.6084 10.5
    endloop
  endfacet
  facet normal 0 0 1
    outer loop
      vertex 108.311 -54.3863 10.5
      vertex 106.526 -54.3916 10.5
      vertex 106.602 -54.7765 10.5
    endloop
  endfacet
  facet normal 0 0 1
    outer loop
      vertex 108.25 -54 10.5
      vertex 106.5 -54 10.5
      vertex 106.526 -54.3916 10.5
    endloop
  endfacet
  facet normal -0.659478 -0.751724 0
    outer loop
      vertex 107.379 -56.1213 3
      vertex 107.674 -56.3801 10.5
      vertex 107.379 -56.1213 10.5
    endloop
  endfacet
  facet normal -0.659478 -0.751724 -0
    outer loop
      vertex 107.674 -56.3801 10.5
      vertex 107.379 -56.1213 3
      vertex 107.674 -56.3801 3
    endloop
  endfacet
  facet normal 0.156486 0.98768 -0
    outer loop
      vertex 7.83 -26.28 4
      vertex 7.44373 -26.2188 10
      vertex 7.83 -26.28 10
    endloop
  endfacet
  facet normal 0.156486 0.98768 0
    outer loop
      vertex 7.44373 -26.2188 10
      vertex 7.83 -26.28 4
      vertex 7.44373 -26.2188 4
    endloop
  endfacet
  facet normal -0.890974 -0.454054 0
    outer loop
      vertex 9.01882 -24.6437 4
      vertex 8.84127 -24.2953 10
      vertex 8.84127 -24.2953 4
    endloop
  endfacet
  facet normal -0.890974 -0.454054 0
    outer loop
      vertex 8.84127 -24.2953 10
      vertex 9.01882 -24.6437 4
      vertex 9.01882 -24.6437 10
    endloop
  endfacet
  facet normal -0.98769 -0.156425 0
    outer loop
      vertex 9.08 -25.03 4
      vertex 9.01882 -24.6437 10
      vertex 9.01882 -24.6437 4
    endloop
  endfacet
  facet normal -0.98769 -0.156425 0
    outer loop
      vertex 9.01882 -24.6437 10
      vertex 9.08 -25.03 4
      vertex 9.08 -25.03 10
    endloop
  endfacet
  facet normal -0.707183 -0.70703 0
    outer loop
      vertex 8.84127 -24.2953 4
      vertex 8.56473 -24.0187 10
      vertex 8.56473 -24.0187 4
    endloop
  endfacet
  facet normal -0.707183 -0.70703 0
    outer loop
      vertex 8.56473 -24.0187 10
      vertex 8.84127 -24.2953 4
      vertex 8.84127 -24.2953 10
    endloop
  endfacet
  facet normal -0.453891 0.891057 0
    outer loop
      vertex 8.56473 -26.0413 4
      vertex 8.21627 -26.2188 10
      vertex 8.56473 -26.0413 10
    endloop
  endfacet
  facet normal -0.453891 0.891057 0
    outer loop
      vertex 8.21627 -26.2188 10
      vertex 8.56473 -26.0413 4
      vertex 8.21627 -26.2188 4
    endloop
  endfacet
  facet normal -0.707183 0.70703 0
    outer loop
      vertex 8.84127 -25.7647 4
      vertex 8.56473 -26.0413 10
      vertex 8.84127 -25.7647 10
    endloop
  endfacet
  facet normal -0.707183 0.70703 0
    outer loop
      vertex 8.56473 -26.0413 10
      vertex 8.84127 -25.7647 4
      vertex 8.56473 -26.0413 4
    endloop
  endfacet
  facet normal 0.453891 0.891057 -0
    outer loop
      vertex 7.44373 -26.2188 4
      vertex 7.09527 -26.0413 10
      vertex 7.44373 -26.2188 10
    endloop
  endfacet
  facet normal 0.453891 0.891057 0
    outer loop
      vertex 7.09527 -26.0413 10
      vertex 7.44373 -26.2188 4
      vertex 7.09527 -26.0413 4
    endloop
  endfacet
  facet normal -0.453891 -0.891057 0
    outer loop
      vertex 8.21627 -23.8412 4
      vertex 8.56473 -24.0187 10
      vertex 8.21627 -23.8412 10
    endloop
  endfacet
  facet normal -0.453891 -0.891057 -0
    outer loop
      vertex 8.56473 -24.0187 10
      vertex 8.21627 -23.8412 4
      vertex 8.56473 -24.0187 4
    endloop
  endfacet
  facet normal 0.98769 -0.156425 0
    outer loop
      vertex 6.58 -25.03 10
      vertex 6.64118 -24.6437 4
      vertex 6.64118 -24.6437 10
    endloop
  endfacet
  facet normal 0.98769 -0.156425 0
    outer loop
      vertex 6.64118 -24.6437 4
      vertex 6.58 -25.03 10
      vertex 6.58 -25.03 4
    endloop
  endfacet
  facet normal -0.98769 0.156425 0
    outer loop
      vertex 9.01882 -25.4163 4
      vertex 9.08 -25.03 10
      vertex 9.08 -25.03 4
    endloop
  endfacet
  facet normal -0.98769 0.156425 0
    outer loop
      vertex 9.08 -25.03 10
      vertex 9.01882 -25.4163 4
      vertex 9.01882 -25.4163 10
    endloop
  endfacet
  facet normal -0.890974 0.454054 0
    outer loop
      vertex 8.84127 -25.7647 4
      vertex 9.01882 -25.4163 10
      vertex 9.01882 -25.4163 4
    endloop
  endfacet
  facet normal -0.890974 0.454054 0
    outer loop
      vertex 9.01882 -25.4163 10
      vertex 8.84127 -25.7647 4
      vertex 8.84127 -25.7647 10
    endloop
  endfacet
  facet normal 0.453891 -0.891057 0
    outer loop
      vertex 7.09527 -24.0187 4
      vertex 7.44373 -23.8412 10
      vertex 7.09527 -24.0187 10
    endloop
  endfacet
  facet normal 0.453891 -0.891057 0
    outer loop
      vertex 7.44373 -23.8412 10
      vertex 7.09527 -24.0187 4
      vertex 7.44373 -23.8412 4
    endloop
  endfacet
  facet normal 0.156486 -0.98768 0
    outer loop
      vertex 7.44373 -23.8412 4
      vertex 7.83 -23.78 10
      vertex 7.44373 -23.8412 10
    endloop
  endfacet
  facet normal 0.156486 -0.98768 0
    outer loop
      vertex 7.83 -23.78 10
      vertex 7.44373 -23.8412 4
      vertex 7.83 -23.78 4
    endloop
  endfacet
  facet normal -0.156486 0.98768 0
    outer loop
      vertex 8.21627 -26.2188 4
      vertex 7.83 -26.28 10
      vertex 8.21627 -26.2188 10
    endloop
  endfacet
  facet normal -0.156486 0.98768 0
    outer loop
      vertex 7.83 -26.28 10
      vertex 8.21627 -26.2188 4
      vertex 7.83 -26.28 4
    endloop
  endfacet
  facet normal 0.707183 0.70703 -0
    outer loop
      vertex 7.09527 -26.0413 4
      vertex 6.81873 -25.7647 10
      vertex 7.09527 -26.0413 10
    endloop
  endfacet
  facet normal 0.707183 0.70703 0
    outer loop
      vertex 6.81873 -25.7647 10
      vertex 7.09527 -26.0413 4
      vertex 6.81873 -25.7647 4
    endloop
  endfacet
  facet normal -0.156486 -0.98768 0
    outer loop
      vertex 7.83 -23.78 4
      vertex 8.21627 -23.8412 10
      vertex 7.83 -23.78 10
    endloop
  endfacet
  facet normal -0.156486 -0.98768 -0
    outer loop
      vertex 8.21627 -23.8412 10
      vertex 7.83 -23.78 4
      vertex 8.21627 -23.8412 4
    endloop
  endfacet
  facet normal 0.98769 0.156425 0
    outer loop
      vertex 6.64118 -25.4163 10
      vertex 6.58 -25.03 4
      vertex 6.58 -25.03 10
    endloop
  endfacet
  facet normal 0.98769 0.156425 0
    outer loop
      vertex 6.58 -25.03 4
      vertex 6.64118 -25.4163 10
      vertex 6.64118 -25.4163 4
    endloop
  endfacet
  facet normal 0.890974 0.454054 0
    outer loop
      vertex 6.81873 -25.7647 10
      vertex 6.64118 -25.4163 4
      vertex 6.64118 -25.4163 10
    endloop
  endfacet
  facet normal 0.890974 0.454054 0
    outer loop
      vertex 6.64118 -25.4163 4
      vertex 6.81873 -25.7647 10
      vertex 6.81873 -25.7647 4
    endloop
  endfacet
  facet normal 0.890974 -0.454054 0
    outer loop
      vertex 6.64118 -24.6437 10
      vertex 6.81873 -24.2953 4
      vertex 6.81873 -24.2953 10
    endloop
  endfacet
  facet normal 0.890974 -0.454054 0
    outer loop
      vertex 6.81873 -24.2953 4
      vertex 6.64118 -24.6437 10
      vertex 6.64118 -24.6437 4
    endloop
  endfacet
  facet normal 0.707183 -0.70703 0
    outer loop
      vertex 6.81873 -24.2953 10
      vertex 7.09527 -24.0187 4
      vertex 7.09527 -24.0187 10
    endloop
  endfacet
  facet normal 0.707183 -0.70703 0
    outer loop
      vertex 7.09527 -24.0187 4
      vertex 6.81873 -24.2953 10
      vertex 6.81873 -24.2953 4
    endloop
  endfacet
  facet normal 0 0 1
    outer loop
      vertex 9.01882 -24.6437 4
      vertex 9.01882 -25.4163 4
      vertex 9.08 -25.03 4
    endloop
  endfacet
  facet normal 0 0 1
    outer loop
      vertex 8.84127 -24.2953 4
      vertex 9.01882 -25.4163 4
      vertex 9.01882 -24.6437 4
    endloop
  endfacet
  facet normal 0 0 1
    outer loop
      vertex 8.84127 -24.2953 4
      vertex 8.84127 -25.7647 4
      vertex 9.01882 -25.4163 4
    endloop
  endfacet
  facet normal 0 0 1
    outer loop
      vertex 8.56473 -24.0187 4
      vertex 8.84127 -25.7647 4
      vertex 8.84127 -24.2953 4
    endloop
  endfacet
  facet normal 0 0 1
    outer loop
      vertex 8.56473 -24.0187 4
      vertex 8.56473 -26.0413 4
      vertex 8.84127 -25.7647 4
    endloop
  endfacet
  facet normal 0 0 1
    outer loop
      vertex 8.21627 -23.8412 4
      vertex 8.56473 -26.0413 4
      vertex 8.56473 -24.0187 4
    endloop
  endfacet
  facet normal 0 0 1
    outer loop
      vertex 8.21627 -23.8412 4
      vertex 8.21627 -26.2188 4
      vertex 8.56473 -26.0413 4
    endloop
  endfacet
  facet normal 0 0 1
    outer loop
      vertex 7.83 -23.78 4
      vertex 8.21627 -26.2188 4
      vertex 8.21627 -23.8412 4
    endloop
  endfacet
  facet normal 0 0 1
    outer loop
      vertex 7.83 -23.78 4
      vertex 7.83 -26.28 4
      vertex 8.21627 -26.2188 4
    endloop
  endfacet
  facet normal -0 0 1
    outer loop
      vertex 7.44373 -23.8412 4
      vertex 7.83 -26.28 4
      vertex 7.83 -23.78 4
    endloop
  endfacet
  facet normal 0 0 1
    outer loop
      vertex 7.44373 -23.8412 4
      vertex 7.44373 -26.2188 4
      vertex 7.83 -26.28 4
    endloop
  endfacet
  facet normal -0 0 1
    outer loop
      vertex 7.09527 -24.0187 4
      vertex 7.44373 -26.2188 4
      vertex 7.44373 -23.8412 4
    endloop
  endfacet
  facet normal 0 0 1
    outer loop
      vertex 7.09527 -24.0187 4
      vertex 7.09527 -26.0413 4
      vertex 7.44373 -26.2188 4
    endloop
  endfacet
  facet normal -0 0 1
    outer loop
      vertex 6.81873 -24.2953 4
      vertex 7.09527 -26.0413 4
      vertex 7.09527 -24.0187 4
    endloop
  endfacet
  facet normal 0 0 1
    outer loop
      vertex 6.81873 -24.2953 4
      vertex 6.81873 -25.7647 4
      vertex 7.09527 -26.0413 4
    endloop
  endfacet
  facet normal -0 0 1
    outer loop
      vertex 6.64118 -24.6437 4
      vertex 6.81873 -25.7647 4
      vertex 6.81873 -24.2953 4
    endloop
  endfacet
  facet normal 0 0 1
    outer loop
      vertex 6.64118 -24.6437 4
      vertex 6.64118 -25.4163 4
      vertex 6.81873 -25.7647 4
    endloop
  endfacet
  facet normal 0 -0 1
    outer loop
      vertex 6.64118 -25.4163 4
      vertex 6.64118 -24.6437 4
      vertex 6.58 -25.03 4
    endloop
  endfacet
  facet normal 0.156486 0.98768 -0
    outer loop
      vertex 7.83 -68.22 4
      vertex 7.44373 -68.1588 10
      vertex 7.83 -68.22 10
    endloop
  endfacet
  facet normal 0.156486 0.98768 0
    outer loop
      vertex 7.44373 -68.1588 10
      vertex 7.83 -68.22 4
      vertex 7.44373 -68.1588 4
    endloop
  endfacet
  facet normal -0.890974 -0.454054 0
    outer loop
      vertex 9.01882 -66.5837 4
      vertex 8.84127 -66.2353 10
      vertex 8.84127 -66.2353 4
    endloop
  endfacet
  facet normal -0.890974 -0.454054 0
    outer loop
      vertex 8.84127 -66.2353 10
      vertex 9.01882 -66.5837 4
      vertex 9.01882 -66.5837 10
    endloop
  endfacet
  facet normal -0.98769 -0.156425 0
    outer loop
      vertex 9.08 -66.97 4
      vertex 9.01882 -66.5837 10
      vertex 9.01882 -66.5837 4
    endloop
  endfacet
  facet normal -0.98769 -0.156425 0
    outer loop
      vertex 9.01882 -66.5837 10
      vertex 9.08 -66.97 4
      vertex 9.08 -66.97 10
    endloop
  endfacet
  facet normal -0.707183 -0.70703 0
    outer loop
      vertex 8.84127 -66.2353 4
      vertex 8.56473 -65.9587 10
      vertex 8.56473 -65.9587 4
    endloop
  endfacet
  facet normal -0.707183 -0.70703 0
    outer loop
      vertex 8.56473 -65.9587 10
      vertex 8.84127 -66.2353 4
      vertex 8.84127 -66.2353 10
    endloop
  endfacet
  facet normal -0.453891 0.891057 0
    outer loop
      vertex 8.56473 -67.9813 4
      vertex 8.21627 -68.1588 10
      vertex 8.56473 -67.9813 10
    endloop
  endfacet
  facet normal -0.453891 0.891057 0
    outer loop
      vertex 8.21627 -68.1588 10
      vertex 8.56473 -67.9813 4
      vertex 8.21627 -68.1588 4
    endloop
  endfacet
  facet normal -0.707183 0.70703 0
    outer loop
      vertex 8.56473 -67.9813 4
      vertex 8.84127 -67.7047 10
      vertex 8.84127 -67.7047 4
    endloop
  endfacet
  facet normal -0.707183 0.70703 0
    outer loop
      vertex 8.84127 -67.7047 10
      vertex 8.56473 -67.9813 4
      vertex 8.56473 -67.9813 10
    endloop
  endfacet
  facet normal 0.453891 0.891057 -0
    outer loop
      vertex 7.44373 -68.1588 4
      vertex 7.09527 -67.9813 10
      vertex 7.44373 -68.1588 10
    endloop
  endfacet
  facet normal 0.453891 0.891057 0
    outer loop
      vertex 7.09527 -67.9813 10
      vertex 7.44373 -68.1588 4
      vertex 7.09527 -67.9813 4
    endloop
  endfacet
  facet normal 0.98769 -0.156425 0
    outer loop
      vertex 6.58 -66.97 10
      vertex 6.64118 -66.5837 4
      vertex 6.64118 -66.5837 10
    endloop
  endfacet
  facet normal 0.98769 -0.156425 0
    outer loop
      vertex 6.64118 -66.5837 4
      vertex 6.58 -66.97 10
      vertex 6.58 -66.97 4
    endloop
  endfacet
  facet normal -0.98769 0.156425 0
    outer loop
      vertex 9.01882 -67.3563 4
      vertex 9.08 -66.97 10
      vertex 9.08 -66.97 4
    endloop
  endfacet
  facet normal -0.98769 0.156425 0
    outer loop
      vertex 9.08 -66.97 10
      vertex 9.01882 -67.3563 4
      vertex 9.01882 -67.3563 10
    endloop
  endfacet
  facet normal -0.890974 0.454054 0
    outer loop
      vertex 8.84127 -67.7047 4
      vertex 9.01882 -67.3563 10
      vertex 9.01882 -67.3563 4
    endloop
  endfacet
  facet normal -0.890974 0.454054 0
    outer loop
      vertex 9.01882 -67.3563 10
      vertex 8.84127 -67.7047 4
      vertex 8.84127 -67.7047 10
    endloop
  endfacet
  facet normal 0.453891 -0.891057 0
    outer loop
      vertex 7.09527 -65.9587 4
      vertex 7.44373 -65.7812 10
      vertex 7.09527 -65.9587 10
    endloop
  endfacet
  facet normal 0.453891 -0.891057 0
    outer loop
      vertex 7.44373 -65.7812 10
      vertex 7.09527 -65.9587 4
      vertex 7.44373 -65.7812 4
    endloop
  endfacet
  facet normal 0.156486 -0.98768 0
    outer loop
      vertex 7.44373 -65.7812 4
      vertex 7.83 -65.72 10
      vertex 7.44373 -65.7812 10
    endloop
  endfacet
  facet normal 0.156486 -0.98768 0
    outer loop
      vertex 7.83 -65.72 10
      vertex 7.44373 -65.7812 4
      vertex 7.83 -65.72 4
    endloop
  endfacet
  facet normal -0.453891 -0.891057 0
    outer loop
      vertex 8.21627 -65.7812 4
      vertex 8.56473 -65.9587 10
      vertex 8.21627 -65.7812 10
    endloop
  endfacet
  facet normal -0.453891 -0.891057 -0
    outer loop
      vertex 8.56473 -65.9587 10
      vertex 8.21627 -65.7812 4
      vertex 8.56473 -65.9587 4
    endloop
  endfacet
  facet normal -0.156486 0.98768 0
    outer loop
      vertex 8.21627 -68.1588 4
      vertex 7.83 -68.22 10
      vertex 8.21627 -68.1588 10
    endloop
  endfacet
  facet normal -0.156486 0.98768 0
    outer loop
      vertex 7.83 -68.22 10
      vertex 8.21627 -68.1588 4
      vertex 7.83 -68.22 4
    endloop
  endfacet
  facet normal 0.707183 0.70703 0
    outer loop
      vertex 7.09527 -67.9813 10
      vertex 6.81873 -67.7047 4
      vertex 6.81873 -67.7047 10
    endloop
  endfacet
  facet normal 0.707183 0.70703 0
    outer loop
      vertex 6.81873 -67.7047 4
      vertex 7.09527 -67.9813 10
      vertex 7.09527 -67.9813 4
    endloop
  endfacet
  facet normal -0.156486 -0.98768 0
    outer loop
      vertex 7.83 -65.72 4
      vertex 8.21627 -65.7812 10
      vertex 7.83 -65.72 10
    endloop
  endfacet
  facet normal -0.156486 -0.98768 -0
    outer loop
      vertex 8.21627 -65.7812 10
      vertex 7.83 -65.72 4
      vertex 8.21627 -65.7812 4
    endloop
  endfacet
  facet normal 0.98769 0.156425 0
    outer loop
      vertex 6.64118 -67.3563 10
      vertex 6.58 -66.97 4
      vertex 6.58 -66.97 10
    endloop
  endfacet
  facet normal 0.98769 0.156425 0
    outer loop
      vertex 6.58 -66.97 4
      vertex 6.64118 -67.3563 10
      vertex 6.64118 -67.3563 4
    endloop
  endfacet
  facet normal 0.890974 0.454054 0
    outer loop
      vertex 6.81873 -67.7047 10
      vertex 6.64118 -67.3563 4
      vertex 6.64118 -67.3563 10
    endloop
  endfacet
  facet normal 0.890974 0.454054 0
    outer loop
      vertex 6.64118 -67.3563 4
      vertex 6.81873 -67.7047 10
      vertex 6.81873 -67.7047 4
    endloop
  endfacet
  facet normal 0.890974 -0.454054 0
    outer loop
      vertex 6.64118 -66.5837 10
      vertex 6.81873 -66.2353 4
      vertex 6.81873 -66.2353 10
    endloop
  endfacet
  facet normal 0.890974 -0.454054 0
    outer loop
      vertex 6.81873 -66.2353 4
      vertex 6.64118 -66.5837 10
      vertex 6.64118 -66.5837 4
    endloop
  endfacet
  facet normal 0.707183 -0.70703 0
    outer loop
      vertex 6.81873 -66.2353 10
      vertex 7.09527 -65.9587 4
      vertex 7.09527 -65.9587 10
    endloop
  endfacet
  facet normal 0.707183 -0.70703 0
    outer loop
      vertex 7.09527 -65.9587 4
      vertex 6.81873 -66.2353 10
      vertex 6.81873 -66.2353 4
    endloop
  endfacet
  facet normal 0 0 1
    outer loop
      vertex 9.01882 -66.5837 4
      vertex 9.01882 -67.3563 4
      vertex 9.08 -66.97 4
    endloop
  endfacet
  facet normal 0 0 1
    outer loop
      vertex 8.84127 -66.2353 4
      vertex 9.01882 -67.3563 4
      vertex 9.01882 -66.5837 4
    endloop
  endfacet
  facet normal 0 0 1
    outer loop
      vertex 8.84127 -66.2353 4
      vertex 8.84127 -67.7047 4
      vertex 9.01882 -67.3563 4
    endloop
  endfacet
  facet normal 0 0 1
    outer loop
      vertex 8.56473 -65.9587 4
      vertex 8.84127 -67.7047 4
      vertex 8.84127 -66.2353 4
    endloop
  endfacet
  facet normal 0 0 1
    outer loop
      vertex 8.56473 -65.9587 4
      vertex 8.56473 -67.9813 4
      vertex 8.84127 -67.7047 4
    endloop
  endfacet
  facet normal 0 0 1
    outer loop
      vertex 8.21627 -65.7812 4
      vertex 8.56473 -67.9813 4
      vertex 8.56473 -65.9587 4
    endloop
  endfacet
  facet normal 0 0 1
    outer loop
      vertex 8.21627 -65.7812 4
      vertex 8.21627 -68.1588 4
      vertex 8.56473 -67.9813 4
    endloop
  endfacet
  facet normal 0 0 1
    outer loop
      vertex 7.83 -65.72 4
      vertex 8.21627 -68.1588 4
      vertex 8.21627 -65.7812 4
    endloop
  endfacet
  facet normal 0 0 1
    outer loop
      vertex 7.83 -65.72 4
      vertex 7.83 -68.22 4
      vertex 8.21627 -68.1588 4
    endloop
  endfacet
  facet normal -0 0 1
    outer loop
      vertex 7.44373 -65.7812 4
      vertex 7.83 -68.22 4
      vertex 7.83 -65.72 4
    endloop
  endfacet
  facet normal 0 0 1
    outer loop
      vertex 7.44373 -65.7812 4
      vertex 7.44373 -68.1588 4
      vertex 7.83 -68.22 4
    endloop
  endfacet
  facet normal -0 0 1
    outer loop
      vertex 7.09527 -65.9587 4
      vertex 7.44373 -68.1588 4
      vertex 7.44373 -65.7812 4
    endloop
  endfacet
  facet normal 0 0 1
    outer loop
      vertex 7.09527 -65.9587 4
      vertex 7.09527 -67.9813 4
      vertex 7.44373 -68.1588 4
    endloop
  endfacet
  facet normal -0 0 1
    outer loop
      vertex 6.81873 -66.2353 4
      vertex 7.09527 -67.9813 4
      vertex 7.09527 -65.9587 4
    endloop
  endfacet
  facet normal 0 0 1
    outer loop
      vertex 6.81873 -66.2353 4
      vertex 6.81873 -67.7047 4
      vertex 7.09527 -67.9813 4
    endloop
  endfacet
  facet normal -0 0 1
    outer loop
      vertex 6.64118 -66.5837 4
      vertex 6.81873 -67.7047 4
      vertex 6.81873 -66.2353 4
    endloop
  endfacet
  facet normal 0 0 1
    outer loop
      vertex 6.64118 -66.5837 4
      vertex 6.64118 -67.3563 4
      vertex 6.81873 -67.7047 4
    endloop
  endfacet
  facet normal 0 -0 1
    outer loop
      vertex 6.64118 -67.3563 4
      vertex 6.64118 -66.5837 4
      vertex 6.58 -66.97 4
    endloop
  endfacet
  facet normal -0.891026 -0.453953 0
    outer loop
      vertex 87.4588 -24.6437 4
      vertex 87.2813 -24.2953 10
      vertex 87.2813 -24.2953 4
    endloop
  endfacet
  facet normal -0.891026 -0.453953 0
    outer loop
      vertex 87.2813 -24.2953 10
      vertex 87.4588 -24.6437 4
      vertex 87.4588 -24.6437 10
    endloop
  endfacet
  facet normal -0.987682 -0.156475 0
    outer loop
      vertex 87.52 -25.03 4
      vertex 87.4588 -24.6437 10
      vertex 87.4588 -24.6437 4
    endloop
  endfacet
  facet normal -0.987682 -0.156475 0
    outer loop
      vertex 87.4588 -24.6437 10
      vertex 87.52 -25.03 4
      vertex 87.52 -25.03 10
    endloop
  endfacet
  facet normal 0.891026 -0.453953 0
    outer loop
      vertex 85.0812 -24.6437 10
      vertex 85.2587 -24.2953 4
      vertex 85.2587 -24.2953 10
    endloop
  endfacet
  facet normal 0.891026 -0.453953 0
    outer loop
      vertex 85.2587 -24.2953 4
      vertex 85.0812 -24.6437 10
      vertex 85.0812 -24.6437 4
    endloop
  endfacet
  facet normal -0.453953 0.891026 0
    outer loop
      vertex 87.0047 -26.0413 4
      vertex 86.6563 -26.2188 10
      vertex 87.0047 -26.0413 10
    endloop
  endfacet
  facet normal -0.453953 0.891026 0
    outer loop
      vertex 86.6563 -26.2188 10
      vertex 87.0047 -26.0413 4
      vertex 86.6563 -26.2188 4
    endloop
  endfacet
  facet normal 0.707107 -0.707107 0
    outer loop
      vertex 85.2587 -24.2953 4
      vertex 85.5353 -24.0187 10
      vertex 85.2587 -24.2953 10
    endloop
  endfacet
  facet normal 0.707107 -0.707107 0
    outer loop
      vertex 85.5353 -24.0187 10
      vertex 85.2587 -24.2953 4
      vertex 85.5353 -24.0187 4
    endloop
  endfacet
  facet normal 0.707107 0.707107 -0
    outer loop
      vertex 85.5353 -26.0413 4
      vertex 85.2587 -25.7647 10
      vertex 85.5353 -26.0413 10
    endloop
  endfacet
  facet normal 0.707107 0.707107 0
    outer loop
      vertex 85.2587 -25.7647 10
      vertex 85.5353 -26.0413 4
      vertex 85.2587 -25.7647 4
    endloop
  endfacet
  facet normal -0.453953 -0.891026 0
    outer loop
      vertex 86.6563 -23.8412 4
      vertex 87.0047 -24.0187 10
      vertex 86.6563 -23.8412 10
    endloop
  endfacet
  facet normal -0.453953 -0.891026 -0
    outer loop
      vertex 87.0047 -24.0187 10
      vertex 86.6563 -23.8412 4
      vertex 87.0047 -24.0187 4
    endloop
  endfacet
  facet normal 0.987682 0.156475 0
    outer loop
      vertex 85.0812 -25.4163 10
      vertex 85.02 -25.03 4
      vertex 85.02 -25.03 10
    endloop
  endfacet
  facet normal 0.987682 0.156475 0
    outer loop
      vertex 85.02 -25.03 4
      vertex 85.0812 -25.4163 10
      vertex 85.0812 -25.4163 4
    endloop
  endfacet
  facet normal -0.707107 0.707107 0
    outer loop
      vertex 87.2813 -25.7647 4
      vertex 87.0047 -26.0413 10
      vertex 87.2813 -25.7647 10
    endloop
  endfacet
  facet normal -0.707107 0.707107 0
    outer loop
      vertex 87.0047 -26.0413 10
      vertex 87.2813 -25.7647 4
      vertex 87.0047 -26.0413 4
    endloop
  endfacet
  facet normal -0.987682 0.156475 0
    outer loop
      vertex 87.4588 -25.4163 4
      vertex 87.52 -25.03 10
      vertex 87.52 -25.03 4
    endloop
  endfacet
  facet normal -0.987682 0.156475 0
    outer loop
      vertex 87.52 -25.03 10
      vertex 87.4588 -25.4163 4
      vertex 87.4588 -25.4163 10
    endloop
  endfacet
  facet normal -0.156475 0.987682 0
    outer loop
      vertex 86.6563 -26.2188 4
      vertex 86.27 -26.28 10
      vertex 86.6563 -26.2188 10
    endloop
  endfacet
  facet normal -0.156475 0.987682 0
    outer loop
      vertex 86.27 -26.28 10
      vertex 86.6563 -26.2188 4
      vertex 86.27 -26.28 4
    endloop
  endfacet
  facet normal 0.156475 -0.987682 0
    outer loop
      vertex 85.8837 -23.8412 4
      vertex 86.27 -23.78 10
      vertex 85.8837 -23.8412 10
    endloop
  endfacet
  facet normal 0.156475 -0.987682 0
    outer loop
      vertex 86.27 -23.78 10
      vertex 85.8837 -23.8412 4
      vertex 86.27 -23.78 4
    endloop
  endfacet
  facet normal 0.987682 -0.156475 0
    outer loop
      vertex 85.02 -25.03 10
      vertex 85.0812 -24.6437 4
      vertex 85.0812 -24.6437 10
    endloop
  endfacet
  facet normal 0.987682 -0.156475 0
    outer loop
      vertex 85.0812 -24.6437 4
      vertex 85.02 -25.03 10
      vertex 85.02 -25.03 4
    endloop
  endfacet
  facet normal 0.453953 -0.891026 0
    outer loop
      vertex 85.5353 -24.0187 4
      vertex 85.8837 -23.8412 10
      vertex 85.5353 -24.0187 10
    endloop
  endfacet
  facet normal 0.453953 -0.891026 0
    outer loop
      vertex 85.8837 -23.8412 10
      vertex 85.5353 -24.0187 4
      vertex 85.8837 -23.8412 4
    endloop
  endfacet
  facet normal 0.156475 0.987682 -0
    outer loop
      vertex 86.27 -26.28 4
      vertex 85.8837 -26.2188 10
      vertex 86.27 -26.28 10
    endloop
  endfacet
  facet normal 0.156475 0.987682 0
    outer loop
      vertex 85.8837 -26.2188 10
      vertex 86.27 -26.28 4
      vertex 85.8837 -26.2188 4
    endloop
  endfacet
  facet normal -0.156475 -0.987682 0
    outer loop
      vertex 86.27 -23.78 4
      vertex 86.6563 -23.8412 10
      vertex 86.27 -23.78 10
    endloop
  endfacet
  facet normal -0.156475 -0.987682 -0
    outer loop
      vertex 86.6563 -23.8412 10
      vertex 86.27 -23.78 4
      vertex 86.6563 -23.8412 4
    endloop
  endfacet
  facet normal -0.891026 0.453953 0
    outer loop
      vertex 87.2813 -25.7647 4
      vertex 87.4588 -25.4163 10
      vertex 87.4588 -25.4163 4
    endloop
  endfacet
  facet normal -0.891026 0.453953 0
    outer loop
      vertex 87.4588 -25.4163 10
      vertex 87.2813 -25.7647 4
      vertex 87.2813 -25.7647 10
    endloop
  endfacet
  facet normal 0 0 1
    outer loop
      vertex 87.4588 -24.6437 4
      vertex 87.4588 -25.4163 4
      vertex 87.52 -25.03 4
    endloop
  endfacet
  facet normal 0 0 1
    outer loop
      vertex 87.2813 -24.2953 4
      vertex 87.4588 -25.4163 4
      vertex 87.4588 -24.6437 4
    endloop
  endfacet
  facet normal 0 0 1
    outer loop
      vertex 87.2813 -24.2953 4
      vertex 87.2813 -25.7647 4
      vertex 87.4588 -25.4163 4
    endloop
  endfacet
  facet normal 0 0 1
    outer loop
      vertex 87.0047 -24.0187 4
      vertex 87.2813 -25.7647 4
      vertex 87.2813 -24.2953 4
    endloop
  endfacet
  facet normal 0 0 1
    outer loop
      vertex 87.0047 -24.0187 4
      vertex 87.0047 -26.0413 4
      vertex 87.2813 -25.7647 4
    endloop
  endfacet
  facet normal 0 0 1
    outer loop
      vertex 86.6563 -23.8412 4
      vertex 87.0047 -26.0413 4
      vertex 87.0047 -24.0187 4
    endloop
  endfacet
  facet normal 0 0 1
    outer loop
      vertex 86.6563 -23.8412 4
      vertex 86.6563 -26.2188 4
      vertex 87.0047 -26.0413 4
    endloop
  endfacet
  facet normal 0 0 1
    outer loop
      vertex 86.27 -23.78 4
      vertex 86.6563 -26.2188 4
      vertex 86.6563 -23.8412 4
    endloop
  endfacet
  facet normal 0 0 1
    outer loop
      vertex 86.27 -23.78 4
      vertex 86.27 -26.28 4
      vertex 86.6563 -26.2188 4
    endloop
  endfacet
  facet normal -0 0 1
    outer loop
      vertex 85.8837 -23.8412 4
      vertex 86.27 -26.28 4
      vertex 86.27 -23.78 4
    endloop
  endfacet
  facet normal 0 0 1
    outer loop
      vertex 85.8837 -23.8412 4
      vertex 85.8837 -26.2188 4
      vertex 86.27 -26.28 4
    endloop
  endfacet
  facet normal -0 0 1
    outer loop
      vertex 85.5353 -24.0187 4
      vertex 85.8837 -26.2188 4
      vertex 85.8837 -23.8412 4
    endloop
  endfacet
  facet normal 0 0 1
    outer loop
      vertex 85.5353 -24.0187 4
      vertex 85.5353 -26.0413 4
      vertex 85.8837 -26.2188 4
    endloop
  endfacet
  facet normal -0 0 1
    outer loop
      vertex 85.2587 -24.2953 4
      vertex 85.5353 -26.0413 4
      vertex 85.5353 -24.0187 4
    endloop
  endfacet
  facet normal 0 0 1
    outer loop
      vertex 85.2587 -24.2953 4
      vertex 85.2587 -25.7647 4
      vertex 85.5353 -26.0413 4
    endloop
  endfacet
  facet normal -0 0 1
    outer loop
      vertex 85.0812 -24.6437 4
      vertex 85.2587 -25.7647 4
      vertex 85.2587 -24.2953 4
    endloop
  endfacet
  facet normal 0 0 1
    outer loop
      vertex 85.0812 -24.6437 4
      vertex 85.0812 -25.4163 4
      vertex 85.2587 -25.7647 4
    endloop
  endfacet
  facet normal 0 -0 1
    outer loop
      vertex 85.0812 -25.4163 4
      vertex 85.0812 -24.6437 4
      vertex 85.02 -25.03 4
    endloop
  endfacet
  facet normal 0.453953 0.891026 -0
    outer loop
      vertex 85.8837 -26.2188 4
      vertex 85.5353 -26.0413 10
      vertex 85.8837 -26.2188 10
    endloop
  endfacet
  facet normal 0.453953 0.891026 0
    outer loop
      vertex 85.5353 -26.0413 10
      vertex 85.8837 -26.2188 4
      vertex 85.5353 -26.0413 4
    endloop
  endfacet
  facet normal 0.891026 0.453953 0
    outer loop
      vertex 85.2587 -25.7647 10
      vertex 85.0812 -25.4163 4
      vertex 85.0812 -25.4163 10
    endloop
  endfacet
  facet normal 0.891026 0.453953 0
    outer loop
      vertex 85.0812 -25.4163 4
      vertex 85.2587 -25.7647 10
      vertex 85.2587 -25.7647 4
    endloop
  endfacet
  facet normal -0.707107 -0.707107 0
    outer loop
      vertex 87.0047 -24.0187 4
      vertex 87.2813 -24.2953 10
      vertex 87.0047 -24.0187 10
    endloop
  endfacet
  facet normal -0.707107 -0.707107 -0
    outer loop
      vertex 87.2813 -24.2953 10
      vertex 87.0047 -24.0187 4
      vertex 87.2813 -24.2953 4
    endloop
  endfacet
  facet normal -0.891026 -0.453953 0
    outer loop
      vertex 87.4588 -66.5837 4
      vertex 87.2813 -66.2353 10
      vertex 87.2813 -66.2353 4
    endloop
  endfacet
  facet normal -0.891026 -0.453953 0
    outer loop
      vertex 87.2813 -66.2353 10
      vertex 87.4588 -66.5837 4
      vertex 87.4588 -66.5837 10
    endloop
  endfacet
  facet normal -0.987682 -0.156475 0
    outer loop
      vertex 87.52 -66.97 4
      vertex 87.4588 -66.5837 10
      vertex 87.4588 -66.5837 4
    endloop
  endfacet
  facet normal -0.987682 -0.156475 0
    outer loop
      vertex 87.4588 -66.5837 10
      vertex 87.52 -66.97 4
      vertex 87.52 -66.97 10
    endloop
  endfacet
  facet normal 0.891026 -0.453953 0
    outer loop
      vertex 85.0812 -66.5837 10
      vertex 85.2587 -66.2353 4
      vertex 85.2587 -66.2353 10
    endloop
  endfacet
  facet normal 0.891026 -0.453953 0
    outer loop
      vertex 85.2587 -66.2353 4
      vertex 85.0812 -66.5837 10
      vertex 85.0812 -66.5837 4
    endloop
  endfacet
  facet normal -0.453953 0.891026 0
    outer loop
      vertex 87.0047 -67.9813 4
      vertex 86.6563 -68.1588 10
      vertex 87.0047 -67.9813 10
    endloop
  endfacet
  facet normal -0.453953 0.891026 0
    outer loop
      vertex 86.6563 -68.1588 10
      vertex 87.0047 -67.9813 4
      vertex 86.6563 -68.1588 4
    endloop
  endfacet
  facet normal 0.707107 -0.707107 0
    outer loop
      vertex 85.2587 -66.2353 10
      vertex 85.5353 -65.9587 4
      vertex 85.5353 -65.9587 10
    endloop
  endfacet
  facet normal 0.707107 -0.707107 0
    outer loop
      vertex 85.5353 -65.9587 4
      vertex 85.2587 -66.2353 10
      vertex 85.2587 -66.2353 4
    endloop
  endfacet
  facet normal 0.707107 0.707107 0
    outer loop
      vertex 85.5353 -67.9813 10
      vertex 85.2587 -67.7047 4
      vertex 85.2587 -67.7047 10
    endloop
  endfacet
  facet normal 0.707107 0.707107 0
    outer loop
      vertex 85.2587 -67.7047 4
      vertex 85.5353 -67.9813 10
      vertex 85.5353 -67.9813 4
    endloop
  endfacet
  facet normal -0.453953 -0.891026 0
    outer loop
      vertex 86.6563 -65.7812 4
      vertex 87.0047 -65.9587 10
      vertex 86.6563 -65.7812 10
    endloop
  endfacet
  facet normal -0.453953 -0.891026 -0
    outer loop
      vertex 87.0047 -65.9587 10
      vertex 86.6563 -65.7812 4
      vertex 87.0047 -65.9587 4
    endloop
  endfacet
  facet normal 0.987682 0.156475 0
    outer loop
      vertex 85.0812 -67.3563 10
      vertex 85.02 -66.97 4
      vertex 85.02 -66.97 10
    endloop
  endfacet
  facet normal 0.987682 0.156475 0
    outer loop
      vertex 85.02 -66.97 4
      vertex 85.0812 -67.3563 10
      vertex 85.0812 -67.3563 4
    endloop
  endfacet
  facet normal -0.707107 0.707107 0
    outer loop
      vertex 87.0047 -67.9813 4
      vertex 87.2813 -67.7047 10
      vertex 87.2813 -67.7047 4
    endloop
  endfacet
  facet normal -0.707107 0.707107 0
    outer loop
      vertex 87.2813 -67.7047 10
      vertex 87.0047 -67.9813 4
      vertex 87.0047 -67.9813 10
    endloop
  endfacet
  facet normal -0.987682 0.156475 0
    outer loop
      vertex 87.4588 -67.3563 4
      vertex 87.52 -66.97 10
      vertex 87.52 -66.97 4
    endloop
  endfacet
  facet normal -0.987682 0.156475 0
    outer loop
      vertex 87.52 -66.97 10
      vertex 87.4588 -67.3563 4
      vertex 87.4588 -67.3563 10
    endloop
  endfacet
  facet normal -0.156475 0.987682 0
    outer loop
      vertex 86.6563 -68.1588 4
      vertex 86.27 -68.22 10
      vertex 86.6563 -68.1588 10
    endloop
  endfacet
  facet normal -0.156475 0.987682 0
    outer loop
      vertex 86.27 -68.22 10
      vertex 86.6563 -68.1588 4
      vertex 86.27 -68.22 4
    endloop
  endfacet
  facet normal 0.156475 -0.987682 0
    outer loop
      vertex 85.8837 -65.7812 4
      vertex 86.27 -65.72 10
      vertex 85.8837 -65.7812 10
    endloop
  endfacet
  facet normal 0.156475 -0.987682 0
    outer loop
      vertex 86.27 -65.72 10
      vertex 85.8837 -65.7812 4
      vertex 86.27 -65.72 4
    endloop
  endfacet
  facet normal 0.987682 -0.156475 0
    outer loop
      vertex 85.02 -66.97 10
      vertex 85.0812 -66.5837 4
      vertex 85.0812 -66.5837 10
    endloop
  endfacet
  facet normal 0.987682 -0.156475 0
    outer loop
      vertex 85.0812 -66.5837 4
      vertex 85.02 -66.97 10
      vertex 85.02 -66.97 4
    endloop
  endfacet
  facet normal 0.453953 -0.891026 0
    outer loop
      vertex 85.5353 -65.9587 4
      vertex 85.8837 -65.7812 10
      vertex 85.5353 -65.9587 10
    endloop
  endfacet
  facet normal 0.453953 -0.891026 0
    outer loop
      vertex 85.8837 -65.7812 10
      vertex 85.5353 -65.9587 4
      vertex 85.8837 -65.7812 4
    endloop
  endfacet
  facet normal 0.156475 0.987682 -0
    outer loop
      vertex 86.27 -68.22 4
      vertex 85.8837 -68.1588 10
      vertex 86.27 -68.22 10
    endloop
  endfacet
  facet normal 0.156475 0.987682 0
    outer loop
      vertex 85.8837 -68.1588 10
      vertex 86.27 -68.22 4
      vertex 85.8837 -68.1588 4
    endloop
  endfacet
  facet normal -0.156475 -0.987682 0
    outer loop
      vertex 86.27 -65.72 4
      vertex 86.6563 -65.7812 10
      vertex 86.27 -65.72 10
    endloop
  endfacet
  facet normal -0.156475 -0.987682 -0
    outer loop
      vertex 86.6563 -65.7812 10
      vertex 86.27 -65.72 4
      vertex 86.6563 -65.7812 4
    endloop
  endfacet
  facet normal -0.891026 0.453953 0
    outer loop
      vertex 87.2813 -67.7047 4
      vertex 87.4588 -67.3563 10
      vertex 87.4588 -67.3563 4
    endloop
  endfacet
  facet normal -0.891026 0.453953 0
    outer loop
      vertex 87.4588 -67.3563 10
      vertex 87.2813 -67.7047 4
      vertex 87.2813 -67.7047 10
    endloop
  endfacet
  facet normal 0 0 1
    outer loop
      vertex 87.4588 -66.5837 4
      vertex 87.4588 -67.3563 4
      vertex 87.52 -66.97 4
    endloop
  endfacet
  facet normal 0 0 1
    outer loop
      vertex 87.2813 -66.2353 4
      vertex 87.4588 -67.3563 4
      vertex 87.4588 -66.5837 4
    endloop
  endfacet
  facet normal 0 0 1
    outer loop
      vertex 87.2813 -66.2353 4
      vertex 87.2813 -67.7047 4
      vertex 87.4588 -67.3563 4
    endloop
  endfacet
  facet normal 0 0 1
    outer loop
      vertex 87.0047 -65.9587 4
      vertex 87.2813 -67.7047 4
      vertex 87.2813 -66.2353 4
    endloop
  endfacet
  facet normal 0 0 1
    outer loop
      vertex 87.0047 -65.9587 4
      vertex 87.0047 -67.9813 4
      vertex 87.2813 -67.7047 4
    endloop
  endfacet
  facet normal 0 0 1
    outer loop
      vertex 86.6563 -65.7812 4
      vertex 87.0047 -67.9813 4
      vertex 87.0047 -65.9587 4
    endloop
  endfacet
  facet normal 0 0 1
    outer loop
      vertex 86.6563 -65.7812 4
      vertex 86.6563 -68.1588 4
      vertex 87.0047 -67.9813 4
    endloop
  endfacet
  facet normal 0 0 1
    outer loop
      vertex 86.27 -65.72 4
      vertex 86.6563 -68.1588 4
      vertex 86.6563 -65.7812 4
    endloop
  endfacet
  facet normal 0 0 1
    outer loop
      vertex 86.27 -65.72 4
      vertex 86.27 -68.22 4
      vertex 86.6563 -68.1588 4
    endloop
  endfacet
  facet normal -0 0 1
    outer loop
      vertex 85.8837 -65.7812 4
      vertex 86.27 -68.22 4
      vertex 86.27 -65.72 4
    endloop
  endfacet
  facet normal 0 0 1
    outer loop
      vertex 85.8837 -65.7812 4
      vertex 85.8837 -68.1588 4
      vertex 86.27 -68.22 4
    endloop
  endfacet
  facet normal -0 0 1
    outer loop
      vertex 85.5353 -65.9587 4
      vertex 85.8837 -68.1588 4
      vertex 85.8837 -65.7812 4
    endloop
  endfacet
  facet normal 0 0 1
    outer loop
      vertex 85.5353 -65.9587 4
      vertex 85.5353 -67.9813 4
      vertex 85.8837 -68.1588 4
    endloop
  endfacet
  facet normal -0 0 1
    outer loop
      vertex 85.2587 -66.2353 4
      vertex 85.5353 -67.9813 4
      vertex 85.5353 -65.9587 4
    endloop
  endfacet
  facet normal 0 0 1
    outer loop
      vertex 85.2587 -66.2353 4
      vertex 85.2587 -67.7047 4
      vertex 85.5353 -67.9813 4
    endloop
  endfacet
  facet normal -0 0 1
    outer loop
      vertex 85.0812 -66.5837 4
      vertex 85.2587 -67.7047 4
      vertex 85.2587 -66.2353 4
    endloop
  endfacet
  facet normal 0 0 1
    outer loop
      vertex 85.0812 -66.5837 4
      vertex 85.0812 -67.3563 4
      vertex 85.2587 -67.7047 4
    endloop
  endfacet
  facet normal 0 -0 1
    outer loop
      vertex 85.0812 -67.3563 4
      vertex 85.0812 -66.5837 4
      vertex 85.02 -66.97 4
    endloop
  endfacet
  facet normal 0.453953 0.891026 -0
    outer loop
      vertex 85.8837 -68.1588 4
      vertex 85.5353 -67.9813 10
      vertex 85.8837 -68.1588 10
    endloop
  endfacet
  facet normal 0.453953 0.891026 0
    outer loop
      vertex 85.5353 -67.9813 10
      vertex 85.8837 -68.1588 4
      vertex 85.5353 -67.9813 4
    endloop
  endfacet
  facet normal 0.891026 0.453953 0
    outer loop
      vertex 85.2587 -67.7047 10
      vertex 85.0812 -67.3563 4
      vertex 85.0812 -67.3563 10
    endloop
  endfacet
  facet normal 0.891026 0.453953 0
    outer loop
      vertex 85.0812 -67.3563 4
      vertex 85.2587 -67.7047 10
      vertex 85.2587 -67.7047 4
    endloop
  endfacet
  facet normal -0.707107 -0.707107 0
    outer loop
      vertex 87.2813 -66.2353 4
      vertex 87.0047 -65.9587 10
      vertex 87.0047 -65.9587 4
    endloop
  endfacet
  facet normal -0.707107 -0.707107 0
    outer loop
      vertex 87.0047 -65.9587 10
      vertex 87.2813 -66.2353 4
      vertex 87.2813 -66.2353 10
    endloop
  endfacet
  facet normal -0.987682 -0.156475 0
    outer loop
      vertex 96.75 -54 4
      vertex 96.6888 -53.6137 10.5
      vertex 96.6888 -53.6137 4
    endloop
  endfacet
  facet normal -0.987682 -0.156475 0
    outer loop
      vertex 96.6888 -53.6137 10.5
      vertex 96.75 -54 4
      vertex 96.75 -54 10.5
    endloop
  endfacet
  facet normal -0.891026 -0.453953 0
    outer loop
      vertex 96.6888 -53.6137 4
      vertex 96.5113 -53.2653 10.5
      vertex 96.5113 -53.2653 4
    endloop
  endfacet
  facet normal -0.891026 -0.453953 0
    outer loop
      vertex 96.5113 -53.2653 10.5
      vertex 96.6888 -53.6137 4
      vertex 96.6888 -53.6137 10.5
    endloop
  endfacet
  facet normal -0.453953 0.891026 0
    outer loop
      vertex 96.2347 -55.0113 4
      vertex 95.8863 -55.1888 10.5
      vertex 96.2347 -55.0113 10.5
    endloop
  endfacet
  facet normal -0.453953 0.891026 0
    outer loop
      vertex 95.8863 -55.1888 10.5
      vertex 96.2347 -55.0113 4
      vertex 95.8863 -55.1888 4
    endloop
  endfacet
  facet normal -0.707107 0.707107 0
    outer loop
      vertex 96.2347 -55.0113 4
      vertex 96.5113 -54.7347 10.5
      vertex 96.5113 -54.7347 4
    endloop
  endfacet
  facet normal -0.707107 0.707107 0
    outer loop
      vertex 96.5113 -54.7347 10.5
      vertex 96.2347 -55.0113 4
      vertex 96.2347 -55.0113 10.5
    endloop
  endfacet
  facet normal -0.707107 -0.707107 0
    outer loop
      vertex 96.5113 -53.2653 4
      vertex 96.2347 -52.9887 10.5
      vertex 96.2347 -52.9887 4
    endloop
  endfacet
  facet normal -0.707107 -0.707107 0
    outer loop
      vertex 96.2347 -52.9887 10.5
      vertex 96.5113 -53.2653 4
      vertex 96.5113 -53.2653 10.5
    endloop
  endfacet
  facet normal 0.891026 -0.453953 0
    outer loop
      vertex 94.3112 -53.6137 10.5
      vertex 94.4887 -53.2653 4
      vertex 94.4887 -53.2653 10.5
    endloop
  endfacet
  facet normal 0.891026 -0.453953 0
    outer loop
      vertex 94.4887 -53.2653 4
      vertex 94.3112 -53.6137 10.5
      vertex 94.3112 -53.6137 4
    endloop
  endfacet
  facet normal 0.987682 0.156475 0
    outer loop
      vertex 94.3112 -54.3863 10.5
      vertex 94.25 -54 4
      vertex 94.25 -54 10.5
    endloop
  endfacet
  facet normal 0.987682 0.156475 0
    outer loop
      vertex 94.25 -54 4
      vertex 94.3112 -54.3863 10.5
      vertex 94.3112 -54.3863 4
    endloop
  endfacet
  facet normal -0.156475 0.987682 0
    outer loop
      vertex 95.8863 -55.1888 4
      vertex 95.5 -55.25 10.5
      vertex 95.8863 -55.1888 10.5
    endloop
  endfacet
  facet normal -0.156475 0.987682 0
    outer loop
      vertex 95.5 -55.25 10.5
      vertex 95.8863 -55.1888 4
      vertex 95.5 -55.25 4
    endloop
  endfacet
  facet normal 0.156475 0.987682 -0
    outer loop
      vertex 95.5 -55.25 4
      vertex 95.1137 -55.1888 10.5
      vertex 95.5 -55.25 10.5
    endloop
  endfacet
  facet normal 0.156475 0.987682 0
    outer loop
      vertex 95.1137 -55.1888 10.5
      vertex 95.5 -55.25 4
      vertex 95.1137 -55.1888 4
    endloop
  endfacet
  facet normal 0.891026 0.453953 0
    outer loop
      vertex 94.4887 -54.7347 10.5
      vertex 94.3112 -54.3863 4
      vertex 94.3112 -54.3863 10.5
    endloop
  endfacet
  facet normal 0.891026 0.453953 0
    outer loop
      vertex 94.3112 -54.3863 4
      vertex 94.4887 -54.7347 10.5
      vertex 94.4887 -54.7347 4
    endloop
  endfacet
  facet normal -0.453953 -0.891026 0
    outer loop
      vertex 95.8863 -52.8112 4
      vertex 96.2347 -52.9887 10.5
      vertex 95.8863 -52.8112 10.5
    endloop
  endfacet
  facet normal -0.453953 -0.891026 -0
    outer loop
      vertex 96.2347 -52.9887 10.5
      vertex 95.8863 -52.8112 4
      vertex 96.2347 -52.9887 4
    endloop
  endfacet
  facet normal 0.156475 -0.987682 0
    outer loop
      vertex 95.1137 -52.8112 4
      vertex 95.5 -52.75 10.5
      vertex 95.1137 -52.8112 10.5
    endloop
  endfacet
  facet normal 0.156475 -0.987682 0
    outer loop
      vertex 95.5 -52.75 10.5
      vertex 95.1137 -52.8112 4
      vertex 95.5 -52.75 4
    endloop
  endfacet
  facet normal -0.156475 -0.987682 0
    outer loop
      vertex 95.5 -52.75 4
      vertex 95.8863 -52.8112 10.5
      vertex 95.5 -52.75 10.5
    endloop
  endfacet
  facet normal -0.156475 -0.987682 -0
    outer loop
      vertex 95.8863 -52.8112 10.5
      vertex 95.5 -52.75 4
      vertex 95.8863 -52.8112 4
    endloop
  endfacet
  facet normal 0.453953 -0.891026 0
    outer loop
      vertex 94.7653 -52.9887 4
      vertex 95.1137 -52.8112 10.5
      vertex 94.7653 -52.9887 10.5
    endloop
  endfacet
  facet normal 0.453953 -0.891026 0
    outer loop
      vertex 95.1137 -52.8112 10.5
      vertex 94.7653 -52.9887 4
      vertex 95.1137 -52.8112 4
    endloop
  endfacet
  facet normal 0.987682 -0.156475 0
    outer loop
      vertex 94.25 -54 10.5
      vertex 94.3112 -53.6137 4
      vertex 94.3112 -53.6137 10.5
    endloop
  endfacet
  facet normal 0.987682 -0.156475 0
    outer loop
      vertex 94.3112 -53.6137 4
      vertex 94.25 -54 10.5
      vertex 94.25 -54 4
    endloop
  endfacet
  facet normal 0.707107 -0.707107 0
    outer loop
      vertex 94.4887 -53.2653 10.5
      vertex 94.7653 -52.9887 4
      vertex 94.7653 -52.9887 10.5
    endloop
  endfacet
  facet normal 0.707107 -0.707107 0
    outer loop
      vertex 94.7653 -52.9887 4
      vertex 94.4887 -53.2653 10.5
      vertex 94.4887 -53.2653 4
    endloop
  endfacet
  facet normal 0.707107 0.707107 0
    outer loop
      vertex 94.7653 -55.0113 10.5
      vertex 94.4887 -54.7347 4
      vertex 94.4887 -54.7347 10.5
    endloop
  endfacet
  facet normal 0.707107 0.707107 0
    outer loop
      vertex 94.4887 -54.7347 4
      vertex 94.7653 -55.0113 10.5
      vertex 94.7653 -55.0113 4
    endloop
  endfacet
  facet normal 0.453953 0.891026 -0
    outer loop
      vertex 95.1137 -55.1888 4
      vertex 94.7653 -55.0113 10.5
      vertex 95.1137 -55.1888 10.5
    endloop
  endfacet
  facet normal 0.453953 0.891026 0
    outer loop
      vertex 94.7653 -55.0113 10.5
      vertex 95.1137 -55.1888 4
      vertex 94.7653 -55.0113 4
    endloop
  endfacet
  facet normal -0.891026 0.453953 0
    outer loop
      vertex 96.5113 -54.7347 4
      vertex 96.6888 -54.3863 10.5
      vertex 96.6888 -54.3863 4
    endloop
  endfacet
  facet normal -0.891026 0.453953 0
    outer loop
      vertex 96.6888 -54.3863 10.5
      vertex 96.5113 -54.7347 4
      vertex 96.5113 -54.7347 10.5
    endloop
  endfacet
  facet normal -0.987682 0.156475 0
    outer loop
      vertex 96.6888 -54.3863 4
      vertex 96.75 -54 10.5
      vertex 96.75 -54 4
    endloop
  endfacet
  facet normal -0.987682 0.156475 0
    outer loop
      vertex 96.75 -54 10.5
      vertex 96.6888 -54.3863 4
      vertex 96.6888 -54.3863 10.5
    endloop
  endfacet
  facet normal 0 0 1
    outer loop
      vertex 96.6888 -53.6137 4
      vertex 96.6888 -54.3863 4
      vertex 96.75 -54 4
    endloop
  endfacet
  facet normal 0 0 1
    outer loop
      vertex 96.5113 -53.2653 4
      vertex 96.6888 -54.3863 4
      vertex 96.6888 -53.6137 4
    endloop
  endfacet
  facet normal 0 0 1
    outer loop
      vertex 96.5113 -53.2653 4
      vertex 96.5113 -54.7347 4
      vertex 96.6888 -54.3863 4
    endloop
  endfacet
  facet normal 0 0 1
    outer loop
      vertex 96.2347 -52.9887 4
      vertex 96.5113 -54.7347 4
      vertex 96.5113 -53.2653 4
    endloop
  endfacet
  facet normal 0 0 1
    outer loop
      vertex 96.2347 -52.9887 4
      vertex 96.2347 -55.0113 4
      vertex 96.5113 -54.7347 4
    endloop
  endfacet
  facet normal 0 0 1
    outer loop
      vertex 95.8863 -52.8112 4
      vertex 96.2347 -55.0113 4
      vertex 96.2347 -52.9887 4
    endloop
  endfacet
  facet normal 0 0 1
    outer loop
      vertex 95.8863 -52.8112 4
      vertex 95.8863 -55.1888 4
      vertex 96.2347 -55.0113 4
    endloop
  endfacet
  facet normal 0 0 1
    outer loop
      vertex 95.5 -52.75 4
      vertex 95.8863 -55.1888 4
      vertex 95.8863 -52.8112 4
    endloop
  endfacet
  facet normal 0 0 1
    outer loop
      vertex 95.5 -52.75 4
      vertex 95.5 -55.25 4
      vertex 95.8863 -55.1888 4
    endloop
  endfacet
  facet normal -0 0 1
    outer loop
      vertex 95.1137 -52.8112 4
      vertex 95.5 -55.25 4
      vertex 95.5 -52.75 4
    endloop
  endfacet
  facet normal 0 0 1
    outer loop
      vertex 95.1137 -52.8112 4
      vertex 95.1137 -55.1888 4
      vertex 95.5 -55.25 4
    endloop
  endfacet
  facet normal -0 0 1
    outer loop
      vertex 94.7653 -52.9887 4
      vertex 95.1137 -55.1888 4
      vertex 95.1137 -52.8112 4
    endloop
  endfacet
  facet normal 0 0 1
    outer loop
      vertex 94.7653 -52.9887 4
      vertex 94.7653 -55.0113 4
      vertex 95.1137 -55.1888 4
    endloop
  endfacet
  facet normal -0 0 1
    outer loop
      vertex 94.4887 -53.2653 4
      vertex 94.7653 -55.0113 4
      vertex 94.7653 -52.9887 4
    endloop
  endfacet
  facet normal 0 0 1
    outer loop
      vertex 94.4887 -53.2653 4
      vertex 94.4887 -54.7347 4
      vertex 94.7653 -55.0113 4
    endloop
  endfacet
  facet normal -0 0 1
    outer loop
      vertex 94.3112 -53.6137 4
      vertex 94.4887 -54.7347 4
      vertex 94.4887 -53.2653 4
    endloop
  endfacet
  facet normal 0 0 1
    outer loop
      vertex 94.3112 -53.6137 4
      vertex 94.3112 -54.3863 4
      vertex 94.4887 -54.7347 4
    endloop
  endfacet
  facet normal 0 -0 1
    outer loop
      vertex 94.3112 -54.3863 4
      vertex 94.3112 -53.6137 4
      vertex 94.25 -54 4
    endloop
  endfacet
  facet normal -0.987761 -0.155976 0
    outer loop
      vertex 110.75 -54 4
      vertex 110.689 -53.6137 10.5
      vertex 110.689 -53.6137 4
    endloop
  endfacet
  facet normal -0.987761 -0.155976 0
    outer loop
      vertex 110.689 -53.6137 10.5
      vertex 110.75 -54 4
      vertex 110.75 -54 10.5
    endloop
  endfacet
  facet normal -0.890508 -0.454967 0
    outer loop
      vertex 110.689 -53.6137 4
      vertex 110.511 -53.2653 10.5
      vertex 110.511 -53.2653 4
    endloop
  endfacet
  facet normal -0.890508 -0.454967 0
    outer loop
      vertex 110.511 -53.2653 10.5
      vertex 110.689 -53.6137 4
      vertex 110.689 -53.6137 10.5
    endloop
  endfacet
  facet normal -0.453333 0.891341 0
    outer loop
      vertex 110.235 -55.0113 4
      vertex 109.886 -55.1888 10.5
      vertex 110.235 -55.0113 10.5
    endloop
  endfacet
  facet normal -0.453333 0.891341 0
    outer loop
      vertex 109.886 -55.1888 10.5
      vertex 110.235 -55.0113 4
      vertex 109.886 -55.1888 4
    endloop
  endfacet
  facet normal -0.707874 0.706339 0
    outer loop
      vertex 110.235 -55.0113 4
      vertex 110.511 -54.7347 10.5
      vertex 110.511 -54.7347 4
    endloop
  endfacet
  facet normal -0.707874 0.706339 0
    outer loop
      vertex 110.511 -54.7347 10.5
      vertex 110.235 -55.0113 4
      vertex 110.235 -55.0113 10.5
    endloop
  endfacet
  facet normal -0.707874 -0.706339 0
    outer loop
      vertex 110.511 -53.2653 4
      vertex 110.235 -52.9887 10.5
      vertex 110.235 -52.9887 4
    endloop
  endfacet
  facet normal -0.707874 -0.706339 0
    outer loop
      vertex 110.235 -52.9887 10.5
      vertex 110.511 -53.2653 4
      vertex 110.511 -53.2653 10.5
    endloop
  endfacet
  facet normal 0.890508 -0.454967 0
    outer loop
      vertex 108.311 -53.6137 10.5
      vertex 108.489 -53.2653 4
      vertex 108.489 -53.2653 10.5
    endloop
  endfacet
  facet normal 0.890508 -0.454967 0
    outer loop
      vertex 108.489 -53.2653 4
      vertex 108.311 -53.6137 10.5
      vertex 108.311 -53.6137 4
    endloop
  endfacet
  facet normal 0.987761 0.155976 0
    outer loop
      vertex 108.311 -54.3863 10.5
      vertex 108.25 -54 4
      vertex 108.25 -54 10.5
    endloop
  endfacet
  facet normal 0.987761 0.155976 0
    outer loop
      vertex 108.25 -54 4
      vertex 108.311 -54.3863 10.5
      vertex 108.311 -54.3863 4
    endloop
  endfacet
  facet normal 0.156593 0.987663 -0
    outer loop
      vertex 109.5 -55.25 4
      vertex 109.114 -55.1888 10.5
      vertex 109.5 -55.25 10.5
    endloop
  endfacet
  facet normal 0.156593 0.987663 0
    outer loop
      vertex 109.114 -55.1888 10.5
      vertex 109.5 -55.25 4
      vertex 109.114 -55.1888 4
    endloop
  endfacet
  facet normal 0.890508 0.454967 0
    outer loop
      vertex 108.489 -54.7347 10.5
      vertex 108.311 -54.3863 4
      vertex 108.311 -54.3863 10.5
    endloop
  endfacet
  facet normal 0.890508 0.454967 0
    outer loop
      vertex 108.311 -54.3863 4
      vertex 108.489 -54.7347 10.5
      vertex 108.489 -54.7347 4
    endloop
  endfacet
  facet normal -0.890508 0.454967 0
    outer loop
      vertex 110.511 -54.7347 4
      vertex 110.689 -54.3863 10.5
      vertex 110.689 -54.3863 4
    endloop
  endfacet
  facet normal -0.890508 0.454967 0
    outer loop
      vertex 110.689 -54.3863 10.5
      vertex 110.511 -54.7347 4
      vertex 110.511 -54.7347 10.5
    endloop
  endfacet
  facet normal -0.453333 -0.891341 0
    outer loop
      vertex 109.886 -52.8112 4
      vertex 110.235 -52.9887 10.5
      vertex 109.886 -52.8112 10.5
    endloop
  endfacet
  facet normal -0.453333 -0.891341 -0
    outer loop
      vertex 110.235 -52.9887 10.5
      vertex 109.886 -52.8112 4
      vertex 110.235 -52.9887 4
    endloop
  endfacet
  facet normal 0.156593 -0.987663 0
    outer loop
      vertex 109.114 -52.8112 4
      vertex 109.5 -52.75 10.5
      vertex 109.114 -52.8112 10.5
    endloop
  endfacet
  facet normal 0.156593 -0.987663 0
    outer loop
      vertex 109.5 -52.75 10.5
      vertex 109.114 -52.8112 4
      vertex 109.5 -52.75 4
    endloop
  endfacet
  facet normal -0.156593 -0.987663 0
    outer loop
      vertex 109.5 -52.75 4
      vertex 109.886 -52.8112 10.5
      vertex 109.5 -52.75 10.5
    endloop
  endfacet
  facet normal -0.156593 -0.987663 -0
    outer loop
      vertex 109.886 -52.8112 10.5
      vertex 109.5 -52.75 4
      vertex 109.886 -52.8112 4
    endloop
  endfacet
  facet normal 0.453333 -0.891341 0
    outer loop
      vertex 108.765 -52.9887 4
      vertex 109.114 -52.8112 10.5
      vertex 108.765 -52.9887 10.5
    endloop
  endfacet
  facet normal 0.453333 -0.891341 0
    outer loop
      vertex 109.114 -52.8112 10.5
      vertex 108.765 -52.9887 4
      vertex 109.114 -52.8112 4
    endloop
  endfacet
  facet normal 0.987761 -0.155976 0
    outer loop
      vertex 108.25 -54 10.5
      vertex 108.311 -53.6137 4
      vertex 108.311 -53.6137 10.5
    endloop
  endfacet
  facet normal 0.987761 -0.155976 0
    outer loop
      vertex 108.311 -53.6137 4
      vertex 108.25 -54 10.5
      vertex 108.25 -54 4
    endloop
  endfacet
  facet normal -0.156593 0.987663 0
    outer loop
      vertex 109.886 -55.1888 4
      vertex 109.5 -55.25 10.5
      vertex 109.886 -55.1888 10.5
    endloop
  endfacet
  facet normal -0.156593 0.987663 0
    outer loop
      vertex 109.5 -55.25 10.5
      vertex 109.886 -55.1888 4
      vertex 109.5 -55.25 4
    endloop
  endfacet
  facet normal 0.707874 -0.706339 0
    outer loop
      vertex 108.489 -53.2653 10.5
      vertex 108.765 -52.9887 4
      vertex 108.765 -52.9887 10.5
    endloop
  endfacet
  facet normal 0.707874 -0.706339 0
    outer loop
      vertex 108.765 -52.9887 4
      vertex 108.489 -53.2653 10.5
      vertex 108.489 -53.2653 4
    endloop
  endfacet
  facet normal 0.707874 0.706339 0
    outer loop
      vertex 108.765 -55.0113 10.5
      vertex 108.489 -54.7347 4
      vertex 108.489 -54.7347 10.5
    endloop
  endfacet
  facet normal 0.707874 0.706339 0
    outer loop
      vertex 108.489 -54.7347 4
      vertex 108.765 -55.0113 10.5
      vertex 108.765 -55.0113 4
    endloop
  endfacet
  facet normal 0.453333 0.891341 -0
    outer loop
      vertex 109.114 -55.1888 4
      vertex 108.765 -55.0113 10.5
      vertex 109.114 -55.1888 10.5
    endloop
  endfacet
  facet normal 0.453333 0.891341 0
    outer loop
      vertex 108.765 -55.0113 10.5
      vertex 109.114 -55.1888 4
      vertex 108.765 -55.0113 4
    endloop
  endfacet
  facet normal -0.987761 0.155976 0
    outer loop
      vertex 110.689 -54.3863 4
      vertex 110.75 -54 10.5
      vertex 110.75 -54 4
    endloop
  endfacet
  facet normal -0.987761 0.155976 0
    outer loop
      vertex 110.75 -54 10.5
      vertex 110.689 -54.3863 4
      vertex 110.689 -54.3863 10.5
    endloop
  endfacet
  facet normal 0 0 1
    outer loop
      vertex 110.689 -53.6137 4
      vertex 110.689 -54.3863 4
      vertex 110.75 -54 4
    endloop
  endfacet
  facet normal 0 0 1
    outer loop
      vertex 110.511 -53.2653 4
      vertex 110.689 -54.3863 4
      vertex 110.689 -53.6137 4
    endloop
  endfacet
  facet normal 0 0 1
    outer loop
      vertex 110.511 -53.2653 4
      vertex 110.511 -54.7347 4
      vertex 110.689 -54.3863 4
    endloop
  endfacet
  facet normal 0 0 1
    outer loop
      vertex 110.235 -52.9887 4
      vertex 110.511 -54.7347 4
      vertex 110.511 -53.2653 4
    endloop
  endfacet
  facet normal 0 0 1
    outer loop
      vertex 110.235 -52.9887 4
      vertex 110.235 -55.0113 4
      vertex 110.511 -54.7347 4
    endloop
  endfacet
  facet normal 0 0 1
    outer loop
      vertex 109.886 -52.8112 4
      vertex 110.235 -55.0113 4
      vertex 110.235 -52.9887 4
    endloop
  endfacet
  facet normal 0 0 1
    outer loop
      vertex 109.886 -52.8112 4
      vertex 109.886 -55.1888 4
      vertex 110.235 -55.0113 4
    endloop
  endfacet
  facet normal 0 0 1
    outer loop
      vertex 109.5 -52.75 4
      vertex 109.886 -55.1888 4
      vertex 109.886 -52.8112 4
    endloop
  endfacet
  facet normal 0 0 1
    outer loop
      vertex 109.5 -52.75 4
      vertex 109.5 -55.25 4
      vertex 109.886 -55.1888 4
    endloop
  endfacet
  facet normal -0 0 1
    outer loop
      vertex 109.114 -52.8112 4
      vertex 109.5 -55.25 4
      vertex 109.5 -52.75 4
    endloop
  endfacet
  facet normal 0 0 1
    outer loop
      vertex 109.114 -52.8112 4
      vertex 109.114 -55.1888 4
      vertex 109.5 -55.25 4
    endloop
  endfacet
  facet normal -0 0 1
    outer loop
      vertex 108.765 -52.9887 4
      vertex 109.114 -55.1888 4
      vertex 109.114 -52.8112 4
    endloop
  endfacet
  facet normal 0 0 1
    outer loop
      vertex 108.765 -52.9887 4
      vertex 108.765 -55.0113 4
      vertex 109.114 -55.1888 4
    endloop
  endfacet
  facet normal -0 0 1
    outer loop
      vertex 108.489 -53.2653 4
      vertex 108.765 -55.0113 4
      vertex 108.765 -52.9887 4
    endloop
  endfacet
  facet normal 0 0 1
    outer loop
      vertex 108.489 -53.2653 4
      vertex 108.489 -54.7347 4
      vertex 108.765 -55.0113 4
    endloop
  endfacet
  facet normal -0 0 1
    outer loop
      vertex 108.311 -53.6137 4
      vertex 108.489 -54.7347 4
      vertex 108.489 -53.2653 4
    endloop
  endfacet
  facet normal 0 0 1
    outer loop
      vertex 108.311 -53.6137 4
      vertex 108.311 -54.3863 4
      vertex 108.489 -54.7347 4
    endloop
  endfacet
  facet normal 0 -0 1
    outer loop
      vertex 108.311 -54.3863 4
      vertex 108.311 -53.6137 4
      vertex 108.25 -54 4
    endloop
  endfacet
  facet normal 0.891026 0 -0.453953
    outer loop
      vertex 33.9887 -6.7 27.7347
      vertex 33.8112 -2.7 27.3863
      vertex 33.9887 -2.7 27.7347
    endloop
  endfacet
  facet normal 0.891026 0 -0.453953
    outer loop
      vertex 33.8112 -2.7 27.3863
      vertex 33.9887 -6.7 27.7347
      vertex 33.8112 -6.7 27.3863
    endloop
  endfacet
  facet normal -0.987682 0 -0.156475
    outer loop
      vertex 36.25 -6.7 27
      vertex 36.1888 -2.7 27.3863
      vertex 36.25 -2.7 27
    endloop
  endfacet
  facet normal -0.987682 -0 -0.156475
    outer loop
      vertex 36.1888 -2.7 27.3863
      vertex 36.25 -6.7 27
      vertex 36.1888 -6.7 27.3863
    endloop
  endfacet
  facet normal -0.453953 0 -0.891026
    outer loop
      vertex 35.3863 -6.7 28.1888
      vertex 35.7347 -2.7 28.0113
      vertex 35.7347 -6.7 28.0113
    endloop
  endfacet
  facet normal -0.453953 0 -0.891026
    outer loop
      vertex 35.7347 -2.7 28.0113
      vertex 35.3863 -6.7 28.1888
      vertex 35.3863 -2.7 28.1888
    endloop
  endfacet
  facet normal -0.891026 0 -0.453953
    outer loop
      vertex 36.1888 -6.7 27.3863
      vertex 36.0113 -2.7 27.7347
      vertex 36.1888 -2.7 27.3863
    endloop
  endfacet
  facet normal -0.891026 -0 -0.453953
    outer loop
      vertex 36.0113 -2.7 27.7347
      vertex 36.1888 -6.7 27.3863
      vertex 36.0113 -6.7 27.7347
    endloop
  endfacet
  facet normal -0.453953 0 0.891026
    outer loop
      vertex 35.3863 -2.7 25.8112
      vertex 35.7347 -6.7 25.9887
      vertex 35.7347 -2.7 25.9887
    endloop
  endfacet
  facet normal -0.453953 0 0.891026
    outer loop
      vertex 35.7347 -6.7 25.9887
      vertex 35.3863 -2.7 25.8112
      vertex 35.3863 -6.7 25.8112
    endloop
  endfacet
  facet normal 0.453953 0 0.891026
    outer loop
      vertex 34.2653 -2.7 25.9887
      vertex 34.6137 -6.7 25.8112
      vertex 34.6137 -2.7 25.8112
    endloop
  endfacet
  facet normal 0.453953 0 0.891026
    outer loop
      vertex 34.6137 -6.7 25.8112
      vertex 34.2653 -2.7 25.9887
      vertex 34.2653 -6.7 25.9887
    endloop
  endfacet
  facet normal -0.707107 0 -0.707107
    outer loop
      vertex 36.0113 -6.7 27.7347
      vertex 35.7347 -2.7 28.0113
      vertex 36.0113 -2.7 27.7347
    endloop
  endfacet
  facet normal -0.707107 -0 -0.707107
    outer loop
      vertex 35.7347 -2.7 28.0113
      vertex 36.0113 -6.7 27.7347
      vertex 35.7347 -6.7 28.0113
    endloop
  endfacet
  facet normal 0.891026 -0 0.453953
    outer loop
      vertex 33.8112 -6.7 26.6137
      vertex 33.9887 -2.7 26.2653
      vertex 33.8112 -2.7 26.6137
    endloop
  endfacet
  facet normal 0.891026 0 0.453953
    outer loop
      vertex 33.9887 -2.7 26.2653
      vertex 33.8112 -6.7 26.6137
      vertex 33.9887 -6.7 26.2653
    endloop
  endfacet
  facet normal -0.156475 0 -0.987682
    outer loop
      vertex 35 -6.7 28.25
      vertex 35.3863 -2.7 28.1888
      vertex 35.3863 -6.7 28.1888
    endloop
  endfacet
  facet normal -0.156475 0 -0.987682
    outer loop
      vertex 35.3863 -2.7 28.1888
      vertex 35 -6.7 28.25
      vertex 35 -2.7 28.25
    endloop
  endfacet
  facet normal -0.707107 0 0.707107
    outer loop
      vertex 35.7347 -6.7 25.9887
      vertex 36.0113 -2.7 26.2653
      vertex 35.7347 -2.7 25.9887
    endloop
  endfacet
  facet normal -0.707107 0 0.707107
    outer loop
      vertex 36.0113 -2.7 26.2653
      vertex 35.7347 -6.7 25.9887
      vertex 36.0113 -6.7 26.2653
    endloop
  endfacet
  facet normal 0.453953 0 -0.891026
    outer loop
      vertex 34.2653 -6.7 28.0113
      vertex 34.6137 -2.7 28.1888
      vertex 34.6137 -6.7 28.1888
    endloop
  endfacet
  facet normal 0.453953 0 -0.891026
    outer loop
      vertex 34.6137 -2.7 28.1888
      vertex 34.2653 -6.7 28.0113
      vertex 34.2653 -2.7 28.0113
    endloop
  endfacet
  facet normal 0.156475 0 -0.987682
    outer loop
      vertex 34.6137 -6.7 28.1888
      vertex 35 -2.7 28.25
      vertex 35 -6.7 28.25
    endloop
  endfacet
  facet normal 0.156475 0 -0.987682
    outer loop
      vertex 35 -2.7 28.25
      vertex 34.6137 -6.7 28.1888
      vertex 34.6137 -2.7 28.1888
    endloop
  endfacet
  facet normal 0.156475 0 0.987682
    outer loop
      vertex 34.6137 -2.7 25.8112
      vertex 35 -6.7 25.75
      vertex 35 -2.7 25.75
    endloop
  endfacet
  facet normal 0.156475 0 0.987682
    outer loop
      vertex 35 -6.7 25.75
      vertex 34.6137 -2.7 25.8112
      vertex 34.6137 -6.7 25.8112
    endloop
  endfacet
  facet normal 0.987682 0 -0.156475
    outer loop
      vertex 33.8112 -6.7 27.3863
      vertex 33.75 -2.7 27
      vertex 33.8112 -2.7 27.3863
    endloop
  endfacet
  facet normal 0.987682 0 -0.156475
    outer loop
      vertex 33.75 -2.7 27
      vertex 33.8112 -6.7 27.3863
      vertex 33.75 -6.7 27
    endloop
  endfacet
  facet normal 0.707107 0 -0.707107
    outer loop
      vertex 34.2653 -6.7 28.0113
      vertex 33.9887 -2.7 27.7347
      vertex 34.2653 -2.7 28.0113
    endloop
  endfacet
  facet normal 0.707107 0 -0.707107
    outer loop
      vertex 33.9887 -2.7 27.7347
      vertex 34.2653 -6.7 28.0113
      vertex 33.9887 -6.7 27.7347
    endloop
  endfacet
  facet normal 0.707107 -0 0.707107
    outer loop
      vertex 33.9887 -6.7 26.2653
      vertex 34.2653 -2.7 25.9887
      vertex 33.9887 -2.7 26.2653
    endloop
  endfacet
  facet normal 0.707107 0 0.707107
    outer loop
      vertex 34.2653 -2.7 25.9887
      vertex 33.9887 -6.7 26.2653
      vertex 34.2653 -6.7 25.9887
    endloop
  endfacet
  facet normal -0.156475 0 0.987682
    outer loop
      vertex 35 -2.7 25.75
      vertex 35.3863 -6.7 25.8112
      vertex 35.3863 -2.7 25.8112
    endloop
  endfacet
  facet normal -0.156475 0 0.987682
    outer loop
      vertex 35.3863 -6.7 25.8112
      vertex 35 -2.7 25.75
      vertex 35 -6.7 25.75
    endloop
  endfacet
  facet normal -0.891026 0 0.453953
    outer loop
      vertex 36.0113 -6.7 26.2653
      vertex 36.1888 -2.7 26.6137
      vertex 36.0113 -2.7 26.2653
    endloop
  endfacet
  facet normal -0.891026 0 0.453953
    outer loop
      vertex 36.1888 -2.7 26.6137
      vertex 36.0113 -6.7 26.2653
      vertex 36.1888 -6.7 26.6137
    endloop
  endfacet
  facet normal -0.987682 0 0.156475
    outer loop
      vertex 36.1888 -6.7 26.6137
      vertex 36.25 -2.7 27
      vertex 36.1888 -2.7 26.6137
    endloop
  endfacet
  facet normal -0.987682 0 0.156475
    outer loop
      vertex 36.25 -2.7 27
      vertex 36.1888 -6.7 26.6137
      vertex 36.25 -6.7 27
    endloop
  endfacet
  facet normal 0.987682 -0 0.156475
    outer loop
      vertex 33.75 -6.7 27
      vertex 33.8112 -2.7 26.6137
      vertex 33.75 -2.7 27
    endloop
  endfacet
  facet normal 0.987682 0 0.156475
    outer loop
      vertex 33.8112 -2.7 26.6137
      vertex 33.75 -6.7 27
      vertex 33.8112 -6.7 26.6137
    endloop
  endfacet
  facet normal 0.891026 0 -0.453953
    outer loop
      vertex 33.9887 -87.3 27.7347
      vertex 33.8112 -83.3 27.3863
      vertex 33.9887 -83.3 27.7347
    endloop
  endfacet
  facet normal 0.891026 0 -0.453953
    outer loop
      vertex 33.8112 -83.3 27.3863
      vertex 33.9887 -87.3 27.7347
      vertex 33.8112 -87.3 27.3863
    endloop
  endfacet
  facet normal -0.987682 0 -0.156475
    outer loop
      vertex 36.25 -87.3 27
      vertex 36.1888 -83.3 27.3863
      vertex 36.25 -83.3 27
    endloop
  endfacet
  facet normal -0.987682 -0 -0.156475
    outer loop
      vertex 36.1888 -83.3 27.3863
      vertex 36.25 -87.3 27
      vertex 36.1888 -87.3 27.3863
    endloop
  endfacet
  facet normal -0.453953 0 -0.891026
    outer loop
      vertex 35.3863 -87.3 28.1888
      vertex 35.7347 -83.3 28.0113
      vertex 35.7347 -87.3 28.0113
    endloop
  endfacet
  facet normal -0.453953 0 -0.891026
    outer loop
      vertex 35.7347 -83.3 28.0113
      vertex 35.3863 -87.3 28.1888
      vertex 35.3863 -83.3 28.1888
    endloop
  endfacet
  facet normal -0.891026 0 -0.453953
    outer loop
      vertex 36.1888 -87.3 27.3863
      vertex 36.0113 -83.3 27.7347
      vertex 36.1888 -83.3 27.3863
    endloop
  endfacet
  facet normal -0.891026 -0 -0.453953
    outer loop
      vertex 36.0113 -83.3 27.7347
      vertex 36.1888 -87.3 27.3863
      vertex 36.0113 -87.3 27.7347
    endloop
  endfacet
  facet normal -0.453953 0 0.891026
    outer loop
      vertex 35.3863 -83.3 25.8112
      vertex 35.7347 -87.3 25.9887
      vertex 35.7347 -83.3 25.9887
    endloop
  endfacet
  facet normal -0.453953 0 0.891026
    outer loop
      vertex 35.7347 -87.3 25.9887
      vertex 35.3863 -83.3 25.8112
      vertex 35.3863 -87.3 25.8112
    endloop
  endfacet
  facet normal 0.453953 0 0.891026
    outer loop
      vertex 34.2653 -83.3 25.9887
      vertex 34.6137 -87.3 25.8112
      vertex 34.6137 -83.3 25.8112
    endloop
  endfacet
  facet normal 0.453953 0 0.891026
    outer loop
      vertex 34.6137 -87.3 25.8112
      vertex 34.2653 -83.3 25.9887
      vertex 34.2653 -87.3 25.9887
    endloop
  endfacet
  facet normal -0.707107 0 -0.707107
    outer loop
      vertex 36.0113 -87.3 27.7347
      vertex 35.7347 -83.3 28.0113
      vertex 36.0113 -83.3 27.7347
    endloop
  endfacet
  facet normal -0.707107 -0 -0.707107
    outer loop
      vertex 35.7347 -83.3 28.0113
      vertex 36.0113 -87.3 27.7347
      vertex 35.7347 -87.3 28.0113
    endloop
  endfacet
  facet normal 0.891026 -0 0.453953
    outer loop
      vertex 33.8112 -87.3 26.6137
      vertex 33.9887 -83.3 26.2653
      vertex 33.8112 -83.3 26.6137
    endloop
  endfacet
  facet normal 0.891026 0 0.453953
    outer loop
      vertex 33.9887 -83.3 26.2653
      vertex 33.8112 -87.3 26.6137
      vertex 33.9887 -87.3 26.2653
    endloop
  endfacet
  facet normal -0.156475 0 -0.987682
    outer loop
      vertex 35 -87.3 28.25
      vertex 35.3863 -83.3 28.1888
      vertex 35.3863 -87.3 28.1888
    endloop
  endfacet
  facet normal -0.156475 0 -0.987682
    outer loop
      vertex 35.3863 -83.3 28.1888
      vertex 35 -87.3 28.25
      vertex 35 -83.3 28.25
    endloop
  endfacet
  facet normal -0.707107 0 0.707107
    outer loop
      vertex 35.7347 -87.3 25.9887
      vertex 36.0113 -83.3 26.2653
      vertex 35.7347 -83.3 25.9887
    endloop
  endfacet
  facet normal -0.707107 0 0.707107
    outer loop
      vertex 36.0113 -83.3 26.2653
      vertex 35.7347 -87.3 25.9887
      vertex 36.0113 -87.3 26.2653
    endloop
  endfacet
  facet normal 0.453953 0 -0.891026
    outer loop
      vertex 34.2653 -87.3 28.0113
      vertex 34.6137 -83.3 28.1888
      vertex 34.6137 -87.3 28.1888
    endloop
  endfacet
  facet normal 0.453953 0 -0.891026
    outer loop
      vertex 34.6137 -83.3 28.1888
      vertex 34.2653 -87.3 28.0113
      vertex 34.2653 -83.3 28.0113
    endloop
  endfacet
  facet normal 0.156475 0 -0.987682
    outer loop
      vertex 34.6137 -87.3 28.1888
      vertex 35 -83.3 28.25
      vertex 35 -87.3 28.25
    endloop
  endfacet
  facet normal 0.156475 0 -0.987682
    outer loop
      vertex 35 -83.3 28.25
      vertex 34.6137 -87.3 28.1888
      vertex 34.6137 -83.3 28.1888
    endloop
  endfacet
  facet normal 0.987682 0 -0.156475
    outer loop
      vertex 33.8112 -87.3 27.3863
      vertex 33.75 -83.3 27
      vertex 33.8112 -83.3 27.3863
    endloop
  endfacet
  facet normal 0.987682 0 -0.156475
    outer loop
      vertex 33.75 -83.3 27
      vertex 33.8112 -87.3 27.3863
      vertex 33.75 -87.3 27
    endloop
  endfacet
  facet normal 0.707107 0 -0.707107
    outer loop
      vertex 34.2653 -87.3 28.0113
      vertex 33.9887 -83.3 27.7347
      vertex 34.2653 -83.3 28.0113
    endloop
  endfacet
  facet normal 0.707107 0 -0.707107
    outer loop
      vertex 33.9887 -83.3 27.7347
      vertex 34.2653 -87.3 28.0113
      vertex 33.9887 -87.3 27.7347
    endloop
  endfacet
  facet normal 0.707107 -0 0.707107
    outer loop
      vertex 33.9887 -87.3 26.2653
      vertex 34.2653 -83.3 25.9887
      vertex 33.9887 -83.3 26.2653
    endloop
  endfacet
  facet normal 0.707107 0 0.707107
    outer loop
      vertex 34.2653 -83.3 25.9887
      vertex 33.9887 -87.3 26.2653
      vertex 34.2653 -87.3 25.9887
    endloop
  endfacet
  facet normal -0.156475 0 0.987682
    outer loop
      vertex 35 -83.3 25.75
      vertex 35.3863 -87.3 25.8112
      vertex 35.3863 -83.3 25.8112
    endloop
  endfacet
  facet normal -0.156475 0 0.987682
    outer loop
      vertex 35.3863 -87.3 25.8112
      vertex 35 -83.3 25.75
      vertex 35 -87.3 25.75
    endloop
  endfacet
  facet normal 0.156475 0 0.987682
    outer loop
      vertex 34.6137 -83.3 25.8112
      vertex 35 -87.3 25.75
      vertex 35 -83.3 25.75
    endloop
  endfacet
  facet normal 0.156475 0 0.987682
    outer loop
      vertex 35 -87.3 25.75
      vertex 34.6137 -83.3 25.8112
      vertex 34.6137 -87.3 25.8112
    endloop
  endfacet
  facet normal -0.891026 0 0.453953
    outer loop
      vertex 36.0113 -87.3 26.2653
      vertex 36.1888 -83.3 26.6137
      vertex 36.0113 -83.3 26.2653
    endloop
  endfacet
  facet normal -0.891026 0 0.453953
    outer loop
      vertex 36.1888 -83.3 26.6137
      vertex 36.0113 -87.3 26.2653
      vertex 36.1888 -87.3 26.6137
    endloop
  endfacet
  facet normal -0.987682 0 0.156475
    outer loop
      vertex 36.1888 -87.3 26.6137
      vertex 36.25 -83.3 27
      vertex 36.1888 -83.3 26.6137
    endloop
  endfacet
  facet normal -0.987682 0 0.156475
    outer loop
      vertex 36.25 -83.3 27
      vertex 36.1888 -87.3 26.6137
      vertex 36.25 -87.3 27
    endloop
  endfacet
  facet normal 0.987682 -0 0.156475
    outer loop
      vertex 33.75 -87.3 27
      vertex 33.8112 -83.3 26.6137
      vertex 33.75 -83.3 27
    endloop
  endfacet
  facet normal 0.987682 0 0.156475
    outer loop
      vertex 33.8112 -83.3 26.6137
      vertex 33.75 -87.3 27
      vertex 33.8112 -87.3 26.6137
    endloop
  endfacet
  facet normal 0.891026 0 -0.453953
    outer loop
      vertex 73.9887 -6.7 27.7347
      vertex 73.8112 -2.7 27.3863
      vertex 73.9887 -2.7 27.7347
    endloop
  endfacet
  facet normal 0.891026 0 -0.453953
    outer loop
      vertex 73.8112 -2.7 27.3863
      vertex 73.9887 -6.7 27.7347
      vertex 73.8112 -6.7 27.3863
    endloop
  endfacet
  facet normal -0.987682 0 -0.156475
    outer loop
      vertex 76.25 -6.7 27
      vertex 76.1888 -2.7 27.3863
      vertex 76.25 -2.7 27
    endloop
  endfacet
  facet normal -0.987682 -0 -0.156475
    outer loop
      vertex 76.1888 -2.7 27.3863
      vertex 76.25 -6.7 27
      vertex 76.1888 -6.7 27.3863
    endloop
  endfacet
  facet normal -0.453953 0 -0.891026
    outer loop
      vertex 75.3863 -6.7 28.1888
      vertex 75.7347 -2.7 28.0113
      vertex 75.7347 -6.7 28.0113
    endloop
  endfacet
  facet normal -0.453953 0 -0.891026
    outer loop
      vertex 75.7347 -2.7 28.0113
      vertex 75.3863 -6.7 28.1888
      vertex 75.3863 -2.7 28.1888
    endloop
  endfacet
  facet normal -0.891026 0 -0.453953
    outer loop
      vertex 76.1888 -6.7 27.3863
      vertex 76.0113 -2.7 27.7347
      vertex 76.1888 -2.7 27.3863
    endloop
  endfacet
  facet normal -0.891026 -0 -0.453953
    outer loop
      vertex 76.0113 -2.7 27.7347
      vertex 76.1888 -6.7 27.3863
      vertex 76.0113 -6.7 27.7347
    endloop
  endfacet
  facet normal -0.453953 0 0.891026
    outer loop
      vertex 75.3863 -2.7 25.8112
      vertex 75.7347 -6.7 25.9887
      vertex 75.7347 -2.7 25.9887
    endloop
  endfacet
  facet normal -0.453953 0 0.891026
    outer loop
      vertex 75.7347 -6.7 25.9887
      vertex 75.3863 -2.7 25.8112
      vertex 75.3863 -6.7 25.8112
    endloop
  endfacet
  facet normal 0.453953 0 0.891026
    outer loop
      vertex 74.2653 -2.7 25.9887
      vertex 74.6137 -6.7 25.8112
      vertex 74.6137 -2.7 25.8112
    endloop
  endfacet
  facet normal 0.453953 0 0.891026
    outer loop
      vertex 74.6137 -6.7 25.8112
      vertex 74.2653 -2.7 25.9887
      vertex 74.2653 -6.7 25.9887
    endloop
  endfacet
  facet normal -0.707107 0 -0.707107
    outer loop
      vertex 76.0113 -6.7 27.7347
      vertex 75.7347 -2.7 28.0113
      vertex 76.0113 -2.7 27.7347
    endloop
  endfacet
  facet normal -0.707107 -0 -0.707107
    outer loop
      vertex 75.7347 -2.7 28.0113
      vertex 76.0113 -6.7 27.7347
      vertex 75.7347 -6.7 28.0113
    endloop
  endfacet
  facet normal 0.891026 -0 0.453953
    outer loop
      vertex 73.8112 -6.7 26.6137
      vertex 73.9887 -2.7 26.2653
      vertex 73.8112 -2.7 26.6137
    endloop
  endfacet
  facet normal 0.891026 0 0.453953
    outer loop
      vertex 73.9887 -2.7 26.2653
      vertex 73.8112 -6.7 26.6137
      vertex 73.9887 -6.7 26.2653
    endloop
  endfacet
  facet normal -0.156475 0 -0.987682
    outer loop
      vertex 75 -6.7 28.25
      vertex 75.3863 -2.7 28.1888
      vertex 75.3863 -6.7 28.1888
    endloop
  endfacet
  facet normal -0.156475 0 -0.987682
    outer loop
      vertex 75.3863 -2.7 28.1888
      vertex 75 -6.7 28.25
      vertex 75 -2.7 28.25
    endloop
  endfacet
  facet normal -0.707107 0 0.707107
    outer loop
      vertex 75.7347 -6.7 25.9887
      vertex 76.0113 -2.7 26.2653
      vertex 75.7347 -2.7 25.9887
    endloop
  endfacet
  facet normal -0.707107 0 0.707107
    outer loop
      vertex 76.0113 -2.7 26.2653
      vertex 75.7347 -6.7 25.9887
      vertex 76.0113 -6.7 26.2653
    endloop
  endfacet
  facet normal 0.453953 0 -0.891026
    outer loop
      vertex 74.2653 -6.7 28.0113
      vertex 74.6137 -2.7 28.1888
      vertex 74.6137 -6.7 28.1888
    endloop
  endfacet
  facet normal 0.453953 0 -0.891026
    outer loop
      vertex 74.6137 -2.7 28.1888
      vertex 74.2653 -6.7 28.0113
      vertex 74.2653 -2.7 28.0113
    endloop
  endfacet
  facet normal 0.156475 0 -0.987682
    outer loop
      vertex 74.6137 -6.7 28.1888
      vertex 75 -2.7 28.25
      vertex 75 -6.7 28.25
    endloop
  endfacet
  facet normal 0.156475 0 -0.987682
    outer loop
      vertex 75 -2.7 28.25
      vertex 74.6137 -6.7 28.1888
      vertex 74.6137 -2.7 28.1888
    endloop
  endfacet
  facet normal -0.891026 0 0.453953
    outer loop
      vertex 76.0113 -6.7 26.2653
      vertex 76.1888 -2.7 26.6137
      vertex 76.0113 -2.7 26.2653
    endloop
  endfacet
  facet normal -0.891026 0 0.453953
    outer loop
      vertex 76.1888 -2.7 26.6137
      vertex 76.0113 -6.7 26.2653
      vertex 76.1888 -6.7 26.6137
    endloop
  endfacet
  facet normal 0.156475 0 0.987682
    outer loop
      vertex 74.6137 -2.7 25.8112
      vertex 75 -6.7 25.75
      vertex 75 -2.7 25.75
    endloop
  endfacet
  facet normal 0.156475 0 0.987682
    outer loop
      vertex 75 -6.7 25.75
      vertex 74.6137 -2.7 25.8112
      vertex 74.6137 -6.7 25.8112
    endloop
  endfacet
  facet normal 0.987682 0 -0.156475
    outer loop
      vertex 73.8112 -6.7 27.3863
      vertex 73.75 -2.7 27
      vertex 73.8112 -2.7 27.3863
    endloop
  endfacet
  facet normal 0.987682 0 -0.156475
    outer loop
      vertex 73.75 -2.7 27
      vertex 73.8112 -6.7 27.3863
      vertex 73.75 -6.7 27
    endloop
  endfacet
  facet normal 0.707107 0 -0.707107
    outer loop
      vertex 74.2653 -6.7 28.0113
      vertex 73.9887 -2.7 27.7347
      vertex 74.2653 -2.7 28.0113
    endloop
  endfacet
  facet normal 0.707107 0 -0.707107
    outer loop
      vertex 73.9887 -2.7 27.7347
      vertex 74.2653 -6.7 28.0113
      vertex 73.9887 -6.7 27.7347
    endloop
  endfacet
  facet normal 0.707107 -0 0.707107
    outer loop
      vertex 73.9887 -6.7 26.2653
      vertex 74.2653 -2.7 25.9887
      vertex 73.9887 -2.7 26.2653
    endloop
  endfacet
  facet normal 0.707107 0 0.707107
    outer loop
      vertex 74.2653 -2.7 25.9887
      vertex 73.9887 -6.7 26.2653
      vertex 74.2653 -6.7 25.9887
    endloop
  endfacet
  facet normal -0.156475 0 0.987682
    outer loop
      vertex 75 -2.7 25.75
      vertex 75.3863 -6.7 25.8112
      vertex 75.3863 -2.7 25.8112
    endloop
  endfacet
  facet normal -0.156475 0 0.987682
    outer loop
      vertex 75.3863 -6.7 25.8112
      vertex 75 -2.7 25.75
      vertex 75 -6.7 25.75
    endloop
  endfacet
  facet normal -0.987682 0 0.156475
    outer loop
      vertex 76.1888 -6.7 26.6137
      vertex 76.25 -2.7 27
      vertex 76.1888 -2.7 26.6137
    endloop
  endfacet
  facet normal -0.987682 0 0.156475
    outer loop
      vertex 76.25 -2.7 27
      vertex 76.1888 -6.7 26.6137
      vertex 76.25 -6.7 27
    endloop
  endfacet
  facet normal 0.987682 -0 0.156475
    outer loop
      vertex 73.75 -6.7 27
      vertex 73.8112 -2.7 26.6137
      vertex 73.75 -2.7 27
    endloop
  endfacet
  facet normal 0.987682 0 0.156475
    outer loop
      vertex 73.8112 -2.7 26.6137
      vertex 73.75 -6.7 27
      vertex 73.8112 -6.7 26.6137
    endloop
  endfacet
  facet normal 0.891026 0 -0.453953
    outer loop
      vertex 73.9887 -87.3 27.7347
      vertex 73.8112 -83.3 27.3863
      vertex 73.9887 -83.3 27.7347
    endloop
  endfacet
  facet normal 0.891026 0 -0.453953
    outer loop
      vertex 73.8112 -83.3 27.3863
      vertex 73.9887 -87.3 27.7347
      vertex 73.8112 -87.3 27.3863
    endloop
  endfacet
  facet normal -0.987682 0 -0.156475
    outer loop
      vertex 76.25 -87.3 27
      vertex 76.1888 -83.3 27.3863
      vertex 76.25 -83.3 27
    endloop
  endfacet
  facet normal -0.987682 -0 -0.156475
    outer loop
      vertex 76.1888 -83.3 27.3863
      vertex 76.25 -87.3 27
      vertex 76.1888 -87.3 27.3863
    endloop
  endfacet
  facet normal -0.453953 0 -0.891026
    outer loop
      vertex 75.3863 -87.3 28.1888
      vertex 75.7347 -83.3 28.0113
      vertex 75.7347 -87.3 28.0113
    endloop
  endfacet
  facet normal -0.453953 0 -0.891026
    outer loop
      vertex 75.7347 -83.3 28.0113
      vertex 75.3863 -87.3 28.1888
      vertex 75.3863 -83.3 28.1888
    endloop
  endfacet
  facet normal -0.891026 0 -0.453953
    outer loop
      vertex 76.1888 -87.3 27.3863
      vertex 76.0113 -83.3 27.7347
      vertex 76.1888 -83.3 27.3863
    endloop
  endfacet
  facet normal -0.891026 -0 -0.453953
    outer loop
      vertex 76.0113 -83.3 27.7347
      vertex 76.1888 -87.3 27.3863
      vertex 76.0113 -87.3 27.7347
    endloop
  endfacet
  facet normal -0.453953 0 0.891026
    outer loop
      vertex 75.3863 -83.3 25.8112
      vertex 75.7347 -87.3 25.9887
      vertex 75.7347 -83.3 25.9887
    endloop
  endfacet
  facet normal -0.453953 0 0.891026
    outer loop
      vertex 75.7347 -87.3 25.9887
      vertex 75.3863 -83.3 25.8112
      vertex 75.3863 -87.3 25.8112
    endloop
  endfacet
  facet normal 0.453953 0 0.891026
    outer loop
      vertex 74.2653 -83.3 25.9887
      vertex 74.6137 -87.3 25.8112
      vertex 74.6137 -83.3 25.8112
    endloop
  endfacet
  facet normal 0.453953 0 0.891026
    outer loop
      vertex 74.6137 -87.3 25.8112
      vertex 74.2653 -83.3 25.9887
      vertex 74.2653 -87.3 25.9887
    endloop
  endfacet
  facet normal -0.707107 0 -0.707107
    outer loop
      vertex 76.0113 -87.3 27.7347
      vertex 75.7347 -83.3 28.0113
      vertex 76.0113 -83.3 27.7347
    endloop
  endfacet
  facet normal -0.707107 -0 -0.707107
    outer loop
      vertex 75.7347 -83.3 28.0113
      vertex 76.0113 -87.3 27.7347
      vertex 75.7347 -87.3 28.0113
    endloop
  endfacet
  facet normal 0.891026 -0 0.453953
    outer loop
      vertex 73.8112 -87.3 26.6137
      vertex 73.9887 -83.3 26.2653
      vertex 73.8112 -83.3 26.6137
    endloop
  endfacet
  facet normal 0.891026 0 0.453953
    outer loop
      vertex 73.9887 -83.3 26.2653
      vertex 73.8112 -87.3 26.6137
      vertex 73.9887 -87.3 26.2653
    endloop
  endfacet
  facet normal -0.156475 0 -0.987682
    outer loop
      vertex 75 -87.3 28.25
      vertex 75.3863 -83.3 28.1888
      vertex 75.3863 -87.3 28.1888
    endloop
  endfacet
  facet normal -0.156475 0 -0.987682
    outer loop
      vertex 75.3863 -83.3 28.1888
      vertex 75 -87.3 28.25
      vertex 75 -83.3 28.25
    endloop
  endfacet
  facet normal -0.707107 0 0.707107
    outer loop
      vertex 75.7347 -87.3 25.9887
      vertex 76.0113 -83.3 26.2653
      vertex 75.7347 -83.3 25.9887
    endloop
  endfacet
  facet normal -0.707107 0 0.707107
    outer loop
      vertex 76.0113 -83.3 26.2653
      vertex 75.7347 -87.3 25.9887
      vertex 76.0113 -87.3 26.2653
    endloop
  endfacet
  facet normal 0.453953 0 -0.891026
    outer loop
      vertex 74.2653 -87.3 28.0113
      vertex 74.6137 -83.3 28.1888
      vertex 74.6137 -87.3 28.1888
    endloop
  endfacet
  facet normal 0.453953 0 -0.891026
    outer loop
      vertex 74.6137 -83.3 28.1888
      vertex 74.2653 -87.3 28.0113
      vertex 74.2653 -83.3 28.0113
    endloop
  endfacet
  facet normal 0.156475 0 -0.987682
    outer loop
      vertex 74.6137 -87.3 28.1888
      vertex 75 -83.3 28.25
      vertex 75 -87.3 28.25
    endloop
  endfacet
  facet normal 0.156475 0 -0.987682
    outer loop
      vertex 75 -83.3 28.25
      vertex 74.6137 -87.3 28.1888
      vertex 74.6137 -83.3 28.1888
    endloop
  endfacet
  facet normal 0.156475 0 0.987682
    outer loop
      vertex 74.6137 -83.3 25.8112
      vertex 75 -87.3 25.75
      vertex 75 -83.3 25.75
    endloop
  endfacet
  facet normal 0.156475 0 0.987682
    outer loop
      vertex 75 -87.3 25.75
      vertex 74.6137 -83.3 25.8112
      vertex 74.6137 -87.3 25.8112
    endloop
  endfacet
  facet normal 0.987682 0 -0.156475
    outer loop
      vertex 73.8112 -87.3 27.3863
      vertex 73.75 -83.3 27
      vertex 73.8112 -83.3 27.3863
    endloop
  endfacet
  facet normal 0.987682 0 -0.156475
    outer loop
      vertex 73.75 -83.3 27
      vertex 73.8112 -87.3 27.3863
      vertex 73.75 -87.3 27
    endloop
  endfacet
  facet normal 0.707107 0 -0.707107
    outer loop
      vertex 74.2653 -87.3 28.0113
      vertex 73.9887 -83.3 27.7347
      vertex 74.2653 -83.3 28.0113
    endloop
  endfacet
  facet normal 0.707107 0 -0.707107
    outer loop
      vertex 73.9887 -83.3 27.7347
      vertex 74.2653 -87.3 28.0113
      vertex 73.9887 -87.3 27.7347
    endloop
  endfacet
  facet normal 0.707107 -0 0.707107
    outer loop
      vertex 73.9887 -87.3 26.2653
      vertex 74.2653 -83.3 25.9887
      vertex 73.9887 -83.3 26.2653
    endloop
  endfacet
  facet normal 0.707107 0 0.707107
    outer loop
      vertex 74.2653 -83.3 25.9887
      vertex 73.9887 -87.3 26.2653
      vertex 74.2653 -87.3 25.9887
    endloop
  endfacet
  facet normal -0.156475 0 0.987682
    outer loop
      vertex 75 -83.3 25.75
      vertex 75.3863 -87.3 25.8112
      vertex 75.3863 -83.3 25.8112
    endloop
  endfacet
  facet normal -0.156475 0 0.987682
    outer loop
      vertex 75.3863 -87.3 25.8112
      vertex 75 -83.3 25.75
      vertex 75 -87.3 25.75
    endloop
  endfacet
  facet normal -0.891026 0 0.453953
    outer loop
      vertex 76.0113 -87.3 26.2653
      vertex 76.1888 -83.3 26.6137
      vertex 76.0113 -83.3 26.2653
    endloop
  endfacet
  facet normal -0.891026 0 0.453953
    outer loop
      vertex 76.1888 -83.3 26.6137
      vertex 76.0113 -87.3 26.2653
      vertex 76.1888 -87.3 26.6137
    endloop
  endfacet
  facet normal -0.987682 0 0.156475
    outer loop
      vertex 76.1888 -87.3 26.6137
      vertex 76.25 -83.3 27
      vertex 76.1888 -83.3 26.6137
    endloop
  endfacet
  facet normal -0.987682 0 0.156475
    outer loop
      vertex 76.25 -83.3 27
      vertex 76.1888 -87.3 26.6137
      vertex 76.25 -87.3 27
    endloop
  endfacet
  facet normal 0.987682 -0 0.156475
    outer loop
      vertex 73.75 -87.3 27
      vertex 73.8112 -83.3 26.6137
      vertex 73.75 -83.3 27
    endloop
  endfacet
  facet normal 0.987682 0 0.156475
    outer loop
      vertex 73.8112 -83.3 26.6137
      vertex 73.75 -87.3 27
      vertex 73.8112 -87.3 26.6137
    endloop
  endfacet
  facet normal -0.349696 0.936863 0
    outer loop
      vertex 103.163 -65.547 0
      vertex 102.789 -65.6866 3
      vertex 103.163 -65.547 3
    endloop
  endfacet
  facet normal -0.349696 0.936863 0
    outer loop
      vertex 102.789 -65.6866 3
      vertex 103.163 -65.547 0
      vertex 102.789 -65.6866 0
    endloop
  endfacet
  facet normal -0.599039 0.80072 0
    outer loop
      vertex 103.834 -65.1161 0
      vertex 103.514 -65.3555 3
      vertex 103.834 -65.1161 3
    endloop
  endfacet
  facet normal -0.599039 0.80072 0
    outer loop
      vertex 103.514 -65.3555 3
      vertex 103.834 -65.1161 0
      vertex 103.514 -65.3555 0
    endloop
  endfacet
  facet normal -0.349696 -0.936863 0
    outer loop
      vertex 102.789 -60.3134 0
      vertex 103.163 -60.453 3
      vertex 102.789 -60.3134 3
    endloop
  endfacet
  facet normal -0.349696 -0.936863 -0
    outer loop
      vertex 103.163 -60.453 3
      vertex 102.789 -60.3134 0
      vertex 103.163 -60.453 0
    endloop
  endfacet
  facet normal -0.997363 0.072581 0
    outer loop
      vertex 104.771 -63.3985 0
      vertex 104.8 -63 3
      vertex 104.8 -63 0
    endloop
  endfacet
  facet normal -0.997363 0.072581 0
    outer loop
      vertex 104.8 -63 3
      vertex 104.771 -63.3985 0
      vertex 104.771 -63.3985 3
    endloop
  endfacet
  facet normal -0.878144 -0.478396 0
    outer loop
      vertex 104.547 -61.8368 0
      vertex 104.356 -61.4862 3
      vertex 104.356 -61.4862 0
    endloop
  endfacet
  facet normal -0.878144 -0.478396 0
    outer loop
      vertex 104.356 -61.4862 3
      vertex 104.547 -61.8368 0
      vertex 104.547 -61.8368 3
    endloop
  endfacet
  facet normal -0.707733 -0.70648 0
    outer loop
      vertex 104.116 -61.1664 0
      vertex 103.834 -60.8839 3
      vertex 103.834 -60.8839 0
    endloop
  endfacet
  facet normal -0.707733 -0.70648 0
    outer loop
      vertex 103.834 -60.8839 3
      vertex 104.116 -61.1664 0
      vertex 104.116 -61.1664 3
    endloop
  endfacet
  facet normal -0.997363 -0.072581 0
    outer loop
      vertex 104.8 -63 0
      vertex 104.771 -62.6015 3
      vertex 104.771 -62.6015 0
    endloop
  endfacet
  facet normal -0.997363 -0.072581 0
    outer loop
      vertex 104.771 -62.6015 3
      vertex 104.8 -63 0
      vertex 104.8 -63 3
    endloop
  endfacet
  facet normal 0.349696 -0.936863 0
    outer loop
      vertex 100.837 -60.453 0
      vertex 101.211 -60.3134 3
      vertex 100.837 -60.453 3
    endloop
  endfacet
  facet normal 0.349696 -0.936863 0
    outer loop
      vertex 101.211 -60.3134 3
      vertex 100.837 -60.453 0
      vertex 101.211 -60.3134 0
    endloop
  endfacet
  facet normal -0.977626 -0.21035 0
    outer loop
      vertex 104.771 -62.6015 0
      vertex 104.687 -62.2111 3
      vertex 104.687 -62.2111 0
    endloop
  endfacet
  facet normal -0.977626 -0.21035 0
    outer loop
      vertex 104.687 -62.2111 3
      vertex 104.771 -62.6015 0
      vertex 104.771 -62.6015 3
    endloop
  endfacet
  facet normal -0.707733 0.70648 0
    outer loop
      vertex 103.834 -65.1161 0
      vertex 104.116 -64.8336 3
      vertex 104.116 -64.8336 0
    endloop
  endfacet
  facet normal -0.707733 0.70648 0
    outer loop
      vertex 104.116 -64.8336 3
      vertex 103.834 -65.1161 0
      vertex 103.834 -65.1161 3
    endloop
  endfacet
  facet normal 0.877618 0.479361 0
    outer loop
      vertex 99.6445 -64.5138 3
      vertex 99.453 -64.1632 0
      vertex 99.453 -64.1632 3
    endloop
  endfacet
  facet normal 0.877618 0.479361 0
    outer loop
      vertex 99.453 -64.1632 0
      vertex 99.6445 -64.5138 3
      vertex 99.6445 -64.5138 0
    endloop
  endfacet
  facet normal -0.936658 0.350246 0
    outer loop
      vertex 104.547 -64.1632 0
      vertex 104.687 -63.7888 3
      vertex 104.687 -63.7888 0
    endloop
  endfacet
  facet normal -0.936658 0.350246 0
    outer loop
      vertex 104.687 -63.7888 3
      vertex 104.547 -64.1632 0
      vertex 104.547 -64.1632 3
    endloop
  endfacet
  facet normal -0.47894 -0.877848 0
    outer loop
      vertex 103.163 -60.453 0
      vertex 103.514 -60.6445 3
      vertex 103.163 -60.453 3
    endloop
  endfacet
  facet normal -0.47894 -0.877848 -0
    outer loop
      vertex 103.514 -60.6445 3
      vertex 103.163 -60.453 0
      vertex 103.514 -60.6445 0
    endloop
  endfacet
  facet normal -0.212191 0.977228 0
    outer loop
      vertex 102.789 -65.6866 0
      vertex 102.398 -65.7715 3
      vertex 102.789 -65.6866 3
    endloop
  endfacet
  facet normal -0.212191 0.977228 0
    outer loop
      vertex 102.398 -65.7715 3
      vertex 102.789 -65.6866 0
      vertex 102.398 -65.7715 0
    endloop
  endfacet
  facet normal -0.0714252 -0.997446 0
    outer loop
      vertex 102 -60.2 0
      vertex 102.398 -60.2285 3
      vertex 102 -60.2 3
    endloop
  endfacet
  facet normal -0.0714252 -0.997446 -0
    outer loop
      vertex 102.398 -60.2285 3
      vertex 102 -60.2 0
      vertex 102.398 -60.2285 0
    endloop
  endfacet
  facet normal 0.936955 -0.349449 0
    outer loop
      vertex 99.3134 -62.2111 3
      vertex 99.453 -61.8368 0
      vertex 99.453 -61.8368 3
    endloop
  endfacet
  facet normal 0.936955 -0.349449 0
    outer loop
      vertex 99.453 -61.8368 0
      vertex 99.3134 -62.2111 3
      vertex 99.3134 -62.2111 0
    endloop
  endfacet
  facet normal 0.707608 -0.706606 0
    outer loop
      vertex 99.8839 -61.1664 3
      vertex 100.166 -60.8839 0
      vertex 100.166 -60.8839 3
    endloop
  endfacet
  facet normal 0.707608 -0.706606 0
    outer loop
      vertex 100.166 -60.8839 0
      vertex 99.8839 -61.1664 3
      vertex 99.8839 -61.1664 0
    endloop
  endfacet
  facet normal 0.997452 0.071336 0
    outer loop
      vertex 99.2285 -63.3985 3
      vertex 99.2 -63 0
      vertex 99.2 -63 3
    endloop
  endfacet
  facet normal 0.997452 0.071336 0
    outer loop
      vertex 99.2 -63 0
      vertex 99.2285 -63.3985 3
      vertex 99.2285 -63.3985 0
    endloop
  endfacet
  facet normal -0.936627 -0.350328 0
    outer loop
      vertex 104.687 -62.2111 0
      vertex 104.547 -61.8368 3
      vertex 104.547 -61.8368 0
    endloop
  endfacet
  facet normal -0.936627 -0.350328 0
    outer loop
      vertex 104.547 -61.8368 3
      vertex 104.687 -62.2111 0
      vertex 104.687 -62.2111 3
    endloop
  endfacet
  facet normal 0.977149 0.212554 0
    outer loop
      vertex 99.3134 -63.7888 3
      vertex 99.2285 -63.3985 0
      vertex 99.2285 -63.3985 3
    endloop
  endfacet
  facet normal 0.977149 0.212554 0
    outer loop
      vertex 99.2285 -63.3985 0
      vertex 99.3134 -63.7888 3
      vertex 99.3134 -63.7888 0
    endloop
  endfacet
  facet normal -0.79982 -0.60024 0
    outer loop
      vertex 104.356 -61.4862 0
      vertex 104.116 -61.1664 3
      vertex 104.116 -61.1664 0
    endloop
  endfacet
  facet normal -0.79982 -0.60024 0
    outer loop
      vertex 104.116 -61.1664 3
      vertex 104.356 -61.4862 0
      vertex 104.356 -61.4862 3
    endloop
  endfacet
  facet normal -0.47894 0.877848 0
    outer loop
      vertex 103.514 -65.3555 0
      vertex 103.163 -65.547 3
      vertex 103.514 -65.3555 3
    endloop
  endfacet
  facet normal -0.47894 0.877848 0
    outer loop
      vertex 103.163 -65.547 3
      vertex 103.514 -65.3555 0
      vertex 103.163 -65.547 0
    endloop
  endfacet
  facet normal -0.79982 0.60024 0
    outer loop
      vertex 104.116 -64.8336 0
      vertex 104.356 -64.5138 3
      vertex 104.356 -64.5138 0
    endloop
  endfacet
  facet normal -0.79982 0.60024 0
    outer loop
      vertex 104.356 -64.5138 3
      vertex 104.116 -64.8336 0
      vertex 104.116 -64.8336 3
    endloop
  endfacet
  facet normal 0.877618 -0.479361 0
    outer loop
      vertex 99.453 -61.8368 3
      vertex 99.6445 -61.4862 0
      vertex 99.6445 -61.4862 3
    endloop
  endfacet
  facet normal 0.877618 -0.479361 0
    outer loop
      vertex 99.6445 -61.4862 0
      vertex 99.453 -61.8368 3
      vertex 99.453 -61.8368 0
    endloop
  endfacet
  facet normal 0.997452 -0.071336 0
    outer loop
      vertex 99.2 -63 3
      vertex 99.2285 -62.6015 0
      vertex 99.2285 -62.6015 3
    endloop
  endfacet
  facet normal 0.997452 -0.071336 0
    outer loop
      vertex 99.2285 -62.6015 0
      vertex 99.2 -63 3
      vertex 99.2 -63 0
    endloop
  endfacet
  facet normal -0.0714252 0.997446 0
    outer loop
      vertex 102.398 -65.7715 0
      vertex 102 -65.8 3
      vertex 102.398 -65.7715 3
    endloop
  endfacet
  facet normal -0.0714252 0.997446 0
    outer loop
      vertex 102 -65.8 3
      vertex 102.398 -65.7715 0
      vertex 102 -65.8 0
    endloop
  endfacet
  facet normal 0.599039 -0.80072 0
    outer loop
      vertex 100.166 -60.8839 0
      vertex 100.486 -60.6445 3
      vertex 100.166 -60.8839 3
    endloop
  endfacet
  facet normal 0.599039 -0.80072 0
    outer loop
      vertex 100.486 -60.6445 3
      vertex 100.166 -60.8839 0
      vertex 100.486 -60.6445 0
    endloop
  endfacet
  facet normal -0.878144 0.478396 0
    outer loop
      vertex 104.356 -64.5138 0
      vertex 104.547 -64.1632 3
      vertex 104.547 -64.1632 0
    endloop
  endfacet
  facet normal -0.878144 0.478396 0
    outer loop
      vertex 104.547 -64.1632 3
      vertex 104.356 -64.5138 0
      vertex 104.356 -64.5138 3
    endloop
  endfacet
  facet normal 0.47894 -0.877848 0
    outer loop
      vertex 100.486 -60.6445 0
      vertex 100.837 -60.453 3
      vertex 100.486 -60.6445 3
    endloop
  endfacet
  facet normal 0.47894 -0.877848 0
    outer loop
      vertex 100.837 -60.453 3
      vertex 100.486 -60.6445 0
      vertex 100.837 -60.453 0
    endloop
  endfacet
  facet normal 0.707608 0.706606 0
    outer loop
      vertex 100.166 -65.1161 3
      vertex 99.8839 -64.8336 0
      vertex 99.8839 -64.8336 3
    endloop
  endfacet
  facet normal 0.707608 0.706606 0
    outer loop
      vertex 99.8839 -64.8336 0
      vertex 100.166 -65.1161 3
      vertex 100.166 -65.1161 0
    endloop
  endfacet
  facet normal -0.212191 -0.977228 0
    outer loop
      vertex 102.398 -60.2285 0
      vertex 102.789 -60.3134 3
      vertex 102.398 -60.2285 3
    endloop
  endfacet
  facet normal -0.212191 -0.977228 -0
    outer loop
      vertex 102.789 -60.3134 3
      vertex 102.398 -60.2285 0
      vertex 102.789 -60.3134 0
    endloop
  endfacet
  facet normal 0.977161 -0.212502 0
    outer loop
      vertex 99.2285 -62.6015 3
      vertex 99.3134 -62.2111 0
      vertex 99.3134 -62.2111 3
    endloop
  endfacet
  facet normal 0.977161 -0.212502 0
    outer loop
      vertex 99.3134 -62.2111 0
      vertex 99.2285 -62.6015 3
      vertex 99.2285 -62.6015 0
    endloop
  endfacet
  facet normal 0.0714252 -0.997446 0
    outer loop
      vertex 101.602 -60.2285 0
      vertex 102 -60.2 3
      vertex 101.602 -60.2285 3
    endloop
  endfacet
  facet normal 0.0714252 -0.997446 0
    outer loop
      vertex 102 -60.2 3
      vertex 101.602 -60.2285 0
      vertex 102 -60.2 0
    endloop
  endfacet
  facet normal 0.212191 -0.977228 0
    outer loop
      vertex 101.211 -60.3134 0
      vertex 101.602 -60.2285 3
      vertex 101.211 -60.3134 3
    endloop
  endfacet
  facet normal 0.212191 -0.977228 0
    outer loop
      vertex 101.602 -60.2285 3
      vertex 101.211 -60.3134 0
      vertex 101.602 -60.2285 0
    endloop
  endfacet
  facet normal 0.80054 0.599279 0
    outer loop
      vertex 99.8839 -64.8336 3
      vertex 99.6445 -64.5138 0
      vertex 99.6445 -64.5138 3
    endloop
  endfacet
  facet normal 0.80054 0.599279 0
    outer loop
      vertex 99.6445 -64.5138 0
      vertex 99.8839 -64.8336 3
      vertex 99.8839 -64.8336 0
    endloop
  endfacet
  facet normal 0.349696 0.936863 -0
    outer loop
      vertex 101.211 -65.6866 0
      vertex 100.837 -65.547 3
      vertex 101.211 -65.6866 3
    endloop
  endfacet
  facet normal 0.349696 0.936863 0
    outer loop
      vertex 100.837 -65.547 3
      vertex 101.211 -65.6866 0
      vertex 100.837 -65.547 0
    endloop
  endfacet
  facet normal -0.599039 -0.80072 0
    outer loop
      vertex 103.514 -60.6445 0
      vertex 103.834 -60.8839 3
      vertex 103.514 -60.6445 3
    endloop
  endfacet
  facet normal -0.599039 -0.80072 -0
    outer loop
      vertex 103.834 -60.8839 3
      vertex 103.514 -60.6445 0
      vertex 103.834 -60.8839 0
    endloop
  endfacet
  facet normal 0.599039 0.80072 -0
    outer loop
      vertex 100.486 -65.3555 0
      vertex 100.166 -65.1161 3
      vertex 100.486 -65.3555 3
    endloop
  endfacet
  facet normal 0.599039 0.80072 0
    outer loop
      vertex 100.166 -65.1161 3
      vertex 100.486 -65.3555 0
      vertex 100.166 -65.1161 0
    endloop
  endfacet
  facet normal -0.977615 0.210401 0
    outer loop
      vertex 104.687 -63.7888 0
      vertex 104.771 -63.3985 3
      vertex 104.771 -63.3985 0
    endloop
  endfacet
  facet normal -0.977615 0.210401 0
    outer loop
      vertex 104.771 -63.3985 3
      vertex 104.687 -63.7888 0
      vertex 104.687 -63.7888 3
    endloop
  endfacet
  facet normal 0.936986 0.349368 0
    outer loop
      vertex 99.453 -64.1632 3
      vertex 99.3134 -63.7888 0
      vertex 99.3134 -63.7888 3
    endloop
  endfacet
  facet normal 0.936986 0.349368 0
    outer loop
      vertex 99.3134 -63.7888 0
      vertex 99.453 -64.1632 3
      vertex 99.453 -64.1632 0
    endloop
  endfacet
  facet normal 0.0714252 0.997446 -0
    outer loop
      vertex 102 -65.8 0
      vertex 101.602 -65.7715 3
      vertex 102 -65.8 3
    endloop
  endfacet
  facet normal 0.0714252 0.997446 0
    outer loop
      vertex 101.602 -65.7715 3
      vertex 102 -65.8 0
      vertex 101.602 -65.7715 0
    endloop
  endfacet
  facet normal 0.212191 0.977228 -0
    outer loop
      vertex 101.602 -65.7715 0
      vertex 101.211 -65.6866 3
      vertex 101.602 -65.7715 3
    endloop
  endfacet
  facet normal 0.212191 0.977228 0
    outer loop
      vertex 101.211 -65.6866 3
      vertex 101.602 -65.7715 0
      vertex 101.211 -65.6866 0
    endloop
  endfacet
  facet normal 0.80054 -0.599279 0
    outer loop
      vertex 99.6445 -61.4862 3
      vertex 99.8839 -61.1664 0
      vertex 99.8839 -61.1664 3
    endloop
  endfacet
  facet normal 0.80054 -0.599279 0
    outer loop
      vertex 99.8839 -61.1664 0
      vertex 99.6445 -61.4862 3
      vertex 99.6445 -61.4862 0
    endloop
  endfacet
  facet normal 0.47894 0.877848 -0
    outer loop
      vertex 100.837 -65.547 0
      vertex 100.486 -65.3555 3
      vertex 100.837 -65.547 3
    endloop
  endfacet
  facet normal 0.47894 0.877848 0
    outer loop
      vertex 100.486 -65.3555 3
      vertex 100.837 -65.547 0
      vertex 100.486 -65.3555 0
    endloop
  endfacet
  facet normal -0.349696 0.936863 0
    outer loop
      vertex 103.163 -47.547 0
      vertex 102.789 -47.6866 3
      vertex 103.163 -47.547 3
    endloop
  endfacet
  facet normal -0.349696 0.936863 0
    outer loop
      vertex 102.789 -47.6866 3
      vertex 103.163 -47.547 0
      vertex 102.789 -47.6866 0
    endloop
  endfacet
  facet normal -0.599039 0.80072 0
    outer loop
      vertex 103.834 -47.1161 0
      vertex 103.514 -47.3555 3
      vertex 103.834 -47.1161 3
    endloop
  endfacet
  facet normal -0.599039 0.80072 0
    outer loop
      vertex 103.514 -47.3555 3
      vertex 103.834 -47.1161 0
      vertex 103.514 -47.3555 0
    endloop
  endfacet
  facet normal -0.349696 -0.936863 0
    outer loop
      vertex 102.789 -42.3134 0
      vertex 103.163 -42.453 3
      vertex 102.789 -42.3134 3
    endloop
  endfacet
  facet normal -0.349696 -0.936863 -0
    outer loop
      vertex 103.163 -42.453 3
      vertex 102.789 -42.3134 0
      vertex 103.163 -42.453 0
    endloop
  endfacet
  facet normal -0.997363 0.072581 0
    outer loop
      vertex 104.771 -45.3985 0
      vertex 104.8 -45 3
      vertex 104.8 -45 0
    endloop
  endfacet
  facet normal -0.997363 0.072581 0
    outer loop
      vertex 104.8 -45 3
      vertex 104.771 -45.3985 0
      vertex 104.771 -45.3985 3
    endloop
  endfacet
  facet normal -0.878144 -0.478396 0
    outer loop
      vertex 104.547 -43.8368 0
      vertex 104.356 -43.4862 3
      vertex 104.356 -43.4862 0
    endloop
  endfacet
  facet normal -0.878144 -0.478396 0
    outer loop
      vertex 104.356 -43.4862 3
      vertex 104.547 -43.8368 0
      vertex 104.547 -43.8368 3
    endloop
  endfacet
  facet normal -0.707733 -0.70648 0
    outer loop
      vertex 104.116 -43.1664 0
      vertex 103.834 -42.8839 3
      vertex 103.834 -42.8839 0
    endloop
  endfacet
  facet normal -0.707733 -0.70648 0
    outer loop
      vertex 103.834 -42.8839 3
      vertex 104.116 -43.1664 0
      vertex 104.116 -43.1664 3
    endloop
  endfacet
  facet normal -0.997363 -0.072581 0
    outer loop
      vertex 104.8 -45 0
      vertex 104.771 -44.6015 3
      vertex 104.771 -44.6015 0
    endloop
  endfacet
  facet normal -0.997363 -0.072581 0
    outer loop
      vertex 104.771 -44.6015 3
      vertex 104.8 -45 0
      vertex 104.8 -45 3
    endloop
  endfacet
  facet normal 0.349696 -0.936863 0
    outer loop
      vertex 100.837 -42.453 0
      vertex 101.211 -42.3134 3
      vertex 100.837 -42.453 3
    endloop
  endfacet
  facet normal 0.349696 -0.936863 0
    outer loop
      vertex 101.211 -42.3134 3
      vertex 100.837 -42.453 0
      vertex 101.211 -42.3134 0
    endloop
  endfacet
  facet normal -0.977626 -0.21035 0
    outer loop
      vertex 104.771 -44.6015 0
      vertex 104.687 -44.2111 3
      vertex 104.687 -44.2111 0
    endloop
  endfacet
  facet normal -0.977626 -0.21035 0
    outer loop
      vertex 104.687 -44.2111 3
      vertex 104.771 -44.6015 0
      vertex 104.771 -44.6015 3
    endloop
  endfacet
  facet normal -0.707733 0.70648 0
    outer loop
      vertex 103.834 -47.1161 0
      vertex 104.116 -46.8336 3
      vertex 104.116 -46.8336 0
    endloop
  endfacet
  facet normal -0.707733 0.70648 0
    outer loop
      vertex 104.116 -46.8336 3
      vertex 103.834 -47.1161 0
      vertex 103.834 -47.1161 3
    endloop
  endfacet
  facet normal 0.877618 0.479361 0
    outer loop
      vertex 99.6445 -46.5138 3
      vertex 99.453 -46.1632 0
      vertex 99.453 -46.1632 3
    endloop
  endfacet
  facet normal 0.877618 0.479361 0
    outer loop
      vertex 99.453 -46.1632 0
      vertex 99.6445 -46.5138 3
      vertex 99.6445 -46.5138 0
    endloop
  endfacet
  facet normal -0.936658 0.350246 0
    outer loop
      vertex 104.547 -46.1632 0
      vertex 104.687 -45.7888 3
      vertex 104.687 -45.7888 0
    endloop
  endfacet
  facet normal -0.936658 0.350246 0
    outer loop
      vertex 104.687 -45.7888 3
      vertex 104.547 -46.1632 0
      vertex 104.547 -46.1632 3
    endloop
  endfacet
  facet normal -0.47894 -0.877848 0
    outer loop
      vertex 103.163 -42.453 0
      vertex 103.514 -42.6445 3
      vertex 103.163 -42.453 3
    endloop
  endfacet
  facet normal -0.47894 -0.877848 -0
    outer loop
      vertex 103.514 -42.6445 3
      vertex 103.163 -42.453 0
      vertex 103.514 -42.6445 0
    endloop
  endfacet
  facet normal -0.212191 0.977228 0
    outer loop
      vertex 102.789 -47.6866 0
      vertex 102.398 -47.7715 3
      vertex 102.789 -47.6866 3
    endloop
  endfacet
  facet normal -0.212191 0.977228 0
    outer loop
      vertex 102.398 -47.7715 3
      vertex 102.789 -47.6866 0
      vertex 102.398 -47.7715 0
    endloop
  endfacet
  facet normal -0.0714252 -0.997446 0
    outer loop
      vertex 102 -42.2 0
      vertex 102.398 -42.2285 3
      vertex 102 -42.2 3
    endloop
  endfacet
  facet normal -0.0714252 -0.997446 -0
    outer loop
      vertex 102.398 -42.2285 3
      vertex 102 -42.2 0
      vertex 102.398 -42.2285 0
    endloop
  endfacet
  facet normal 0.936955 -0.349449 0
    outer loop
      vertex 99.3134 -44.2111 3
      vertex 99.453 -43.8368 0
      vertex 99.453 -43.8368 3
    endloop
  endfacet
  facet normal 0.936955 -0.349449 0
    outer loop
      vertex 99.453 -43.8368 0
      vertex 99.3134 -44.2111 3
      vertex 99.3134 -44.2111 0
    endloop
  endfacet
  facet normal 0.707608 -0.706606 0
    outer loop
      vertex 99.8839 -43.1664 3
      vertex 100.166 -42.8839 0
      vertex 100.166 -42.8839 3
    endloop
  endfacet
  facet normal 0.707608 -0.706606 0
    outer loop
      vertex 100.166 -42.8839 0
      vertex 99.8839 -43.1664 3
      vertex 99.8839 -43.1664 0
    endloop
  endfacet
  facet normal 0.997452 0.071336 0
    outer loop
      vertex 99.2285 -45.3985 3
      vertex 99.2 -45 0
      vertex 99.2 -45 3
    endloop
  endfacet
  facet normal 0.997452 0.071336 0
    outer loop
      vertex 99.2 -45 0
      vertex 99.2285 -45.3985 3
      vertex 99.2285 -45.3985 0
    endloop
  endfacet
  facet normal -0.936627 -0.350328 0
    outer loop
      vertex 104.687 -44.2111 0
      vertex 104.547 -43.8368 3
      vertex 104.547 -43.8368 0
    endloop
  endfacet
  facet normal -0.936627 -0.350328 0
    outer loop
      vertex 104.547 -43.8368 3
      vertex 104.687 -44.2111 0
      vertex 104.687 -44.2111 3
    endloop
  endfacet
  facet normal 0.977149 0.212554 0
    outer loop
      vertex 99.3134 -45.7888 3
      vertex 99.2285 -45.3985 0
      vertex 99.2285 -45.3985 3
    endloop
  endfacet
  facet normal 0.977149 0.212554 0
    outer loop
      vertex 99.2285 -45.3985 0
      vertex 99.3134 -45.7888 3
      vertex 99.3134 -45.7888 0
    endloop
  endfacet
  facet normal -0.79982 -0.60024 0
    outer loop
      vertex 104.356 -43.4862 0
      vertex 104.116 -43.1664 3
      vertex 104.116 -43.1664 0
    endloop
  endfacet
  facet normal -0.79982 -0.60024 0
    outer loop
      vertex 104.116 -43.1664 3
      vertex 104.356 -43.4862 0
      vertex 104.356 -43.4862 3
    endloop
  endfacet
  facet normal -0.47894 0.877848 0
    outer loop
      vertex 103.514 -47.3555 0
      vertex 103.163 -47.547 3
      vertex 103.514 -47.3555 3
    endloop
  endfacet
  facet normal -0.47894 0.877848 0
    outer loop
      vertex 103.163 -47.547 3
      vertex 103.514 -47.3555 0
      vertex 103.163 -47.547 0
    endloop
  endfacet
  facet normal -0.79982 0.60024 0
    outer loop
      vertex 104.116 -46.8336 0
      vertex 104.356 -46.5138 3
      vertex 104.356 -46.5138 0
    endloop
  endfacet
  facet normal -0.79982 0.60024 0
    outer loop
      vertex 104.356 -46.5138 3
      vertex 104.116 -46.8336 0
      vertex 104.116 -46.8336 3
    endloop
  endfacet
  facet normal 0.877618 -0.479361 0
    outer loop
      vertex 99.453 -43.8368 3
      vertex 99.6445 -43.4862 0
      vertex 99.6445 -43.4862 3
    endloop
  endfacet
  facet normal 0.877618 -0.479361 0
    outer loop
      vertex 99.6445 -43.4862 0
      vertex 99.453 -43.8368 3
      vertex 99.453 -43.8368 0
    endloop
  endfacet
  facet normal 0.997452 -0.071336 0
    outer loop
      vertex 99.2 -45 3
      vertex 99.2285 -44.6015 0
      vertex 99.2285 -44.6015 3
    endloop
  endfacet
  facet normal 0.997452 -0.071336 0
    outer loop
      vertex 99.2285 -44.6015 0
      vertex 99.2 -45 3
      vertex 99.2 -45 0
    endloop
  endfacet
  facet normal -0.0714252 0.997446 0
    outer loop
      vertex 102.398 -47.7715 0
      vertex 102 -47.8 3
      vertex 102.398 -47.7715 3
    endloop
  endfacet
  facet normal -0.0714252 0.997446 0
    outer loop
      vertex 102 -47.8 3
      vertex 102.398 -47.7715 0
      vertex 102 -47.8 0
    endloop
  endfacet
  facet normal 0.599039 -0.80072 0
    outer loop
      vertex 100.166 -42.8839 0
      vertex 100.486 -42.6445 3
      vertex 100.166 -42.8839 3
    endloop
  endfacet
  facet normal 0.599039 -0.80072 0
    outer loop
      vertex 100.486 -42.6445 3
      vertex 100.166 -42.8839 0
      vertex 100.486 -42.6445 0
    endloop
  endfacet
  facet normal -0.878144 0.478396 0
    outer loop
      vertex 104.356 -46.5138 0
      vertex 104.547 -46.1632 3
      vertex 104.547 -46.1632 0
    endloop
  endfacet
  facet normal -0.878144 0.478396 0
    outer loop
      vertex 104.547 -46.1632 3
      vertex 104.356 -46.5138 0
      vertex 104.356 -46.5138 3
    endloop
  endfacet
  facet normal 0.80054 -0.599279 0
    outer loop
      vertex 99.6445 -43.4862 3
      vertex 99.8839 -43.1664 0
      vertex 99.8839 -43.1664 3
    endloop
  endfacet
  facet normal 0.80054 -0.599279 0
    outer loop
      vertex 99.8839 -43.1664 0
      vertex 99.6445 -43.4862 3
      vertex 99.6445 -43.4862 0
    endloop
  endfacet
  facet normal 0.47894 -0.877848 0
    outer loop
      vertex 100.486 -42.6445 0
      vertex 100.837 -42.453 3
      vertex 100.486 -42.6445 3
    endloop
  endfacet
  facet normal 0.47894 -0.877848 0
    outer loop
      vertex 100.837 -42.453 3
      vertex 100.486 -42.6445 0
      vertex 100.837 -42.453 0
    endloop
  endfacet
  facet normal 0.707608 0.706606 0
    outer loop
      vertex 100.166 -47.1161 3
      vertex 99.8839 -46.8336 0
      vertex 99.8839 -46.8336 3
    endloop
  endfacet
  facet normal 0.707608 0.706606 0
    outer loop
      vertex 99.8839 -46.8336 0
      vertex 100.166 -47.1161 3
      vertex 100.166 -47.1161 0
    endloop
  endfacet
  facet normal -0.212191 -0.977228 0
    outer loop
      vertex 102.398 -42.2285 0
      vertex 102.789 -42.3134 3
      vertex 102.398 -42.2285 3
    endloop
  endfacet
  facet normal -0.212191 -0.977228 -0
    outer loop
      vertex 102.789 -42.3134 3
      vertex 102.398 -42.2285 0
      vertex 102.789 -42.3134 0
    endloop
  endfacet
  facet normal 0.977161 -0.212502 0
    outer loop
      vertex 99.2285 -44.6015 3
      vertex 99.3134 -44.2111 0
      vertex 99.3134 -44.2111 3
    endloop
  endfacet
  facet normal 0.977161 -0.212502 0
    outer loop
      vertex 99.3134 -44.2111 0
      vertex 99.2285 -44.6015 3
      vertex 99.2285 -44.6015 0
    endloop
  endfacet
  facet normal 0.0714252 -0.997446 0
    outer loop
      vertex 101.602 -42.2285 0
      vertex 102 -42.2 3
      vertex 101.602 -42.2285 3
    endloop
  endfacet
  facet normal 0.0714252 -0.997446 0
    outer loop
      vertex 102 -42.2 3
      vertex 101.602 -42.2285 0
      vertex 102 -42.2 0
    endloop
  endfacet
  facet normal 0.212191 -0.977228 0
    outer loop
      vertex 101.211 -42.3134 0
      vertex 101.602 -42.2285 3
      vertex 101.211 -42.3134 3
    endloop
  endfacet
  facet normal 0.212191 -0.977228 0
    outer loop
      vertex 101.602 -42.2285 3
      vertex 101.211 -42.3134 0
      vertex 101.602 -42.2285 0
    endloop
  endfacet
  facet normal 0.80054 0.599279 0
    outer loop
      vertex 99.8839 -46.8336 3
      vertex 99.6445 -46.5138 0
      vertex 99.6445 -46.5138 3
    endloop
  endfacet
  facet normal 0.80054 0.599279 0
    outer loop
      vertex 99.6445 -46.5138 0
      vertex 99.8839 -46.8336 3
      vertex 99.8839 -46.8336 0
    endloop
  endfacet
  facet normal 0.349696 0.936863 -0
    outer loop
      vertex 101.211 -47.6866 0
      vertex 100.837 -47.547 3
      vertex 101.211 -47.6866 3
    endloop
  endfacet
  facet normal 0.349696 0.936863 0
    outer loop
      vertex 100.837 -47.547 3
      vertex 101.211 -47.6866 0
      vertex 100.837 -47.547 0
    endloop
  endfacet
  facet normal -0.599039 -0.80072 0
    outer loop
      vertex 103.514 -42.6445 0
      vertex 103.834 -42.8839 3
      vertex 103.514 -42.6445 3
    endloop
  endfacet
  facet normal -0.599039 -0.80072 -0
    outer loop
      vertex 103.834 -42.8839 3
      vertex 103.514 -42.6445 0
      vertex 103.834 -42.8839 0
    endloop
  endfacet
  facet normal 0.599039 0.80072 -0
    outer loop
      vertex 100.486 -47.3555 0
      vertex 100.166 -47.1161 3
      vertex 100.486 -47.3555 3
    endloop
  endfacet
  facet normal 0.599039 0.80072 0
    outer loop
      vertex 100.166 -47.1161 3
      vertex 100.486 -47.3555 0
      vertex 100.166 -47.1161 0
    endloop
  endfacet
  facet normal -0.977615 0.210401 0
    outer loop
      vertex 104.687 -45.7888 0
      vertex 104.771 -45.3985 3
      vertex 104.771 -45.3985 0
    endloop
  endfacet
  facet normal -0.977615 0.210401 0
    outer loop
      vertex 104.771 -45.3985 3
      vertex 104.687 -45.7888 0
      vertex 104.687 -45.7888 3
    endloop
  endfacet
  facet normal 0.936986 0.349368 0
    outer loop
      vertex 99.453 -46.1632 3
      vertex 99.3134 -45.7888 0
      vertex 99.3134 -45.7888 3
    endloop
  endfacet
  facet normal 0.936986 0.349368 0
    outer loop
      vertex 99.3134 -45.7888 0
      vertex 99.453 -46.1632 3
      vertex 99.453 -46.1632 0
    endloop
  endfacet
  facet normal 0.0714252 0.997446 -0
    outer loop
      vertex 102 -47.8 0
      vertex 101.602 -47.7715 3
      vertex 102 -47.8 3
    endloop
  endfacet
  facet normal 0.0714252 0.997446 0
    outer loop
      vertex 101.602 -47.7715 3
      vertex 102 -47.8 0
      vertex 101.602 -47.7715 0
    endloop
  endfacet
  facet normal 0.212191 0.977228 -0
    outer loop
      vertex 101.602 -47.7715 0
      vertex 101.211 -47.6866 3
      vertex 101.602 -47.7715 3
    endloop
  endfacet
  facet normal 0.212191 0.977228 0
    outer loop
      vertex 101.211 -47.6866 3
      vertex 101.602 -47.7715 0
      vertex 101.211 -47.6866 0
    endloop
  endfacet
  facet normal 0.47894 0.877848 -0
    outer loop
      vertex 100.837 -47.547 0
      vertex 100.486 -47.3555 3
      vertex 100.837 -47.547 3
    endloop
  endfacet
  facet normal 0.47894 0.877848 0
    outer loop
      vertex 100.486 -47.3555 3
      vertex 100.837 -47.547 0
      vertex 100.486 -47.3555 0
    endloop
  endfacet
  facet normal 0.953396 -0 0.30172
    outer loop
      vertex 31.4684 -90 9.40758
      vertex 31.5885 -87.5 9.02808
      vertex 31.4684 -87.5 9.40758
    endloop
  endfacet
  facet normal 0.953396 0 0.30172
    outer loop
      vertex 31.5885 -87.5 9.02808
      vertex 31.4684 -90 9.40758
      vertex 31.5885 -90 9.02808
    endloop
  endfacet
  facet normal 0.190388 0 0.981709
    outer loop
      vertex 33.311 -87.5 7.49294
      vertex 33.7018 -90 7.41715
      vertex 33.7018 -87.5 7.41715
    endloop
  endfacet
  facet normal 0.190388 0 0.981709
    outer loop
      vertex 33.7018 -90 7.41715
      vertex 33.311 -87.5 7.49294
      vertex 33.311 -90 7.49294
    endloop
  endfacet
  facet normal 0.338039 0 0.941132
    outer loop
      vertex 32.9364 -87.5 7.62749
      vertex 33.311 -90 7.49294
      vertex 33.311 -87.5 7.49294
    endloop
  endfacet
  facet normal 0.338039 0 0.941132
    outer loop
      vertex 33.311 -90 7.49294
      vertex 32.9364 -87.5 7.62749
      vertex 32.9364 -90 7.62749
    endloop
  endfacet
  facet normal -0.973696 0 -0.227849
    outer loop
      vertex 36.5695 -90 10.3969
      vertex 36.4788 -87.5 10.7845
      vertex 36.5695 -87.5 10.3969
    endloop
  endfacet
  facet normal -0.973696 -0 -0.227849
    outer loop
      vertex 36.4788 -87.5 10.7845
      vertex 36.5695 -90 10.3969
      vertex 36.4788 -90 10.7845
    endloop
  endfacet
  facet normal 1 -0 0
    outer loop
      vertex 31.4076 -90 10.199
      vertex 31.4076 -87.5 9.80097
      vertex 31.4076 -87.5 10.199
    endloop
  endfacet
  facet normal 1 0 0
    outer loop
      vertex 31.4076 -87.5 9.80097
      vertex 31.4076 -90 10.199
      vertex 31.4076 -90 9.80097
    endloop
  endfacet
  facet normal 0.477796 0 -0.878471
    outer loop
      vertex 32.5867 -90 12.1823
      vertex 32.9364 -87.5 12.3725
      vertex 32.9364 -90 12.3725
    endloop
  endfacet
  facet normal 0.477796 0 -0.878471
    outer loop
      vertex 32.9364 -87.5 12.3725
      vertex 32.5867 -90 12.1823
      vertex 32.5867 -87.5 12.1823
    endloop
  endfacet
  facet normal -0.409142 0 -0.912471
    outer loop
      vertex 34.8788 -90 12.447
      vertex 35.2421 -87.5 12.2841
      vertex 35.2421 -90 12.2841
    endloop
  endfacet
  facet normal -0.409142 0 -0.912471
    outer loop
      vertex 35.2421 -87.5 12.2841
      vertex 34.8788 -90 12.447
      vertex 34.8788 -87.5 12.447
    endloop
  endfacet
  facet normal -0.859548 0 -0.511055
    outer loop
      vertex 36.33 -90 11.1537
      vertex 36.1266 -87.5 11.4958
      vertex 36.33 -87.5 11.1537
    endloop
  endfacet
  facet normal -0.859548 -0 -0.511055
    outer loop
      vertex 36.1266 -87.5 11.4958
      vertex 36.33 -90 11.1537
      vertex 36.1266 -90 11.4958
    endloop
  endfacet
  facet normal 0.817955 0 -0.575282
    outer loop
      vertex 31.9941 -90 11.6542
      vertex 31.7651 -87.5 11.3286
      vertex 31.9941 -87.5 11.6542
    endloop
  endfacet
  facet normal 0.817955 0 -0.575282
    outer loop
      vertex 31.7651 -87.5 11.3286
      vertex 31.9941 -90 11.6542
      vertex 31.7651 -90 11.3286
    endloop
  endfacet
  facet normal 0.19017 0 -0.981751
    outer loop
      vertex 33.311 -90 12.5071
      vertex 33.7018 -87.5 12.5828
      vertex 33.7018 -90 12.5828
    endloop
  endfacet
  facet normal 0.19017 0 -0.981751
    outer loop
      vertex 33.7018 -87.5 12.5828
      vertex 33.311 -90 12.5071
      vertex 33.311 -87.5 12.5071
    endloop
  endfacet
  facet normal -0.927503 0 -0.373815
    outer loop
      vertex 36.4788 -90 10.7845
      vertex 36.33 -87.5 11.1537
      vertex 36.4788 -87.5 10.7845
    endloop
  endfacet
  facet normal -0.927503 -0 -0.373815
    outer loop
      vertex 36.33 -87.5 11.1537
      vertex 36.4788 -90 10.7845
      vertex 36.33 -90 11.1537
    endloop
  endfacet
  facet normal 0.606293 0 -0.795241
    outer loop
      vertex 32.2702 -90 11.941
      vertex 32.5867 -87.5 12.1823
      vertex 32.5867 -90 12.1823
    endloop
  endfacet
  facet normal 0.606293 0 -0.795241
    outer loop
      vertex 32.5867 -87.5 12.1823
      vertex 32.2702 -90 11.941
      vertex 32.2702 -87.5 11.941
    endloop
  endfacet
  facet normal 0.953396 0 -0.30172
    outer loop
      vertex 31.5885 -90 10.9719
      vertex 31.4684 -87.5 10.5924
      vertex 31.5885 -87.5 10.9719
    endloop
  endfacet
  facet normal 0.953396 0 -0.30172
    outer loop
      vertex 31.4684 -87.5 10.5924
      vertex 31.5885 -90 10.9719
      vertex 31.4684 -90 10.5924
    endloop
  endfacet
  facet normal -0.665377 0 -0.746508
    outer loop
      vertex 35.5762 -90 12.0678
      vertex 35.8734 -87.5 11.8029
      vertex 35.8734 -90 11.8029
    endloop
  endfacet
  facet normal -0.665377 0 -0.746508
    outer loop
      vertex 35.8734 -87.5 11.8029
      vertex 35.5762 -90 12.0678
      vertex 35.5762 -87.5 12.0678
    endloop
  endfacet
  facet normal 0.988267 0 -0.152737
    outer loop
      vertex 31.4684 -90 10.5924
      vertex 31.4076 -87.5 10.199
      vertex 31.4684 -87.5 10.5924
    endloop
  endfacet
  facet normal 0.988267 0 -0.152737
    outer loop
      vertex 31.4076 -87.5 10.199
      vertex 31.4684 -90 10.5924
      vertex 31.4076 -90 10.199
    endloop
  endfacet
  facet normal 0.0384331 0 -0.999261
    outer loop
      vertex 33.7018 -90 12.5828
      vertex 34.0996 -87.5 12.5981
      vertex 34.0996 -90 12.5981
    endloop
  endfacet
  facet normal 0.0384331 0 -0.999261
    outer loop
      vertex 34.0996 -87.5 12.5981
      vertex 33.7018 -90 12.5828
      vertex 33.7018 -87.5 12.5828
    endloop
  endfacet
  facet normal -0.771567 0 0.636147
    outer loop
      vertex 35.8734 -90 8.19707
      vertex 36.1266 -87.5 8.50417
      vertex 35.8734 -87.5 8.19707
    endloop
  endfacet
  facet normal -0.771567 0 0.636147
    outer loop
      vertex 36.1266 -87.5 8.50417
      vertex 35.8734 -90 8.19707
      vertex 36.1266 -90 8.50417
    endloop
  endfacet
  facet normal -0.99706 0 -0.0766197
    outer loop
      vertex 36.6 -90 10
      vertex 36.5695 -87.5 10.3969
      vertex 36.6 -87.5 10
    endloop
  endfacet
  facet normal -0.99706 -0 -0.0766197
    outer loop
      vertex 36.5695 -87.5 10.3969
      vertex 36.6 -90 10
      vertex 36.5695 -90 10.3969
    endloop
  endfacet
  facet normal -0.99706 0 0.0766216
    outer loop
      vertex 36.5695 -90 9.60311
      vertex 36.6 -87.5 10
      vertex 36.5695 -87.5 9.60311
    endloop
  endfacet
  facet normal -0.99706 0 0.0766216
    outer loop
      vertex 36.6 -87.5 10
      vertex 36.5695 -90 9.60311
      vertex 36.6 -90 10
    endloop
  endfacet
  facet normal -0.543584 0 0.839355
    outer loop
      vertex 35.2421 -87.5 7.71587
      vertex 35.5762 -90 7.93224
      vertex 35.5762 -87.5 7.93224
    endloop
  endfacet
  facet normal -0.543584 0 0.839355
    outer loop
      vertex 35.5762 -90 7.93224
      vertex 35.2421 -87.5 7.71587
      vertex 35.2421 -90 7.71587
    endloop
  endfacet
  facet normal -0.973694 0 0.22786
    outer loop
      vertex 36.4788 -90 9.21553
      vertex 36.5695 -87.5 9.60311
      vertex 36.4788 -87.5 9.21553
    endloop
  endfacet
  facet normal -0.973694 0 0.22786
    outer loop
      vertex 36.5695 -87.5 9.60311
      vertex 36.4788 -90 9.21553
      vertex 36.5695 -90 9.60311
    endloop
  endfacet
  facet normal 0.0382826 0 0.999267
    outer loop
      vertex 33.7018 -87.5 7.41715
      vertex 34.0996 -90 7.40191
      vertex 34.0996 -87.5 7.40191
    endloop
  endfacet
  facet normal 0.0382826 0 0.999267
    outer loop
      vertex 34.0996 -90 7.40191
      vertex 33.7018 -87.5 7.41715
      vertex 33.7018 -90 7.41715
    endloop
  endfacet
  facet normal 0.896179 0 -0.443693
    outer loop
      vertex 31.7651 -90 11.3286
      vertex 31.5885 -87.5 10.9719
      vertex 31.7651 -87.5 11.3286
    endloop
  endfacet
  facet normal 0.896179 0 -0.443693
    outer loop
      vertex 31.5885 -87.5 10.9719
      vertex 31.7651 -90 11.3286
      vertex 31.5885 -90 10.9719
    endloop
  endfacet
  facet normal 0.720418 0 -0.69354
    outer loop
      vertex 32.2702 -90 11.941
      vertex 31.9941 -87.5 11.6542
      vertex 32.2702 -87.5 11.941
    endloop
  endfacet
  facet normal 0.720418 0 -0.69354
    outer loop
      vertex 31.9941 -87.5 11.6542
      vertex 32.2702 -90 11.941
      vertex 31.9941 -90 11.6542
    endloop
  endfacet
  facet normal -0.54346 0 -0.839435
    outer loop
      vertex 35.2421 -90 12.2841
      vertex 35.5762 -87.5 12.0678
      vertex 35.5762 -90 12.0678
    endloop
  endfacet
  facet normal -0.54346 0 -0.839435
    outer loop
      vertex 35.5762 -87.5 12.0678
      vertex 35.2421 -90 12.2841
      vertex 35.2421 -87.5 12.2841
    endloop
  endfacet
  facet normal 0.896194 -0 0.443663
    outer loop
      vertex 31.5885 -90 9.02808
      vertex 31.7651 -87.5 8.67135
      vertex 31.5885 -87.5 9.02808
    endloop
  endfacet
  facet normal 0.896194 0 0.443663
    outer loop
      vertex 31.7651 -87.5 8.67135
      vertex 31.5885 -90 9.02808
      vertex 31.7651 -90 8.67135
    endloop
  endfacet
  facet normal 0.477718 0 0.878513
    outer loop
      vertex 32.5867 -87.5 7.81765
      vertex 32.9364 -90 7.62749
      vertex 32.9364 -87.5 7.62749
    endloop
  endfacet
  facet normal 0.477718 0 0.878513
    outer loop
      vertex 32.9364 -90 7.62749
      vertex 32.5867 -87.5 7.81765
      vertex 32.5867 -90 7.81765
    endloop
  endfacet
  facet normal -0.114691 0 0.993401
    outer loop
      vertex 34.0996 -87.5 7.40191
      vertex 34.495 -90 7.44756
      vertex 34.495 -87.5 7.44756
    endloop
  endfacet
  facet normal -0.114691 0 0.993401
    outer loop
      vertex 34.495 -90 7.44756
      vertex 34.0996 -87.5 7.40191
      vertex 34.0996 -90 7.40191
    endloop
  endfacet
  facet normal -0.771567 0 -0.636147
    outer loop
      vertex 36.1266 -90 11.4958
      vertex 35.8734 -87.5 11.8029
      vertex 36.1266 -87.5 11.4958
    endloop
  endfacet
  facet normal -0.771567 -0 -0.636147
    outer loop
      vertex 35.8734 -87.5 11.8029
      vertex 36.1266 -90 11.4958
      vertex 35.8734 -90 11.8029
    endloop
  endfacet
  facet normal -0.859587 0 0.510989
    outer loop
      vertex 36.1266 -90 8.50417
      vertex 36.33 -87.5 8.84633
      vertex 36.1266 -87.5 8.50417
    endloop
  endfacet
  facet normal -0.859587 0 0.510989
    outer loop
      vertex 36.33 -87.5 8.84633
      vertex 36.1266 -90 8.50417
      vertex 36.33 -90 8.84633
    endloop
  endfacet
  facet normal -0.665279 0 0.746595
    outer loop
      vertex 35.5762 -87.5 7.93224
      vertex 35.8734 -90 8.19707
      vertex 35.8734 -87.5 8.19707
    endloop
  endfacet
  facet normal -0.665279 0 0.746595
    outer loop
      vertex 35.8734 -90 8.19707
      vertex 35.5762 -87.5 7.93224
      vertex 35.5762 -90 7.93224
    endloop
  endfacet
  facet normal 0.33815 0 -0.941092
    outer loop
      vertex 32.9364 -90 12.3725
      vertex 33.311 -87.5 12.5071
      vertex 33.311 -90 12.5071
    endloop
  endfacet
  facet normal 0.33815 0 -0.941092
    outer loop
      vertex 33.311 -87.5 12.5071
      vertex 32.9364 -90 12.3725
      vertex 32.9364 -87.5 12.3725
    endloop
  endfacet
  facet normal 0.817939 -0 0.575305
    outer loop
      vertex 31.7651 -90 8.67135
      vertex 31.9941 -87.5 8.34577
      vertex 31.7651 -87.5 8.67135
    endloop
  endfacet
  facet normal 0.817939 0 0.575305
    outer loop
      vertex 31.9941 -87.5 8.34577
      vertex 31.7651 -90 8.67135
      vertex 31.9941 -90 8.34577
    endloop
  endfacet
  facet normal 0.72043 -0 0.693528
    outer loop
      vertex 31.9941 -90 8.34577
      vertex 32.2702 -87.5 8.05896
      vertex 31.9941 -87.5 8.34577
    endloop
  endfacet
  facet normal 0.72043 0 0.693528
    outer loop
      vertex 32.2702 -87.5 8.05896
      vertex 31.9941 -90 8.34577
      vertex 32.2702 -90 8.05896
    endloop
  endfacet
  facet normal -0.927503 0 0.373815
    outer loop
      vertex 36.33 -90 8.84633
      vertex 36.4788 -87.5 9.21553
      vertex 36.33 -87.5 8.84633
    endloop
  endfacet
  facet normal -0.927503 0 0.373815
    outer loop
      vertex 36.4788 -87.5 9.21553
      vertex 36.33 -90 8.84633
      vertex 36.4788 -90 9.21553
    endloop
  endfacet
  facet normal -0.264818 0 -0.964298
    outer loop
      vertex 34.495 -90 12.5524
      vertex 34.8788 -87.5 12.447
      vertex 34.8788 -90 12.447
    endloop
  endfacet
  facet normal -0.264818 0 -0.964298
    outer loop
      vertex 34.8788 -87.5 12.447
      vertex 34.495 -90 12.5524
      vertex 34.495 -87.5 12.5524
    endloop
  endfacet
  facet normal 0.606309 0 0.795229
    outer loop
      vertex 32.2702 -87.5 8.05896
      vertex 32.5867 -90 7.81765
      vertex 32.5867 -87.5 7.81765
    endloop
  endfacet
  facet normal 0.606309 0 0.795229
    outer loop
      vertex 32.5867 -90 7.81765
      vertex 32.2702 -87.5 8.05896
      vertex 32.2702 -90 8.05896
    endloop
  endfacet
  facet normal -0.265005 0 0.964247
    outer loop
      vertex 34.495 -87.5 7.44756
      vertex 34.8788 -90 7.55304
      vertex 34.8788 -87.5 7.55304
    endloop
  endfacet
  facet normal -0.265005 0 0.964247
    outer loop
      vertex 34.8788 -90 7.55304
      vertex 34.495 -87.5 7.44756
      vertex 34.495 -90 7.44756
    endloop
  endfacet
  facet normal -0.408996 0 0.912536
    outer loop
      vertex 34.8788 -87.5 7.55304
      vertex 35.2421 -90 7.71587
      vertex 35.2421 -87.5 7.71587
    endloop
  endfacet
  facet normal -0.408996 0 0.912536
    outer loop
      vertex 35.2421 -90 7.71587
      vertex 34.8788 -87.5 7.55304
      vertex 34.8788 -90 7.55304
    endloop
  endfacet
  facet normal -0.114815 0 -0.993387
    outer loop
      vertex 34.0996 -90 12.5981
      vertex 34.495 -87.5 12.5524
      vertex 34.495 -90 12.5524
    endloop
  endfacet
  facet normal -0.114815 0 -0.993387
    outer loop
      vertex 34.495 -87.5 12.5524
      vertex 34.0996 -90 12.5981
      vertex 34.0996 -87.5 12.5981
    endloop
  endfacet
  facet normal 0.988266 -0 0.152741
    outer loop
      vertex 31.4076 -90 9.80097
      vertex 31.4684 -87.5 9.40758
      vertex 31.4076 -87.5 9.80097
    endloop
  endfacet
  facet normal 0.988266 0 0.152741
    outer loop
      vertex 31.4684 -87.5 9.40758
      vertex 31.4076 -90 9.80097
      vertex 31.4684 -90 9.40758
    endloop
  endfacet
  facet normal 0.337959 0 0.941161
    outer loop
      vertex 76.9364 -87.5 7.62749
      vertex 77.3111 -90 7.49294
      vertex 77.3111 -87.5 7.49294
    endloop
  endfacet
  facet normal 0.337959 0 0.941161
    outer loop
      vertex 77.3111 -90 7.49294
      vertex 76.9364 -87.5 7.62749
      vertex 76.9364 -90 7.62749
    endloop
  endfacet
  facet normal -0.973696 0 -0.227849
    outer loop
      vertex 80.5695 -90 10.3969
      vertex 80.4788 -87.5 10.7845
      vertex 80.5695 -87.5 10.3969
    endloop
  endfacet
  facet normal -0.973696 -0 -0.227849
    outer loop
      vertex 80.4788 -87.5 10.7845
      vertex 80.5695 -90 10.3969
      vertex 80.4788 -90 10.7845
    endloop
  endfacet
  facet normal -0.859548 0 -0.511055
    outer loop
      vertex 80.33 -90 11.1537
      vertex 80.1266 -87.5 11.4958
      vertex 80.33 -87.5 11.1537
    endloop
  endfacet
  facet normal -0.859548 -0 -0.511055
    outer loop
      vertex 80.1266 -87.5 11.4958
      vertex 80.33 -90 11.1537
      vertex 80.1266 -90 11.4958
    endloop
  endfacet
  facet normal 0.0384331 0 -0.999261
    outer loop
      vertex 77.7018 -90 12.5828
      vertex 78.0996 -87.5 12.5981
      vertex 78.0996 -90 12.5981
    endloop
  endfacet
  facet normal 0.0384331 0 -0.999261
    outer loop
      vertex 78.0996 -87.5 12.5981
      vertex 77.7018 -90 12.5828
      vertex 77.7018 -87.5 12.5828
    endloop
  endfacet
  facet normal 0.896179 0 -0.443693
    outer loop
      vertex 75.7651 -90 11.3286
      vertex 75.5885 -87.5 10.9719
      vertex 75.7651 -87.5 11.3286
    endloop
  endfacet
  facet normal 0.896179 0 -0.443693
    outer loop
      vertex 75.5885 -87.5 10.9719
      vertex 75.7651 -90 11.3286
      vertex 75.5885 -90 10.9719
    endloop
  endfacet
  facet normal 1 -0 0
    outer loop
      vertex 75.4076 -90 10.199
      vertex 75.4076 -87.5 9.80097
      vertex 75.4076 -87.5 10.199
    endloop
  endfacet
  facet normal 1 0 0
    outer loop
      vertex 75.4076 -87.5 9.80097
      vertex 75.4076 -90 10.199
      vertex 75.4076 -90 9.80097
    endloop
  endfacet
  facet normal -0.927503 0 -0.373815
    outer loop
      vertex 80.4788 -90 10.7845
      vertex 80.33 -87.5 11.1537
      vertex 80.4788 -87.5 10.7845
    endloop
  endfacet
  facet normal -0.927503 -0 -0.373815
    outer loop
      vertex 80.33 -87.5 11.1537
      vertex 80.4788 -90 10.7845
      vertex 80.33 -90 11.1537
    endloop
  endfacet
  facet normal -0.771567 0 0.636147
    outer loop
      vertex 79.8734 -90 8.19707
      vertex 80.1266 -87.5 8.50417
      vertex 79.8734 -87.5 8.19707
    endloop
  endfacet
  facet normal -0.771567 0 0.636147
    outer loop
      vertex 80.1266 -87.5 8.50417
      vertex 79.8734 -90 8.19707
      vertex 80.1266 -90 8.50417
    endloop
  endfacet
  facet normal 0.477796 0 -0.878471
    outer loop
      vertex 76.5867 -90 12.1823
      vertex 76.9364 -87.5 12.3725
      vertex 76.9364 -90 12.3725
    endloop
  endfacet
  facet normal 0.477796 0 -0.878471
    outer loop
      vertex 76.9364 -87.5 12.3725
      vertex 76.5867 -90 12.1823
      vertex 76.5867 -87.5 12.1823
    endloop
  endfacet
  facet normal -0.927503 0 0.373815
    outer loop
      vertex 80.33 -90 8.84633
      vertex 80.4788 -87.5 9.21553
      vertex 80.33 -87.5 8.84633
    endloop
  endfacet
  facet normal -0.927503 0 0.373815
    outer loop
      vertex 80.4788 -87.5 9.21553
      vertex 80.33 -90 8.84633
      vertex 80.4788 -90 9.21553
    endloop
  endfacet
  facet normal -0.99706 0 -0.0766197
    outer loop
      vertex 80.6 -90 10
      vertex 80.5695 -87.5 10.3969
      vertex 80.6 -87.5 10
    endloop
  endfacet
  facet normal -0.99706 -0 -0.0766197
    outer loop
      vertex 80.5695 -87.5 10.3969
      vertex 80.6 -90 10
      vertex 80.5695 -90 10.3969
    endloop
  endfacet
  facet normal 0.896194 -0 0.443663
    outer loop
      vertex 75.5885 -90 9.02808
      vertex 75.7651 -87.5 8.67135
      vertex 75.5885 -87.5 9.02808
    endloop
  endfacet
  facet normal 0.896194 0 0.443663
    outer loop
      vertex 75.7651 -87.5 8.67135
      vertex 75.5885 -90 9.02808
      vertex 75.7651 -90 8.67135
    endloop
  endfacet
  facet normal -0.859587 0 0.510989
    outer loop
      vertex 80.1266 -90 8.50417
      vertex 80.33 -87.5 8.84633
      vertex 80.1266 -87.5 8.50417
    endloop
  endfacet
  facet normal -0.859587 0 0.510989
    outer loop
      vertex 80.33 -87.5 8.84633
      vertex 80.1266 -90 8.50417
      vertex 80.33 -90 8.84633
    endloop
  endfacet
  facet normal 0.72043 -0 0.693528
    outer loop
      vertex 75.9941 -90 8.34577
      vertex 76.2702 -87.5 8.05896
      vertex 75.9941 -87.5 8.34577
    endloop
  endfacet
  facet normal 0.72043 0 0.693528
    outer loop
      vertex 76.2702 -87.5 8.05896
      vertex 75.9941 -90 8.34577
      vertex 76.2702 -90 8.05896
    endloop
  endfacet
  facet normal -0.99706 0 0.0766216
    outer loop
      vertex 80.5695 -90 9.60311
      vertex 80.6 -87.5 10
      vertex 80.5695 -87.5 9.60311
    endloop
  endfacet
  facet normal -0.99706 0 0.0766216
    outer loop
      vertex 80.6 -87.5 10
      vertex 80.5695 -90 9.60311
      vertex 80.6 -90 10
    endloop
  endfacet
  facet normal -0.973694 0 0.22786
    outer loop
      vertex 80.4788 -90 9.21553
      vertex 80.5695 -87.5 9.60311
      vertex 80.4788 -87.5 9.21553
    endloop
  endfacet
  facet normal -0.973694 0 0.22786
    outer loop
      vertex 80.5695 -87.5 9.60311
      vertex 80.4788 -90 9.21553
      vertex 80.5695 -90 9.60311
    endloop
  endfacet
  facet normal -0.665377 0 -0.746508
    outer loop
      vertex 79.5762 -90 12.0678
      vertex 79.8734 -87.5 11.8029
      vertex 79.8734 -90 11.8029
    endloop
  endfacet
  facet normal -0.665377 0 -0.746508
    outer loop
      vertex 79.8734 -87.5 11.8029
      vertex 79.5762 -90 12.0678
      vertex 79.5762 -87.5 12.0678
    endloop
  endfacet
  facet normal -0.409142 0 -0.912471
    outer loop
      vertex 78.8788 -90 12.447
      vertex 79.2421 -87.5 12.2841
      vertex 79.2421 -90 12.2841
    endloop
  endfacet
  facet normal -0.409142 0 -0.912471
    outer loop
      vertex 79.2421 -87.5 12.2841
      vertex 78.8788 -90 12.447
      vertex 78.8788 -87.5 12.447
    endloop
  endfacet
  facet normal 0.477718 0 0.878513
    outer loop
      vertex 76.5867 -87.5 7.81765
      vertex 76.9364 -90 7.62749
      vertex 76.9364 -87.5 7.62749
    endloop
  endfacet
  facet normal 0.477718 0 0.878513
    outer loop
      vertex 76.9364 -90 7.62749
      vertex 76.5867 -87.5 7.81765
      vertex 76.5867 -90 7.81765
    endloop
  endfacet
  facet normal -0.265005 0 0.964247
    outer loop
      vertex 78.495 -87.5 7.44756
      vertex 78.8788 -90 7.55304
      vertex 78.8788 -87.5 7.55304
    endloop
  endfacet
  facet normal -0.265005 0 0.964247
    outer loop
      vertex 78.8788 -90 7.55304
      vertex 78.495 -87.5 7.44756
      vertex 78.495 -90 7.44756
    endloop
  endfacet
  facet normal 0.0382826 0 0.999267
    outer loop
      vertex 77.7018 -87.5 7.41715
      vertex 78.0996 -90 7.40191
      vertex 78.0996 -87.5 7.40191
    endloop
  endfacet
  facet normal 0.0382826 0 0.999267
    outer loop
      vertex 78.0996 -90 7.40191
      vertex 77.7018 -87.5 7.41715
      vertex 77.7018 -90 7.41715
    endloop
  endfacet
  facet normal -0.114691 0 0.993401
    outer loop
      vertex 78.0996 -87.5 7.40191
      vertex 78.495 -90 7.44756
      vertex 78.495 -87.5 7.44756
    endloop
  endfacet
  facet normal -0.114691 0 0.993401
    outer loop
      vertex 78.495 -90 7.44756
      vertex 78.0996 -87.5 7.40191
      vertex 78.0996 -90 7.40191
    endloop
  endfacet
  facet normal -0.771567 0 -0.636147
    outer loop
      vertex 80.1266 -90 11.4958
      vertex 79.8734 -87.5 11.8029
      vertex 80.1266 -87.5 11.4958
    endloop
  endfacet
  facet normal -0.771567 -0 -0.636147
    outer loop
      vertex 79.8734 -87.5 11.8029
      vertex 80.1266 -90 11.4958
      vertex 79.8734 -90 11.8029
    endloop
  endfacet
  facet normal 0.190435 0 0.9817
    outer loop
      vertex 77.3111 -87.5 7.49294
      vertex 77.7018 -90 7.41715
      vertex 77.7018 -87.5 7.41715
    endloop
  endfacet
  facet normal 0.190435 0 0.9817
    outer loop
      vertex 77.7018 -90 7.41715
      vertex 77.3111 -87.5 7.49294
      vertex 77.3111 -90 7.49294
    endloop
  endfacet
  facet normal -0.264818 0 -0.964298
    outer loop
      vertex 78.495 -90 12.5524
      vertex 78.8788 -87.5 12.447
      vertex 78.8788 -90 12.447
    endloop
  endfacet
  facet normal -0.264818 0 -0.964298
    outer loop
      vertex 78.8788 -87.5 12.447
      vertex 78.495 -90 12.5524
      vertex 78.495 -87.5 12.5524
    endloop
  endfacet
  facet normal 0.190217 0 -0.981742
    outer loop
      vertex 77.3111 -90 12.5071
      vertex 77.7018 -87.5 12.5828
      vertex 77.7018 -90 12.5828
    endloop
  endfacet
  facet normal 0.190217 0 -0.981742
    outer loop
      vertex 77.7018 -87.5 12.5828
      vertex 77.3111 -90 12.5071
      vertex 77.3111 -87.5 12.5071
    endloop
  endfacet
  facet normal -0.54346 0 -0.839435
    outer loop
      vertex 79.2421 -90 12.2841
      vertex 79.5762 -87.5 12.0678
      vertex 79.5762 -90 12.0678
    endloop
  endfacet
  facet normal -0.54346 0 -0.839435
    outer loop
      vertex 79.5762 -87.5 12.0678
      vertex 79.2421 -90 12.2841
      vertex 79.2421 -87.5 12.2841
    endloop
  endfacet
  facet normal -0.114815 0 -0.993387
    outer loop
      vertex 78.0996 -90 12.5981
      vertex 78.495 -87.5 12.5524
      vertex 78.495 -90 12.5524
    endloop
  endfacet
  facet normal -0.114815 0 -0.993387
    outer loop
      vertex 78.495 -87.5 12.5524
      vertex 78.0996 -90 12.5981
      vertex 78.0996 -87.5 12.5981
    endloop
  endfacet
  facet normal 0.720418 0 -0.69354
    outer loop
      vertex 76.2702 -90 11.941
      vertex 75.9941 -87.5 11.6542
      vertex 76.2702 -87.5 11.941
    endloop
  endfacet
  facet normal 0.720418 0 -0.69354
    outer loop
      vertex 75.9941 -87.5 11.6542
      vertex 76.2702 -90 11.941
      vertex 75.9941 -90 11.6542
    endloop
  endfacet
  facet normal 0.33807 0 -0.941121
    outer loop
      vertex 76.9364 -90 12.3725
      vertex 77.3111 -87.5 12.5071
      vertex 77.3111 -90 12.5071
    endloop
  endfacet
  facet normal 0.33807 0 -0.941121
    outer loop
      vertex 77.3111 -87.5 12.5071
      vertex 76.9364 -90 12.3725
      vertex 76.9364 -87.5 12.3725
    endloop
  endfacet
  facet normal 0.606309 0 0.795229
    outer loop
      vertex 76.2702 -87.5 8.05896
      vertex 76.5867 -90 7.81765
      vertex 76.5867 -87.5 7.81765
    endloop
  endfacet
  facet normal 0.606309 0 0.795229
    outer loop
      vertex 76.5867 -90 7.81765
      vertex 76.2702 -87.5 8.05896
      vertex 76.2702 -90 8.05896
    endloop
  endfacet
  facet normal 0.817939 -0 0.575305
    outer loop
      vertex 75.7651 -90 8.67135
      vertex 75.9941 -87.5 8.34577
      vertex 75.7651 -87.5 8.67135
    endloop
  endfacet
  facet normal 0.817939 0 0.575305
    outer loop
      vertex 75.9941 -87.5 8.34577
      vertex 75.7651 -90 8.67135
      vertex 75.9941 -90 8.34577
    endloop
  endfacet
  facet normal -0.543584 0 0.839355
    outer loop
      vertex 79.2421 -87.5 7.71587
      vertex 79.5762 -90 7.93224
      vertex 79.5762 -87.5 7.93224
    endloop
  endfacet
  facet normal -0.543584 0 0.839355
    outer loop
      vertex 79.5762 -90 7.93224
      vertex 79.2421 -87.5 7.71587
      vertex 79.2421 -90 7.71587
    endloop
  endfacet
  facet normal 0.953396 -0 0.30172
    outer loop
      vertex 75.4684 -90 9.40758
      vertex 75.5885 -87.5 9.02808
      vertex 75.4684 -87.5 9.40758
    endloop
  endfacet
  facet normal 0.953396 0 0.30172
    outer loop
      vertex 75.5885 -87.5 9.02808
      vertex 75.4684 -90 9.40758
      vertex 75.5885 -90 9.02808
    endloop
  endfacet
  facet normal 0.817955 0 -0.575282
    outer loop
      vertex 75.9941 -90 11.6542
      vertex 75.7651 -87.5 11.3286
      vertex 75.9941 -87.5 11.6542
    endloop
  endfacet
  facet normal 0.817955 0 -0.575282
    outer loop
      vertex 75.7651 -87.5 11.3286
      vertex 75.9941 -90 11.6542
      vertex 75.7651 -90 11.3286
    endloop
  endfacet
  facet normal -0.665279 0 0.746595
    outer loop
      vertex 79.5762 -87.5 7.93224
      vertex 79.8734 -90 8.19707
      vertex 79.8734 -87.5 8.19707
    endloop
  endfacet
  facet normal -0.665279 0 0.746595
    outer loop
      vertex 79.8734 -90 8.19707
      vertex 79.5762 -87.5 7.93224
      vertex 79.5762 -90 7.93224
    endloop
  endfacet
  facet normal -0.408996 0 0.912536
    outer loop
      vertex 78.8788 -87.5 7.55304
      vertex 79.2421 -90 7.71587
      vertex 79.2421 -87.5 7.71587
    endloop
  endfacet
  facet normal -0.408996 0 0.912536
    outer loop
      vertex 79.2421 -90 7.71587
      vertex 78.8788 -87.5 7.55304
      vertex 78.8788 -90 7.55304
    endloop
  endfacet
  facet normal 0.988266 -0 0.152741
    outer loop
      vertex 75.4076 -90 9.80097
      vertex 75.4684 -87.5 9.40758
      vertex 75.4076 -87.5 9.80097
    endloop
  endfacet
  facet normal 0.988266 0 0.152741
    outer loop
      vertex 75.4684 -87.5 9.40758
      vertex 75.4076 -90 9.80097
      vertex 75.4684 -90 9.40758
    endloop
  endfacet
  facet normal 0.988267 0 -0.152737
    outer loop
      vertex 75.4684 -90 10.5924
      vertex 75.4076 -87.5 10.199
      vertex 75.4684 -87.5 10.5924
    endloop
  endfacet
  facet normal 0.988267 0 -0.152737
    outer loop
      vertex 75.4076 -87.5 10.199
      vertex 75.4684 -90 10.5924
      vertex 75.4076 -90 10.199
    endloop
  endfacet
  facet normal 0.953396 0 -0.30172
    outer loop
      vertex 75.5885 -90 10.9719
      vertex 75.4684 -87.5 10.5924
      vertex 75.5885 -87.5 10.9719
    endloop
  endfacet
  facet normal 0.953396 0 -0.30172
    outer loop
      vertex 75.4684 -87.5 10.5924
      vertex 75.5885 -90 10.9719
      vertex 75.4684 -90 10.5924
    endloop
  endfacet
  facet normal 0.606293 0 -0.795241
    outer loop
      vertex 76.2702 -90 11.941
      vertex 76.5867 -87.5 12.1823
      vertex 76.5867 -90 12.1823
    endloop
  endfacet
  facet normal 0.606293 0 -0.795241
    outer loop
      vertex 76.5867 -87.5 12.1823
      vertex 76.2702 -90 11.941
      vertex 76.2702 -87.5 11.941
    endloop
  endfacet
  facet normal -1 0 0
    outer loop
      vertex 16.7 -2.5 7.3
      vertex 16.7 0 12.7
      vertex 16.7 0 7.3
    endloop
  endfacet
  facet normal -1 -0 0
    outer loop
      vertex 16.7 0 12.7
      vertex 16.7 -2.5 7.3
      vertex 16.7 -2.5 12.7
    endloop
  endfacet
  facet normal 1 -0 0
    outer loop
      vertex 11.3 -2.5 12.7
      vertex 11.3 0 7.3
      vertex 11.3 0 12.7
    endloop
  endfacet
  facet normal 1 0 0
    outer loop
      vertex 11.3 0 7.3
      vertex 11.3 -2.5 12.7
      vertex 11.3 -2.5 7.3
    endloop
  endfacet
  facet normal 0 0 -1
    outer loop
      vertex 11.3 -2.5 12.7
      vertex 16.7 0 12.7
      vertex 16.7 -2.5 12.7
    endloop
  endfacet
  facet normal -0 0 -1
    outer loop
      vertex 16.7 0 12.7
      vertex 11.3 -2.5 12.7
      vertex 11.3 0 12.7
    endloop
  endfacet
  facet normal -0 0 1
    outer loop
      vertex 11.3 0 7.3
      vertex 16.7 -2.5 7.3
      vertex 16.7 0 7.3
    endloop
  endfacet
  facet normal 0 0 1
    outer loop
      vertex 16.7 -2.5 7.3
      vertex 11.3 0 7.3
      vertex 11.3 -2.5 7.3
    endloop
  endfacet
  facet normal -1 0 0
    outer loop
      vertex 106.7 -2.5 7.3
      vertex 106.7 0 12.7
      vertex 106.7 0 7.3
    endloop
  endfacet
  facet normal -1 -0 0
    outer loop
      vertex 106.7 0 12.7
      vertex 106.7 -2.5 7.3
      vertex 106.7 -2.5 12.7
    endloop
  endfacet
  facet normal 1 -0 0
    outer loop
      vertex 101.3 -2.5 12.7
      vertex 101.3 0 7.3
      vertex 101.3 0 12.7
    endloop
  endfacet
  facet normal 1 0 0
    outer loop
      vertex 101.3 0 7.3
      vertex 101.3 -2.5 12.7
      vertex 101.3 -2.5 7.3
    endloop
  endfacet
  facet normal 0 0 -1
    outer loop
      vertex 101.3 -2.5 12.7
      vertex 106.7 0 12.7
      vertex 106.7 -2.5 12.7
    endloop
  endfacet
  facet normal -0 0 -1
    outer loop
      vertex 106.7 0 12.7
      vertex 101.3 -2.5 12.7
      vertex 101.3 0 12.7
    endloop
  endfacet
  facet normal -0 0 1
    outer loop
      vertex 101.3 0 7.3
      vertex 106.7 -2.5 7.3
      vertex 106.7 0 7.3
    endloop
  endfacet
  facet normal 0 0 1
    outer loop
      vertex 106.7 -2.5 7.3
      vertex 101.3 0 7.3
      vertex 101.3 -2.5 7.3
    endloop
  endfacet
  facet normal -0.43408 0.900874 0
    outer loop
      vertex 82.8677 -77.4969 0
      vertex 82.5097 -77.6694 1.2
      vertex 82.8677 -77.4969 1.2
    endloop
  endfacet
  facet normal -0.43408 0.900874 0
    outer loop
      vertex 82.5097 -77.6694 1.2
      vertex 82.8677 -77.4969 0
      vertex 82.5097 -77.6694 0
    endloop
  endfacet
  facet normal 0.128059 -0.991767 0
    outer loop
      vertex 13.0105 -13.8795 0
      vertex 13.4047 -13.8286 1.2
      vertex 13.0105 -13.8795 1.2
    endloop
  endfacet
  facet normal 0.128059 -0.991767 0
    outer loop
      vertex 13.4047 -13.8286 1.2
      vertex 13.0105 -13.8795 0
      vertex 13.4047 -13.8286 0
    endloop
  endfacet
  facet normal 0.598106 -0.801417 0
    outer loop
      vertex 10.1344 -15.1526 0
      vertex 10.4529 -14.9149 1.2
      vertex 10.1344 -15.1526 1.2
    endloop
  endfacet
  facet normal 0.598106 -0.801417 0
    outer loop
      vertex 10.4529 -14.9149 1.2
      vertex 10.1344 -15.1526 0
      vertex 10.4529 -14.9149 0
    endloop
  endfacet
  facet normal -0.999489 0.0319575 0
    outer loop
      vertex 86.1873 -72.3972 0
      vertex 86.2 -72 1.2
      vertex 86.2 -72 0
    endloop
  endfacet
  facet normal -0.999489 0.0319575 0
    outer loop
      vertex 86.2 -72 1.2
      vertex 86.1873 -72.3972 0
      vertex 86.1873 -72.3972 1.2
    endloop
  endfacet
  facet normal 0.8202 -0.572077 0
    outer loop
      vertex 8.80385 -16.6177 1.2
      vertex 9.03123 -16.2917 0
      vertex 9.03123 -16.2917 1.2
    endloop
  endfacet
  facet normal 0.8202 -0.572077 0
    outer loop
      vertex 9.03123 -16.2917 0
      vertex 8.80385 -16.6177 1.2
      vertex 8.80385 -16.6177 0
    endloop
  endfacet
  facet normal -0.159501 -0.987198 0
    outer loop
      vertex 80.7928 -13.8509 0
      vertex 81.1852 -13.9143 1.2
      vertex 80.7928 -13.8509 1.2
    endloop
  endfacet
  facet normal -0.159501 -0.987198 -0
    outer loop
      vertex 81.1852 -13.9143 1.2
      vertex 80.7928 -13.8509 0
      vertex 81.1852 -13.9143 0
    endloop
  endfacet
  facet normal 0.886563 -0.462608 0
    outer loop
      vertex 8.41399 -17.3099 1.2
      vertex 8.59782 -16.9576 0
      vertex 8.59782 -16.9576 1.2
    endloop
  endfacet
  facet normal 0.886563 -0.462608 0
    outer loop
      vertex 8.59782 -16.9576 0
      vertex 8.41399 -17.3099 1.2
      vertex 8.41399 -17.3099 0
    endloop
  endfacet
  facet normal -0.128059 0.991767 0
    outer loop
      vertex 80.9895 -78.1205 0
      vertex 80.5953 -78.1714 1.2
      vertex 80.9895 -78.1205 1.2
    endloop
  endfacet
  facet normal -0.128059 0.991767 0
    outer loop
      vertex 80.5953 -78.1714 1.2
      vertex 80.9895 -78.1205 0
      vertex 80.5953 -78.1714 0
    endloop
  endfacet
  facet normal -0.99537 0.0961151 0
    outer loop
      vertex 86.1491 -72.7928 0
      vertex 86.1873 -72.3972 1.2
      vertex 86.1873 -72.3972 0
    endloop
  endfacet
  facet normal -0.99537 0.0961151 0
    outer loop
      vertex 86.1873 -72.3972 1.2
      vertex 86.1491 -72.7928 0
      vertex 86.1491 -72.7928 1.2
    endloop
  endfacet
  facet normal -0.886594 0.462549 0
    outer loop
      vertex 85.4022 -75.0424 0
      vertex 85.586 -74.6901 1.2
      vertex 85.586 -74.6901 0
    endloop
  endfacet
  facet normal -0.886594 0.462549 0
    outer loop
      vertex 85.586 -74.6901 1.2
      vertex 85.4022 -75.0424 0
      vertex 85.4022 -75.0424 1.2
    endloop
  endfacet
  facet normal 0.9673 0.253636 0
    outer loop
      vertex 8.05626 -73.7641 1.2
      vertex 7.95544 -73.3796 0
      vertex 7.95544 -73.3796 1.2
    endloop
  endfacet
  facet normal 0.9673 0.253636 0
    outer loop
      vertex 7.95544 -73.3796 0
      vertex 8.05626 -73.7641 1.2
      vertex 8.05626 -73.7641 0
    endloop
  endfacet
  facet normal 0.222654 0.974898 -0
    outer loop
      vertex 12.8148 -78.0857 0
      vertex 12.4273 -77.9972 1.2
      vertex 12.8148 -78.0857 1.2
    endloop
  endfacet
  facet normal 0.222654 0.974898 0
    outer loop
      vertex 12.4273 -77.9972 1.2
      vertex 12.8148 -78.0857 0
      vertex 12.4273 -77.9972 0
    endloop
  endfacet
  facet normal 0.695681 -0.718351 0
    outer loop
      vertex 9.54623 -15.6868 0
      vertex 9.83174 -15.4103 1.2
      vertex 9.54623 -15.6868 1.2
    endloop
  endfacet
  facet normal 0.695681 -0.718351 0
    outer loop
      vertex 9.83174 -15.4103 1.2
      vertex 9.54623 -15.6868 0
      vertex 9.83174 -15.4103 0
    endloop
  endfacet
  facet normal -0.518302 -0.855198 0
    outer loop
      vertex 83.0424 -14.5978 0
      vertex 83.3823 -14.8038 1.2
      vertex 83.0424 -14.5978 1.2
    endloop
  endfacet
  facet normal -0.518302 -0.855198 -0
    outer loop
      vertex 83.3823 -14.8038 1.2
      vertex 83.0424 -14.5978 0
      vertex 83.3823 -14.8038 0
    endloop
  endfacet
  facet normal -0.623528 -0.781801 0
    outer loop
      vertex 83.7083 -15.0312 0
      vertex 84.019 -15.279 1.2
      vertex 83.7083 -15.0312 1.2
    endloop
  endfacet
  facet normal -0.623528 -0.781801 -0
    outer loop
      vertex 84.019 -15.279 1.2
      vertex 83.7083 -15.0312 0
      vertex 84.019 -15.279 0
    endloop
  endfacet
  facet normal 1 -0 0
    outer loop
      vertex 7.8 -72 1.2
      vertex 7.8 -20 0
      vertex 7.8 -20 1.2
    endloop
  endfacet
  facet normal 1 0 0
    outer loop
      vertex 7.8 -20 0
      vertex 7.8 -72 1.2
      vertex 7.8 -72 0
    endloop
  endfacet
  facet normal 0.999486 -0.032058 0
    outer loop
      vertex 7.8 -20 1.2
      vertex 7.81274 -19.6028 0
      vertex 7.81274 -19.6028 1.2
    endloop
  endfacet
  facet normal 0.999486 -0.032058 0
    outer loop
      vertex 7.81274 -19.6028 0
      vertex 7.8 -20 1.2
      vertex 7.8 -20 0
    endloop
  endfacet
  facet normal 0.0639134 -0.997955 0
    outer loop
      vertex 13.4047 -13.8286 0
      vertex 13.8013 -13.8032 1.2
      vertex 13.4047 -13.8286 1.2
    endloop
  endfacet
  facet normal 0.0639134 -0.997955 0
    outer loop
      vertex 13.8013 -13.8032 1.2
      vertex 13.4047 -13.8286 0
      vertex 13.8013 -13.8032 0
    endloop
  endfacet
  facet normal -0.949085 -0.31502 0
    outer loop
      vertex 85.9437 -18.2359 0
      vertex 85.8185 -17.8587 1.2
      vertex 85.8185 -17.8587 0
    endloop
  endfacet
  facet normal -0.949085 -0.31502 0
    outer loop
      vertex 85.8185 -17.8587 1.2
      vertex 85.9437 -18.2359 0
      vertex 85.9437 -18.2359 1.2
    endloop
  endfacet
  facet normal -0.0319575 -0.999489 0
    outer loop
      vertex 80 -13.8 0
      vertex 80.3972 -13.8127 1.2
      vertex 80 -13.8 1.2
    endloop
  endfacet
  facet normal -0.0319575 -0.999489 -0
    outer loop
      vertex 80.3972 -13.8127 1.2
      vertex 80 -13.8 0
      vertex 80.3972 -13.8127 0
    endloop
  endfacet
  facet normal 0 1 -0
    outer loop
      vertex 80 -78.2 0
      vertex 14 -78.2 1.2
      vertex 80 -78.2 1.2
    endloop
  endfacet
  facet normal 0 1 0
    outer loop
      vertex 14 -78.2 1.2
      vertex 80 -78.2 0
      vertex 14 -78.2 0
    endloop
  endfacet
  facet normal -0.0961151 -0.99537 0
    outer loop
      vertex 80.3972 -13.8127 0
      vertex 80.7928 -13.8509 1.2
      vertex 80.3972 -13.8127 1.2
    endloop
  endfacet
  facet normal -0.0961151 -0.99537 -0
    outer loop
      vertex 80.7928 -13.8509 1.2
      vertex 80.3972 -13.8127 0
      vertex 80.7928 -13.8509 0
    endloop
  endfacet
  facet normal 0.949055 0.31511 0
    outer loop
      vertex 8.1815 -74.1413 1.2
      vertex 8.05626 -73.7641 0
      vertex 8.05626 -73.7641 1.2
    endloop
  endfacet
  facet normal 0.949055 0.31511 0
    outer loop
      vertex 8.05626 -73.7641 0
      vertex 8.1815 -74.1413 1.2
      vertex 8.1815 -74.1413 0
    endloop
  endfacet
  facet normal 0.995377 -0.0960403 0
    outer loop
      vertex 7.81274 -19.6028 1.2
      vertex 7.85091 -19.2072 0
      vertex 7.85091 -19.2072 1.2
    endloop
  endfacet
  facet normal 0.995377 -0.0960403 0
    outer loop
      vertex 7.85091 -19.2072 0
      vertex 7.81274 -19.6028 1.2
      vertex 7.81274 -19.6028 0
    endloop
  endfacet
  facet normal 0 -1 0
    outer loop
      vertex 14 -13.8 0
      vertex 80 -13.8 1.2
      vertex 14 -13.8 1.2
    endloop
  endfacet
  facet normal 0 -1 -0
    outer loop
      vertex 80 -13.8 1.2
      vertex 14 -13.8 0
      vertex 80 -13.8 0
    endloop
  endfacet
  facet normal 0.253825 -0.96725 0
    outer loop
      vertex 12.2359 -14.0563 0
      vertex 12.6204 -13.9554 1.2
      vertex 12.2359 -14.0563 1.2
    endloop
  endfacet
  facet normal 0.253825 -0.96725 0
    outer loop
      vertex 12.6204 -13.9554 1.2
      vertex 12.2359 -14.0563 0
      vertex 12.6204 -13.9554 0
    endloop
  endfacet
  facet normal -0.997955 -0.0639134 0
    outer loop
      vertex 86.1968 -19.8013 0
      vertex 86.1714 -19.4047 1.2
      vertex 86.1714 -19.4047 0
    endloop
  endfacet
  facet normal -0.997955 -0.0639134 0
    outer loop
      vertex 86.1714 -19.4047 1.2
      vertex 86.1968 -19.8013 0
      vertex 86.1968 -19.8013 1.2
    endloop
  endfacet
  facet normal 0.159501 0.987198 -0
    outer loop
      vertex 13.2072 -78.1491 0
      vertex 12.8148 -78.0857 1.2
      vertex 13.2072 -78.1491 1.2
    endloop
  endfacet
  facet normal 0.159501 0.987198 0
    outer loop
      vertex 12.8148 -78.0857 1.2
      vertex 13.2072 -78.1491 0
      vertex 12.8148 -78.0857 0
    endloop
  endfacet
  facet normal 0.0319575 0.999489 -0
    outer loop
      vertex 14 -78.2 0
      vertex 13.6028 -78.1873 1.2
      vertex 14 -78.2 1.2
    endloop
  endfacet
  facet normal 0.0319575 0.999489 0
    outer loop
      vertex 13.6028 -78.1873 1.2
      vertex 14 -78.2 0
      vertex 13.6028 -78.1873 0
    endloop
  endfacet
  facet normal -0.938523 0.345216 0
    outer loop
      vertex 85.7469 -74.3267 0
      vertex 85.8841 -73.9537 1.2
      vertex 85.8841 -73.9537 0
    endloop
  endfacet
  facet normal -0.938523 0.345216 0
    outer loop
      vertex 85.8841 -73.9537 1.2
      vertex 85.7469 -74.3267 0
      vertex 85.7469 -74.3267 1.2
    endloop
  endfacet
  facet normal -0.222654 -0.974898 0
    outer loop
      vertex 81.1852 -13.9143 0
      vertex 81.5727 -14.0028 1.2
      vertex 81.1852 -13.9143 1.2
    endloop
  endfacet
  facet normal -0.222654 -0.974898 -0
    outer loop
      vertex 81.5727 -14.0028 1.2
      vertex 81.1852 -13.9143 0
      vertex 81.5727 -14.0028 0
    endloop
  endfacet
  facet normal -0.545492 0.838116 0
    outer loop
      vertex 83.5471 -77.0851 0
      vertex 83.214 -77.3019 1.2
      vertex 83.5471 -77.0851 1.2
    endloop
  endfacet
  facet normal -0.545492 0.838116 0
    outer loop
      vertex 83.214 -77.3019 1.2
      vertex 83.5471 -77.0851 0
      vertex 83.214 -77.3019 0
    endloop
  endfacet
  facet normal 0.761523 0.648138 0
    outer loop
      vertex 9.41028 -76.1683 1.2
      vertex 9.15265 -75.8656 0
      vertex 9.15265 -75.8656 1.2
    endloop
  endfacet
  facet normal 0.761523 0.648138 0
    outer loop
      vertex 9.15265 -75.8656 0
      vertex 9.41028 -76.1683 1.2
      vertex 9.41028 -76.1683 0
    endloop
  endfacet
  facet normal 0.375162 -0.926959 0
    outer loop
      vertex 11.4903 -14.3306 0
      vertex 11.8587 -14.1815 1.2
      vertex 11.4903 -14.3306 1.2
    endloop
  endfacet
  facet normal 0.375162 -0.926959 0
    outer loop
      vertex 11.8587 -14.1815 1.2
      vertex 11.4903 -14.3306 0
      vertex 11.8587 -14.1815 0
    endloop
  endfacet
  facet normal -0.598106 0.801417 0
    outer loop
      vertex 83.8656 -76.8474 0
      vertex 83.5471 -77.0851 1.2
      vertex 83.8656 -76.8474 1.2
    endloop
  endfacet
  facet normal -0.598106 0.801417 0
    outer loop
      vertex 83.5471 -77.0851 1.2
      vertex 83.8656 -76.8474 0
      vertex 83.5471 -77.0851 0
    endloop
  endfacet
  facet normal 0.999871 0.0160523 0
    outer loop
      vertex 7.80319 -72.1987 1.2
      vertex 7.8 -72 0
      vertex 7.8 -72 1.2
    endloop
  endfacet
  facet normal 0.999871 0.0160523 0
    outer loop
      vertex 7.8 -72 0
      vertex 7.80319 -72.1987 1.2
      vertex 7.80319 -72.1987 0
    endloop
  endfacet
  facet normal 0.900933 0.433958 0
    outer loop
      vertex 8.50308 -74.8677 1.2
      vertex 8.33064 -74.5097 0
      vertex 8.33064 -74.5097 1.2
    endloop
  endfacet
  facet normal 0.900933 0.433958 0
    outer loop
      vertex 8.33064 -74.5097 0
      vertex 8.50308 -74.8677 1.2
      vertex 8.50308 -74.8677 0
    endloop
  endfacet
  facet normal 0.740271 -0.672308 0
    outer loop
      vertex 9.27904 -15.981 1.2
      vertex 9.54623 -15.6868 0
      vertex 9.54623 -15.6868 1.2
    endloop
  endfacet
  facet normal 0.740271 -0.672308 0
    outer loop
      vertex 9.54623 -15.6868 0
      vertex 9.27904 -15.981 1.2
      vertex 9.27904 -15.981 0
    endloop
  endfacet
  facet normal 0.871311 0.490732 0
    outer loop
      vertex 8.69812 -75.214 1.2
      vertex 8.50308 -74.8677 0
      vertex 8.50308 -74.8677 1.2
    endloop
  endfacet
  facet normal 0.871311 0.490732 0
    outer loop
      vertex 8.50308 -74.8677 0
      vertex 8.69812 -75.214 1.2
      vertex 8.69812 -75.214 0
    endloop
  endfacet
  facet normal 0.0961151 0.99537 -0
    outer loop
      vertex 13.6028 -78.1873 0
      vertex 13.2072 -78.1491 1.2
      vertex 13.6028 -78.1873 1.2
    endloop
  endfacet
  facet normal 0.0961151 0.99537 0
    outer loop
      vertex 13.2072 -78.1491 1.2
      vertex 13.6028 -78.1873 0
      vertex 13.2072 -78.1491 0
    endloop
  endfacet
  facet normal 0.0161026 -0.99987 0
    outer loop
      vertex 13.8013 -13.8032 0
      vertex 14 -13.8 1.2
      vertex 13.8013 -13.8032 1.2
    endloop
  endfacet
  facet normal 0.0161026 -0.99987 0
    outer loop
      vertex 14 -13.8 1.2
      vertex 13.8013 -13.8032 0
      vertex 14 -13.8 0
    endloop
  endfacet
  facet normal -1 0 0
    outer loop
      vertex 86.2 -72 0
      vertex 86.2 -20 1.2
      vertex 86.2 -20 0
    endloop
  endfacet
  facet normal -1 -0 0
    outer loop
      vertex 86.2 -20 1.2
      vertex 86.2 -72 0
      vertex 86.2 -72 1.2
    endloop
  endfacet
  facet normal -0.64824 0.761436 0
    outer loop
      vertex 84.1683 -76.5897 0
      vertex 83.8656 -76.8474 1.2
      vertex 84.1683 -76.5897 1.2
    endloop
  endfacet
  facet normal -0.64824 0.761436 0
    outer loop
      vertex 83.8656 -76.8474 1.2
      vertex 84.1683 -76.5897 0
      vertex 83.8656 -76.8474 0
    endloop
  endfacet
  facet normal -0.99987 -0.0161026 0
    outer loop
      vertex 86.2 -20 0
      vertex 86.1968 -19.8013 1.2
      vertex 86.1968 -19.8013 0
    endloop
  endfacet
  facet normal -0.99987 -0.0161026 0
    outer loop
      vertex 86.1968 -19.8013 1.2
      vertex 86.2 -20 0
      vertex 86.2 -20 1.2
    endloop
  endfacet
  facet normal 0.958667 -0.28453 0
    outer loop
      vertex 8.00278 -18.4273 1.2
      vertex 8.11586 -18.0463 0
      vertex 8.11586 -18.0463 1.2
    endloop
  endfacet
  facet normal 0.958667 -0.28453 0
    outer loop
      vertex 8.11586 -18.0463 0
      vertex 8.00278 -18.4273 1.2
      vertex 8.00278 -18.4273 0
    endloop
  endfacet
  facet normal -0.958653 0.284577 0
    outer loop
      vertex 85.8841 -73.9537 0
      vertex 85.9972 -73.5727 1.2
      vertex 85.9972 -73.5727 0
    endloop
  endfacet
  facet normal -0.958653 0.284577 0
    outer loop
      vertex 85.9972 -73.5727 1.2
      vertex 85.8841 -73.9537 0
      vertex 85.8841 -73.9537 1.2
    endloop
  endfacet
  facet normal 0.781789 -0.623544 0
    outer loop
      vertex 9.03123 -16.2917 1.2
      vertex 9.27904 -15.981 0
      vertex 9.27904 -15.981 1.2
    endloop
  endfacet
  facet normal 0.781789 -0.623544 0
    outer loop
      vertex 9.27904 -15.981 0
      vertex 9.03123 -16.2917 1.2
      vertex 9.03123 -16.2917 0
    endloop
  endfacet
  facet normal 0.31502 -0.949085 0
    outer loop
      vertex 11.8587 -14.1815 0
      vertex 12.2359 -14.0563 1.2
      vertex 11.8587 -14.1815 1.2
    endloop
  endfacet
  facet normal 0.31502 -0.949085 0
    outer loop
      vertex 12.2359 -14.0563 1.2
      vertex 11.8587 -14.1815 0
      vertex 12.2359 -14.0563 0
    endloop
  endfacet
  facet normal 0.404854 0.914381 -0
    outer loop
      vertex 11.6733 -77.7469 0
      vertex 11.3099 -77.586 1.2
      vertex 11.6733 -77.7469 1.2
    endloop
  endfacet
  facet normal 0.404854 0.914381 0
    outer loop
      vertex 11.3099 -77.586 1.2
      vertex 11.6733 -77.7469 0
      vertex 11.3099 -77.586 0
    endloop
  endfacet
  facet normal -0.0161026 0.99987 0
    outer loop
      vertex 80.1987 -78.1968 0
      vertex 80 -78.2 1.2
      vertex 80.1987 -78.1968 1.2
    endloop
  endfacet
  facet normal -0.0161026 0.99987 0
    outer loop
      vertex 80 -78.2 1.2
      vertex 80.1987 -78.1968 0
      vertex 80 -78.2 0
    endloop
  endfacet
  facet normal -0.31502 0.949085 0
    outer loop
      vertex 82.1413 -77.8185 0
      vertex 81.7641 -77.9437 1.2
      vertex 82.1413 -77.8185 1.2
    endloop
  endfacet
  facet normal -0.31502 0.949085 0
    outer loop
      vertex 81.7641 -77.9437 1.2
      vertex 82.1413 -77.8185 0
      vertex 81.7641 -77.9437 0
    endloop
  endfacet
  facet normal 0.648289 -0.761394 0
    outer loop
      vertex 9.83174 -15.4103 0
      vertex 10.1344 -15.1526 1.2
      vertex 9.83174 -15.4103 1.2
    endloop
  endfacet
  facet normal 0.648289 -0.761394 0
    outer loop
      vertex 10.1344 -15.1526 1.2
      vertex 9.83174 -15.4103 0
      vertex 10.1344 -15.1526 0
    endloop
  endfacet
  facet normal -0.914381 0.404854 0
    outer loop
      vertex 85.586 -74.6901 0
      vertex 85.7469 -74.3267 1.2
      vertex 85.7469 -74.3267 0
    endloop
  endfacet
  facet normal -0.914381 0.404854 0
    outer loop
      vertex 85.7469 -74.3267 1.2
      vertex 85.586 -74.6901 0
      vertex 85.586 -74.6901 1.2
    endloop
  endfacet
  facet normal 0.518413 0.85513 -0
    outer loop
      vertex 10.9575 -77.4022 0
      vertex 10.6177 -77.1962 1.2
      vertex 10.9575 -77.4022 1.2
    endloop
  endfacet
  facet normal 0.518413 0.85513 0
    outer loop
      vertex 10.6177 -77.1962 1.2
      vertex 10.9575 -77.4022 0
      vertex 10.6177 -77.1962 0
    endloop
  endfacet
  facet normal -0.253825 0.96725 0
    outer loop
      vertex 81.7641 -77.9437 0
      vertex 81.3796 -78.0446 1.2
      vertex 81.7641 -77.9437 1.2
    endloop
  endfacet
  facet normal -0.253825 0.96725 0
    outer loop
      vertex 81.3796 -78.0446 1.2
      vertex 81.7641 -77.9437 0
      vertex 81.3796 -78.0446 0
    endloop
  endfacet
  facet normal -0.462549 -0.886594 0
    outer loop
      vertex 82.6901 -14.414 0
      vertex 83.0424 -14.5978 1.2
      vertex 82.6901 -14.414 1.2
    endloop
  endfacet
  facet normal -0.462549 -0.886594 -0
    outer loop
      vertex 83.0424 -14.5978 1.2
      vertex 82.6901 -14.414 0
      vertex 83.0424 -14.5978 0
    endloop
  endfacet
  facet normal -0.404854 -0.914381 0
    outer loop
      vertex 82.3267 -14.2531 0
      vertex 82.6901 -14.414 1.2
      vertex 82.3267 -14.2531 1.2
    endloop
  endfacet
  facet normal -0.404854 -0.914381 -0
    outer loop
      vertex 82.6901 -14.414 1.2
      vertex 82.3267 -14.2531 0
      vertex 82.6901 -14.414 0
    endloop
  endfacet
  facet normal 0.855164 -0.518357 0
    outer loop
      vertex 8.59782 -16.9576 1.2
      vertex 8.80385 -16.6177 0
      vertex 8.80385 -16.6177 1.2
    endloop
  endfacet
  facet normal 0.855164 -0.518357 0
    outer loop
      vertex 8.80385 -16.6177 0
      vertex 8.59782 -16.9576 1.2
      vertex 8.59782 -16.9576 0
    endloop
  endfacet
  facet normal 0.97493 -0.222511 0
    outer loop
      vertex 7.91434 -18.8148 1.2
      vertex 8.00278 -18.4273 0
      vertex 8.00278 -18.4273 1.2
    endloop
  endfacet
  facet normal 0.97493 -0.222511 0
    outer loop
      vertex 8.00278 -18.4273 0
      vertex 7.91434 -18.8148 1.2
      vertex 7.91434 -18.8148 0
    endloop
  endfacet
  facet normal 0.190984 -0.981593 0
    outer loop
      vertex 12.6204 -13.9554 0
      vertex 13.0105 -13.8795 1.2
      vertex 12.6204 -13.9554 1.2
    endloop
  endfacet
  facet normal 0.190984 -0.981593 0
    outer loop
      vertex 13.0105 -13.8795 1.2
      vertex 12.6204 -13.9554 0
      vertex 13.0105 -13.8795 0
    endloop
  endfacet
  facet normal -0.974898 0.222654 0
    outer loop
      vertex 85.9972 -73.5727 0
      vertex 86.0857 -73.1852 1.2
      vertex 86.0857 -73.1852 0
    endloop
  endfacet
  facet normal -0.974898 0.222654 0
    outer loop
      vertex 86.0857 -73.1852 1.2
      vertex 85.9972 -73.5727 0
      vertex 85.9972 -73.5727 1.2
    endloop
  endfacet
  facet normal -0.987198 0.159501 0
    outer loop
      vertex 86.0857 -73.1852 0
      vertex 86.1491 -72.7928 1.2
      vertex 86.1491 -72.7928 0
    endloop
  endfacet
  facet normal -0.987198 0.159501 0
    outer loop
      vertex 86.1491 -72.7928 1.2
      vertex 86.0857 -73.1852 0
      vertex 86.0857 -73.1852 1.2
    endloop
  endfacet
  facet normal 0.545492 -0.838116 0
    outer loop
      vertex 10.4529 -14.9149 0
      vertex 10.786 -14.6981 1.2
      vertex 10.4529 -14.9149 1.2
    endloop
  endfacet
  facet normal 0.545492 -0.838116 0
    outer loop
      vertex 10.786 -14.6981 1.2
      vertex 10.4529 -14.9149 0
      vertex 10.786 -14.6981 0
    endloop
  endfacet
  facet normal -0.781801 0.623528 0
    outer loop
      vertex 84.721 -76.019 0
      vertex 84.9688 -75.7083 1.2
      vertex 84.9688 -75.7083 0
    endloop
  endfacet
  facet normal -0.781801 0.623528 0
    outer loop
      vertex 84.9688 -75.7083 1.2
      vertex 84.721 -76.019 0
      vertex 84.721 -76.019 1.2
    endloop
  endfacet
  facet normal 0.9144 -0.404812 0
    outer loop
      vertex 8.25311 -17.6733 1.2
      vertex 8.41399 -17.3099 0
      vertex 8.41399 -17.3099 1.2
    endloop
  endfacet
  facet normal 0.9144 -0.404812 0
    outer loop
      vertex 8.41399 -17.3099 0
      vertex 8.25311 -17.6733 1.2
      vertex 8.25311 -17.6733 0
    endloop
  endfacet
  facet normal -0.900874 -0.43408 0
    outer loop
      vertex 85.6694 -17.4903 0
      vertex 85.4969 -17.1323 1.2
      vertex 85.4969 -17.1323 0
    endloop
  endfacet
  facet normal -0.900874 -0.43408 0
    outer loop
      vertex 85.4969 -17.1323 1.2
      vertex 85.6694 -17.4903 0
      vertex 85.6694 -17.4903 1.2
    endloop
  endfacet
  facet normal -0.96725 -0.253825 0
    outer loop
      vertex 86.0446 -18.6204 0
      vertex 85.9437 -18.2359 1.2
      vertex 85.9437 -18.2359 0
    endloop
  endfacet
  facet normal -0.96725 -0.253825 0
    outer loop
      vertex 85.9437 -18.2359 1.2
      vertex 86.0446 -18.6204 0
      vertex 86.0446 -18.6204 1.2
    endloop
  endfacet
  facet normal 0.997947 0.0640387 0
    outer loop
      vertex 7.82864 -72.5953 1.2
      vertex 7.80319 -72.1987 0
      vertex 7.80319 -72.1987 1.2
    endloop
  endfacet
  facet normal 0.997947 0.0640387 0
    outer loop
      vertex 7.80319 -72.1987 0
      vertex 7.82864 -72.5953 1.2
      vertex 7.82864 -72.5953 0
    endloop
  endfacet
  facet normal -0.0639134 0.997955 0
    outer loop
      vertex 80.5953 -78.1714 0
      vertex 80.1987 -78.1968 1.2
      vertex 80.5953 -78.1714 1.2
    endloop
  endfacet
  facet normal -0.0639134 0.997955 0
    outer loop
      vertex 80.1987 -78.1968 1.2
      vertex 80.5953 -78.1714 0
      vertex 80.1987 -78.1968 0
    endloop
  endfacet
  facet normal -0.375162 0.926959 0
    outer loop
      vertex 82.5097 -77.6694 0
      vertex 82.1413 -77.8185 1.2
      vertex 82.5097 -77.6694 1.2
    endloop
  endfacet
  facet normal -0.375162 0.926959 0
    outer loop
      vertex 82.1413 -77.8185 1.2
      vertex 82.5097 -77.6694 0
      vertex 82.1413 -77.8185 0
    endloop
  endfacet
  facet normal 0.987186 -0.159575 0
    outer loop
      vertex 7.85091 -19.2072 1.2
      vertex 7.91434 -18.8148 0
      vertex 7.91434 -18.8148 1.2
    endloop
  endfacet
  facet normal 0.987186 -0.159575 0
    outer loop
      vertex 7.91434 -18.8148 0
      vertex 7.85091 -19.2072 1.2
      vertex 7.85091 -19.2072 0
    endloop
  endfacet
  facet normal -0.572111 -0.820176 0
    outer loop
      vertex 83.3823 -14.8038 0
      vertex 83.7083 -15.0312 1.2
      vertex 83.3823 -14.8038 1.2
    endloop
  endfacet
  facet normal -0.572111 -0.820176 -0
    outer loop
      vertex 83.7083 -15.0312 1.2
      vertex 83.3823 -14.8038 0
      vertex 83.7083 -15.0312 0
    endloop
  endfacet
  facet normal -0.820176 0.572111 0
    outer loop
      vertex 84.9688 -75.7083 0
      vertex 85.1962 -75.3823 1.2
      vertex 85.1962 -75.3823 0
    endloop
  endfacet
  facet normal -0.820176 0.572111 0
    outer loop
      vertex 85.1962 -75.3823 1.2
      vertex 84.9688 -75.7083 0
      vertex 84.9688 -75.7083 1.2
    endloop
  endfacet
  facet normal -0.801417 -0.598106 0
    outer loop
      vertex 85.0851 -16.4529 0
      vertex 84.8474 -16.1344 1.2
      vertex 84.8474 -16.1344 0
    endloop
  endfacet
  facet normal -0.801417 -0.598106 0
    outer loop
      vertex 84.8474 -16.1344 1.2
      vertex 85.0851 -16.4529 0
      vertex 85.0851 -16.4529 1.2
    endloop
  endfacet
  facet normal 0.43408 -0.900874 0
    outer loop
      vertex 11.1323 -14.5031 0
      vertex 11.4903 -14.3306 1.2
      vertex 11.1323 -14.5031 1.2
    endloop
  endfacet
  facet normal 0.43408 -0.900874 0
    outer loop
      vertex 11.4903 -14.3306 1.2
      vertex 11.1323 -14.5031 0
      vertex 11.4903 -14.3306 0
    endloop
  endfacet
  facet normal -0.672322 -0.740259 0
    outer loop
      vertex 84.019 -15.279 0
      vertex 84.3132 -15.5462 1.2
      vertex 84.019 -15.279 1.2
    endloop
  endfacet
  facet normal -0.672322 -0.740259 -0
    outer loop
      vertex 84.3132 -15.5462 1.2
      vertex 84.019 -15.279 0
      vertex 84.3132 -15.5462 0
    endloop
  endfacet
  facet normal -0.695694 0.718338 0
    outer loop
      vertex 84.4538 -76.3132 0
      vertex 84.1683 -76.5897 1.2
      vertex 84.4538 -76.3132 1.2
    endloop
  endfacet
  facet normal -0.695694 0.718338 0
    outer loop
      vertex 84.1683 -76.5897 1.2
      vertex 84.4538 -76.3132 0
      vertex 84.1683 -76.5897 0
    endloop
  endfacet
  facet normal -0.991767 -0.128059 0
    outer loop
      vertex 86.1714 -19.4047 0
      vertex 86.1205 -19.0105 1.2
      vertex 86.1205 -19.0105 0
    endloop
  endfacet
  facet normal -0.991767 -0.128059 0
    outer loop
      vertex 86.1205 -19.0105 1.2
      vertex 86.1714 -19.4047 0
      vertex 86.1714 -19.4047 1.2
    endloop
  endfacet
  facet normal -0.284577 -0.958653 0
    outer loop
      vertex 81.5727 -14.0028 0
      vertex 81.9537 -14.1159 1.2
      vertex 81.5727 -14.0028 1.2
    endloop
  endfacet
  facet normal -0.284577 -0.958653 -0
    outer loop
      vertex 81.9537 -14.1159 1.2
      vertex 81.5727 -14.0028 0
      vertex 81.9537 -14.1159 0
    endloop
  endfacet
  facet normal -0.345216 -0.938523 0
    outer loop
      vertex 81.9537 -14.1159 0
      vertex 82.3267 -14.2531 1.2
      vertex 81.9537 -14.1159 1.2
    endloop
  endfacet
  facet normal -0.345216 -0.938523 -0
    outer loop
      vertex 82.3267 -14.2531 1.2
      vertex 81.9537 -14.1159 0
      vertex 82.3267 -14.2531 0
    endloop
  endfacet
  facet normal 0.801393 0.598138 0
    outer loop
      vertex 9.15265 -75.8656 1.2
      vertex 8.91493 -75.5471 0
      vertex 8.91493 -75.5471 1.2
    endloop
  endfacet
  facet normal 0.801393 0.598138 0
    outer loop
      vertex 8.91493 -75.5471 0
      vertex 9.15265 -75.8656 1.2
      vertex 9.15265 -75.8656 0
    endloop
  endfacet
  facet normal -0.490655 0.871354 0
    outer loop
      vertex 83.214 -77.3019 0
      vertex 82.8677 -77.4969 1.2
      vertex 83.214 -77.3019 1.2
    endloop
  endfacet
  facet normal -0.490655 0.871354 0
    outer loop
      vertex 82.8677 -77.4969 1.2
      vertex 83.214 -77.3019 0
      vertex 82.8677 -77.4969 0
    endloop
  endfacet
  facet normal -0.718338 -0.695694 0
    outer loop
      vertex 84.5897 -15.8317 0
      vertex 84.3132 -15.5462 1.2
      vertex 84.3132 -15.5462 0
    endloop
  endfacet
  facet normal -0.718338 -0.695694 0
    outer loop
      vertex 84.3132 -15.5462 1.2
      vertex 84.5897 -15.8317 0
      vertex 84.5897 -15.8317 1.2
    endloop
  endfacet
  facet normal -0.926959 -0.375162 0
    outer loop
      vertex 85.8185 -17.8587 0
      vertex 85.6694 -17.4903 1.2
      vertex 85.6694 -17.4903 0
    endloop
  endfacet
  facet normal -0.926959 -0.375162 0
    outer loop
      vertex 85.6694 -17.4903 1.2
      vertex 85.8185 -17.8587 0
      vertex 85.8185 -17.8587 1.2
    endloop
  endfacet
  facet normal -0.981593 -0.190984 0
    outer loop
      vertex 86.1205 -19.0105 0
      vertex 86.0446 -18.6204 1.2
      vertex 86.0446 -18.6204 0
    endloop
  endfacet
  facet normal -0.981593 -0.190984 0
    outer loop
      vertex 86.0446 -18.6204 1.2
      vertex 86.1205 -19.0105 0
      vertex 86.1205 -19.0105 1.2
    endloop
  endfacet
  facet normal 0.462446 0.886648 -0
    outer loop
      vertex 11.3099 -77.586 0
      vertex 10.9575 -77.4022 1.2
      vertex 11.3099 -77.586 1.2
    endloop
  endfacet
  facet normal 0.462446 0.886648 0
    outer loop
      vertex 10.9575 -77.4022 1.2
      vertex 11.3099 -77.586 0
      vertex 10.9575 -77.4022 0
    endloop
  endfacet
  facet normal 0.838104 0.54551 0
    outer loop
      vertex 8.91493 -75.5471 1.2
      vertex 8.69812 -75.214 0
      vertex 8.69812 -75.214 1.2
    endloop
  endfacet
  facet normal 0.838104 0.54551 0
    outer loop
      vertex 8.69812 -75.214 0
      vertex 8.91493 -75.5471 1.2
      vertex 8.91493 -75.5471 0
    endloop
  endfacet
  facet normal -0.190984 0.981593 0
    outer loop
      vertex 81.3796 -78.0446 0
      vertex 80.9895 -78.1205 1.2
      vertex 81.3796 -78.0446 1.2
    endloop
  endfacet
  facet normal -0.190984 0.981593 0
    outer loop
      vertex 80.9895 -78.1205 1.2
      vertex 81.3796 -78.0446 0
      vertex 80.9895 -78.1205 0
    endloop
  endfacet
  facet normal 0.490655 -0.871354 0
    outer loop
      vertex 10.786 -14.6981 0
      vertex 11.1323 -14.5031 1.2
      vertex 10.786 -14.6981 1.2
    endloop
  endfacet
  facet normal 0.490655 -0.871354 0
    outer loop
      vertex 11.1323 -14.5031 1.2
      vertex 10.786 -14.6981 0
      vertex 11.1323 -14.5031 0
    endloop
  endfacet
  facet normal -0.855198 0.518302 0
    outer loop
      vertex 85.1962 -75.3823 0
      vertex 85.4022 -75.0424 1.2
      vertex 85.4022 -75.0424 0
    endloop
  endfacet
  facet normal -0.855198 0.518302 0
    outer loop
      vertex 85.4022 -75.0424 1.2
      vertex 85.1962 -75.3823 0
      vertex 85.1962 -75.3823 1.2
    endloop
  endfacet
  facet normal 0.98156 0.191154 0
    outer loop
      vertex 7.95544 -73.3796 1.2
      vertex 7.87947 -72.9895 0
      vertex 7.87947 -72.9895 1.2
    endloop
  endfacet
  facet normal 0.98156 0.191154 0
    outer loop
      vertex 7.87947 -72.9895 0
      vertex 7.95544 -73.3796 1.2
      vertex 7.95544 -73.3796 0
    endloop
  endfacet
  facet normal 0.718351 0.695681 0
    outer loop
      vertex 9.68677 -76.4538 1.2
      vertex 9.41028 -76.1683 0
      vertex 9.41028 -76.1683 1.2
    endloop
  endfacet
  facet normal 0.718351 0.695681 0
    outer loop
      vertex 9.41028 -76.1683 0
      vertex 9.68677 -76.4538 1.2
      vertex 9.68677 -76.4538 0
    endloop
  endfacet
  facet normal 0.672297 0.740282 -0
    outer loop
      vertex 9.98099 -76.721 0
      vertex 9.68677 -76.4538 1.2
      vertex 9.98099 -76.721 1.2
    endloop
  endfacet
  facet normal 0.672297 0.740282 0
    outer loop
      vertex 9.68677 -76.4538 1.2
      vertex 9.98099 -76.721 0
      vertex 9.68677 -76.4538 0
    endloop
  endfacet
  facet normal 0.623516 0.781811 -0
    outer loop
      vertex 10.2917 -76.9688 0
      vertex 9.98099 -76.721 1.2
      vertex 10.2917 -76.9688 1.2
    endloop
  endfacet
  facet normal 0.623516 0.781811 0
    outer loop
      vertex 9.98099 -76.721 1.2
      vertex 10.2917 -76.9688 0
      vertex 9.98099 -76.721 0
    endloop
  endfacet
  facet normal 0.991789 0.127886 0
    outer loop
      vertex 7.87947 -72.9895 1.2
      vertex 7.82864 -72.5953 0
      vertex 7.82864 -72.5953 1.2
    endloop
  endfacet
  facet normal 0.991789 0.127886 0
    outer loop
      vertex 7.82864 -72.5953 0
      vertex 7.87947 -72.9895 1.2
      vertex 7.87947 -72.9895 0
    endloop
  endfacet
  facet normal 0.938483 -0.345326 0
    outer loop
      vertex 8.11586 -18.0463 1.2
      vertex 8.25311 -17.6733 0
      vertex 8.25311 -17.6733 1.2
    endloop
  endfacet
  facet normal 0.938483 -0.345326 0
    outer loop
      vertex 8.25311 -17.6733 0
      vertex 8.11586 -18.0463 1.2
      vertex 8.11586 -18.0463 0
    endloop
  endfacet
  facet normal -0.871354 -0.490655 0
    outer loop
      vertex 85.4969 -17.1323 0
      vertex 85.3019 -16.786 1.2
      vertex 85.3019 -16.786 0
    endloop
  endfacet
  facet normal -0.871354 -0.490655 0
    outer loop
      vertex 85.3019 -16.786 1.2
      vertex 85.4969 -17.1323 0
      vertex 85.4969 -17.1323 1.2
    endloop
  endfacet
  facet normal -0.838116 -0.545492 0
    outer loop
      vertex 85.3019 -16.786 0
      vertex 85.0851 -16.4529 1.2
      vertex 85.0851 -16.4529 0
    endloop
  endfacet
  facet normal -0.838116 -0.545492 0
    outer loop
      vertex 85.0851 -16.4529 1.2
      vertex 85.3019 -16.786 0
      vertex 85.3019 -16.786 1.2
    endloop
  endfacet
  facet normal -0.761436 -0.64824 0
    outer loop
      vertex 84.8474 -16.1344 0
      vertex 84.5897 -15.8317 1.2
      vertex 84.5897 -15.8317 0
    endloop
  endfacet
  facet normal -0.761436 -0.64824 0
    outer loop
      vertex 84.5897 -15.8317 1.2
      vertex 84.8474 -16.1344 0
      vertex 84.8474 -16.1344 1.2
    endloop
  endfacet
  facet normal 0.926924 0.375248 0
    outer loop
      vertex 8.33064 -74.5097 1.2
      vertex 8.1815 -74.1413 0
      vertex 8.1815 -74.1413 1.2
    endloop
  endfacet
  facet normal 0.926924 0.375248 0
    outer loop
      vertex 8.1815 -74.1413 0
      vertex 8.33064 -74.5097 1.2
      vertex 8.33064 -74.5097 0
    endloop
  endfacet
  facet normal 0.345216 0.938523 -0
    outer loop
      vertex 12.0463 -77.8841 0
      vertex 11.6733 -77.7469 1.2
      vertex 12.0463 -77.8841 1.2
    endloop
  endfacet
  facet normal 0.345216 0.938523 0
    outer loop
      vertex 11.6733 -77.7469 1.2
      vertex 12.0463 -77.8841 0
      vertex 11.6733 -77.7469 0
    endloop
  endfacet
  facet normal 0.284577 0.958653 -0
    outer loop
      vertex 12.4273 -77.9972 0
      vertex 12.0463 -77.8841 1.2
      vertex 12.4273 -77.9972 1.2
    endloop
  endfacet
  facet normal 0.284577 0.958653 0
    outer loop
      vertex 12.0463 -77.8841 1.2
      vertex 12.4273 -77.9972 0
      vertex 12.0463 -77.8841 0
    endloop
  endfacet
  facet normal 0.572111 0.820176 -0
    outer loop
      vertex 10.6177 -77.1962 0
      vertex 10.2917 -76.9688 1.2
      vertex 10.6177 -77.1962 1.2
    endloop
  endfacet
  facet normal 0.572111 0.820176 0
    outer loop
      vertex 10.2917 -76.9688 1.2
      vertex 10.6177 -77.1962 0
      vertex 10.2917 -76.9688 0
    endloop
  endfacet
  facet normal -0.740259 0.672322 0
    outer loop
      vertex 84.4538 -76.3132 0
      vertex 84.721 -76.019 1.2
      vertex 84.721 -76.019 0
    endloop
  endfacet
  facet normal -0.740259 0.672322 0
    outer loop
      vertex 84.721 -76.019 1.2
      vertex 84.4538 -76.3132 0
      vertex 84.4538 -76.3132 1.2
    endloop
  endfacet
  facet normal 0 0 -1
    outer loop
      vertex 82.2 -23 1.2
      vertex 86.2 -20 1.2
      vertex 86.2 -72 1.2
    endloop
  endfacet
  facet normal 0 0 -1
    outer loop
      vertex 81.6601 -71.3073 1.2
      vertex 86.2 -72 1.2
      vertex 86.1873 -72.3972 1.2
    endloop
  endfacet
  facet normal 0 0 -1
    outer loop
      vertex 82.2 -23 1.2
      vertex 86.2 -72 1.2
      vertex 82.2 -69 1.2
    endloop
  endfacet
  facet normal 0 0 -1
    outer loop
      vertex 81.6601 -71.3073 1.2
      vertex 86.1873 -72.3972 1.2
      vertex 86.1491 -72.7928 1.2
    endloop
  endfacet
  facet normal 0 0 -1
    outer loop
      vertex 82.1657 -22.4036 1.2
      vertex 86.2 -20 1.2
      vertex 82.2 -23 1.2
    endloop
  endfacet
  facet normal 0 0 -1
    outer loop
      vertex 81.6601 -71.3073 1.2
      vertex 86.1491 -72.7928 1.2
      vertex 86.0857 -73.1852 1.2
    endloop
  endfacet
  facet normal 0 0 -1
    outer loop
      vertex 82.1049 -22.01 1.2
      vertex 86.2 -20 1.2
      vertex 82.1657 -22.4036 1.2
    endloop
  endfacet
  facet normal 0 0 -1
    outer loop
      vertex 81.4698 -71.6573 1.2
      vertex 86.0857 -73.1852 1.2
      vertex 85.9972 -73.5727 1.2
    endloop
  endfacet
  facet normal 0 0 -1
    outer loop
      vertex 82.0141 -21.6221 1.2
      vertex 86.2 -20 1.2
      vertex 82.1049 -22.01 1.2
    endloop
  endfacet
  facet normal 0 0 -1
    outer loop
      vertex 81.4698 -71.6573 1.2
      vertex 85.9972 -73.5727 1.2
      vertex 85.8841 -73.9537 1.2
    endloop
  endfacet
  facet normal 0 0 -1
    outer loop
      vertex 81.8939 -21.2423 1.2
      vertex 86.2 -20 1.2
      vertex 82.0141 -21.6221 1.2
    endloop
  endfacet
  facet normal 0 0 -1
    outer loop
      vertex 81.2532 -71.9917 1.2
      vertex 85.8841 -73.9537 1.2
      vertex 85.7469 -74.3267 1.2
    endloop
  endfacet
  facet normal 0 0 -1
    outer loop
      vertex 81.745 -20.8728 1.2
      vertex 86.2 -20 1.2
      vertex 81.8939 -21.2423 1.2
    endloop
  endfacet
  facet normal 0 0 -1
    outer loop
      vertex 81.2532 -71.9917 1.2
      vertex 85.7469 -74.3267 1.2
      vertex 85.586 -74.6901 1.2
    endloop
  endfacet
  facet normal -0 0 -1
    outer loop
      vertex 86.2 -20 1.2
      vertex 81.745 -20.8728 1.2
      vertex 86.1968 -19.8013 1.2
    endloop
  endfacet
  facet normal 0 0 -1
    outer loop
      vertex 81.2532 -71.9917 1.2
      vertex 85.586 -74.6901 1.2
      vertex 85.4022 -75.0424 1.2
    endloop
  endfacet
  facet normal -0 0 -1
    outer loop
      vertex 86.1968 -19.8013 1.2
      vertex 81.745 -20.8728 1.2
      vertex 86.1714 -19.4047 1.2
    endloop
  endfacet
  facet normal 0 0 -1
    outer loop
      vertex 81.0117 -72.3085 1.2
      vertex 85.4022 -75.0424 1.2
      vertex 85.1962 -75.3823 1.2
    endloop
  endfacet
  facet normal 0 0 -1
    outer loop
      vertex 81.5683 -20.5159 1.2
      vertex 86.1714 -19.4047 1.2
      vertex 81.745 -20.8728 1.2
    endloop
  endfacet
  facet normal 0 0 -1
    outer loop
      vertex 81.0117 -72.3085 1.2
      vertex 85.1962 -75.3823 1.2
      vertex 84.9688 -75.7083 1.2
    endloop
  endfacet
  facet normal -0 0 -1
    outer loop
      vertex 86.1714 -19.4047 1.2
      vertex 81.5683 -20.5159 1.2
      vertex 86.1205 -19.0105 1.2
    endloop
  endfacet
  facet normal 0 0 -1
    outer loop
      vertex 80.7467 -72.6059 1.2
      vertex 84.9688 -75.7083 1.2
      vertex 84.721 -76.019 1.2
    endloop
  endfacet
  facet normal -0 0 -1
    outer loop
      vertex 86.1205 -19.0105 1.2
      vertex 81.5683 -20.5159 1.2
      vertex 86.0446 -18.6204 1.2
    endloop
  endfacet
  facet normal 0 0 -1
    outer loop
      vertex 80.7467 -72.6059 1.2
      vertex 84.721 -76.019 1.2
      vertex 84.4538 -76.3132 1.2
    endloop
  endfacet
  facet normal -0 0 -1
    outer loop
      vertex 86.0446 -18.6204 1.2
      vertex 81.5683 -20.5159 1.2
      vertex 85.9437 -18.2359 1.2
    endloop
  endfacet
  facet normal 0 0 -1
    outer loop
      vertex 80.7467 -72.6059 1.2
      vertex 84.4538 -76.3132 1.2
      vertex 84.1683 -76.5897 1.2
    endloop
  endfacet
  facet normal 0 0 -1
    outer loop
      vertex 81.3647 -20.1734 1.2
      vertex 85.9437 -18.2359 1.2
      vertex 81.5683 -20.5159 1.2
    endloop
  endfacet
  facet normal 0 0 -1
    outer loop
      vertex 80.4597 -72.8821 1.2
      vertex 84.1683 -76.5897 1.2
      vertex 83.8656 -76.8474 1.2
    endloop
  endfacet
  facet normal -0 0 -1
    outer loop
      vertex 85.9437 -18.2359 1.2
      vertex 81.3647 -20.1734 1.2
      vertex 85.8185 -17.8587 1.2
    endloop
  endfacet
  facet normal 0 0 -1
    outer loop
      vertex 80.4597 -72.8821 1.2
      vertex 83.8656 -76.8474 1.2
      vertex 83.5471 -77.0851 1.2
    endloop
  endfacet
  facet normal -0 0 -1
    outer loop
      vertex 85.8185 -17.8587 1.2
      vertex 81.3647 -20.1734 1.2
      vertex 85.6694 -17.4903 1.2
    endloop
  endfacet
  facet normal 0 0 -1
    outer loop
      vertex 80.4597 -72.8821 1.2
      vertex 83.5471 -77.0851 1.2
      vertex 83.214 -77.3019 1.2
    endloop
  endfacet
  facet normal 0 0 -1
    outer loop
      vertex 81.1355 -19.8476 1.2
      vertex 85.6694 -17.4903 1.2
      vertex 81.3647 -20.1734 1.2
    endloop
  endfacet
  facet normal 0 0 -1
    outer loop
      vertex 80.1524 -73.1355 1.2
      vertex 83.214 -77.3019 1.2
      vertex 82.8677 -77.4969 1.2
    endloop
  endfacet
  facet normal -0 0 -1
    outer loop
      vertex 85.6694 -17.4903 1.2
      vertex 81.1355 -19.8476 1.2
      vertex 85.4969 -17.1323 1.2
    endloop
  endfacet
  facet normal 0 0 -1
    outer loop
      vertex 80.1524 -73.1355 1.2
      vertex 82.8677 -77.4969 1.2
      vertex 82.5097 -77.6694 1.2
    endloop
  endfacet
  facet normal -0 0 -1
    outer loop
      vertex 85.4969 -17.1323 1.2
      vertex 81.1355 -19.8476 1.2
      vertex 85.3019 -16.786 1.2
    endloop
  endfacet
  facet normal -0 0 -1
    outer loop
      vertex 85.3019 -16.786 1.2
      vertex 81.1355 -19.8476 1.2
      vertex 85.0851 -16.4529 1.2
    endloop
  endfacet
  facet normal 0 0 -1
    outer loop
      vertex 86.2 -72 1.2
      vertex 82.1847 -69.3981 1.2
      vertex 82.2 -69 1.2
    endloop
  endfacet
  facet normal 0 0 -1
    outer loop
      vertex 79.8266 -73.3647 1.2
      vertex 82.5097 -77.6694 1.2
      vertex 82.1413 -77.8185 1.2
    endloop
  endfacet
  facet normal 0 0 -1
    outer loop
      vertex 86.2 -72 1.2
      vertex 82.1391 -69.7938 1.2
      vertex 82.1847 -69.3981 1.2
    endloop
  endfacet
  facet normal 0 0 -1
    outer loop
      vertex 86.2 -72 1.2
      vertex 82.0632 -70.1848 1.2
      vertex 82.1391 -69.7938 1.2
    endloop
  endfacet
  facet normal 0 0 -1
    outer loop
      vertex 86.2 -72 1.2
      vertex 81.9577 -70.569 1.2
      vertex 82.0632 -70.1848 1.2
    endloop
  endfacet
  facet normal 0 0 -1
    outer loop
      vertex 86.2 -72 1.2
      vertex 81.823 -70.9438 1.2
      vertex 81.9577 -70.569 1.2
    endloop
  endfacet
  facet normal 0 0 -1
    outer loop
      vertex 79.8266 -73.3647 1.2
      vertex 82.1413 -77.8185 1.2
      vertex 81.7641 -77.9437 1.2
    endloop
  endfacet
  facet normal 0 0 -1
    outer loop
      vertex 86.2 -72 1.2
      vertex 81.6601 -71.3073 1.2
      vertex 81.823 -70.9438 1.2
    endloop
  endfacet
  facet normal 0 0 -1
    outer loop
      vertex 86.0857 -73.1852 1.2
      vertex 81.4698 -71.6573 1.2
      vertex 81.6601 -71.3073 1.2
    endloop
  endfacet
  facet normal 0 0 -1
    outer loop
      vertex 79.8266 -73.3647 1.2
      vertex 81.7641 -77.9437 1.2
      vertex 81.3796 -78.0446 1.2
    endloop
  endfacet
  facet normal 0 0 -1
    outer loop
      vertex 85.8841 -73.9537 1.2
      vertex 81.2532 -71.9917 1.2
      vertex 81.4698 -71.6573 1.2
    endloop
  endfacet
  facet normal 0 0 -1
    outer loop
      vertex 85.4022 -75.0424 1.2
      vertex 81.0117 -72.3085 1.2
      vertex 81.2532 -71.9917 1.2
    endloop
  endfacet
  facet normal 0 0 -1
    outer loop
      vertex 79.4841 -73.5683 1.2
      vertex 81.3796 -78.0446 1.2
      vertex 80.9895 -78.1205 1.2
    endloop
  endfacet
  facet normal 0 0 -1
    outer loop
      vertex 84.9688 -75.7083 1.2
      vertex 80.7467 -72.6059 1.2
      vertex 81.0117 -72.3085 1.2
    endloop
  endfacet
  facet normal 0 0 -1
    outer loop
      vertex 79.4841 -73.5683 1.2
      vertex 80.9895 -78.1205 1.2
      vertex 80.5953 -78.1714 1.2
    endloop
  endfacet
  facet normal 0 0 -1
    outer loop
      vertex 84.1683 -76.5897 1.2
      vertex 80.4597 -72.8821 1.2
      vertex 80.7467 -72.6059 1.2
    endloop
  endfacet
  facet normal 0 0 -1
    outer loop
      vertex 79.1272 -73.745 1.2
      vertex 80.5953 -78.1714 1.2
      vertex 80.1987 -78.1968 1.2
    endloop
  endfacet
  facet normal 0 0 -1
    outer loop
      vertex 83.214 -77.3019 1.2
      vertex 80.1524 -73.1355 1.2
      vertex 80.4597 -72.8821 1.2
    endloop
  endfacet
  facet normal 0 0 -1
    outer loop
      vertex 79.1272 -73.745 1.2
      vertex 80.1987 -78.1968 1.2
      vertex 80 -78.2 1.2
    endloop
  endfacet
  facet normal 0 0 -1
    outer loop
      vertex 82.5097 -77.6694 1.2
      vertex 79.8266 -73.3647 1.2
      vertex 80.1524 -73.1355 1.2
    endloop
  endfacet
  facet normal 0 0 -1
    outer loop
      vertex 81.3796 -78.0446 1.2
      vertex 79.4841 -73.5683 1.2
      vertex 79.8266 -73.3647 1.2
    endloop
  endfacet
  facet normal 0 0 -1
    outer loop
      vertex 80.5953 -78.1714 1.2
      vertex 79.1272 -73.745 1.2
      vertex 79.4841 -73.5683 1.2
    endloop
  endfacet
  facet normal 0 0 -1
    outer loop
      vertex 80 -78.2 1.2
      vertex 78.7577 -73.8939 1.2
      vertex 79.1272 -73.745 1.2
    endloop
  endfacet
  facet normal 0 0 -1
    outer loop
      vertex 80 -78.2 1.2
      vertex 78.3779 -74.0141 1.2
      vertex 78.7577 -73.8939 1.2
    endloop
  endfacet
  facet normal 0 0 -1
    outer loop
      vertex 80 -78.2 1.2
      vertex 77.99 -74.1049 1.2
      vertex 78.3779 -74.0141 1.2
    endloop
  endfacet
  facet normal 0 0 -1
    outer loop
      vertex 80 -78.2 1.2
      vertex 77.5964 -74.1657 1.2
      vertex 77.99 -74.1049 1.2
    endloop
  endfacet
  facet normal 0 0 -1
    outer loop
      vertex 80 -78.2 1.2
      vertex 77 -74.2 1.2
      vertex 77.5964 -74.1657 1.2
    endloop
  endfacet
  facet normal 0 0 -1
    outer loop
      vertex 80 -78.2 1.2
      vertex 17 -74.2 1.2
      vertex 77 -74.2 1.2
    endloop
  endfacet
  facet normal 0 0 -1
    outer loop
      vertex 14 -78.2 1.2
      vertex 17 -74.2 1.2
      vertex 80 -78.2 1.2
    endloop
  endfacet
  facet normal -0 0 -1
    outer loop
      vertex 17 -74.2 1.2
      vertex 14 -78.2 1.2
      vertex 16.6019 -74.1847 1.2
    endloop
  endfacet
  facet normal 0 0 -1
    outer loop
      vertex 14 -78.2 1.2
      vertex 16.2062 -74.1391 1.2
      vertex 16.6019 -74.1847 1.2
    endloop
  endfacet
  facet normal 0 0 -1
    outer loop
      vertex 14 -78.2 1.2
      vertex 15.8152 -74.0632 1.2
      vertex 16.2062 -74.1391 1.2
    endloop
  endfacet
  facet normal 0 0 -1
    outer loop
      vertex 14 -78.2 1.2
      vertex 15.431 -73.9577 1.2
      vertex 15.8152 -74.0632 1.2
    endloop
  endfacet
  facet normal 0 0 -1
    outer loop
      vertex 14 -78.2 1.2
      vertex 15.0562 -73.823 1.2
      vertex 15.431 -73.9577 1.2
    endloop
  endfacet
  facet normal 0 0 -1
    outer loop
      vertex 14 -78.2 1.2
      vertex 14.6927 -73.6601 1.2
      vertex 15.0562 -73.823 1.2
    endloop
  endfacet
  facet normal 0 0 -1
    outer loop
      vertex 13.6028 -78.1873 1.2
      vertex 14.6927 -73.6601 1.2
      vertex 14 -78.2 1.2
    endloop
  endfacet
  facet normal 0 0 -1
    outer loop
      vertex 13.2072 -78.1491 1.2
      vertex 14.6927 -73.6601 1.2
      vertex 13.6028 -78.1873 1.2
    endloop
  endfacet
  facet normal 0 0 -1
    outer loop
      vertex 12.8148 -78.0857 1.2
      vertex 14.6927 -73.6601 1.2
      vertex 13.2072 -78.1491 1.2
    endloop
  endfacet
  facet normal -0 0 -1
    outer loop
      vertex 14.6927 -73.6601 1.2
      vertex 12.8148 -78.0857 1.2
      vertex 14.3427 -73.4698 1.2
    endloop
  endfacet
  facet normal 0 0 -1
    outer loop
      vertex 12.4273 -77.9972 1.2
      vertex 14.3427 -73.4698 1.2
      vertex 12.8148 -78.0857 1.2
    endloop
  endfacet
  facet normal 0 0 -1
    outer loop
      vertex 12.0463 -77.8841 1.2
      vertex 14.3427 -73.4698 1.2
      vertex 12.4273 -77.9972 1.2
    endloop
  endfacet
  facet normal -0 0 -1
    outer loop
      vertex 14.3427 -73.4698 1.2
      vertex 12.0463 -77.8841 1.2
      vertex 14.0083 -73.2532 1.2
    endloop
  endfacet
  facet normal 0 0 -1
    outer loop
      vertex 11.6733 -77.7469 1.2
      vertex 14.0083 -73.2532 1.2
      vertex 12.0463 -77.8841 1.2
    endloop
  endfacet
  facet normal 0 0 -1
    outer loop
      vertex 11.3099 -77.586 1.2
      vertex 14.0083 -73.2532 1.2
      vertex 11.6733 -77.7469 1.2
    endloop
  endfacet
  facet normal 0 0 -1
    outer loop
      vertex 10.9575 -77.4022 1.2
      vertex 14.0083 -73.2532 1.2
      vertex 11.3099 -77.586 1.2
    endloop
  endfacet
  facet normal -0 0 -1
    outer loop
      vertex 14.0083 -73.2532 1.2
      vertex 10.9575 -77.4022 1.2
      vertex 13.6915 -73.0117 1.2
    endloop
  endfacet
  facet normal 0 0 -1
    outer loop
      vertex 10.6177 -77.1962 1.2
      vertex 13.6915 -73.0117 1.2
      vertex 10.9575 -77.4022 1.2
    endloop
  endfacet
  facet normal 0 0 -1
    outer loop
      vertex 10.2917 -76.9688 1.2
      vertex 13.6915 -73.0117 1.2
      vertex 10.6177 -77.1962 1.2
    endloop
  endfacet
  facet normal -0 0 -1
    outer loop
      vertex 13.6915 -73.0117 1.2
      vertex 10.2917 -76.9688 1.2
      vertex 13.3941 -72.7467 1.2
    endloop
  endfacet
  facet normal 0 0 -1
    outer loop
      vertex 9.98099 -76.721 1.2
      vertex 13.3941 -72.7467 1.2
      vertex 10.2917 -76.9688 1.2
    endloop
  endfacet
  facet normal 0 0 -1
    outer loop
      vertex 9.68677 -76.4538 1.2
      vertex 13.3941 -72.7467 1.2
      vertex 9.98099 -76.721 1.2
    endloop
  endfacet
  facet normal 0 0 -1
    outer loop
      vertex 9.41028 -76.1683 1.2
      vertex 13.3941 -72.7467 1.2
      vertex 9.68677 -76.4538 1.2
    endloop
  endfacet
  facet normal -0 0 -1
    outer loop
      vertex 13.3941 -72.7467 1.2
      vertex 9.41028 -76.1683 1.2
      vertex 13.1179 -72.4597 1.2
    endloop
  endfacet
  facet normal 0 0 -1
    outer loop
      vertex 9.15265 -75.8656 1.2
      vertex 13.1179 -72.4597 1.2
      vertex 9.41028 -76.1683 1.2
    endloop
  endfacet
  facet normal -0 0 -1
    outer loop
      vertex 13.1179 -72.4597 1.2
      vertex 8.91493 -75.5471 1.2
      vertex 12.8645 -72.1524 1.2
    endloop
  endfacet
  facet normal 0 0 -1
    outer loop
      vertex 8.91493 -75.5471 1.2
      vertex 13.1179 -72.4597 1.2
      vertex 9.15265 -75.8656 1.2
    endloop
  endfacet
  facet normal 0 0 -1
    outer loop
      vertex 80.8821 -19.5403 1.2
      vertex 85.0851 -16.4529 1.2
      vertex 81.1355 -19.8476 1.2
    endloop
  endfacet
  facet normal -0 0 -1
    outer loop
      vertex 85.0851 -16.4529 1.2
      vertex 80.8821 -19.5403 1.2
      vertex 84.8474 -16.1344 1.2
    endloop
  endfacet
  facet normal -0 0 -1
    outer loop
      vertex 84.8474 -16.1344 1.2
      vertex 80.8821 -19.5403 1.2
      vertex 84.5897 -15.8317 1.2
    endloop
  endfacet
  facet normal 0 0 -1
    outer loop
      vertex 80.6059 -19.2533 1.2
      vertex 84.5897 -15.8317 1.2
      vertex 80.8821 -19.5403 1.2
    endloop
  endfacet
  facet normal -0 0 -1
    outer loop
      vertex 84.5897 -15.8317 1.2
      vertex 80.6059 -19.2533 1.2
      vertex 84.3132 -15.5462 1.2
    endloop
  endfacet
  facet normal -0 0 -1
    outer loop
      vertex 84.3132 -15.5462 1.2
      vertex 80.6059 -19.2533 1.2
      vertex 84.019 -15.279 1.2
    endloop
  endfacet
  facet normal -0 0 -1
    outer loop
      vertex 84.019 -15.279 1.2
      vertex 80.6059 -19.2533 1.2
      vertex 83.7083 -15.0312 1.2
    endloop
  endfacet
  facet normal 0 0 -1
    outer loop
      vertex 80.3085 -18.9883 1.2
      vertex 83.7083 -15.0312 1.2
      vertex 80.6059 -19.2533 1.2
    endloop
  endfacet
  facet normal -0 0 -1
    outer loop
      vertex 83.7083 -15.0312 1.2
      vertex 80.3085 -18.9883 1.2
      vertex 83.3823 -14.8038 1.2
    endloop
  endfacet
  facet normal -0 0 -1
    outer loop
      vertex 83.3823 -14.8038 1.2
      vertex 80.3085 -18.9883 1.2
      vertex 83.0424 -14.5978 1.2
    endloop
  endfacet
  facet normal 0 0 -1
    outer loop
      vertex 79.9917 -18.7468 1.2
      vertex 83.0424 -14.5978 1.2
      vertex 80.3085 -18.9883 1.2
    endloop
  endfacet
  facet normal -0 0 -1
    outer loop
      vertex 83.0424 -14.5978 1.2
      vertex 79.9917 -18.7468 1.2
      vertex 82.6901 -14.414 1.2
    endloop
  endfacet
  facet normal -0 0 -1
    outer loop
      vertex 82.6901 -14.414 1.2
      vertex 79.9917 -18.7468 1.2
      vertex 82.3267 -14.2531 1.2
    endloop
  endfacet
  facet normal -0 0 -1
    outer loop
      vertex 82.3267 -14.2531 1.2
      vertex 79.9917 -18.7468 1.2
      vertex 81.9537 -14.1159 1.2
    endloop
  endfacet
  facet normal 0 0 -1
    outer loop
      vertex 79.6573 -18.5302 1.2
      vertex 81.9537 -14.1159 1.2
      vertex 79.9917 -18.7468 1.2
    endloop
  endfacet
  facet normal -0 0 -1
    outer loop
      vertex 81.9537 -14.1159 1.2
      vertex 79.6573 -18.5302 1.2
      vertex 81.5727 -14.0028 1.2
    endloop
  endfacet
  facet normal -0 0 -1
    outer loop
      vertex 81.5727 -14.0028 1.2
      vertex 79.6573 -18.5302 1.2
      vertex 81.1852 -13.9143 1.2
    endloop
  endfacet
  facet normal 0 0 -1
    outer loop
      vertex 79.3073 -18.3399 1.2
      vertex 81.1852 -13.9143 1.2
      vertex 79.6573 -18.5302 1.2
    endloop
  endfacet
  facet normal -0 0 -1
    outer loop
      vertex 81.1852 -13.9143 1.2
      vertex 79.3073 -18.3399 1.2
      vertex 80.7928 -13.8509 1.2
    endloop
  endfacet
  facet normal -0 0 -1
    outer loop
      vertex 80.7928 -13.8509 1.2
      vertex 79.3073 -18.3399 1.2
      vertex 80.3972 -13.8127 1.2
    endloop
  endfacet
  facet normal -0 0 -1
    outer loop
      vertex 80.3972 -13.8127 1.2
      vertex 79.3073 -18.3399 1.2
      vertex 80 -13.8 1.2
    endloop
  endfacet
  facet normal 0 0 -1
    outer loop
      vertex 78.9438 -18.177 1.2
      vertex 80 -13.8 1.2
      vertex 79.3073 -18.3399 1.2
    endloop
  endfacet
  facet normal 0 0 -1
    outer loop
      vertex 78.569 -18.0423 1.2
      vertex 80 -13.8 1.2
      vertex 78.9438 -18.177 1.2
    endloop
  endfacet
  facet normal 0 0 -1
    outer loop
      vertex 78.1848 -17.9368 1.2
      vertex 80 -13.8 1.2
      vertex 78.569 -18.0423 1.2
    endloop
  endfacet
  facet normal 0 0 -1
    outer loop
      vertex 77.7938 -17.8609 1.2
      vertex 80 -13.8 1.2
      vertex 78.1848 -17.9368 1.2
    endloop
  endfacet
  facet normal 0 0 -1
    outer loop
      vertex 77.3981 -17.8153 1.2
      vertex 80 -13.8 1.2
      vertex 77.7938 -17.8609 1.2
    endloop
  endfacet
  facet normal 0 0 -1
    outer loop
      vertex 77 -17.8 1.2
      vertex 80 -13.8 1.2
      vertex 77.3981 -17.8153 1.2
    endloop
  endfacet
  facet normal 0 0 -1
    outer loop
      vertex 17 -17.8 1.2
      vertex 80 -13.8 1.2
      vertex 77 -17.8 1.2
    endloop
  endfacet
  facet normal 0 0 -1
    outer loop
      vertex 14 -13.8 1.2
      vertex 17 -17.8 1.2
      vertex 16.4036 -17.8343 1.2
    endloop
  endfacet
  facet normal 0 0 -1
    outer loop
      vertex 17 -17.8 1.2
      vertex 14 -13.8 1.2
      vertex 80 -13.8 1.2
    endloop
  endfacet
  facet normal 0 0 -1
    outer loop
      vertex 16.01 -17.8951 1.2
      vertex 14 -13.8 1.2
      vertex 16.4036 -17.8343 1.2
    endloop
  endfacet
  facet normal 0 0 -1
    outer loop
      vertex 15.6221 -17.9859 1.2
      vertex 14 -13.8 1.2
      vertex 16.01 -17.8951 1.2
    endloop
  endfacet
  facet normal 0 0 -1
    outer loop
      vertex 15.2423 -18.1061 1.2
      vertex 14 -13.8 1.2
      vertex 15.6221 -17.9859 1.2
    endloop
  endfacet
  facet normal 0 0 -1
    outer loop
      vertex 14.8728 -18.255 1.2
      vertex 14 -13.8 1.2
      vertex 15.2423 -18.1061 1.2
    endloop
  endfacet
  facet normal 0 0 -1
    outer loop
      vertex 13.4047 -13.8286 1.2
      vertex 14.8728 -18.255 1.2
      vertex 14.5159 -18.4317 1.2
    endloop
  endfacet
  facet normal 0 0 -1
    outer loop
      vertex 12.6204 -13.9554 1.2
      vertex 14.5159 -18.4317 1.2
      vertex 14.1734 -18.6353 1.2
    endloop
  endfacet
  facet normal 0 0 -1
    outer loop
      vertex 11.4903 -14.3306 1.2
      vertex 14.1734 -18.6353 1.2
      vertex 13.8476 -18.8645 1.2
    endloop
  endfacet
  facet normal 0 0 -1
    outer loop
      vertex 14.8728 -18.255 1.2
      vertex 13.8013 -13.8032 1.2
      vertex 14 -13.8 1.2
    endloop
  endfacet
  facet normal 0 0 -1
    outer loop
      vertex 10.786 -14.6981 1.2
      vertex 13.8476 -18.8645 1.2
      vertex 13.5403 -19.1179 1.2
    endloop
  endfacet
  facet normal 0 0 -1
    outer loop
      vertex 14.8728 -18.255 1.2
      vertex 13.4047 -13.8286 1.2
      vertex 13.8013 -13.8032 1.2
    endloop
  endfacet
  facet normal 0 0 -1
    outer loop
      vertex 9.83174 -15.4103 1.2
      vertex 13.5403 -19.1179 1.2
      vertex 13.2533 -19.3941 1.2
    endloop
  endfacet
  facet normal 0 0 -1
    outer loop
      vertex 14.5159 -18.4317 1.2
      vertex 13.0105 -13.8795 1.2
      vertex 13.4047 -13.8286 1.2
    endloop
  endfacet
  facet normal 0 0 -1
    outer loop
      vertex 9.03123 -16.2917 1.2
      vertex 13.2533 -19.3941 1.2
      vertex 12.9882 -19.6915 1.2
    endloop
  endfacet
  facet normal 0 0 -1
    outer loop
      vertex 8.59782 -16.9576 1.2
      vertex 12.9882 -19.6915 1.2
      vertex 12.7468 -20.0083 1.2
    endloop
  endfacet
  facet normal 0 0 -1
    outer loop
      vertex 14.5159 -18.4317 1.2
      vertex 12.6204 -13.9554 1.2
      vertex 13.0105 -13.8795 1.2
    endloop
  endfacet
  facet normal 0 0 -1
    outer loop
      vertex 8.11586 -18.0463 1.2
      vertex 12.7468 -20.0083 1.2
      vertex 12.5302 -20.3427 1.2
    endloop
  endfacet
  facet normal 0 0 -1
    outer loop
      vertex 7.91434 -18.8148 1.2
      vertex 12.5302 -20.3427 1.2
      vertex 12.3399 -20.6927 1.2
    endloop
  endfacet
  facet normal 0 0 -1
    outer loop
      vertex 14.1734 -18.6353 1.2
      vertex 12.2359 -14.0563 1.2
      vertex 12.6204 -13.9554 1.2
    endloop
  endfacet
  facet normal 0 0 -1
    outer loop
      vertex 7.8 -20 1.2
      vertex 12.3399 -20.6927 1.2
      vertex 12.177 -21.0562 1.2
    endloop
  endfacet
  facet normal 0 0 -1
    outer loop
      vertex 7.8 -20 1.2
      vertex 12.177 -21.0562 1.2
      vertex 12.0423 -21.431 1.2
    endloop
  endfacet
  facet normal 0 0 -1
    outer loop
      vertex 7.8 -20 1.2
      vertex 12.0423 -21.431 1.2
      vertex 11.9368 -21.8152 1.2
    endloop
  endfacet
  facet normal 0 0 -1
    outer loop
      vertex 7.8 -20 1.2
      vertex 11.9368 -21.8152 1.2
      vertex 11.8609 -22.2062 1.2
    endloop
  endfacet
  facet normal 0 0 -1
    outer loop
      vertex 14.1734 -18.6353 1.2
      vertex 11.8587 -14.1815 1.2
      vertex 12.2359 -14.0563 1.2
    endloop
  endfacet
  facet normal 0 0 -1
    outer loop
      vertex 7.8 -20 1.2
      vertex 11.8609 -22.2062 1.2
      vertex 11.8153 -22.6019 1.2
    endloop
  endfacet
  facet normal 0 0 -1
    outer loop
      vertex 7.8 -20 1.2
      vertex 11.8153 -22.6019 1.2
      vertex 11.8 -23 1.2
    endloop
  endfacet
  facet normal 0 0 -1
    outer loop
      vertex 14.1734 -18.6353 1.2
      vertex 11.4903 -14.3306 1.2
      vertex 11.8587 -14.1815 1.2
    endloop
  endfacet
  facet normal -0 0 -1
    outer loop
      vertex 11.8 -69 1.2
      vertex 7.8 -72 1.2
      vertex 11.8 -23 1.2
    endloop
  endfacet
  facet normal 0 0 -1
    outer loop
      vertex 8.69812 -75.214 1.2
      vertex 12.8645 -72.1524 1.2
      vertex 8.91493 -75.5471 1.2
    endloop
  endfacet
  facet normal -0 0 -1
    outer loop
      vertex 11.8 -23 1.2
      vertex 7.8 -72 1.2
      vertex 7.8 -20 1.2
    endloop
  endfacet
  facet normal 0 0 -1
    outer loop
      vertex 8.50308 -74.8677 1.2
      vertex 12.8645 -72.1524 1.2
      vertex 8.69812 -75.214 1.2
    endloop
  endfacet
  facet normal 0 0 -1
    outer loop
      vertex 12.3399 -20.6927 1.2
      vertex 7.8 -20 1.2
      vertex 7.81274 -19.6028 1.2
    endloop
  endfacet
  facet normal 0 0 -1
    outer loop
      vertex 8.33064 -74.5097 1.2
      vertex 12.8645 -72.1524 1.2
      vertex 8.50308 -74.8677 1.2
    endloop
  endfacet
  facet normal 0 0 -1
    outer loop
      vertex 13.8476 -18.8645 1.2
      vertex 11.1323 -14.5031 1.2
      vertex 11.4903 -14.3306 1.2
    endloop
  endfacet
  facet normal -0 0 -1
    outer loop
      vertex 12.8645 -72.1524 1.2
      vertex 8.33064 -74.5097 1.2
      vertex 12.6353 -71.8266 1.2
    endloop
  endfacet
  facet normal 0 0 -1
    outer loop
      vertex 13.8476 -18.8645 1.2
      vertex 10.786 -14.6981 1.2
      vertex 11.1323 -14.5031 1.2
    endloop
  endfacet
  facet normal 0 0 -1
    outer loop
      vertex 8.1815 -74.1413 1.2
      vertex 12.6353 -71.8266 1.2
      vertex 8.33064 -74.5097 1.2
    endloop
  endfacet
  facet normal 0 0 -1
    outer loop
      vertex 13.5403 -19.1179 1.2
      vertex 10.4529 -14.9149 1.2
      vertex 10.786 -14.6981 1.2
    endloop
  endfacet
  facet normal 0 0 -1
    outer loop
      vertex 8.05626 -73.7641 1.2
      vertex 12.6353 -71.8266 1.2
      vertex 8.1815 -74.1413 1.2
    endloop
  endfacet
  facet normal 0 0 -1
    outer loop
      vertex 13.5403 -19.1179 1.2
      vertex 10.1344 -15.1526 1.2
      vertex 10.4529 -14.9149 1.2
    endloop
  endfacet
  facet normal -0 0 -1
    outer loop
      vertex 12.6353 -71.8266 1.2
      vertex 8.05626 -73.7641 1.2
      vertex 12.4317 -71.4841 1.2
    endloop
  endfacet
  facet normal 0 0 -1
    outer loop
      vertex 13.5403 -19.1179 1.2
      vertex 9.83174 -15.4103 1.2
      vertex 10.1344 -15.1526 1.2
    endloop
  endfacet
  facet normal 0 0 -1
    outer loop
      vertex 7.95544 -73.3796 1.2
      vertex 12.4317 -71.4841 1.2
      vertex 8.05626 -73.7641 1.2
    endloop
  endfacet
  facet normal 0 0 -1
    outer loop
      vertex 13.2533 -19.3941 1.2
      vertex 9.54623 -15.6868 1.2
      vertex 9.83174 -15.4103 1.2
    endloop
  endfacet
  facet normal 0 0 -1
    outer loop
      vertex 7.87947 -72.9895 1.2
      vertex 12.4317 -71.4841 1.2
      vertex 7.95544 -73.3796 1.2
    endloop
  endfacet
  facet normal 0 0 -1
    outer loop
      vertex 13.2533 -19.3941 1.2
      vertex 9.27904 -15.981 1.2
      vertex 9.54623 -15.6868 1.2
    endloop
  endfacet
  facet normal 0 0 -1
    outer loop
      vertex 7.82864 -72.5953 1.2
      vertex 12.4317 -71.4841 1.2
      vertex 7.87947 -72.9895 1.2
    endloop
  endfacet
  facet normal 0 0 -1
    outer loop
      vertex 13.2533 -19.3941 1.2
      vertex 9.03123 -16.2917 1.2
      vertex 9.27904 -15.981 1.2
    endloop
  endfacet
  facet normal -0 0 -1
    outer loop
      vertex 12.4317 -71.4841 1.2
      vertex 7.82864 -72.5953 1.2
      vertex 12.255 -71.1272 1.2
    endloop
  endfacet
  facet normal 0 0 -1
    outer loop
      vertex 12.9882 -19.6915 1.2
      vertex 8.80385 -16.6177 1.2
      vertex 9.03123 -16.2917 1.2
    endloop
  endfacet
  facet normal 0 0 -1
    outer loop
      vertex 7.80319 -72.1987 1.2
      vertex 12.255 -71.1272 1.2
      vertex 7.82864 -72.5953 1.2
    endloop
  endfacet
  facet normal 0 0 -1
    outer loop
      vertex 12.9882 -19.6915 1.2
      vertex 8.59782 -16.9576 1.2
      vertex 8.80385 -16.6177 1.2
    endloop
  endfacet
  facet normal 0 0 -1
    outer loop
      vertex 7.8 -72 1.2
      vertex 12.255 -71.1272 1.2
      vertex 7.80319 -72.1987 1.2
    endloop
  endfacet
  facet normal 0 0 -1
    outer loop
      vertex 12.7468 -20.0083 1.2
      vertex 8.41399 -17.3099 1.2
      vertex 8.59782 -16.9576 1.2
    endloop
  endfacet
  facet normal -0 0 -1
    outer loop
      vertex 12.255 -71.1272 1.2
      vertex 7.8 -72 1.2
      vertex 12.1061 -70.7577 1.2
    endloop
  endfacet
  facet normal 0 0 -1
    outer loop
      vertex 12.7468 -20.0083 1.2
      vertex 8.25311 -17.6733 1.2
      vertex 8.41399 -17.3099 1.2
    endloop
  endfacet
  facet normal -0 0 -1
    outer loop
      vertex 12.1061 -70.7577 1.2
      vertex 7.8 -72 1.2
      vertex 11.9859 -70.3779 1.2
    endloop
  endfacet
  facet normal 0 0 -1
    outer loop
      vertex 12.7468 -20.0083 1.2
      vertex 8.11586 -18.0463 1.2
      vertex 8.25311 -17.6733 1.2
    endloop
  endfacet
  facet normal -0 0 -1
    outer loop
      vertex 11.9859 -70.3779 1.2
      vertex 7.8 -72 1.2
      vertex 11.8951 -69.99 1.2
    endloop
  endfacet
  facet normal 0 0 -1
    outer loop
      vertex 12.5302 -20.3427 1.2
      vertex 8.00278 -18.4273 1.2
      vertex 8.11586 -18.0463 1.2
    endloop
  endfacet
  facet normal -0 0 -1
    outer loop
      vertex 11.8951 -69.99 1.2
      vertex 7.8 -72 1.2
      vertex 11.8343 -69.5964 1.2
    endloop
  endfacet
  facet normal 0 0 -1
    outer loop
      vertex 12.5302 -20.3427 1.2
      vertex 7.91434 -18.8148 1.2
      vertex 8.00278 -18.4273 1.2
    endloop
  endfacet
  facet normal -0 0 -1
    outer loop
      vertex 11.8343 -69.5964 1.2
      vertex 7.8 -72 1.2
      vertex 11.8 -69 1.2
    endloop
  endfacet
  facet normal 0 0 -1
    outer loop
      vertex 12.3399 -20.6927 1.2
      vertex 7.85091 -19.2072 1.2
      vertex 7.91434 -18.8148 1.2
    endloop
  endfacet
  facet normal 0 0 -1
    outer loop
      vertex 12.3399 -20.6927 1.2
      vertex 7.81274 -19.6028 1.2
      vertex 7.85091 -19.2072 1.2
    endloop
  endfacet
  facet normal -0.85959 -0.510985 0
    outer loop
      vertex 81.5683 -20.5159 1.2
      vertex 81.3647 -20.1734 3
      vertex 81.3647 -20.1734 1.2
    endloop
  endfacet
  facet normal -0.85959 -0.510985 0
    outer loop
      vertex 81.3647 -20.1734 3
      vertex 81.5683 -20.5159 1.2
      vertex 81.5683 -20.5159 3
    endloop
  endfacet
  facet normal -0.0384042 -0.999262 0
    outer loop
      vertex 77 -17.8 1.2
      vertex 77.3981 -17.8153 3
      vertex 77 -17.8 3
    endloop
  endfacet
  facet normal -0.0384042 -0.999262 -0
    outer loop
      vertex 77.3981 -17.8153 3
      vertex 77 -17.8 1.2
      vertex 77.3981 -17.8153 1.2
    endloop
  endfacet
  facet normal -0.190561 -0.981675 0
    outer loop
      vertex 77.7938 -17.8609 1.2
      vertex 78.1848 -17.9368 3
      vertex 77.7938 -17.8609 3
    endloop
  endfacet
  facet normal -0.190561 -0.981675 -0
    outer loop
      vertex 78.1848 -17.9368 3
      vertex 77.7938 -17.8609 1.2
      vertex 78.1848 -17.9368 1.2
    endloop
  endfacet
  facet normal -0.817885 -0.575381 0
    outer loop
      vertex 81.3647 -20.1734 1.2
      vertex 81.1355 -19.8476 3
      vertex 81.1355 -19.8476 1.2
    endloop
  endfacet
  facet normal -0.817885 -0.575381 0
    outer loop
      vertex 81.1355 -19.8476 3
      vertex 81.3647 -20.1734 1.2
      vertex 81.3647 -20.1734 3
    endloop
  endfacet
  facet normal 0.477673 0.878537 -0
    outer loop
      vertex 14.6927 -73.6601 1.2
      vertex 14.3427 -73.4698 3
      vertex 14.6927 -73.6601 3
    endloop
  endfacet
  facet normal 0.477673 0.878537 0
    outer loop
      vertex 14.3427 -73.4698 3
      vertex 14.6927 -73.6601 1.2
      vertex 14.3427 -73.4698 1.2
    endloop
  endfacet
  facet normal 0.443695 -0.896178 0
    outer loop
      vertex 14.5159 -18.4317 1.2
      vertex 14.8728 -18.255 3
      vertex 14.5159 -18.4317 3
    endloop
  endfacet
  facet normal 0.443695 -0.896178 0
    outer loop
      vertex 14.8728 -18.255 3
      vertex 14.5159 -18.4317 1.2
      vertex 14.8728 -18.255 1.2
    endloop
  endfacet
  facet normal -0.771524 -0.6362 0
    outer loop
      vertex 81.1355 -19.8476 1.2
      vertex 80.8821 -19.5403 3
      vertex 80.8821 -19.5403 1.2
    endloop
  endfacet
  facet normal -0.771524 -0.6362 0
    outer loop
      vertex 80.8821 -19.5403 3
      vertex 81.1355 -19.8476 1.2
      vertex 81.1355 -19.8476 3
    endloop
  endfacet
  facet normal -0.543647 -0.839314 0
    outer loop
      vertex 79.6573 -18.5302 1.2
      vertex 79.9917 -18.7468 3
      vertex 79.6573 -18.5302 3
    endloop
  endfacet
  facet normal -0.543647 -0.839314 -0
    outer loop
      vertex 79.9917 -18.7468 3
      vertex 79.6573 -18.5302 1.2
      vertex 79.9917 -18.7468 1.2
    endloop
  endfacet
  facet normal 0.190561 0.981675 -0
    outer loop
      vertex 16.2062 -74.1391 1.2
      vertex 15.8152 -74.0632 3
      vertex 16.2062 -74.1391 3
    endloop
  endfacet
  facet normal 0.190561 0.981675 0
    outer loop
      vertex 15.8152 -74.0632 3
      vertex 16.2062 -74.1391 1.2
      vertex 15.8152 -74.0632 1.2
    endloop
  endfacet
  facet normal 0 -1 0
    outer loop
      vertex 17 -17.8 1.2
      vertex 77 -17.8 3
      vertex 17 -17.8 3
    endloop
  endfacet
  facet normal 0 -1 -0
    outer loop
      vertex 77 -17.8 3
      vertex 17 -17.8 1.2
      vertex 77 -17.8 1.2
    endloop
  endfacet
  facet normal -0.964305 0.264795 0
    outer loop
      vertex 81.9577 -70.569 1.2
      vertex 82.0632 -70.1848 3
      vertex 82.0632 -70.1848 1.2
    endloop
  endfacet
  facet normal -0.964305 0.264795 0
    outer loop
      vertex 82.0632 -70.1848 3
      vertex 81.9577 -70.569 1.2
      vertex 81.9577 -70.569 3
    endloop
  endfacet
  facet normal -0.896178 -0.443695 0
    outer loop
      vertex 81.745 -20.8728 1.2
      vertex 81.5683 -20.5159 3
      vertex 81.5683 -20.5159 1.2
    endloop
  endfacet
  facet normal -0.896178 -0.443695 0
    outer loop
      vertex 81.5683 -20.5159 3
      vertex 81.745 -20.8728 1.2
      vertex 81.745 -20.8728 3
    endloop
  endfacet
  facet normal -0.953393 -0.301732 0
    outer loop
      vertex 82.0141 -21.6221 1.2
      vertex 81.8939 -21.2423 3
      vertex 81.8939 -21.2423 1.2
    endloop
  endfacet
  facet normal -0.953393 -0.301732 0
    outer loop
      vertex 81.8939 -21.2423 3
      vertex 82.0141 -21.6221 1.2
      vertex 82.0141 -21.6221 3
    endloop
  endfacet
  facet normal 0.0574169 -0.99835 0
    outer loop
      vertex 16.4036 -17.8343 1.2
      vertex 17 -17.8 3
      vertex 16.4036 -17.8343 3
    endloop
  endfacet
  facet normal 0.0574169 -0.99835 0
    outer loop
      vertex 17 -17.8 3
      vertex 16.4036 -17.8343 1.2
      vertex 17 -17.8 1.2
    endloop
  endfacet
  facet normal -0.720534 -0.69342 0
    outer loop
      vertex 80.8821 -19.5403 1.2
      vertex 80.6059 -19.2533 3
      vertex 80.6059 -19.2533 1.2
    endloop
  endfacet
  facet normal -0.720534 -0.69342 0
    outer loop
      vertex 80.6059 -19.2533 3
      vertex 80.8821 -19.5403 1.2
      vertex 80.8821 -19.5403 3
    endloop
  endfacet
  facet normal 0.94107 -0.338213 0
    outer loop
      vertex 12.0423 -21.431 3
      vertex 12.177 -21.0562 1.2
      vertex 12.177 -21.0562 3
    endloop
  endfacet
  facet normal 0.94107 -0.338213 0
    outer loop
      vertex 12.177 -21.0562 1.2
      vertex 12.0423 -21.431 3
      vertex 12.0423 -21.431 1.2
    endloop
  endfacet
  facet normal -0.606247 -0.795276 0
    outer loop
      vertex 79.9917 -18.7468 1.2
      vertex 80.3085 -18.9883 3
      vertex 79.9917 -18.7468 3
    endloop
  endfacet
  facet normal -0.606247 -0.795276 -0
    outer loop
      vertex 80.3085 -18.9883 3
      vertex 79.9917 -18.7468 1.2
      vertex 80.3085 -18.9883 1.2
    endloop
  endfacet
  facet normal -0.665267 -0.746605 0
    outer loop
      vertex 80.3085 -18.9883 1.2
      vertex 80.6059 -19.2533 3
      vertex 80.3085 -18.9883 3
    endloop
  endfacet
  facet normal -0.665267 -0.746605 -0
    outer loop
      vertex 80.6059 -19.2533 3
      vertex 80.3085 -18.9883 1.2
      vertex 80.6059 -19.2533 1.2
    endloop
  endfacet
  facet normal -0.988279 -0.152661 0
    outer loop
      vertex 82.1657 -22.4036 1.2
      vertex 82.1049 -22.01 3
      vertex 82.1049 -22.01 1.2
    endloop
  endfacet
  facet normal -0.988279 -0.152661 0
    outer loop
      vertex 82.1049 -22.01 3
      vertex 82.1657 -22.4036 1.2
      vertex 82.1657 -22.4036 3
    endloop
  endfacet
  facet normal -0.878537 0.477673 0
    outer loop
      vertex 81.4698 -71.6573 1.2
      vertex 81.6601 -71.3073 3
      vertex 81.6601 -71.3073 1.2
    endloop
  endfacet
  facet normal -0.878537 0.477673 0
    outer loop
      vertex 81.6601 -71.3073 3
      vertex 81.4698 -71.6573 1.2
      vertex 81.4698 -71.6573 3
    endloop
  endfacet
  facet normal -0.338213 -0.94107 0
    outer loop
      vertex 78.569 -18.0423 1.2
      vertex 78.9438 -18.177 3
      vertex 78.569 -18.0423 3
    endloop
  endfacet
  facet normal -0.338213 -0.94107 -0
    outer loop
      vertex 78.9438 -18.177 3
      vertex 78.569 -18.0423 1.2
      vertex 78.9438 -18.177 1.2
    endloop
  endfacet
  facet normal 0.795397 -0.606089 0
    outer loop
      vertex 12.7468 -20.0083 3
      vertex 12.9882 -19.6915 1.2
      vertex 12.9882 -19.6915 3
    endloop
  endfacet
  facet normal 0.795397 -0.606089 0
    outer loop
      vertex 12.9882 -19.6915 1.2
      vertex 12.7468 -20.0083 3
      vertex 12.7468 -20.0083 1.2
    endloop
  endfacet
  facet normal 0.264795 0.964305 -0
    outer loop
      vertex 15.8152 -74.0632 1.2
      vertex 15.431 -73.9577 3
      vertex 15.8152 -74.0632 3
    endloop
  endfacet
  facet normal 0.264795 0.964305 0
    outer loop
      vertex 15.431 -73.9577 3
      vertex 15.8152 -74.0632 1.2
      vertex 15.431 -73.9577 1.2
    endloop
  endfacet
  facet normal -0.152661 0.988279 0
    outer loop
      vertex 77.99 -74.1049 1.2
      vertex 77.5964 -74.1657 3
      vertex 77.99 -74.1049 3
    endloop
  endfacet
  facet normal -0.152661 0.988279 0
    outer loop
      vertex 77.5964 -74.1657 3
      vertex 77.99 -74.1049 1.2
      vertex 77.5964 -74.1657 1.2
    endloop
  endfacet
  facet normal 0.99835 0.0574169 0
    outer loop
      vertex 11.8343 -69.5964 3
      vertex 11.8 -69 1.2
      vertex 11.8 -69 3
    endloop
  endfacet
  facet normal 0.99835 0.0574169 0
    outer loop
      vertex 11.8 -69 1.2
      vertex 11.8343 -69.5964 3
      vertex 11.8343 -69.5964 1.2
    endloop
  endfacet
  facet normal -0.746605 0.665267 0
    outer loop
      vertex 80.7467 -72.6059 1.2
      vertex 81.0117 -72.3085 3
      vertex 81.0117 -72.3085 1.2
    endloop
  endfacet
  facet normal -0.746605 0.665267 0
    outer loop
      vertex 81.0117 -72.3085 3
      vertex 80.7467 -72.6059 1.2
      vertex 80.7467 -72.6059 3
    endloop
  endfacet
  facet normal -1 0 0
    outer loop
      vertex 82.2 -69 1.2
      vertex 82.2 -23 3
      vertex 82.2 -23 1.2
    endloop
  endfacet
  facet normal -1 -0 0
    outer loop
      vertex 82.2 -23 3
      vertex 82.2 -69 1.2
      vertex 82.2 -69 3
    endloop
  endfacet
  facet normal -0.264795 -0.964305 0
    outer loop
      vertex 78.1848 -17.9368 1.2
      vertex 78.569 -18.0423 3
      vertex 78.1848 -17.9368 3
    endloop
  endfacet
  facet normal -0.264795 -0.964305 -0
    outer loop
      vertex 78.569 -18.0423 3
      vertex 78.1848 -17.9368 1.2
      vertex 78.569 -18.0423 1.2
    endloop
  endfacet
  facet normal 0.575381 -0.817885 0
    outer loop
      vertex 13.8476 -18.8645 1.2
      vertex 14.1734 -18.6353 3
      vertex 13.8476 -18.8645 3
    endloop
  endfacet
  facet normal 0.575381 -0.817885 0
    outer loop
      vertex 14.1734 -18.6353 3
      vertex 13.8476 -18.8645 1.2
      vertex 14.1734 -18.6353 1.2
    endloop
  endfacet
  facet normal 0.69342 -0.720534 0
    outer loop
      vertex 13.2533 -19.3941 1.2
      vertex 13.5403 -19.1179 3
      vertex 13.2533 -19.3941 3
    endloop
  endfacet
  facet normal 0.69342 -0.720534 0
    outer loop
      vertex 13.5403 -19.1179 3
      vertex 13.2533 -19.3941 1.2
      vertex 13.5403 -19.1179 1.2
    endloop
  endfacet
  facet normal -0.408955 -0.912555 0
    outer loop
      vertex 78.9438 -18.177 1.2
      vertex 79.3073 -18.3399 3
      vertex 78.9438 -18.177 3
    endloop
  endfacet
  facet normal -0.408955 -0.912555 -0
    outer loop
      vertex 79.3073 -18.3399 3
      vertex 78.9438 -18.177 1.2
      vertex 79.3073 -18.3399 1.2
    endloop
  endfacet
  facet normal 0.988279 0.152661 0
    outer loop
      vertex 11.8951 -69.99 3
      vertex 11.8343 -69.5964 1.2
      vertex 11.8343 -69.5964 3
    endloop
  endfacet
  facet normal 0.988279 0.152661 0
    outer loop
      vertex 11.8343 -69.5964 1.2
      vertex 11.8951 -69.99 3
      vertex 11.8951 -69.99 1.2
    endloop
  endfacet
  facet normal 1 -0 0
    outer loop
      vertex 11.8 -69 3
      vertex 11.8 -23 1.2
      vertex 11.8 -23 3
    endloop
  endfacet
  facet normal 1 0 0
    outer loop
      vertex 11.8 -23 1.2
      vertex 11.8 -69 3
      vertex 11.8 -69 1.2
    endloop
  endfacet
  facet normal 0.0384042 0.999262 -0
    outer loop
      vertex 17 -74.2 1.2
      vertex 16.6019 -74.1847 3
      vertex 17 -74.2 3
    endloop
  endfacet
  facet normal 0.0384042 0.999262 0
    outer loop
      vertex 16.6019 -74.1847 3
      vertex 17 -74.2 1.2
      vertex 16.6019 -74.1847 1.2
    endloop
  endfacet
  facet normal 0.839314 -0.543647 0
    outer loop
      vertex 12.5302 -20.3427 3
      vertex 12.7468 -20.0083 1.2
      vertex 12.7468 -20.0083 3
    endloop
  endfacet
  facet normal 0.839314 -0.543647 0
    outer loop
      vertex 12.7468 -20.0083 1.2
      vertex 12.5302 -20.3427 3
      vertex 12.5302 -20.3427 1.2
    endloop
  endfacet
  facet normal -0.981675 0.190561 0
    outer loop
      vertex 82.0632 -70.1848 1.2
      vertex 82.1391 -69.7938 3
      vertex 82.1391 -69.7938 1.2
    endloop
  endfacet
  facet normal -0.981675 0.190561 0
    outer loop
      vertex 82.1391 -69.7938 3
      vertex 82.0632 -70.1848 1.2
      vertex 82.0632 -70.1848 3
    endloop
  endfacet
  facet normal 0 1 -0
    outer loop
      vertex 77 -74.2 1.2
      vertex 17 -74.2 3
      vertex 77 -74.2 3
    endloop
  endfacet
  facet normal 0 1 0
    outer loop
      vertex 17 -74.2 3
      vertex 77 -74.2 1.2
      vertex 17 -74.2 1.2
    endloop
  endfacet
  facet normal 0.37377 -0.927521 0
    outer loop
      vertex 14.8728 -18.255 1.2
      vertex 15.2423 -18.1061 3
      vertex 14.8728 -18.255 3
    endloop
  endfacet
  facet normal 0.37377 -0.927521 0
    outer loop
      vertex 15.2423 -18.1061 3
      vertex 14.8728 -18.255 1.2
      vertex 15.2423 -18.1061 1.2
    endloop
  endfacet
  facet normal -0.927521 -0.37377 0
    outer loop
      vertex 81.8939 -21.2423 1.2
      vertex 81.745 -20.8728 3
      vertex 81.745 -20.8728 1.2
    endloop
  endfacet
  facet normal -0.927521 -0.37377 0
    outer loop
      vertex 81.745 -20.8728 3
      vertex 81.8939 -21.2423 1.2
      vertex 81.8939 -21.2423 3
    endloop
  endfacet
  facet normal 0.543647 0.839314 -0
    outer loop
      vertex 14.3427 -73.4698 1.2
      vertex 14.0083 -73.2532 3
      vertex 14.3427 -73.4698 3
    endloop
  endfacet
  facet normal 0.543647 0.839314 0
    outer loop
      vertex 14.0083 -73.2532 3
      vertex 14.3427 -73.4698 1.2
      vertex 14.0083 -73.2532 1.2
    endloop
  endfacet
  facet normal -0.477673 -0.878537 0
    outer loop
      vertex 79.3073 -18.3399 1.2
      vertex 79.6573 -18.5302 3
      vertex 79.3073 -18.3399 3
    endloop
  endfacet
  facet normal -0.477673 -0.878537 -0
    outer loop
      vertex 79.6573 -18.5302 3
      vertex 79.3073 -18.3399 1.2
      vertex 79.6573 -18.5302 1.2
    endloop
  endfacet
  facet normal -0.114481 -0.993425 0
    outer loop
      vertex 77.3981 -17.8153 1.2
      vertex 77.7938 -17.8609 3
      vertex 77.3981 -17.8153 3
    endloop
  endfacet
  facet normal -0.114481 -0.993425 -0
    outer loop
      vertex 77.7938 -17.8609 3
      vertex 77.3981 -17.8153 1.2
      vertex 77.7938 -17.8609 1.2
    endloop
  endfacet
  facet normal -0.6362 0.771524 0
    outer loop
      vertex 80.4597 -72.8821 1.2
      vertex 80.1524 -73.1355 3
      vertex 80.4597 -72.8821 3
    endloop
  endfacet
  facet normal -0.6362 0.771524 0
    outer loop
      vertex 80.1524 -73.1355 3
      vertex 80.4597 -72.8821 1.2
      vertex 80.1524 -73.1355 1.2
    endloop
  endfacet
  facet normal 0.771524 0.6362 0
    outer loop
      vertex 13.1179 -72.4597 3
      vertex 12.8645 -72.1524 1.2
      vertex 12.8645 -72.1524 3
    endloop
  endfacet
  facet normal 0.771524 0.6362 0
    outer loop
      vertex 12.8645 -72.1524 1.2
      vertex 13.1179 -72.4597 3
      vertex 13.1179 -72.4597 1.2
    endloop
  endfacet
  facet normal 0.896178 0.443695 0
    outer loop
      vertex 12.4317 -71.4841 3
      vertex 12.255 -71.1272 1.2
      vertex 12.255 -71.1272 3
    endloop
  endfacet
  facet normal 0.896178 0.443695 0
    outer loop
      vertex 12.255 -71.1272 1.2
      vertex 12.4317 -71.4841 3
      vertex 12.4317 -71.4841 1.2
    endloop
  endfacet
  facet normal 0.408955 0.912555 -0
    outer loop
      vertex 15.0562 -73.823 1.2
      vertex 14.6927 -73.6601 3
      vertex 15.0562 -73.823 3
    endloop
  endfacet
  facet normal 0.408955 0.912555 0
    outer loop
      vertex 14.6927 -73.6601 3
      vertex 15.0562 -73.823 1.2
      vertex 14.6927 -73.6601 1.2
    endloop
  endfacet
  facet normal 0.85959 0.510985 0
    outer loop
      vertex 12.6353 -71.8266 3
      vertex 12.4317 -71.4841 1.2
      vertex 12.4317 -71.4841 3
    endloop
  endfacet
  facet normal 0.85959 0.510985 0
    outer loop
      vertex 12.4317 -71.4841 1.2
      vertex 12.6353 -71.8266 3
      vertex 12.6353 -71.8266 1.2
    endloop
  endfacet
  facet normal 0.953393 0.301732 0
    outer loop
      vertex 12.1061 -70.7577 3
      vertex 11.9859 -70.3779 1.2
      vertex 11.9859 -70.3779 3
    endloop
  endfacet
  facet normal 0.953393 0.301732 0
    outer loop
      vertex 11.9859 -70.3779 1.2
      vertex 12.1061 -70.7577 3
      vertex 12.1061 -70.7577 1.2
    endloop
  endfacet
  facet normal 0.606247 0.795276 -0
    outer loop
      vertex 14.0083 -73.2532 1.2
      vertex 13.6915 -73.0117 3
      vertex 14.0083 -73.2532 3
    endloop
  endfacet
  facet normal 0.606247 0.795276 0
    outer loop
      vertex 13.6915 -73.0117 3
      vertex 14.0083 -73.2532 1.2
      vertex 13.6915 -73.0117 1.2
    endloop
  endfacet
  facet normal -0.999262 0.0384042 0
    outer loop
      vertex 82.1847 -69.3981 1.2
      vertex 82.2 -69 3
      vertex 82.2 -69 1.2
    endloop
  endfacet
  facet normal -0.999262 0.0384042 0
    outer loop
      vertex 82.2 -69 3
      vertex 82.1847 -69.3981 1.2
      vertex 82.1847 -69.3981 3
    endloop
  endfacet
  facet normal -0.912555 0.408955 0
    outer loop
      vertex 81.6601 -71.3073 1.2
      vertex 81.823 -70.9438 3
      vertex 81.823 -70.9438 1.2
    endloop
  endfacet
  facet normal -0.912555 0.408955 0
    outer loop
      vertex 81.823 -70.9438 3
      vertex 81.6601 -71.3073 1.2
      vertex 81.6601 -71.3073 3
    endloop
  endfacet
  facet normal 0.746481 -0.665407 0
    outer loop
      vertex 12.9882 -19.6915 3
      vertex 13.2533 -19.3941 1.2
      vertex 13.2533 -19.3941 3
    endloop
  endfacet
  facet normal 0.746481 -0.665407 0
    outer loop
      vertex 13.2533 -19.3941 1.2
      vertex 12.9882 -19.6915 3
      vertex 12.9882 -19.6915 1.2
    endloop
  endfacet
  facet normal 0.6362 -0.771524 0
    outer loop
      vertex 13.5403 -19.1179 1.2
      vertex 13.8476 -18.8645 3
      vertex 13.5403 -19.1179 3
    endloop
  endfacet
  facet normal 0.6362 -0.771524 0
    outer loop
      vertex 13.8476 -18.8645 3
      vertex 13.5403 -19.1179 1.2
      vertex 13.8476 -18.8645 1.2
    endloop
  endfacet
  facet normal 0.510985 -0.85959 0
    outer loop
      vertex 14.1734 -18.6353 1.2
      vertex 14.5159 -18.4317 3
      vertex 14.1734 -18.6353 3
    endloop
  endfacet
  facet normal 0.510985 -0.85959 0
    outer loop
      vertex 14.5159 -18.4317 3
      vertex 14.1734 -18.6353 1.2
      vertex 14.5159 -18.4317 1.2
    endloop
  endfacet
  facet normal -0.97368 -0.22792 0
    outer loop
      vertex 82.1049 -22.01 1.2
      vertex 82.0141 -21.6221 3
      vertex 82.0141 -21.6221 1.2
    endloop
  endfacet
  facet normal -0.97368 -0.22792 0
    outer loop
      vertex 82.0141 -21.6221 3
      vertex 82.1049 -22.01 1.2
      vertex 82.1049 -22.01 3
    endloop
  endfacet
  facet normal -0.99835 -0.0574169 0
    outer loop
      vertex 82.2 -23 1.2
      vertex 82.1657 -22.4036 3
      vertex 82.1657 -22.4036 1.2
    endloop
  endfacet
  facet normal -0.99835 -0.0574169 0
    outer loop
      vertex 82.1657 -22.4036 3
      vertex 82.2 -23 1.2
      vertex 82.2 -23 3
    endloop
  endfacet
  facet normal 0.22792 -0.97368 0
    outer loop
      vertex 15.6221 -17.9859 1.2
      vertex 16.01 -17.8951 3
      vertex 15.6221 -17.9859 3
    endloop
  endfacet
  facet normal 0.22792 -0.97368 0
    outer loop
      vertex 16.01 -17.8951 3
      vertex 15.6221 -17.9859 1.2
      vertex 16.01 -17.8951 1.2
    endloop
  endfacet
  facet normal 0.338213 0.94107 -0
    outer loop
      vertex 15.431 -73.9577 1.2
      vertex 15.0562 -73.823 3
      vertex 15.431 -73.9577 3
    endloop
  endfacet
  facet normal 0.338213 0.94107 0
    outer loop
      vertex 15.0562 -73.823 3
      vertex 15.431 -73.9577 1.2
      vertex 15.0562 -73.823 1.2
    endloop
  endfacet
  facet normal -0.94107 0.338213 0
    outer loop
      vertex 81.823 -70.9438 1.2
      vertex 81.9577 -70.569 3
      vertex 81.9577 -70.569 1.2
    endloop
  endfacet
  facet normal -0.94107 0.338213 0
    outer loop
      vertex 81.9577 -70.569 3
      vertex 81.823 -70.9438 1.2
      vertex 81.823 -70.9438 3
    endloop
  endfacet
  facet normal 0.152661 -0.988279 0
    outer loop
      vertex 16.01 -17.8951 1.2
      vertex 16.4036 -17.8343 3
      vertex 16.01 -17.8951 3
    endloop
  endfacet
  facet normal 0.152661 -0.988279 0
    outer loop
      vertex 16.4036 -17.8343 3
      vertex 16.01 -17.8951 1.2
      vertex 16.4036 -17.8343 1.2
    endloop
  endfacet
  facet normal 0.912555 -0.408955 0
    outer loop
      vertex 12.177 -21.0562 3
      vertex 12.3399 -20.6927 1.2
      vertex 12.3399 -20.6927 3
    endloop
  endfacet
  facet normal 0.912555 -0.408955 0
    outer loop
      vertex 12.3399 -20.6927 1.2
      vertex 12.177 -21.0562 3
      vertex 12.177 -21.0562 1.2
    endloop
  endfacet
  facet normal -0.69342 0.720534 0
    outer loop
      vertex 80.7467 -72.6059 1.2
      vertex 80.4597 -72.8821 3
      vertex 80.7467 -72.6059 3
    endloop
  endfacet
  facet normal -0.69342 0.720534 0
    outer loop
      vertex 80.4597 -72.8821 3
      vertex 80.7467 -72.6059 1.2
      vertex 80.4597 -72.8821 1.2
    endloop
  endfacet
  facet normal -0.0574169 0.99835 0
    outer loop
      vertex 77.5964 -74.1657 1.2
      vertex 77 -74.2 3
      vertex 77.5964 -74.1657 3
    endloop
  endfacet
  facet normal -0.0574169 0.99835 0
    outer loop
      vertex 77 -74.2 3
      vertex 77.5964 -74.1657 1.2
      vertex 77 -74.2 1.2
    endloop
  endfacet
  facet normal 0.114481 0.993425 -0
    outer loop
      vertex 16.6019 -74.1847 1.2
      vertex 16.2062 -74.1391 3
      vertex 16.6019 -74.1847 3
    endloop
  endfacet
  facet normal 0.114481 0.993425 0
    outer loop
      vertex 16.2062 -74.1391 3
      vertex 16.6019 -74.1847 1.2
      vertex 16.2062 -74.1391 1.2
    endloop
  endfacet
  facet normal 0.999262 -0.0384042 0
    outer loop
      vertex 11.8 -23 3
      vertex 11.8153 -22.6019 1.2
      vertex 11.8153 -22.6019 3
    endloop
  endfacet
  facet normal 0.999262 -0.0384042 0
    outer loop
      vertex 11.8153 -22.6019 1.2
      vertex 11.8 -23 3
      vertex 11.8 -23 1.2
    endloop
  endfacet
  facet normal 0.301732 -0.953393 0
    outer loop
      vertex 15.2423 -18.1061 1.2
      vertex 15.6221 -17.9859 3
      vertex 15.2423 -18.1061 3
    endloop
  endfacet
  facet normal 0.301732 -0.953393 0
    outer loop
      vertex 15.6221 -17.9859 3
      vertex 15.2423 -18.1061 1.2
      vertex 15.6221 -17.9859 1.2
    endloop
  endfacet
  facet normal -0.510985 0.85959 0
    outer loop
      vertex 79.8266 -73.3647 1.2
      vertex 79.4841 -73.5683 3
      vertex 79.8266 -73.3647 3
    endloop
  endfacet
  facet normal -0.510985 0.85959 0
    outer loop
      vertex 79.4841 -73.5683 3
      vertex 79.8266 -73.3647 1.2
      vertex 79.4841 -73.5683 1.2
    endloop
  endfacet
  facet normal -0.301732 0.953393 0
    outer loop
      vertex 78.7577 -73.8939 1.2
      vertex 78.3779 -74.0141 3
      vertex 78.7577 -73.8939 3
    endloop
  endfacet
  facet normal -0.301732 0.953393 0
    outer loop
      vertex 78.3779 -74.0141 3
      vertex 78.7577 -73.8939 1.2
      vertex 78.3779 -74.0141 1.2
    endloop
  endfacet
  facet normal -0.795276 0.606247 0
    outer loop
      vertex 81.0117 -72.3085 1.2
      vertex 81.2532 -71.9917 3
      vertex 81.2532 -71.9917 1.2
    endloop
  endfacet
  facet normal -0.795276 0.606247 0
    outer loop
      vertex 81.2532 -71.9917 3
      vertex 81.0117 -72.3085 1.2
      vertex 81.0117 -72.3085 3
    endloop
  endfacet
  facet normal 0.993425 -0.114481 0
    outer loop
      vertex 11.8153 -22.6019 3
      vertex 11.8609 -22.2062 1.2
      vertex 11.8609 -22.2062 3
    endloop
  endfacet
  facet normal 0.993425 -0.114481 0
    outer loop
      vertex 11.8609 -22.2062 1.2
      vertex 11.8153 -22.6019 3
      vertex 11.8153 -22.6019 1.2
    endloop
  endfacet
  facet normal -0.575381 0.817885 0
    outer loop
      vertex 80.1524 -73.1355 1.2
      vertex 79.8266 -73.3647 3
      vertex 80.1524 -73.1355 3
    endloop
  endfacet
  facet normal -0.575381 0.817885 0
    outer loop
      vertex 79.8266 -73.3647 3
      vertex 80.1524 -73.1355 1.2
      vertex 79.8266 -73.3647 1.2
    endloop
  endfacet
  facet normal 0.964305 -0.264795 0
    outer loop
      vertex 11.9368 -21.8152 3
      vertex 12.0423 -21.431 1.2
      vertex 12.0423 -21.431 3
    endloop
  endfacet
  facet normal 0.964305 -0.264795 0
    outer loop
      vertex 12.0423 -21.431 1.2
      vertex 11.9368 -21.8152 3
      vertex 11.9368 -21.8152 1.2
    endloop
  endfacet
  facet normal 0.878537 -0.477673 0
    outer loop
      vertex 12.3399 -20.6927 3
      vertex 12.5302 -20.3427 1.2
      vertex 12.5302 -20.3427 3
    endloop
  endfacet
  facet normal 0.878537 -0.477673 0
    outer loop
      vertex 12.5302 -20.3427 1.2
      vertex 12.3399 -20.6927 3
      vertex 12.3399 -20.6927 1.2
    endloop
  endfacet
  facet normal 0.97368 0.22792 0
    outer loop
      vertex 11.9859 -70.3779 3
      vertex 11.8951 -69.99 1.2
      vertex 11.8951 -69.99 3
    endloop
  endfacet
  facet normal 0.97368 0.22792 0
    outer loop
      vertex 11.8951 -69.99 1.2
      vertex 11.9859 -70.3779 3
      vertex 11.9859 -70.3779 1.2
    endloop
  endfacet
  facet normal 0.720534 0.69342 0
    outer loop
      vertex 13.3941 -72.7467 3
      vertex 13.1179 -72.4597 1.2
      vertex 13.1179 -72.4597 3
    endloop
  endfacet
  facet normal 0.720534 0.69342 0
    outer loop
      vertex 13.1179 -72.4597 1.2
      vertex 13.3941 -72.7467 3
      vertex 13.3941 -72.7467 1.2
    endloop
  endfacet
  facet normal 0.665267 0.746605 -0
    outer loop
      vertex 13.6915 -73.0117 1.2
      vertex 13.3941 -72.7467 3
      vertex 13.6915 -73.0117 3
    endloop
  endfacet
  facet normal 0.665267 0.746605 0
    outer loop
      vertex 13.3941 -72.7467 3
      vertex 13.6915 -73.0117 1.2
      vertex 13.3941 -72.7467 1.2
    endloop
  endfacet
  facet normal -0.37377 0.927521 0
    outer loop
      vertex 79.1272 -73.745 1.2
      vertex 78.7577 -73.8939 3
      vertex 79.1272 -73.745 3
    endloop
  endfacet
  facet normal -0.37377 0.927521 0
    outer loop
      vertex 78.7577 -73.8939 3
      vertex 79.1272 -73.745 1.2
      vertex 78.7577 -73.8939 1.2
    endloop
  endfacet
  facet normal -0.443695 0.896178 0
    outer loop
      vertex 79.4841 -73.5683 1.2
      vertex 79.1272 -73.745 3
      vertex 79.4841 -73.5683 3
    endloop
  endfacet
  facet normal -0.443695 0.896178 0
    outer loop
      vertex 79.1272 -73.745 3
      vertex 79.4841 -73.5683 1.2
      vertex 79.1272 -73.745 1.2
    endloop
  endfacet
  facet normal 0.817885 0.575381 0
    outer loop
      vertex 12.8645 -72.1524 3
      vertex 12.6353 -71.8266 1.2
      vertex 12.6353 -71.8266 3
    endloop
  endfacet
  facet normal 0.817885 0.575381 0
    outer loop
      vertex 12.6353 -71.8266 1.2
      vertex 12.8645 -72.1524 3
      vertex 12.8645 -72.1524 1.2
    endloop
  endfacet
  facet normal -0.839314 0.543647 0
    outer loop
      vertex 81.2532 -71.9917 1.2
      vertex 81.4698 -71.6573 3
      vertex 81.4698 -71.6573 1.2
    endloop
  endfacet
  facet normal -0.839314 0.543647 0
    outer loop
      vertex 81.4698 -71.6573 3
      vertex 81.2532 -71.9917 1.2
      vertex 81.2532 -71.9917 3
    endloop
  endfacet
  facet normal -0.993425 0.114481 0
    outer loop
      vertex 82.1391 -69.7938 1.2
      vertex 82.1847 -69.3981 3
      vertex 82.1847 -69.3981 1.2
    endloop
  endfacet
  facet normal -0.993425 0.114481 0
    outer loop
      vertex 82.1847 -69.3981 3
      vertex 82.1391 -69.7938 1.2
      vertex 82.1391 -69.7938 3
    endloop
  endfacet
  facet normal 0.927521 0.37377 0
    outer loop
      vertex 12.255 -71.1272 3
      vertex 12.1061 -70.7577 1.2
      vertex 12.1061 -70.7577 3
    endloop
  endfacet
  facet normal 0.927521 0.37377 0
    outer loop
      vertex 12.1061 -70.7577 1.2
      vertex 12.255 -71.1272 3
      vertex 12.255 -71.1272 1.2
    endloop
  endfacet
  facet normal -0.22792 0.97368 0
    outer loop
      vertex 78.3779 -74.0141 1.2
      vertex 77.99 -74.1049 3
      vertex 78.3779 -74.0141 3
    endloop
  endfacet
  facet normal -0.22792 0.97368 0
    outer loop
      vertex 77.99 -74.1049 3
      vertex 78.3779 -74.0141 1.2
      vertex 77.99 -74.1049 1.2
    endloop
  endfacet
  facet normal 0.981675 -0.190561 0
    outer loop
      vertex 11.8609 -22.2062 3
      vertex 11.9368 -21.8152 1.2
      vertex 11.9368 -21.8152 3
    endloop
  endfacet
  facet normal 0.981675 -0.190561 0
    outer loop
      vertex 11.9368 -21.8152 1.2
      vertex 11.8609 -22.2062 3
      vertex 11.8609 -22.2062 1.2
    endloop
  endfacet
  facet normal -1 0 0
    outer loop
      vertex 109.2 -38.2 0
      vertex 109.2 -15.8 1.2
      vertex 109.2 -15.8 0
    endloop
  endfacet
  facet normal -1 -0 0
    outer loop
      vertex 109.2 -15.8 1.2
      vertex 109.2 -38.2 0
      vertex 109.2 -38.2 1.2
    endloop
  endfacet
  facet normal 0 1 -0
    outer loop
      vertex 109.2 -38.2 0
      vertex 94.8 -38.2 1.2
      vertex 109.2 -38.2 1.2
    endloop
  endfacet
  facet normal 0 1 0
    outer loop
      vertex 94.8 -38.2 1.2
      vertex 109.2 -38.2 0
      vertex 94.8 -38.2 0
    endloop
  endfacet
  facet normal 0 -1 0
    outer loop
      vertex 94.8 -15.8 0
      vertex 109.2 -15.8 1.2
      vertex 94.8 -15.8 1.2
    endloop
  endfacet
  facet normal 0 -1 -0
    outer loop
      vertex 109.2 -15.8 1.2
      vertex 94.8 -15.8 0
      vertex 109.2 -15.8 0
    endloop
  endfacet
  facet normal 1 -0 0
    outer loop
      vertex 94.8 -38.2 1.2
      vertex 94.8 -15.8 0
      vertex 94.8 -15.8 1.2
    endloop
  endfacet
  facet normal 1 0 0
    outer loop
      vertex 94.8 -15.8 0
      vertex 94.8 -38.2 1.2
      vertex 94.8 -38.2 0
    endloop
  endfacet
  facet normal 0 0 -1
    outer loop
      vertex 94.8 -38.2 1.2
      vertex 109.2 -15.8 1.2
      vertex 109.2 -38.2 1.2
    endloop
  endfacet
  facet normal -0 0 -1
    outer loop
      vertex 109.2 -15.8 1.2
      vertex 94.8 -38.2 1.2
      vertex 94.8 -15.8 1.2
    endloop
  endfacet
  facet normal -1 0 0
    outer loop
      vertex 69.6 -90 6
      vertex 69.6 -87.5 19
      vertex 69.6 -87.5 6
    endloop
  endfacet
  facet normal -1 -0 0
    outer loop
      vertex 69.6 -87.5 19
      vertex 69.6 -90 6
      vertex 69.6 -90 19
    endloop
  endfacet
  facet normal 1 -0 0
    outer loop
      vertex 39.6 -90 19
      vertex 39.6 -87.5 6
      vertex 39.6 -87.5 19
    endloop
  endfacet
  facet normal 1 0 0
    outer loop
      vertex 39.6 -87.5 6
      vertex 39.6 -90 19
      vertex 39.6 -90 6
    endloop
  endfacet
  facet normal 0 0 -1
    outer loop
      vertex 39.6 -90 19
      vertex 69.6 -87.5 19
      vertex 69.6 -90 19
    endloop
  endfacet
  facet normal -0 0 -1
    outer loop
      vertex 69.6 -87.5 19
      vertex 39.6 -90 19
      vertex 39.6 -87.5 19
    endloop
  endfacet
  facet normal -0 0 1
    outer loop
      vertex 39.6 -87.5 6
      vertex 69.6 -90 6
      vertex 69.6 -87.5 6
    endloop
  endfacet
  facet normal 0 0 1
    outer loop
      vertex 69.6 -90 6
      vertex 39.6 -87.5 6
      vertex 39.6 -90 6
    endloop
  endfacet
endsolid OpenSCAD_Model
