solid OpenSCAD_Model
  facet normal 0.321136 -0.947033 0
    outer loop
      vertex 115.776 0.102219 0
      vertex 116.148 0.228363 43
      vertex 115.776 0.102219 43
    endloop
  endfacet
  facet normal 0.321136 -0.947033 0
    outer loop
      vertex 116.148 0.228363 43
      vertex 115.776 0.102219 0
      vertex 116.148 0.228363 0
    endloop
  endfacet
  facet normal 0.195511 -0.980701 0
    outer loop
      vertex 115.392 0.0256653 0
      vertex 115.776 0.102219 43
      vertex 115.392 0.0256653 43
    endloop
  endfacet
  facet normal 0.195511 -0.980701 0
    outer loop
      vertex 115.776 0.102219 43
      vertex 115.392 0.0256653 0
      vertex 115.776 0.102219 0
    endloop
  endfacet
  facet normal 0.0653328 -0.997864 0
    outer loop
      vertex 115 0 0
      vertex 115.392 0.0256653 43
      vertex 115 0 43
    endloop
  endfacet
  facet normal 0.0653328 -0.997864 0
    outer loop
      vertex 115.392 0.0256653 43
      vertex 115 0 0
      vertex 115.392 0.0256653 0
    endloop
  endfacet
  facet normal 0.195379 0.980728 -0
    outer loop
      vertex 115.776 89.8978 0
      vertex 115.392 89.9743 43
      vertex 115.776 89.8978 43
    endloop
  endfacet
  facet normal 0.195379 0.980728 0
    outer loop
      vertex 115.392 89.9743 43
      vertex 115.776 89.8978 0
      vertex 115.392 89.9743 0
    endloop
  endfacet
  facet normal 0 -1 0
    outer loop
      vertex 101.3 0 7.3
      vertex 74.5124 0 36.3714
      vertex 16.7 0 7.3
    endloop
  endfacet
  facet normal 0 -1 0
    outer loop
      vertex 74.5124 0 36.3714
      vertex 101.3 0 7.3
      vertex 101.3 0 12.7
    endloop
  endfacet
  facet normal 0 -1 0
    outer loop
      vertex 35.2952 0 39.6742
      vertex 74.9012 0 39.6971
      vertex 34.9012 0 39.6971
    endloop
  endfacet
  facet normal 0 -1 0
    outer loop
      vertex 35.2952 0 39.6742
      vertex 74.5124 0 39.6286
      vertex 74.9012 0 39.6971
    endloop
  endfacet
  facet normal 0 -1 0
    outer loop
      vertex 35.6733 0 39.561
      vertex 74.5124 0 39.6286
      vertex 35.2952 0 39.6742
    endloop
  endfacet
  facet normal 0 -1 0
    outer loop
      vertex 35.6733 0 39.561
      vertex 74.15 0 39.4722
      vertex 74.5124 0 39.6286
    endloop
  endfacet
  facet normal 0 -1 0
    outer loop
      vertex 36.0152 0 39.3636
      vertex 74.15 0 39.4722
      vertex 35.6733 0 39.561
    endloop
  endfacet
  facet normal 0 -1 0
    outer loop
      vertex 36.0152 0 39.3636
      vertex 73.8334 0 39.2365
      vertex 74.15 0 39.4722
    endloop
  endfacet
  facet normal 0 -1 0
    outer loop
      vertex 36.3023 0 39.0927
      vertex 73.8334 0 39.2365
      vertex 36.0152 0 39.3636
    endloop
  endfacet
  facet normal 0 -1 0
    outer loop
      vertex 36.3023 0 39.0927
      vertex 73.5797 0 38.9342
      vertex 73.8334 0 39.2365
    endloop
  endfacet
  facet normal 0 -1 0
    outer loop
      vertex 36.5192 0 38.763
      vertex 73.5797 0 38.9342
      vertex 36.3023 0 39.0927
    endloop
  endfacet
  facet normal 0 -1 0
    outer loop
      vertex 36.5192 0 38.763
      vertex 73.4025 0 38.5814
      vertex 73.5797 0 38.9342
    endloop
  endfacet
  facet normal 0 -1 0
    outer loop
      vertex 36.6542 0 38.392
      vertex 73.4025 0 38.5814
      vertex 36.5192 0 38.763
    endloop
  endfacet
  facet normal 0 -1 0
    outer loop
      vertex 36.6542 0 38.392
      vertex 73.3115 0 38.1974
      vertex 73.4025 0 38.5814
    endloop
  endfacet
  facet normal 0 -1 0
    outer loop
      vertex 36.7 0 38
      vertex 73.3115 0 38.1974
      vertex 36.6542 0 38.392
    endloop
  endfacet
  facet normal 0 -1 0
    outer loop
      vertex 36.7 0 38
      vertex 73.3115 0 37.8026
      vertex 73.3115 0 38.1974
    endloop
  endfacet
  facet normal 0 -1 0
    outer loop
      vertex 36.6542 0 37.608
      vertex 73.3115 0 37.8026
      vertex 36.7 0 38
    endloop
  endfacet
  facet normal 0 -1 0
    outer loop
      vertex 36.6542 0 37.608
      vertex 73.4025 0 37.4186
      vertex 73.3115 0 37.8026
    endloop
  endfacet
  facet normal 0 -1 0
    outer loop
      vertex 36.5192 0 37.237
      vertex 73.4025 0 37.4186
      vertex 36.6542 0 37.608
    endloop
  endfacet
  facet normal 0 -1 0
    outer loop
      vertex 36.5192 0 37.237
      vertex 73.5797 0 37.0658
      vertex 73.4025 0 37.4186
    endloop
  endfacet
  facet normal 0 -1 0
    outer loop
      vertex 36.3023 0 36.9073
      vertex 73.5797 0 37.0658
      vertex 36.5192 0 37.237
    endloop
  endfacet
  facet normal 0 -1 0
    outer loop
      vertex 36.3023 0 36.9073
      vertex 73.8334 0 36.7635
      vertex 73.5797 0 37.0658
    endloop
  endfacet
  facet normal 0 -1 0
    outer loop
      vertex 36.0152 0 36.6364
      vertex 73.8334 0 36.7635
      vertex 36.3023 0 36.9073
    endloop
  endfacet
  facet normal 0 -1 0
    outer loop
      vertex 36.0152 0 36.6364
      vertex 74.15 0 36.5278
      vertex 73.8334 0 36.7635
    endloop
  endfacet
  facet normal 0 -1 0
    outer loop
      vertex 35.6733 0 36.439
      vertex 74.15 0 36.5278
      vertex 36.0152 0 36.6364
    endloop
  endfacet
  facet normal 0 -1 0
    outer loop
      vertex 16.7 0 7.3
      vertex 35.6733 0 36.439
      vertex 16.7 0 12.7
    endloop
  endfacet
  facet normal 0 -1 0
    outer loop
      vertex 16.7 0 12.7
      vertex 35.6733 0 36.439
      vertex 35.2952 0 36.3258
    endloop
  endfacet
  facet normal 0 -1 0
    outer loop
      vertex 16.7 0 12.7
      vertex 35.2952 0 36.3258
      vertex 34.9012 0 36.3029
    endloop
  endfacet
  facet normal 0 -1 -0
    outer loop
      vertex 35.6733 0 36.439
      vertex 16.7 0 7.3
      vertex 74.15 0 36.5278
    endloop
  endfacet
  facet normal 0 -1 0
    outer loop
      vertex 74.9012 0 39.6971
      vertex 3 0 43
      vertex 34.9012 0 39.6971
    endloop
  endfacet
  facet normal 0 -1 0
    outer loop
      vertex 3 0 43
      vertex 34.5124 0 39.6286
      vertex 34.9012 0 39.6971
    endloop
  endfacet
  facet normal 0 -1 0
    outer loop
      vertex 3 0 43
      vertex 34.15 0 39.4722
      vertex 34.5124 0 39.6286
    endloop
  endfacet
  facet normal 0 -1 0
    outer loop
      vertex 3 0 43
      vertex 33.8334 0 39.2365
      vertex 34.15 0 39.4722
    endloop
  endfacet
  facet normal 0 -1 0
    outer loop
      vertex 3 0 43
      vertex 33.5797 0 38.9342
      vertex 33.8334 0 39.2365
    endloop
  endfacet
  facet normal 0 -1 0
    outer loop
      vertex 3 0 43
      vertex 33.4025 0 38.5814
      vertex 33.5797 0 38.9342
    endloop
  endfacet
  facet normal 0 -1 0
    outer loop
      vertex 3 0 43
      vertex 33.3115 0 38.1974
      vertex 33.4025 0 38.5814
    endloop
  endfacet
  facet normal 0 -1 0
    outer loop
      vertex 3 0 43
      vertex 33.3115 0 37.8026
      vertex 33.3115 0 38.1974
    endloop
  endfacet
  facet normal 0 -1 0
    outer loop
      vertex 3 0 43
      vertex 33.4025 0 37.4186
      vertex 33.3115 0 37.8026
    endloop
  endfacet
  facet normal 0 -1 0
    outer loop
      vertex 16.7 0 12.7
      vertex 33.4025 0 37.4186
      vertex 3 0 43
    endloop
  endfacet
  facet normal 0 -1 -0
    outer loop
      vertex 33.4025 0 37.4186
      vertex 16.7 0 12.7
      vertex 33.5797 0 37.0658
    endloop
  endfacet
  facet normal 0 -1 -0
    outer loop
      vertex 33.5797 0 37.0658
      vertex 16.7 0 12.7
      vertex 33.8334 0 36.7635
    endloop
  endfacet
  facet normal 0 -1 -0
    outer loop
      vertex 33.8334 0 36.7635
      vertex 16.7 0 12.7
      vertex 34.15 0 36.5278
    endloop
  endfacet
  facet normal 0 -1 -0
    outer loop
      vertex 34.5124 0 36.3714
      vertex 16.7 0 12.7
      vertex 34.9012 0 36.3029
    endloop
  endfacet
  facet normal 0 -1 -0
    outer loop
      vertex 34.15 0 36.5278
      vertex 16.7 0 12.7
      vertex 34.5124 0 36.3714
    endloop
  endfacet
  facet normal 0 -1 0
    outer loop
      vertex 16.7 0 12.7
      vertex 3 0 43
      vertex 11.3 0 12.7
    endloop
  endfacet
  facet normal 0 -1 0
    outer loop
      vertex 3 0 0
      vertex 11.3 0 12.7
      vertex 3 0 43
    endloop
  endfacet
  facet normal 0 -1 0
    outer loop
      vertex 3 0 0
      vertex 16.7 0 7.3
      vertex 11.3 0 7.3
    endloop
  endfacet
  facet normal 0 -1 -0
    outer loop
      vertex 16.7 0 7.3
      vertex 3 0 0
      vertex 101.3 0 7.3
    endloop
  endfacet
  facet normal 0 -1 0
    outer loop
      vertex 115 0 0
      vertex 101.3 0 7.3
      vertex 3 0 0
    endloop
  endfacet
  facet normal 0 -1 -0
    outer loop
      vertex 11.3 0 12.7
      vertex 3 0 0
      vertex 11.3 0 7.3
    endloop
  endfacet
  facet normal 0 -1 0
    outer loop
      vertex 3 0 43
      vertex 74.9012 0 39.6971
      vertex 115 0 43
    endloop
  endfacet
  facet normal 0 -1 0
    outer loop
      vertex 75.2952 0 39.6742
      vertex 115 0 43
      vertex 74.9012 0 39.6971
    endloop
  endfacet
  facet normal 0 -1 0
    outer loop
      vertex 75.6733 0 39.561
      vertex 115 0 43
      vertex 75.2952 0 39.6742
    endloop
  endfacet
  facet normal 0 -1 0
    outer loop
      vertex 76.0152 0 39.3636
      vertex 115 0 43
      vertex 75.6733 0 39.561
    endloop
  endfacet
  facet normal 0 -1 0
    outer loop
      vertex 76.3023 0 39.0927
      vertex 115 0 43
      vertex 76.0152 0 39.3636
    endloop
  endfacet
  facet normal 0 -1 0
    outer loop
      vertex 76.5192 0 38.763
      vertex 115 0 43
      vertex 76.3023 0 39.0927
    endloop
  endfacet
  facet normal 0 -1 0
    outer loop
      vertex 76.6542 0 38.392
      vertex 115 0 43
      vertex 76.5192 0 38.763
    endloop
  endfacet
  facet normal 0 -1 0
    outer loop
      vertex 76.7 0 38
      vertex 115 0 43
      vertex 76.6542 0 38.392
    endloop
  endfacet
  facet normal 0 -1 0
    outer loop
      vertex 76.6542 0 37.608
      vertex 115 0 43
      vertex 76.7 0 38
    endloop
  endfacet
  facet normal 0 -1 0
    outer loop
      vertex 101.3 0 12.7
      vertex 76.6542 0 37.608
      vertex 76.5192 0 37.237
    endloop
  endfacet
  facet normal 0 -1 0
    outer loop
      vertex 101.3 0 12.7
      vertex 76.5192 0 37.237
      vertex 76.3023 0 36.9073
    endloop
  endfacet
  facet normal 0 -1 0
    outer loop
      vertex 101.3 0 12.7
      vertex 76.3023 0 36.9073
      vertex 76.0152 0 36.6364
    endloop
  endfacet
  facet normal 0 -1 0
    outer loop
      vertex 101.3 0 12.7
      vertex 76.0152 0 36.6364
      vertex 75.6733 0 36.439
    endloop
  endfacet
  facet normal 0 -1 0
    outer loop
      vertex 101.3 0 12.7
      vertex 75.6733 0 36.439
      vertex 75.2952 0 36.3258
    endloop
  endfacet
  facet normal 0 -1 -0
    outer loop
      vertex 74.15 0 36.5278
      vertex 16.7 0 7.3
      vertex 74.5124 0 36.3714
    endloop
  endfacet
  facet normal 0 -1 0
    outer loop
      vertex 74.5124 0 36.3714
      vertex 101.3 0 12.7
      vertex 74.9012 0 36.3029
    endloop
  endfacet
  facet normal 0 -1 0
    outer loop
      vertex 74.9012 0 36.3029
      vertex 101.3 0 12.7
      vertex 75.2952 0 36.3258
    endloop
  endfacet
  facet normal 0 -1 0
    outer loop
      vertex 76.6542 0 37.608
      vertex 101.3 0 12.7
      vertex 115 0 43
    endloop
  endfacet
  facet normal 0 -1 0
    outer loop
      vertex 106.7 0 12.7
      vertex 115 0 43
      vertex 101.3 0 12.7
    endloop
  endfacet
  facet normal 0 -1 0
    outer loop
      vertex 115 0 0
      vertex 106.7 0 12.7
      vertex 106.7 0 7.3
    endloop
  endfacet
  facet normal 0 -1 0
    outer loop
      vertex 106.7 0 12.7
      vertex 115 0 0
      vertex 115 0 43
    endloop
  endfacet
  facet normal 0 -1 0
    outer loop
      vertex 101.3 0 7.3
      vertex 115 0 0
      vertex 106.7 0 7.3
    endloop
  endfacet
  facet normal -0.0654043 -0.997859 0
    outer loop
      vertex 2.60843 0.0256653 0
      vertex 3 0 43
      vertex 2.60843 0.0256653 43
    endloop
  endfacet
  facet normal -0.0654043 -0.997859 -0
    outer loop
      vertex 3 0 43
      vertex 2.60843 0.0256653 0
      vertex 3 0 0
    endloop
  endfacet
  facet normal -0.321446 -0.946928 0
    outer loop
      vertex 1.85194 0.228363 0
      vertex 2.22354 0.102219 43
      vertex 1.85194 0.228363 43
    endloop
  endfacet
  facet normal -0.321446 -0.946928 -0
    outer loop
      vertex 2.22354 0.102219 43
      vertex 1.85194 0.228363 0
      vertex 2.22354 0.102219 0
    endloop
  endfacet
  facet normal -0.659424 0.751771 0
    outer loop
      vertex 1.17372 89.3801 0
      vertex 0.878677 89.1213 43
      vertex 1.17372 89.3801 43
    endloop
  endfacet
  facet normal -0.659424 0.751771 0
    outer loop
      vertex 0.878677 89.1213 43
      vertex 1.17372 89.3801 0
      vertex 0.878677 89.1213 0
    endloop
  endfacet
  facet normal 0.94704 0.321117 0
    outer loop
      vertex 117.898 87.7765 43
      vertex 117.772 88.1481 0
      vertex 117.772 88.1481 43
    endloop
  endfacet
  facet normal 0.94704 0.321117 0
    outer loop
      vertex 117.772 88.1481 0
      vertex 117.898 87.7765 43
      vertex 117.898 87.7765 0
    endloop
  endfacet
  facet normal -0.442171 0.896931 0
    outer loop
      vertex 1.85194 89.7716 0
      vertex 1.5 89.5981 43
      vertex 1.85194 89.7716 43
    endloop
  endfacet
  facet normal -0.442171 0.896931 0
    outer loop
      vertex 1.5 89.5981 43
      vertex 1.85194 89.7716 0
      vertex 1.5 89.5981 0
    endloop
  endfacet
  facet normal -0.0654923 0.997853 0
    outer loop
      vertex 3 90 0
      vertex 2.60843 89.9743 43
      vertex 3 90 43
    endloop
  endfacet
  facet normal -0.0654923 0.997853 0
    outer loop
      vertex 2.60843 89.9743 43
      vertex 3 90 0
      vertex 2.60843 89.9743 0
    endloop
  endfacet
  facet normal -0.659342 -0.751843 0
    outer loop
      vertex 0.878677 0.878677 0
      vertex 1.17372 0.619934 43
      vertex 0.878677 0.878677 43
    endloop
  endfacet
  facet normal -0.659342 -0.751843 -0
    outer loop
      vertex 1.17372 0.619934 43
      vertex 0.878677 0.878677 0
      vertex 1.17372 0.619934 0
    endloop
  endfacet
  facet normal -0.946928 -0.321446 0
    outer loop
      vertex 0.228363 1.85194 0
      vertex 0.102219 2.22354 43
      vertex 0.102219 2.22354 0
    endloop
  endfacet
  facet normal -0.946928 -0.321446 0
    outer loop
      vertex 0.102219 2.22354 43
      vertex 0.228363 1.85194 0
      vertex 0.228363 1.85194 43
    endloop
  endfacet
  facet normal 0.981057 -0.193719 0
    outer loop
      vertex 117.898 2.22354 43
      vertex 117.974 2.60843 0
      vertex 117.974 2.60843 43
    endloop
  endfacet
  facet normal 0.981057 -0.193719 0
    outer loop
      vertex 117.974 2.60843 0
      vertex 117.898 2.22354 43
      vertex 117.898 2.22354 0
    endloop
  endfacet
  facet normal -0.896876 -0.442281 0
    outer loop
      vertex 0.401917 1.5 0
      vertex 0.228363 1.85194 43
      vertex 0.228363 1.85194 0
    endloop
  endfacet
  facet normal -0.896876 -0.442281 0
    outer loop
      vertex 0.228363 1.85194 43
      vertex 0.401917 1.5 0
      vertex 0.401917 1.5 43
    endloop
  endfacet
  facet normal 1 -0 0
    outer loop
      vertex 118 3 43
      vertex 118 87 0
      vertex 118 87 43
    endloop
  endfacet
  facet normal 1 0 0
    outer loop
      vertex 118 87 0
      vertex 118 3 43
      vertex 118 3 0
    endloop
  endfacet
  facet normal -1 0 0
    outer loop
      vertex 0 3 0
      vertex 0 87 43
      vertex 0 87 0
    endloop
  endfacet
  facet normal -1 -0 0
    outer loop
      vertex 0 87 43
      vertex 0 3 0
      vertex 0 3 43
    endloop
  endfacet
  facet normal 0.442221 -0.896906 0
    outer loop
      vertex 116.148 0.228363 0
      vertex 116.5 0.401917 43
      vertex 116.148 0.228363 43
    endloop
  endfacet
  facet normal 0.442221 -0.896906 0
    outer loop
      vertex 116.5 0.401917 43
      vertex 116.148 0.228363 0
      vertex 116.5 0.401917 0
    endloop
  endfacet
  facet normal -0.946928 0.321446 0
    outer loop
      vertex 0.102219 87.7765 0
      vertex 0.228363 88.1481 43
      vertex 0.228363 88.1481 0
    endloop
  endfacet
  facet normal -0.946928 0.321446 0
    outer loop
      vertex 0.228363 88.1481 43
      vertex 0.102219 87.7765 0
      vertex 0.102219 87.7765 43
    endloop
  endfacet
  facet normal -0.195076 -0.980788 0
    outer loop
      vertex 2.22354 0.102219 0
      vertex 2.60843 0.0256653 43
      vertex 2.22354 0.102219 43
    endloop
  endfacet
  facet normal -0.195076 -0.980788 -0
    outer loop
      vertex 2.60843 0.0256653 43
      vertex 2.22354 0.102219 0
      vertex 2.60843 0.0256653 0
    endloop
  endfacet
  facet normal 0.896425 -0.443195 0
    outer loop
      vertex 117.598 1.5 43
      vertex 117.772 1.85194 0
      vertex 117.772 1.85194 43
    endloop
  endfacet
  facet normal 0.896425 -0.443195 0
    outer loop
      vertex 117.772 1.85194 0
      vertex 117.598 1.5 43
      vertex 117.598 1.5 0
    endloop
  endfacet
  facet normal -0.751796 0.659396 0
    outer loop
      vertex 0.619934 88.8263 0
      vertex 0.878677 89.1213 43
      vertex 0.878677 89.1213 0
    endloop
  endfacet
  facet normal -0.751796 0.659396 0
    outer loop
      vertex 0.878677 89.1213 43
      vertex 0.619934 88.8263 0
      vertex 0.619934 88.8263 43
    endloop
  endfacet
  facet normal -0.555577 -0.831465 0
    outer loop
      vertex 1.17372 0.619934 0
      vertex 1.5 0.401917 43
      vertex 1.17372 0.619934 43
    endloop
  endfacet
  facet normal -0.555577 -0.831465 -0
    outer loop
      vertex 1.5 0.401917 43
      vertex 1.17372 0.619934 0
      vertex 1.5 0.401917 0
    endloop
  endfacet
  facet normal 0 1 0
    outer loop
      vertex 74.9012 90 39.6971
      vertex 35.2952 90 39.6742
      vertex 34.9012 90 39.6971
    endloop
  endfacet
  facet normal 0 1 -0
    outer loop
      vertex 74.5124 90 39.6286
      vertex 35.2952 90 39.6742
      vertex 74.9012 90 39.6971
    endloop
  endfacet
  facet normal 0 1 0
    outer loop
      vertex 74.5124 90 39.6286
      vertex 35.6733 90 39.561
      vertex 35.2952 90 39.6742
    endloop
  endfacet
  facet normal 0 1 -0
    outer loop
      vertex 74.15 90 39.4722
      vertex 35.6733 90 39.561
      vertex 74.5124 90 39.6286
    endloop
  endfacet
  facet normal 0 1 0
    outer loop
      vertex 74.15 90 39.4722
      vertex 36.0152 90 39.3636
      vertex 35.6733 90 39.561
    endloop
  endfacet
  facet normal 0 1 -0
    outer loop
      vertex 73.8334 90 39.2365
      vertex 36.0152 90 39.3636
      vertex 74.15 90 39.4722
    endloop
  endfacet
  facet normal 0 1 0
    outer loop
      vertex 73.8334 90 39.2365
      vertex 36.3023 90 39.0927
      vertex 36.0152 90 39.3636
    endloop
  endfacet
  facet normal 0 1 -0
    outer loop
      vertex 73.5797 90 38.9342
      vertex 36.3023 90 39.0927
      vertex 73.8334 90 39.2365
    endloop
  endfacet
  facet normal 0 1 0
    outer loop
      vertex 73.5797 90 38.9342
      vertex 36.5192 90 38.763
      vertex 36.3023 90 39.0927
    endloop
  endfacet
  facet normal 0 1 -0
    outer loop
      vertex 73.4025 90 38.5814
      vertex 36.5192 90 38.763
      vertex 73.5797 90 38.9342
    endloop
  endfacet
  facet normal 0 1 0
    outer loop
      vertex 73.4025 90 38.5814
      vertex 36.6542 90 38.392
      vertex 36.5192 90 38.763
    endloop
  endfacet
  facet normal 0 1 -0
    outer loop
      vertex 73.3115 90 38.1974
      vertex 36.6542 90 38.392
      vertex 73.4025 90 38.5814
    endloop
  endfacet
  facet normal 0 1 0
    outer loop
      vertex 73.3115 90 38.1974
      vertex 36.7 90 38
      vertex 36.6542 90 38.392
    endloop
  endfacet
  facet normal 0 1 -0
    outer loop
      vertex 73.3115 90 37.8026
      vertex 36.7 90 38
      vertex 73.3115 90 38.1974
    endloop
  endfacet
  facet normal 0 1 0
    outer loop
      vertex 73.3115 90 37.8026
      vertex 36.6542 90 37.608
      vertex 36.7 90 38
    endloop
  endfacet
  facet normal 0 1 0
    outer loop
      vertex 73.4025 90 37.4186
      vertex 36.6542 90 37.608
      vertex 73.3115 90 37.8026
    endloop
  endfacet
  facet normal 0 1 0
    outer loop
      vertex 73.4025 90 37.4186
      vertex 36.5192 90 37.237
      vertex 36.6542 90 37.608
    endloop
  endfacet
  facet normal 0 1 0
    outer loop
      vertex 73.5797 90 37.0658
      vertex 36.5192 90 37.237
      vertex 73.4025 90 37.4186
    endloop
  endfacet
  facet normal 0 1 0
    outer loop
      vertex 73.5797 90 37.0658
      vertex 36.3023 90 36.9073
      vertex 36.5192 90 37.237
    endloop
  endfacet
  facet normal 0 1 0
    outer loop
      vertex 73.8334 90 36.7635
      vertex 36.3023 90 36.9073
      vertex 73.5797 90 37.0658
    endloop
  endfacet
  facet normal 0 1 0
    outer loop
      vertex 73.8334 90 36.7635
      vertex 36.0152 90 36.6364
      vertex 36.3023 90 36.9073
    endloop
  endfacet
  facet normal 0 1 0
    outer loop
      vertex 74.15 90 36.5278
      vertex 36.0152 90 36.6364
      vertex 73.8334 90 36.7635
    endloop
  endfacet
  facet normal 0 1 0
    outer loop
      vertex 74.15 90 36.5278
      vertex 35.6733 90 36.439
      vertex 36.0152 90 36.6364
    endloop
  endfacet
  facet normal 0 1 0
    outer loop
      vertex 74.5124 90 36.3714
      vertex 35.6733 90 36.439
      vertex 74.15 90 36.5278
    endloop
  endfacet
  facet normal 0 1 0
    outer loop
      vertex 3 90 0
      vertex 35.6733 90 36.439
      vertex 74.5124 90 36.3714
    endloop
  endfacet
  facet normal 0 1 0
    outer loop
      vertex 115 90 0
      vertex 74.5124 90 36.3714
      vertex 74.9012 90 36.3029
    endloop
  endfacet
  facet normal 0 1 0
    outer loop
      vertex 35.6733 90 36.439
      vertex 3 90 0
      vertex 35.2952 90 36.3258
    endloop
  endfacet
  facet normal 0 1 0
    outer loop
      vertex 115 90 43
      vertex 74.9012 90 39.6971
      vertex 3 90 43
    endloop
  endfacet
  facet normal 0 1 0
    outer loop
      vertex 115 90 43
      vertex 75.2952 90 39.6742
      vertex 74.9012 90 39.6971
    endloop
  endfacet
  facet normal 0 1 0
    outer loop
      vertex 115 90 43
      vertex 75.6733 90 39.561
      vertex 75.2952 90 39.6742
    endloop
  endfacet
  facet normal 0 1 0
    outer loop
      vertex 115 90 43
      vertex 76.0152 90 39.3636
      vertex 75.6733 90 39.561
    endloop
  endfacet
  facet normal 0 1 0
    outer loop
      vertex 115 90 43
      vertex 76.3023 90 39.0927
      vertex 76.0152 90 39.3636
    endloop
  endfacet
  facet normal 0 1 0
    outer loop
      vertex 115 90 43
      vertex 76.5192 90 38.763
      vertex 76.3023 90 39.0927
    endloop
  endfacet
  facet normal 0 1 0
    outer loop
      vertex 115 90 43
      vertex 76.6542 90 38.392
      vertex 76.5192 90 38.763
    endloop
  endfacet
  facet normal 0 1 0
    outer loop
      vertex 115 90 43
      vertex 76.7 90 38
      vertex 76.6542 90 38.392
    endloop
  endfacet
  facet normal 0 1 0
    outer loop
      vertex 115 90 43
      vertex 76.6542 90 37.608
      vertex 76.7 90 38
    endloop
  endfacet
  facet normal 0 1 0
    outer loop
      vertex 115 90 43
      vertex 76.5192 90 37.237
      vertex 76.6542 90 37.608
    endloop
  endfacet
  facet normal 0 1 0
    outer loop
      vertex 115 90 43
      vertex 76.3023 90 36.9073
      vertex 76.5192 90 37.237
    endloop
  endfacet
  facet normal 0 1 -0
    outer loop
      vertex 115 90 0
      vertex 76.3023 90 36.9073
      vertex 115 90 43
    endloop
  endfacet
  facet normal 0 1 0
    outer loop
      vertex 76.3023 90 36.9073
      vertex 115 90 0
      vertex 76.0152 90 36.6364
    endloop
  endfacet
  facet normal 0 1 0
    outer loop
      vertex 76.0152 90 36.6364
      vertex 115 90 0
      vertex 75.6733 90 36.439
    endloop
  endfacet
  facet normal 0 1 0
    outer loop
      vertex 74.5124 90 36.3714
      vertex 115 90 0
      vertex 3 90 0
    endloop
  endfacet
  facet normal 0 1 0
    outer loop
      vertex 75.2952 90 36.3258
      vertex 115 90 0
      vertex 74.9012 90 36.3029
    endloop
  endfacet
  facet normal 0 1 0
    outer loop
      vertex 75.6733 90 36.439
      vertex 115 90 0
      vertex 75.2952 90 36.3258
    endloop
  endfacet
  facet normal 0 1 -0
    outer loop
      vertex 34.9012 90 39.6971
      vertex 3 90 43
      vertex 74.9012 90 39.6971
    endloop
  endfacet
  facet normal 0 1 -0
    outer loop
      vertex 34.5124 90 39.6286
      vertex 3 90 43
      vertex 34.9012 90 39.6971
    endloop
  endfacet
  facet normal 0 1 -0
    outer loop
      vertex 34.15 90 39.4722
      vertex 3 90 43
      vertex 34.5124 90 39.6286
    endloop
  endfacet
  facet normal 0 1 -0
    outer loop
      vertex 33.8334 90 39.2365
      vertex 3 90 43
      vertex 34.15 90 39.4722
    endloop
  endfacet
  facet normal 0 1 -0
    outer loop
      vertex 33.5797 90 38.9342
      vertex 3 90 43
      vertex 33.8334 90 39.2365
    endloop
  endfacet
  facet normal 0 1 -0
    outer loop
      vertex 33.4025 90 38.5814
      vertex 3 90 43
      vertex 33.5797 90 38.9342
    endloop
  endfacet
  facet normal 0 1 -0
    outer loop
      vertex 33.3115 90 38.1974
      vertex 3 90 43
      vertex 33.4025 90 38.5814
    endloop
  endfacet
  facet normal 0 1 -0
    outer loop
      vertex 33.3115 90 37.8026
      vertex 3 90 43
      vertex 33.3115 90 38.1974
    endloop
  endfacet
  facet normal 0 1 0
    outer loop
      vertex 33.4025 90 37.4186
      vertex 3 90 43
      vertex 33.3115 90 37.8026
    endloop
  endfacet
  facet normal 0 1 0
    outer loop
      vertex 33.5797 90 37.0658
      vertex 3 90 43
      vertex 33.4025 90 37.4186
    endloop
  endfacet
  facet normal 0 1 0
    outer loop
      vertex 3 90 0
      vertex 33.5797 90 37.0658
      vertex 33.8334 90 36.7635
    endloop
  endfacet
  facet normal 0 1 0
    outer loop
      vertex 3 90 0
      vertex 33.8334 90 36.7635
      vertex 34.15 90 36.5278
    endloop
  endfacet
  facet normal 0 1 0
    outer loop
      vertex 3 90 0
      vertex 34.15 90 36.5278
      vertex 34.5124 90 36.3714
    endloop
  endfacet
  facet normal 0 1 0
    outer loop
      vertex 35.2952 90 36.3258
      vertex 3 90 0
      vertex 34.9012 90 36.3029
    endloop
  endfacet
  facet normal 0 1 0
    outer loop
      vertex 34.9012 90 36.3029
      vertex 3 90 0
      vertex 34.5124 90 36.3714
    endloop
  endfacet
  facet normal 0 1 0
    outer loop
      vertex 33.5797 90 37.0658
      vertex 3 90 0
      vertex 3 90 43
    endloop
  endfacet
  facet normal -0.896856 0.442322 0
    outer loop
      vertex 0.228363 88.1481 0
      vertex 0.401917 88.5 43
      vertex 0.401917 88.5 0
    endloop
  endfacet
  facet normal -0.896856 0.442322 0
    outer loop
      vertex 0.401917 88.5 43
      vertex 0.228363 88.1481 0
      vertex 0.228363 88.1481 43
    endloop
  endfacet
  facet normal -0.321574 0.946885 0
    outer loop
      vertex 2.22354 89.8978 0
      vertex 1.85194 89.7716 43
      vertex 2.22354 89.8978 43
    endloop
  endfacet
  facet normal -0.321574 0.946885 0
    outer loop
      vertex 1.85194 89.7716 43
      vertex 2.22354 89.8978 0
      vertex 1.85194 89.7716 0
    endloop
  endfacet
  facet normal 0.659478 0.751724 -0
    outer loop
      vertex 117.121 89.1213 0
      vertex 116.826 89.3801 43
      vertex 117.121 89.1213 43
    endloop
  endfacet
  facet normal 0.659478 0.751724 0
    outer loop
      vertex 116.826 89.3801 43
      vertex 117.121 89.1213 0
      vertex 116.826 89.3801 0
    endloop
  endfacet
  facet normal -0.997859 0.0653993 0
    outer loop
      vertex 0 87 0
      vertex 0.0256653 87.3916 43
      vertex 0.0256653 87.3916 0
    endloop
  endfacet
  facet normal -0.997859 0.0653993 0
    outer loop
      vertex 0.0256653 87.3916 43
      vertex 0 87 0
      vertex 0 87 43
    endloop
  endfacet
  facet normal 0.44211 0.896961 -0
    outer loop
      vertex 116.5 89.5981 0
      vertex 116.148 89.7716 43
      vertex 116.5 89.5981 43
    endloop
  endfacet
  facet normal 0.44211 0.896961 0
    outer loop
      vertex 116.148 89.7716 43
      vertex 116.5 89.5981 0
      vertex 116.148 89.7716 0
    endloop
  endfacet
  facet normal 0.555877 0.831265 -0
    outer loop
      vertex 116.826 89.3801 0
      vertex 116.5 89.5981 43
      vertex 116.826 89.3801 43
    endloop
  endfacet
  facet normal 0.555877 0.831265 0
    outer loop
      vertex 116.5 89.5981 43
      vertex 116.826 89.3801 0
      vertex 116.5 89.5981 0
    endloop
  endfacet
  facet normal -0.194945 0.980814 0
    outer loop
      vertex 2.60843 89.9743 0
      vertex 2.22354 89.8978 43
      vertex 2.60843 89.9743 43
    endloop
  endfacet
  facet normal -0.194945 0.980814 0
    outer loop
      vertex 2.22354 89.8978 43
      vertex 2.60843 89.9743 0
      vertex 2.22354 89.8978 0
    endloop
  endfacet
  facet normal -0.555547 0.831485 0
    outer loop
      vertex 1.5 89.5981 0
      vertex 1.17372 89.3801 43
      vertex 1.5 89.5981 43
    endloop
  endfacet
  facet normal -0.555547 0.831485 0
    outer loop
      vertex 1.17372 89.3801 43
      vertex 1.5 89.5981 0
      vertex 1.17372 89.3801 0
    endloop
  endfacet
  facet normal -0.831481 0.555553 0
    outer loop
      vertex 0.401917 88.5 0
      vertex 0.619934 88.8263 43
      vertex 0.619934 88.8263 0
    endloop
  endfacet
  facet normal -0.831481 0.555553 0
    outer loop
      vertex 0.619934 88.8263 43
      vertex 0.401917 88.5 0
      vertex 0.401917 88.5 43
    endloop
  endfacet
  facet normal -0.442281 -0.896876 0
    outer loop
      vertex 1.5 0.401917 0
      vertex 1.85194 0.228363 43
      vertex 1.5 0.401917 43
    endloop
  endfacet
  facet normal -0.442281 -0.896876 -0
    outer loop
      vertex 1.85194 0.228363 43
      vertex 1.5 0.401917 0
      vertex 1.85194 0.228363 0
    endloop
  endfacet
  facet normal -0.980789 0.195072 0
    outer loop
      vertex 0.0256653 87.3916 0
      vertex 0.102219 87.7765 43
      vertex 0.102219 87.7765 0
    endloop
  endfacet
  facet normal -0.980789 0.195072 0
    outer loop
      vertex 0.102219 87.7765 43
      vertex 0.0256653 87.3916 0
      vertex 0.0256653 87.3916 43
    endloop
  endfacet
  facet normal 0.94704 -0.321117 0
    outer loop
      vertex 117.772 1.85194 43
      vertex 117.898 2.22354 0
      vertex 117.898 2.22354 43
    endloop
  endfacet
  facet normal 0.94704 -0.321117 0
    outer loop
      vertex 117.898 2.22354 0
      vertex 117.772 1.85194 43
      vertex 117.772 1.85194 0
    endloop
  endfacet
  facet normal 0.981058 0.193714 0
    outer loop
      vertex 117.974 87.3916 43
      vertex 117.898 87.7765 0
      vertex 117.898 87.7765 43
    endloop
  endfacet
  facet normal 0.981058 0.193714 0
    outer loop
      vertex 117.898 87.7765 0
      vertex 117.974 87.3916 43
      vertex 117.974 87.3916 0
    endloop
  endfacet
  facet normal 0.751519 -0.659712 0
    outer loop
      vertex 117.121 0.878677 43
      vertex 117.38 1.17372 0
      vertex 117.38 1.17372 43
    endloop
  endfacet
  facet normal 0.751519 -0.659712 0
    outer loop
      vertex 117.38 1.17372 0
      vertex 117.121 0.878677 43
      vertex 117.121 0.878677 0
    endloop
  endfacet
  facet normal 0.0654208 0.997858 -0
    outer loop
      vertex 115.392 89.9743 0
      vertex 115 90 43
      vertex 115.392 89.9743 43
    endloop
  endfacet
  facet normal 0.0654208 0.997858 0
    outer loop
      vertex 115 90 43
      vertex 115.392 89.9743 0
      vertex 115 90 0
    endloop
  endfacet
  facet normal 0.997803 0.0662484 0
    outer loop
      vertex 118 87 43
      vertex 117.974 87.3916 0
      vertex 117.974 87.3916 43
    endloop
  endfacet
  facet normal 0.997803 0.0662484 0
    outer loop
      vertex 117.974 87.3916 0
      vertex 118 87 43
      vertex 118 87 0
    endloop
  endfacet
  facet normal 0.659396 -0.751796 0
    outer loop
      vertex 116.826 0.619934 0
      vertex 117.121 0.878677 43
      vertex 116.826 0.619934 43
    endloop
  endfacet
  facet normal 0.659396 -0.751796 0
    outer loop
      vertex 117.121 0.878677 43
      vertex 116.826 0.619934 0
      vertex 117.121 0.878677 0
    endloop
  endfacet
  facet normal 0.831501 0.555523 0
    outer loop
      vertex 117.598 88.5 43
      vertex 117.38 88.8263 0
      vertex 117.38 88.8263 43
    endloop
  endfacet
  facet normal 0.831501 0.555523 0
    outer loop
      vertex 117.38 88.8263 0
      vertex 117.598 88.5 43
      vertex 117.598 88.5 0
    endloop
  endfacet
  facet normal 0.751471 0.659766 0
    outer loop
      vertex 117.38 88.8263 43
      vertex 117.121 89.1213 0
      vertex 117.121 89.1213 43
    endloop
  endfacet
  facet normal 0.751471 0.659766 0
    outer loop
      vertex 117.121 89.1213 0
      vertex 117.38 88.8263 43
      vertex 117.38 88.8263 0
    endloop
  endfacet
  facet normal 0.321264 0.94699 -0
    outer loop
      vertex 116.148 89.7716 0
      vertex 115.776 89.8978 43
      vertex 116.148 89.7716 43
    endloop
  endfacet
  facet normal 0.321264 0.94699 0
    outer loop
      vertex 115.776 89.8978 43
      vertex 116.148 89.7716 0
      vertex 115.776 89.8978 0
    endloop
  endfacet
  facet normal 0.997803 -0.0662535 0
    outer loop
      vertex 117.974 2.60843 43
      vertex 118 3 0
      vertex 118 3 43
    endloop
  endfacet
  facet normal 0.997803 -0.0662535 0
    outer loop
      vertex 118 3 0
      vertex 117.974 2.60843 43
      vertex 117.974 2.60843 0
    endloop
  endfacet
  facet normal -0.831465 -0.555577 0
    outer loop
      vertex 0.619934 1.17372 0
      vertex 0.401917 1.5 43
      vertex 0.401917 1.5 0
    endloop
  endfacet
  facet normal -0.831465 -0.555577 0
    outer loop
      vertex 0.401917 1.5 43
      vertex 0.619934 1.17372 0
      vertex 0.619934 1.17372 43
    endloop
  endfacet
  facet normal 0.896405 0.443235 0
    outer loop
      vertex 117.772 88.1481 43
      vertex 117.598 88.5 0
      vertex 117.598 88.5 43
    endloop
  endfacet
  facet normal 0.896405 0.443235 0
    outer loop
      vertex 117.598 88.5 0
      vertex 117.772 88.1481 43
      vertex 117.772 88.1481 0
    endloop
  endfacet
  facet normal -0.980788 -0.195076 0
    outer loop
      vertex 0.102219 2.22354 0
      vertex 0.0256653 2.60843 43
      vertex 0.0256653 2.60843 0
    endloop
  endfacet
  facet normal -0.980788 -0.195076 0
    outer loop
      vertex 0.0256653 2.60843 43
      vertex 0.102219 2.22354 0
      vertex 0.102219 2.22354 43
    endloop
  endfacet
  facet normal -0.751843 -0.659342 0
    outer loop
      vertex 0.878677 0.878677 0
      vertex 0.619934 1.17372 43
      vertex 0.619934 1.17372 0
    endloop
  endfacet
  facet normal -0.751843 -0.659342 0
    outer loop
      vertex 0.619934 1.17372 43
      vertex 0.878677 0.878677 0
      vertex 0.878677 0.878677 43
    endloop
  endfacet
  facet normal 0 0 -1
    outer loop
      vertex 54.9967 58.75 0
      vertex 37.4898 60.25 0
      vertex 52.5102 60.25 0
    endloop
  endfacet
  facet normal 0 -0 -1
    outer loop
      vertex 37.4898 60.25 0
      vertex 54.9967 58.75 0
      vertex 35.0033 58.75 0
    endloop
  endfacet
  facet normal 0 0 -1
    outer loop
      vertex 58.5591 55.25 0
      vertex 32.716 56.75 0
      vertex 57.284 56.75 0
    endloop
  endfacet
  facet normal 0 -0 -1
    outer loop
      vertex 32.716 56.75 0
      vertex 58.5591 55.25 0
      vertex 31.4409 55.25 0
    endloop
  endfacet
  facet normal 0 0 -1
    outer loop
      vertex 60.6001 51.75 0
      vertex 30.139 53.25 0
      vertex 59.861 53.25 0
    endloop
  endfacet
  facet normal 0 -0 -1
    outer loop
      vertex 30.139 53.25 0
      vertex 60.6001 51.75 0
      vertex 29.3999 51.75 0
    endloop
  endfacet
  facet normal 0 0 -1
    outer loop
      vertex 61.6838 48.25 0
      vertex 28.6782 49.75 0
      vertex 61.3218 49.75 0
    endloop
  endfacet
  facet normal 0 -0 -1
    outer loop
      vertex 28.6782 49.75 0
      vertex 61.6838 48.25 0
      vertex 28.3162 48.25 0
    endloop
  endfacet
  facet normal 0 0 -1
    outer loop
      vertex 61.9956 44.75 0
      vertex 28.047 46.25 0
      vertex 61.953 46.25 0
    endloop
  endfacet
  facet normal 0 -0 -1
    outer loop
      vertex 28.047 46.25 0
      vertex 61.9956 44.75 0
      vertex 28.0044 44.75 0
    endloop
  endfacet
  facet normal 0 0 -1
    outer loop
      vertex 115 0 0
      vertex 118 3 0
      vertex 117.974 2.60843 0
    endloop
  endfacet
  facet normal 0 0 -1
    outer loop
      vertex 118 3 0
      vertex 104.8 21.6 0
      vertex 118 87 0
    endloop
  endfacet
  facet normal 0 0 -1
    outer loop
      vertex 115 0 0
      vertex 117.974 2.60843 0
      vertex 117.898 2.22354 0
    endloop
  endfacet
  facet normal 0 0 -1
    outer loop
      vertex 95.2 21.6 0
      vertex 118 87 0
      vertex 104.8 21.6 0
    endloop
  endfacet
  facet normal 0 0 -1
    outer loop
      vertex 115 0 0
      vertex 117.898 2.22354 0
      vertex 117.772 1.85194 0
    endloop
  endfacet
  facet normal 0 0 -1
    outer loop
      vertex 61.3218 49.75 0
      vertex 118 87 0
      vertex 95.2 21.6 0
    endloop
  endfacet
  facet normal 0 0 -1
    outer loop
      vertex 115 0 0
      vertex 117.772 1.85194 0
      vertex 117.598 1.5 0
    endloop
  endfacet
  facet normal 0 0 -1
    outer loop
      vertex 61.168 50.2533 0
      vertex 118 87 0
      vertex 61.3218 49.75 0
    endloop
  endfacet
  facet normal 0 0 -1
    outer loop
      vertex 115 0 0
      vertex 117.598 1.5 0
      vertex 117.38 1.17372 0
    endloop
  endfacet
  facet normal 0 0 -1
    outer loop
      vertex 60.9748 50.8143 0
      vertex 118 87 0
      vertex 61.168 50.2533 0
    endloop
  endfacet
  facet normal 0 0 -1
    outer loop
      vertex 115 0 0
      vertex 117.38 1.17372 0
      vertex 117.121 0.878677 0
    endloop
  endfacet
  facet normal 0 0 -1
    outer loop
      vertex 60.7621 51.3683 0
      vertex 118 87 0
      vertex 60.9748 50.8143 0
    endloop
  endfacet
  facet normal 0 0 -1
    outer loop
      vertex 115 0 0
      vertex 117.121 0.878677 0
      vertex 116.826 0.619934 0
    endloop
  endfacet
  facet normal 0 0 -1
    outer loop
      vertex 117.598 88.5 0
      vertex 115 90 0
      vertex 117.38 88.8263 0
    endloop
  endfacet
  facet normal 0 0 -1
    outer loop
      vertex 115 0 0
      vertex 116.826 0.619934 0
      vertex 116.5 0.401917 0
    endloop
  endfacet
  facet normal 0 0 -1
    outer loop
      vertex 117.38 88.8263 0
      vertex 115 90 0
      vertex 117.121 89.1213 0
    endloop
  endfacet
  facet normal 0 0 -1
    outer loop
      vertex 115 0 0
      vertex 116.5 0.401917 0
      vertex 116.148 0.228363 0
    endloop
  endfacet
  facet normal 0 0 -1
    outer loop
      vertex 117.121 89.1213 0
      vertex 115 90 0
      vertex 116.826 89.3801 0
    endloop
  endfacet
  facet normal 0 0 -1
    outer loop
      vertex 115 0 0
      vertex 116.148 0.228363 0
      vertex 115.776 0.102219 0
    endloop
  endfacet
  facet normal 0 0 -1
    outer loop
      vertex 116.826 89.3801 0
      vertex 115 90 0
      vertex 116.5 89.5981 0
    endloop
  endfacet
  facet normal 0 0 -1
    outer loop
      vertex 115 0 0
      vertex 115.776 0.102219 0
      vertex 115.392 0.0256653 0
    endloop
  endfacet
  facet normal 0 0 -1
    outer loop
      vertex 116.5 89.5981 0
      vertex 115 90 0
      vertex 116.148 89.7716 0
    endloop
  endfacet
  facet normal -0 0 -1
    outer loop
      vertex 118 3 0
      vertex 115 0 0
      vertex 104.8 17.4 0
    endloop
  endfacet
  facet normal 0 0 -1
    outer loop
      vertex 116.148 89.7716 0
      vertex 115 90 0
      vertex 115.776 89.8978 0
    endloop
  endfacet
  facet normal 0 0 -1
    outer loop
      vertex 118 3 0
      vertex 104.8 17.4 0
      vertex 104.8 21.6 0
    endloop
  endfacet
  facet normal 0 0 -1
    outer loop
      vertex 115 0 0
      vertex 95.2 17.4 0
      vertex 104.8 17.4 0
    endloop
  endfacet
  facet normal 0 0 -1
    outer loop
      vertex 57.6335 33.6248 0
      vertex 95.2 21.6 0
      vertex 95.2 17.4 0
    endloop
  endfacet
  facet normal 0 0 -1
    outer loop
      vertex 3 0 0
      vertex 95.2 17.4 0
      vertex 115 0 0
    endloop
  endfacet
  facet normal 0 0 -1
    outer loop
      vertex 95.2 21.6 0
      vertex 61.9896 44.4067 0
      vertex 61.9956 44.75 0
    endloop
  endfacet
  facet normal 0 0 -1
    outer loop
      vertex 95.2 21.6 0
      vertex 61.9586 43.8141 0
      vertex 61.9896 44.4067 0
    endloop
  endfacet
  facet normal 0 0 -1
    outer loop
      vertex 95.2 21.6 0
      vertex 61.9069 43.223 0
      vertex 61.9586 43.8141 0
    endloop
  endfacet
  facet normal 0 0 -1
    outer loop
      vertex 95.2 21.6 0
      vertex 61.8488 42.75 0
      vertex 61.9069 43.223 0
    endloop
  endfacet
  facet normal 0 0 -1
    outer loop
      vertex 95.2 21.6 0
      vertex 61.5788 41.25 0
      vertex 61.8488 42.75 0
    endloop
  endfacet
  facet normal 0 0 -1
    outer loop
      vertex 95.2 21.6 0
      vertex 61.495 40.8873 0
      vertex 61.5788 41.25 0
    endloop
  endfacet
  facet normal 0 0 -1
    outer loop
      vertex 95.2 21.6 0
      vertex 61.3414 40.3142 0
      vertex 61.495 40.8873 0
    endloop
  endfacet
  facet normal 0 0 -1
    outer loop
      vertex 95.2 21.6 0
      vertex 61.168 39.7467 0
      vertex 61.3414 40.3142 0
    endloop
  endfacet
  facet normal 0 0 -1
    outer loop
      vertex 95.2 21.6 0
      vertex 60.9969 39.25 0
      vertex 61.168 39.7467 0
    endloop
  endfacet
  facet normal 0 0 -1
    outer loop
      vertex 95.2 21.6 0
      vertex 60.3738 37.75 0
      vertex 60.9969 39.25 0
    endloop
  endfacet
  facet normal 0 0 -1
    outer loop
      vertex 95.2 21.6 0
      vertex 60.2795 37.5477 0
      vertex 60.3738 37.75 0
    endloop
  endfacet
  facet normal 0 0 -1
    outer loop
      vertex 95.2 21.6 0
      vertex 60.0101 37.019 0
      vertex 60.2795 37.5477 0
    endloop
  endfacet
  facet normal 0 0 -1
    outer loop
      vertex 95.2 21.6 0
      vertex 59.7224 36.5 0
      vertex 60.0101 37.019 0
    endloop
  endfacet
  facet normal 0 0 -1
    outer loop
      vertex 95.2 21.6 0
      vertex 59.4168 35.9914 0
      vertex 59.7224 36.5 0
    endloop
  endfacet
  facet normal 0 0 -1
    outer loop
      vertex 95.2 21.6 0
      vertex 59.2601 35.75 0
      vertex 59.4168 35.9914 0
    endloop
  endfacet
  facet normal 0 0 -1
    outer loop
      vertex 95.2 21.6 0
      vertex 58.1664 34.25 0
      vertex 59.2601 35.75 0
    endloop
  endfacet
  facet normal 0 0 -1
    outer loop
      vertex 95.2 21.6 0
      vertex 58.0228 34.0726 0
      vertex 58.1664 34.25 0
    endloop
  endfacet
  facet normal 0 0 -1
    outer loop
      vertex 95.2 21.6 0
      vertex 57.6335 33.6248 0
      vertex 58.0228 34.0726 0
    endloop
  endfacet
  facet normal 0 0 -1
    outer loop
      vertex 95.2 17.4 0
      vertex 57.2288 33.1908 0
      vertex 57.6335 33.6248 0
    endloop
  endfacet
  facet normal 0 0 -1
    outer loop
      vertex 95.2 17.4 0
      vertex 56.8092 32.7712 0
      vertex 57.2288 33.1908 0
    endloop
  endfacet
  facet normal 0 0 -1
    outer loop
      vertex 95.2 17.4 0
      vertex 56.3752 32.3665 0
      vertex 56.8092 32.7712 0
    endloop
  endfacet
  facet normal 0 0 -1
    outer loop
      vertex 95.2 17.4 0
      vertex 56.2412 32.25 0
      vertex 56.3752 32.3665 0
    endloop
  endfacet
  facet normal 0 0 -1
    outer loop
      vertex 95.2 17.4 0
      vertex 54.2655 30.75 0
      vertex 56.2412 32.25 0
    endloop
  endfacet
  facet normal 0 0 -1
    outer loop
      vertex 95.2 17.4 0
      vertex 54.0086 30.5832 0
      vertex 54.2655 30.75 0
    endloop
  endfacet
  facet normal 0 0 -1
    outer loop
      vertex 95.2 17.4 0
      vertex 53.5 30.2776 0
      vertex 54.0086 30.5832 0
    endloop
  endfacet
  facet normal 0 0 -1
    outer loop
      vertex 95.2 17.4 0
      vertex 52.981 29.9899 0
      vertex 53.5 30.2776 0
    endloop
  endfacet
  facet normal 0 0 -1
    outer loop
      vertex 95.2 17.4 0
      vertex 52.4523 29.7205 0
      vertex 52.981 29.9899 0
    endloop
  endfacet
  facet normal 0 0 -1
    outer loop
      vertex 95.2 17.4 0
      vertex 51.9145 29.4697 0
      vertex 52.4523 29.7205 0
    endloop
  endfacet
  facet normal 0 0 -1
    outer loop
      vertex 95.2 17.4 0
      vertex 51.3683 29.2379 0
      vertex 51.9145 29.4697 0
    endloop
  endfacet
  facet normal 0 0 -1
    outer loop
      vertex 95.2 17.4 0
      vertex 50.8143 29.0252 0
      vertex 51.3683 29.2379 0
    endloop
  endfacet
  facet normal 0 0 -1
    outer loop
      vertex 95.2 17.4 0
      vertex 50.2533 28.832 0
      vertex 50.8143 29.0252 0
    endloop
  endfacet
  facet normal 0 0 -1
    outer loop
      vertex 95.2 17.4 0
      vertex 49.985 28.75 0
      vertex 50.2533 28.832 0
    endloop
  endfacet
  facet normal -0 0 -1
    outer loop
      vertex 95.2 17.4 0
      vertex 3 0 0
      vertex 49.985 28.75 0
    endloop
  endfacet
  facet normal -0 0 -1
    outer loop
      vertex 49.985 28.75 0
      vertex 3 0 0
      vertex 40.015 28.75 0
    endloop
  endfacet
  facet normal -0 0 -1
    outer loop
      vertex 40.015 28.75 0
      vertex 3 0 0
      vertex 39.7467 28.832 0
    endloop
  endfacet
  facet normal -0 0 -1
    outer loop
      vertex 28.0414 43.8141 0
      vertex 0 3 0
      vertex 28.0104 44.4067 0
    endloop
  endfacet
  facet normal -0 0 -1
    outer loop
      vertex 28.0931 43.223 0
      vertex 0 3 0
      vertex 28.0414 43.8141 0
    endloop
  endfacet
  facet normal -0 0 -1
    outer loop
      vertex 28.1512 42.75 0
      vertex 0 3 0
      vertex 28.0931 43.223 0
    endloop
  endfacet
  facet normal -0 0 -1
    outer loop
      vertex 28.4212 41.25 0
      vertex 0 3 0
      vertex 28.1512 42.75 0
    endloop
  endfacet
  facet normal -0 0 -1
    outer loop
      vertex 28.505 40.8873 0
      vertex 0 3 0
      vertex 28.4212 41.25 0
    endloop
  endfacet
  facet normal -0 0 -1
    outer loop
      vertex 28.6586 40.3142 0
      vertex 0 3 0
      vertex 28.505 40.8873 0
    endloop
  endfacet
  facet normal -0 0 -1
    outer loop
      vertex 28.832 39.7467 0
      vertex 0 3 0
      vertex 28.6586 40.3142 0
    endloop
  endfacet
  facet normal -0 0 -1
    outer loop
      vertex 29.0031 39.25 0
      vertex 0 3 0
      vertex 28.832 39.7467 0
    endloop
  endfacet
  facet normal -0 0 -1
    outer loop
      vertex 29.6262 37.75 0
      vertex 0 3 0
      vertex 29.0031 39.25 0
    endloop
  endfacet
  facet normal -0 0 -1
    outer loop
      vertex 29.7205 37.5477 0
      vertex 0 3 0
      vertex 29.6262 37.75 0
    endloop
  endfacet
  facet normal -0 0 -1
    outer loop
      vertex 29.9899 37.019 0
      vertex 0 3 0
      vertex 29.7205 37.5477 0
    endloop
  endfacet
  facet normal -0 0 -1
    outer loop
      vertex 30.2776 36.5 0
      vertex 0 3 0
      vertex 29.9899 37.019 0
    endloop
  endfacet
  facet normal -0 0 -1
    outer loop
      vertex 30.5832 35.9914 0
      vertex 0 3 0
      vertex 30.2776 36.5 0
    endloop
  endfacet
  facet normal -0 0 -1
    outer loop
      vertex 30.7399 35.75 0
      vertex 0 3 0
      vertex 30.5832 35.9914 0
    endloop
  endfacet
  facet normal -0 0 -1
    outer loop
      vertex 31.8336 34.25 0
      vertex 0 3 0
      vertex 30.7399 35.75 0
    endloop
  endfacet
  facet normal -0 0 -1
    outer loop
      vertex 31.9772 34.0726 0
      vertex 0 3 0
      vertex 31.8336 34.25 0
    endloop
  endfacet
  facet normal -0 0 -1
    outer loop
      vertex 32.3665 33.6248 0
      vertex 0 3 0
      vertex 31.9772 34.0726 0
    endloop
  endfacet
  facet normal -0 0 -1
    outer loop
      vertex 32.7712 33.1908 0
      vertex 0 3 0
      vertex 32.3665 33.6248 0
    endloop
  endfacet
  facet normal 0 0 -1
    outer loop
      vertex 0 3 0
      vertex 32.7712 33.1908 0
      vertex 3 0 0
    endloop
  endfacet
  facet normal -0 0 -1
    outer loop
      vertex 33.1908 32.7712 0
      vertex 3 0 0
      vertex 32.7712 33.1908 0
    endloop
  endfacet
  facet normal -0 0 -1
    outer loop
      vertex 33.6248 32.3665 0
      vertex 3 0 0
      vertex 33.1908 32.7712 0
    endloop
  endfacet
  facet normal -0 0 -1
    outer loop
      vertex 33.7588 32.25 0
      vertex 3 0 0
      vertex 33.6248 32.3665 0
    endloop
  endfacet
  facet normal -0 0 -1
    outer loop
      vertex 35.7345 30.75 0
      vertex 3 0 0
      vertex 33.7588 32.25 0
    endloop
  endfacet
  facet normal -0 0 -1
    outer loop
      vertex 35.9914 30.5832 0
      vertex 3 0 0
      vertex 35.7345 30.75 0
    endloop
  endfacet
  facet normal -0 0 -1
    outer loop
      vertex 36.5 30.2776 0
      vertex 3 0 0
      vertex 35.9914 30.5832 0
    endloop
  endfacet
  facet normal -0 0 -1
    outer loop
      vertex 37.019 29.9899 0
      vertex 3 0 0
      vertex 36.5 30.2776 0
    endloop
  endfacet
  facet normal -0 0 -1
    outer loop
      vertex 37.5477 29.7205 0
      vertex 3 0 0
      vertex 37.019 29.9899 0
    endloop
  endfacet
  facet normal -0 0 -1
    outer loop
      vertex 38.0855 29.4697 0
      vertex 3 0 0
      vertex 37.5477 29.7205 0
    endloop
  endfacet
  facet normal -0 0 -1
    outer loop
      vertex 38.6317 29.2379 0
      vertex 3 0 0
      vertex 38.0855 29.4697 0
    endloop
  endfacet
  facet normal -0 0 -1
    outer loop
      vertex 39.1857 29.0252 0
      vertex 3 0 0
      vertex 38.6317 29.2379 0
    endloop
  endfacet
  facet normal -0 0 -1
    outer loop
      vertex 39.7467 28.832 0
      vertex 3 0 0
      vertex 39.1857 29.0252 0
    endloop
  endfacet
  facet normal 0 0 -1
    outer loop
      vertex 115.776 89.8978 0
      vertex 115 90 0
      vertex 115.392 89.9743 0
    endloop
  endfacet
  facet normal 0 0 -1
    outer loop
      vertex 117.772 88.1481 0
      vertex 115 90 0
      vertex 117.598 88.5 0
    endloop
  endfacet
  facet normal 0 0 -1
    outer loop
      vertex 61.953 46.25 0
      vertex 95.2 21.6 0
      vertex 61.9956 44.75 0
    endloop
  endfacet
  facet normal 0 0 -1
    outer loop
      vertex 61.9069 46.777 0
      vertex 95.2 21.6 0
      vertex 61.953 46.25 0
    endloop
  endfacet
  facet normal 0 0 -1
    outer loop
      vertex 61.8346 47.3659 0
      vertex 95.2 21.6 0
      vertex 61.9069 46.777 0
    endloop
  endfacet
  facet normal 0 0 -1
    outer loop
      vertex 61.7417 47.952 0
      vertex 95.2 21.6 0
      vertex 61.8346 47.3659 0
    endloop
  endfacet
  facet normal 0 0 -1
    outer loop
      vertex 61.6838 48.25 0
      vertex 95.2 21.6 0
      vertex 61.7417 47.952 0
    endloop
  endfacet
  facet normal 0 0 -1
    outer loop
      vertex 61.3218 49.75 0
      vertex 95.2 21.6 0
      vertex 61.6838 48.25 0
    endloop
  endfacet
  facet normal 0 0 -1
    outer loop
      vertex 117.898 87.7765 0
      vertex 115 90 0
      vertex 117.772 88.1481 0
    endloop
  endfacet
  facet normal 0 0 -1
    outer loop
      vertex 117.974 87.3916 0
      vertex 115 90 0
      vertex 117.898 87.7765 0
    endloop
  endfacet
  facet normal 0 0 -1
    outer loop
      vertex 118 87 0
      vertex 115 90 0
      vertex 117.974 87.3916 0
    endloop
  endfacet
  facet normal -0 0 -1
    outer loop
      vertex 118 87 0
      vertex 60.7621 51.3683 0
      vertex 115 90 0
    endloop
  endfacet
  facet normal 0 0 -1
    outer loop
      vertex 60.6001 51.75 0
      vertex 115 90 0
      vertex 60.7621 51.3683 0
    endloop
  endfacet
  facet normal 0 0 -1
    outer loop
      vertex 59.861 53.25 0
      vertex 115 90 0
      vertex 60.6001 51.75 0
    endloop
  endfacet
  facet normal 0 0 -1
    outer loop
      vertex 59.7224 53.5 0
      vertex 115 90 0
      vertex 59.861 53.25 0
    endloop
  endfacet
  facet normal 0 0 -1
    outer loop
      vertex 59.4168 54.0086 0
      vertex 115 90 0
      vertex 59.7224 53.5 0
    endloop
  endfacet
  facet normal 0 0 -1
    outer loop
      vertex 59.0936 54.5063 0
      vertex 115 90 0
      vertex 59.4168 54.0086 0
    endloop
  endfacet
  facet normal 0 0 -1
    outer loop
      vertex 58.7533 54.9923 0
      vertex 115 90 0
      vertex 59.0936 54.5063 0
    endloop
  endfacet
  facet normal 0 0 -1
    outer loop
      vertex 58.5591 55.25 0
      vertex 115 90 0
      vertex 58.7533 54.9923 0
    endloop
  endfacet
  facet normal 0 0 -1
    outer loop
      vertex 57.284 56.75 0
      vertex 115 90 0
      vertex 58.5591 55.25 0
    endloop
  endfacet
  facet normal 0 0 -1
    outer loop
      vertex 57.2288 56.8092 0
      vertex 115 90 0
      vertex 57.284 56.75 0
    endloop
  endfacet
  facet normal 0 0 -1
    outer loop
      vertex 56.8092 57.2288 0
      vertex 115 90 0
      vertex 57.2288 56.8092 0
    endloop
  endfacet
  facet normal 0 0 -1
    outer loop
      vertex 56.3752 57.6335 0
      vertex 115 90 0
      vertex 56.8092 57.2288 0
    endloop
  endfacet
  facet normal 0 0 -1
    outer loop
      vertex 55.9274 58.0228 0
      vertex 115 90 0
      vertex 56.3752 57.6335 0
    endloop
  endfacet
  facet normal 0 0 -1
    outer loop
      vertex 55.4662 58.3962 0
      vertex 115 90 0
      vertex 55.9274 58.0228 0
    endloop
  endfacet
  facet normal 0 0 -1
    outer loop
      vertex 54.9967 58.75 0
      vertex 115 90 0
      vertex 55.4662 58.3962 0
    endloop
  endfacet
  facet normal 0 0 -1
    outer loop
      vertex 52.5102 60.25 0
      vertex 115 90 0
      vertex 54.9967 58.75 0
    endloop
  endfacet
  facet normal 0 0 -1
    outer loop
      vertex 52.4523 60.2795 0
      vertex 115 90 0
      vertex 52.5102 60.25 0
    endloop
  endfacet
  facet normal 0 0 -1
    outer loop
      vertex 51.9145 60.5303 0
      vertex 115 90 0
      vertex 52.4523 60.2795 0
    endloop
  endfacet
  facet normal 0 0 -1
    outer loop
      vertex 51.3683 60.7621 0
      vertex 115 90 0
      vertex 51.9145 60.5303 0
    endloop
  endfacet
  facet normal 0 0 -1
    outer loop
      vertex 50.8143 60.9748 0
      vertex 115 90 0
      vertex 51.3683 60.7621 0
    endloop
  endfacet
  facet normal 0 0 -1
    outer loop
      vertex 50.2533 61.168 0
      vertex 115 90 0
      vertex 50.8143 60.9748 0
    endloop
  endfacet
  facet normal 0 0 -1
    outer loop
      vertex 49.6858 61.3414 0
      vertex 115 90 0
      vertex 50.2533 61.168 0
    endloop
  endfacet
  facet normal 0 0 -1
    outer loop
      vertex 49.1127 61.495 0
      vertex 115 90 0
      vertex 49.6858 61.3414 0
    endloop
  endfacet
  facet normal 0 0 -1
    outer loop
      vertex 48.5345 61.6285 0
      vertex 115 90 0
      vertex 49.1127 61.495 0
    endloop
  endfacet
  facet normal 0 0 -1
    outer loop
      vertex 47.952 61.7417 0
      vertex 115 90 0
      vertex 48.5345 61.6285 0
    endloop
  endfacet
  facet normal 0 0 -1
    outer loop
      vertex 47.3659 61.8346 0
      vertex 115 90 0
      vertex 47.952 61.7417 0
    endloop
  endfacet
  facet normal 0 0 -1
    outer loop
      vertex 3 90 0
      vertex 47.3659 61.8346 0
      vertex 46.777 61.9069 0
    endloop
  endfacet
  facet normal 0 0 -1
    outer loop
      vertex 3 90 0
      vertex 46.777 61.9069 0
      vertex 46.1859 61.9586 0
    endloop
  endfacet
  facet normal 0 0 -1
    outer loop
      vertex 3 90 0
      vertex 46.1859 61.9586 0
      vertex 45.5933 61.9896 0
    endloop
  endfacet
  facet normal 0 0 -1
    outer loop
      vertex 3 90 0
      vertex 45.5933 61.9896 0
      vertex 45 62 0
    endloop
  endfacet
  facet normal 0 0 -1
    outer loop
      vertex 3 90 0
      vertex 45 62 0
      vertex 44.4067 61.9896 0
    endloop
  endfacet
  facet normal 0 0 -1
    outer loop
      vertex 3 90 0
      vertex 44.4067 61.9896 0
      vertex 43.8141 61.9586 0
    endloop
  endfacet
  facet normal 0 0 -1
    outer loop
      vertex 3 90 0
      vertex 43.8141 61.9586 0
      vertex 43.223 61.9069 0
    endloop
  endfacet
  facet normal 0 0 -1
    outer loop
      vertex 3 90 0
      vertex 43.223 61.9069 0
      vertex 42.6341 61.8346 0
    endloop
  endfacet
  facet normal 0 0 -1
    outer loop
      vertex 3 90 0
      vertex 42.6341 61.8346 0
      vertex 42.048 61.7417 0
    endloop
  endfacet
  facet normal 0 0 -1
    outer loop
      vertex 3 90 0
      vertex 42.048 61.7417 0
      vertex 41.4655 61.6285 0
    endloop
  endfacet
  facet normal 0 0 -1
    outer loop
      vertex 3 90 0
      vertex 41.4655 61.6285 0
      vertex 40.8873 61.495 0
    endloop
  endfacet
  facet normal 0 0 -1
    outer loop
      vertex 3 90 0
      vertex 40.8873 61.495 0
      vertex 40.3142 61.3414 0
    endloop
  endfacet
  facet normal 0 0 -1
    outer loop
      vertex 3 90 0
      vertex 40.3142 61.3414 0
      vertex 39.7467 61.168 0
    endloop
  endfacet
  facet normal 0 0 -1
    outer loop
      vertex 3 90 0
      vertex 39.7467 61.168 0
      vertex 39.1857 60.9748 0
    endloop
  endfacet
  facet normal -0 0 -1
    outer loop
      vertex 28.0104 44.4067 0
      vertex 0 3 0
      vertex 28.0044 44.75 0
    endloop
  endfacet
  facet normal 0 0 -1
    outer loop
      vertex 0 87 0
      vertex 28.0044 44.75 0
      vertex 0 3 0
    endloop
  endfacet
  facet normal 0 0 -1
    outer loop
      vertex 28.0044 44.75 0
      vertex 0 87 0
      vertex 28.047 46.25 0
    endloop
  endfacet
  facet normal 0 0 -1
    outer loop
      vertex 28.047 46.25 0
      vertex 0 87 0
      vertex 28.0931 46.777 0
    endloop
  endfacet
  facet normal 0 0 -1
    outer loop
      vertex 28.0931 46.777 0
      vertex 0 87 0
      vertex 28.1654 47.3659 0
    endloop
  endfacet
  facet normal 0 0 -1
    outer loop
      vertex 28.1654 47.3659 0
      vertex 0 87 0
      vertex 28.2583 47.952 0
    endloop
  endfacet
  facet normal 0 0 -1
    outer loop
      vertex 28.2583 47.952 0
      vertex 0 87 0
      vertex 28.3162 48.25 0
    endloop
  endfacet
  facet normal 0 0 -1
    outer loop
      vertex 28.3162 48.25 0
      vertex 0 87 0
      vertex 28.6782 49.75 0
    endloop
  endfacet
  facet normal 0 0 -1
    outer loop
      vertex 28.6782 49.75 0
      vertex 0 87 0
      vertex 28.832 50.2533 0
    endloop
  endfacet
  facet normal 0 0 -1
    outer loop
      vertex 28.832 50.2533 0
      vertex 0 87 0
      vertex 29.0252 50.8143 0
    endloop
  endfacet
  facet normal 0 0 -1
    outer loop
      vertex 29.0252 50.8143 0
      vertex 0 87 0
      vertex 29.2379 51.3683 0
    endloop
  endfacet
  facet normal 0 0 -1
    outer loop
      vertex 47.3659 61.8346 0
      vertex 3 90 0
      vertex 115 90 0
    endloop
  endfacet
  facet normal 0 0 -1
    outer loop
      vertex 38.6317 60.7621 0
      vertex 3 90 0
      vertex 39.1857 60.9748 0
    endloop
  endfacet
  facet normal 0 0 -1
    outer loop
      vertex 38.0855 60.5303 0
      vertex 3 90 0
      vertex 38.6317 60.7621 0
    endloop
  endfacet
  facet normal 0 0 -1
    outer loop
      vertex 37.5477 60.2795 0
      vertex 3 90 0
      vertex 38.0855 60.5303 0
    endloop
  endfacet
  facet normal 0 0 -1
    outer loop
      vertex 37.4898 60.25 0
      vertex 3 90 0
      vertex 37.5477 60.2795 0
    endloop
  endfacet
  facet normal 0 0 -1
    outer loop
      vertex 35.0033 58.75 0
      vertex 3 90 0
      vertex 37.4898 60.25 0
    endloop
  endfacet
  facet normal 0 0 -1
    outer loop
      vertex 34.5338 58.3962 0
      vertex 3 90 0
      vertex 35.0033 58.75 0
    endloop
  endfacet
  facet normal 0 0 -1
    outer loop
      vertex 34.0726 58.0228 0
      vertex 3 90 0
      vertex 34.5338 58.3962 0
    endloop
  endfacet
  facet normal 0 0 -1
    outer loop
      vertex 33.6248 57.6335 0
      vertex 3 90 0
      vertex 34.0726 58.0228 0
    endloop
  endfacet
  facet normal 0 0 -1
    outer loop
      vertex 33.1908 57.2288 0
      vertex 3 90 0
      vertex 33.6248 57.6335 0
    endloop
  endfacet
  facet normal 0 0 -1
    outer loop
      vertex 32.7712 56.8092 0
      vertex 3 90 0
      vertex 33.1908 57.2288 0
    endloop
  endfacet
  facet normal 0 0 -1
    outer loop
      vertex 0 87 0
      vertex 32.7712 56.8092 0
      vertex 32.716 56.75 0
    endloop
  endfacet
  facet normal 0 0 -1
    outer loop
      vertex 0 87 0
      vertex 32.716 56.75 0
      vertex 31.4409 55.25 0
    endloop
  endfacet
  facet normal 0 0 -1
    outer loop
      vertex 0 87 0
      vertex 31.4409 55.25 0
      vertex 31.2467 54.9923 0
    endloop
  endfacet
  facet normal 0 0 -1
    outer loop
      vertex 0 87 0
      vertex 31.2467 54.9923 0
      vertex 30.9064 54.5063 0
    endloop
  endfacet
  facet normal 0 0 -1
    outer loop
      vertex 0 87 0
      vertex 30.9064 54.5063 0
      vertex 30.5832 54.0086 0
    endloop
  endfacet
  facet normal 0 0 -1
    outer loop
      vertex 0 87 0
      vertex 30.5832 54.0086 0
      vertex 30.2776 53.5 0
    endloop
  endfacet
  facet normal 0 0 -1
    outer loop
      vertex 0 87 0
      vertex 30.2776 53.5 0
      vertex 30.139 53.25 0
    endloop
  endfacet
  facet normal 0 0 -1
    outer loop
      vertex 29.2379 51.3683 0
      vertex 0 87 0
      vertex 29.3999 51.75 0
    endloop
  endfacet
  facet normal 0 0 -1
    outer loop
      vertex 0 3 0
      vertex 3 0 0
      vertex 2.60843 0.0256653 0
    endloop
  endfacet
  facet normal 0 0 -1
    outer loop
      vertex 29.3999 51.75 0
      vertex 0 87 0
      vertex 30.139 53.25 0
    endloop
  endfacet
  facet normal 0 0 -1
    outer loop
      vertex 0 3 0
      vertex 2.60843 0.0256653 0
      vertex 2.22354 0.102219 0
    endloop
  endfacet
  facet normal 0 0 -1
    outer loop
      vertex 32.7712 56.8092 0
      vertex 0 87 0
      vertex 3 90 0
    endloop
  endfacet
  facet normal 0 0 -1
    outer loop
      vertex 0 3 0
      vertex 2.22354 0.102219 0
      vertex 1.85194 0.228363 0
    endloop
  endfacet
  facet normal 0 0 -1
    outer loop
      vertex 3 90 0
      vertex 0 87 0
      vertex 2.60843 89.9743 0
    endloop
  endfacet
  facet normal 0 0 -1
    outer loop
      vertex 0 3 0
      vertex 1.85194 0.228363 0
      vertex 1.5 0.401917 0
    endloop
  endfacet
  facet normal 0 0 -1
    outer loop
      vertex 2.60843 89.9743 0
      vertex 0 87 0
      vertex 2.22354 89.8978 0
    endloop
  endfacet
  facet normal 0 0 -1
    outer loop
      vertex 0 3 0
      vertex 1.5 0.401917 0
      vertex 1.17372 0.619934 0
    endloop
  endfacet
  facet normal 0 0 -1
    outer loop
      vertex 2.22354 89.8978 0
      vertex 0 87 0
      vertex 1.85194 89.7716 0
    endloop
  endfacet
  facet normal 0 0 -1
    outer loop
      vertex 0 3 0
      vertex 1.17372 0.619934 0
      vertex 0.878677 0.878677 0
    endloop
  endfacet
  facet normal 0 0 -1
    outer loop
      vertex 1.85194 89.7716 0
      vertex 0 87 0
      vertex 1.5 89.5981 0
    endloop
  endfacet
  facet normal 0 0 -1
    outer loop
      vertex 0 3 0
      vertex 0.878677 0.878677 0
      vertex 0.619934 1.17372 0
    endloop
  endfacet
  facet normal 0 0 -1
    outer loop
      vertex 1.5 89.5981 0
      vertex 0 87 0
      vertex 1.17372 89.3801 0
    endloop
  endfacet
  facet normal 0 0 -1
    outer loop
      vertex 0 3 0
      vertex 0.619934 1.17372 0
      vertex 0.401917 1.5 0
    endloop
  endfacet
  facet normal 0 0 -1
    outer loop
      vertex 1.17372 89.3801 0
      vertex 0 87 0
      vertex 0.878677 89.1213 0
    endloop
  endfacet
  facet normal 0 0 -1
    outer loop
      vertex 0 3 0
      vertex 0.401917 1.5 0
      vertex 0.228363 1.85194 0
    endloop
  endfacet
  facet normal 0 0 -1
    outer loop
      vertex 0.878677 89.1213 0
      vertex 0 87 0
      vertex 0.619934 88.8263 0
    endloop
  endfacet
  facet normal 0 0 -1
    outer loop
      vertex 0 3 0
      vertex 0.228363 1.85194 0
      vertex 0.102219 2.22354 0
    endloop
  endfacet
  facet normal 0 0 -1
    outer loop
      vertex 0.619934 88.8263 0
      vertex 0 87 0
      vertex 0.401917 88.5 0
    endloop
  endfacet
  facet normal 0 0 -1
    outer loop
      vertex 0 3 0
      vertex 0.102219 2.22354 0
      vertex 0.0256653 2.60843 0
    endloop
  endfacet
  facet normal 0 0 -1
    outer loop
      vertex 0.401917 88.5 0
      vertex 0 87 0
      vertex 0.228363 88.1481 0
    endloop
  endfacet
  facet normal 0 0 -1
    outer loop
      vertex 0.228363 88.1481 0
      vertex 0 87 0
      vertex 0.102219 87.7765 0
    endloop
  endfacet
  facet normal 0 0 -1
    outer loop
      vertex 0.102219 87.7765 0
      vertex 0 87 0
      vertex 0.0256653 87.3916 0
    endloop
  endfacet
  facet normal 0 0 -1
    outer loop
      vertex 28.4212 41.25 0
      vertex 61.8488 42.75 0
      vertex 61.5788 41.25 0
    endloop
  endfacet
  facet normal -0 0 -1
    outer loop
      vertex 61.8488 42.75 0
      vertex 28.4212 41.25 0
      vertex 28.1512 42.75 0
    endloop
  endfacet
  facet normal 0 0 -1
    outer loop
      vertex 29.6262 37.75 0
      vertex 60.9969 39.25 0
      vertex 60.3738 37.75 0
    endloop
  endfacet
  facet normal -0 0 -1
    outer loop
      vertex 60.9969 39.25 0
      vertex 29.6262 37.75 0
      vertex 29.0031 39.25 0
    endloop
  endfacet
  facet normal 0 0 -1
    outer loop
      vertex 31.8336 34.25 0
      vertex 59.2601 35.75 0
      vertex 58.1664 34.25 0
    endloop
  endfacet
  facet normal -0 0 -1
    outer loop
      vertex 59.2601 35.75 0
      vertex 31.8336 34.25 0
      vertex 30.7399 35.75 0
    endloop
  endfacet
  facet normal 0 0 -1
    outer loop
      vertex 35.7345 30.75 0
      vertex 56.2412 32.25 0
      vertex 54.2655 30.75 0
    endloop
  endfacet
  facet normal -0 0 -1
    outer loop
      vertex 56.2412 32.25 0
      vertex 35.7345 30.75 0
      vertex 33.7588 32.25 0
    endloop
  endfacet
  facet normal 0.831485 -0.555547 0
    outer loop
      vertex 117.38 1.17372 43
      vertex 117.598 1.5 0
      vertex 117.598 1.5 43
    endloop
  endfacet
  facet normal 0.831485 -0.555547 0
    outer loop
      vertex 117.598 1.5 0
      vertex 117.38 1.17372 43
      vertex 117.38 1.17372 0
    endloop
  endfacet
  facet normal 0 0 1
    outer loop
      vertex 115.5 87.5 43
      vertex 118 87 43
      vertex 117.974 87.3916 43
    endloop
  endfacet
  facet normal 0 0 1
    outer loop
      vertex 118 87 43
      vertex 115.5 87.5 43
      vertex 118 3 43
    endloop
  endfacet
  facet normal -0 0 1
    outer loop
      vertex 115.5 87.5 43
      vertex 117.974 87.3916 43
      vertex 117.898 87.7765 43
    endloop
  endfacet
  facet normal 0 0 1
    outer loop
      vertex 115.5 2.5 43
      vertex 118 3 43
      vertex 115.5 87.5 43
    endloop
  endfacet
  facet normal 0 0 1
    outer loop
      vertex 115.5 87.5 43
      vertex 117.898 87.7765 43
      vertex 117.772 88.1481 43
    endloop
  endfacet
  facet normal 0 0 1
    outer loop
      vertex 118 3 43
      vertex 115.5 2.5 43
      vertex 117.974 2.60843 43
    endloop
  endfacet
  facet normal 0 0 1
    outer loop
      vertex 115.5 87.5 43
      vertex 117.772 88.1481 43
      vertex 117.598 88.5 43
    endloop
  endfacet
  facet normal 0 0 1
    outer loop
      vertex 117.974 2.60843 43
      vertex 115.5 2.5 43
      vertex 117.898 2.22354 43
    endloop
  endfacet
  facet normal 0 0 1
    outer loop
      vertex 115.5 87.5 43
      vertex 117.598 88.5 43
      vertex 117.38 88.8263 43
    endloop
  endfacet
  facet normal 0 0 1
    outer loop
      vertex 117.898 2.22354 43
      vertex 115.5 2.5 43
      vertex 117.772 1.85194 43
    endloop
  endfacet
  facet normal 0 0 1
    outer loop
      vertex 115.5 87.5 43
      vertex 117.38 88.8263 43
      vertex 117.121 89.1213 43
    endloop
  endfacet
  facet normal 0 0 1
    outer loop
      vertex 117.772 1.85194 43
      vertex 115.5 2.5 43
      vertex 117.598 1.5 43
    endloop
  endfacet
  facet normal 0 0 1
    outer loop
      vertex 115.5 87.5 43
      vertex 117.121 89.1213 43
      vertex 116.826 89.3801 43
    endloop
  endfacet
  facet normal 0 0 1
    outer loop
      vertex 117.598 1.5 43
      vertex 115.5 2.5 43
      vertex 117.38 1.17372 43
    endloop
  endfacet
  facet normal 0 0 1
    outer loop
      vertex 115.5 87.5 43
      vertex 116.826 89.3801 43
      vertex 116.5 89.5981 43
    endloop
  endfacet
  facet normal 0 0 1
    outer loop
      vertex 117.38 1.17372 43
      vertex 115.5 2.5 43
      vertex 117.121 0.878677 43
    endloop
  endfacet
  facet normal 0 0 1
    outer loop
      vertex 115.5 87.5 43
      vertex 116.5 89.5981 43
      vertex 116.148 89.7716 43
    endloop
  endfacet
  facet normal 0 0 1
    outer loop
      vertex 117.121 0.878677 43
      vertex 115.5 2.5 43
      vertex 116.826 0.619934 43
    endloop
  endfacet
  facet normal 0 0 1
    outer loop
      vertex 115.5 87.5 43
      vertex 116.148 89.7716 43
      vertex 115.776 89.8978 43
    endloop
  endfacet
  facet normal 0 0 1
    outer loop
      vertex 116.826 0.619934 43
      vertex 115.5 2.5 43
      vertex 116.5 0.401917 43
    endloop
  endfacet
  facet normal 0 0 1
    outer loop
      vertex 116.5 0.401917 43
      vertex 115.5 2.5 43
      vertex 116.148 0.228363 43
    endloop
  endfacet
  facet normal 0 0 1
    outer loop
      vertex 115.392 89.9743 43
      vertex 115.5 87.5 43
      vertex 115.776 89.8978 43
    endloop
  endfacet
  facet normal 0 0 1
    outer loop
      vertex 115 90 43
      vertex 115.5 87.5 43
      vertex 115.392 89.9743 43
    endloop
  endfacet
  facet normal -0 0 1
    outer loop
      vertex 3 90 43
      vertex 115.5 87.5 43
      vertex 115 90 43
    endloop
  endfacet
  facet normal 0 0 1
    outer loop
      vertex 2.5 87.5 43
      vertex 3 90 43
      vertex 2.60843 89.9743 43
    endloop
  endfacet
  facet normal 0 0 1
    outer loop
      vertex 3 90 43
      vertex 2.5 87.5 43
      vertex 115.5 87.5 43
    endloop
  endfacet
  facet normal -0 0 1
    outer loop
      vertex 1.85194 89.7716 43
      vertex 2.5 87.5 43
      vertex 2.22354 89.8978 43
    endloop
  endfacet
  facet normal -0 0 1
    outer loop
      vertex 2.22354 89.8978 43
      vertex 2.5 87.5 43
      vertex 2.60843 89.9743 43
    endloop
  endfacet
  facet normal 0 0 1
    outer loop
      vertex 116.148 0.228363 43
      vertex 115.5 2.5 43
      vertex 115.776 0.102219 43
    endloop
  endfacet
  facet normal 0 0 1
    outer loop
      vertex 115.5 2.5 43
      vertex 115.392 0.0256653 43
      vertex 115.776 0.102219 43
    endloop
  endfacet
  facet normal 0 0 1
    outer loop
      vertex 115.5 2.5 43
      vertex 115 0 43
      vertex 115.392 0.0256653 43
    endloop
  endfacet
  facet normal 0 0 1
    outer loop
      vertex 115.5 2.5 43
      vertex 3 0 43
      vertex 115 0 43
    endloop
  endfacet
  facet normal -0 0 1
    outer loop
      vertex 2.5 2.5 43
      vertex 3 0 43
      vertex 115.5 2.5 43
    endloop
  endfacet
  facet normal 0 0 1
    outer loop
      vertex 3 0 43
      vertex 2.5 2.5 43
      vertex 2.60843 0.0256653 43
    endloop
  endfacet
  facet normal 0 0 1
    outer loop
      vertex 2.5 2.5 43
      vertex 2.22354 0.102219 43
      vertex 2.60843 0.0256653 43
    endloop
  endfacet
  facet normal 0 0 1
    outer loop
      vertex 2.5 87.5 43
      vertex 0 87 43
      vertex 2.5 2.5 43
    endloop
  endfacet
  facet normal -0 0 1
    outer loop
      vertex 1.5 89.5981 43
      vertex 2.5 87.5 43
      vertex 1.85194 89.7716 43
    endloop
  endfacet
  facet normal -0 0 1
    outer loop
      vertex 0 3 43
      vertex 2.5 2.5 43
      vertex 0 87 43
    endloop
  endfacet
  facet normal -0 0 1
    outer loop
      vertex 1.17372 89.3801 43
      vertex 2.5 87.5 43
      vertex 1.5 89.5981 43
    endloop
  endfacet
  facet normal -0 -0 1
    outer loop
      vertex 0.0256653 2.60843 43
      vertex 2.5 2.5 43
      vertex 0 3 43
    endloop
  endfacet
  facet normal -0 0 1
    outer loop
      vertex 0.878677 89.1213 43
      vertex 2.5 87.5 43
      vertex 1.17372 89.3801 43
    endloop
  endfacet
  facet normal 0 0 1
    outer loop
      vertex 2.5 2.5 43
      vertex 1.85194 0.228363 43
      vertex 2.22354 0.102219 43
    endloop
  endfacet
  facet normal -0 0 1
    outer loop
      vertex 0.619934 88.8263 43
      vertex 2.5 87.5 43
      vertex 0.878677 89.1213 43
    endloop
  endfacet
  facet normal 0 0 1
    outer loop
      vertex 2.5 2.5 43
      vertex 1.5 0.401917 43
      vertex 1.85194 0.228363 43
    endloop
  endfacet
  facet normal -0 0 1
    outer loop
      vertex 0.401917 88.5 43
      vertex 2.5 87.5 43
      vertex 0.619934 88.8263 43
    endloop
  endfacet
  facet normal 0 0 1
    outer loop
      vertex 2.5 2.5 43
      vertex 1.17372 0.619934 43
      vertex 1.5 0.401917 43
    endloop
  endfacet
  facet normal -0 0 1
    outer loop
      vertex 0.228363 88.1481 43
      vertex 2.5 87.5 43
      vertex 0.401917 88.5 43
    endloop
  endfacet
  facet normal 0 0 1
    outer loop
      vertex 2.5 2.5 43
      vertex 0.878677 0.878677 43
      vertex 1.17372 0.619934 43
    endloop
  endfacet
  facet normal -0 0 1
    outer loop
      vertex 0.102219 87.7765 43
      vertex 2.5 87.5 43
      vertex 0.228363 88.1481 43
    endloop
  endfacet
  facet normal 0 0 1
    outer loop
      vertex 2.5 2.5 43
      vertex 0.619934 1.17372 43
      vertex 0.878677 0.878677 43
    endloop
  endfacet
  facet normal 0 0 1
    outer loop
      vertex 0.0256653 87.3916 43
      vertex 2.5 87.5 43
      vertex 0.102219 87.7765 43
    endloop
  endfacet
  facet normal 0 0 1
    outer loop
      vertex 2.5 2.5 43
      vertex 0.401917 1.5 43
      vertex 0.619934 1.17372 43
    endloop
  endfacet
  facet normal 0 0 1
    outer loop
      vertex 2.5 87.5 43
      vertex 0.0256653 87.3916 43
      vertex 0 87 43
    endloop
  endfacet
  facet normal 0 0 1
    outer loop
      vertex 2.5 2.5 43
      vertex 0.228363 1.85194 43
      vertex 0.401917 1.5 43
    endloop
  endfacet
  facet normal 0 0 1
    outer loop
      vertex 2.5 2.5 43
      vertex 0.102219 2.22354 43
      vertex 0.228363 1.85194 43
    endloop
  endfacet
  facet normal 0 0 1
    outer loop
      vertex 2.5 2.5 43
      vertex 0.0256653 2.60843 43
      vertex 0.102219 2.22354 43
    endloop
  endfacet
  facet normal -0.997859 -0.0654043 0
    outer loop
      vertex 0.0256653 2.60843 0
      vertex 0 3 43
      vertex 0 3 0
    endloop
  endfacet
  facet normal -0.997859 -0.0654043 0
    outer loop
      vertex 0 3 43
      vertex 0.0256653 2.60843 0
      vertex 0.0256653 2.60843 43
    endloop
  endfacet
  facet normal 0.555906 -0.831245 0
    outer loop
      vertex 116.5 0.401917 0
      vertex 116.826 0.619934 43
      vertex 116.5 0.401917 43
    endloop
  endfacet
  facet normal 0.555906 -0.831245 0
    outer loop
      vertex 116.826 0.619934 43
      vertex 116.5 0.401917 0
      vertex 116.826 0.619934 0
    endloop
  endfacet
  facet normal -1 0 0
    outer loop
      vertex 115.5 2.5 2.5
      vertex 115.5 87.5 43
      vertex 115.5 87.5 2.5
    endloop
  endfacet
  facet normal -1 -0 0
    outer loop
      vertex 115.5 87.5 43
      vertex 115.5 2.5 2.5
      vertex 115.5 2.5 43
    endloop
  endfacet
  facet normal 0 -1 0
    outer loop
      vertex 35.53 87.5 41.1456
      vertex 74.8144 87.5 41.1858
      vertex 35.1856 87.5 41.1858
    endloop
  endfacet
  facet normal 0 -1 0
    outer loop
      vertex 35.53 87.5 41.1456
      vertex 74.47 87.5 41.1456
      vertex 74.8144 87.5 41.1858
    endloop
  endfacet
  facet normal 0 -1 0
    outer loop
      vertex 35.5541 87.5 41.1427
      vertex 74.47 87.5 41.1456
      vertex 35.53 87.5 41.1456
    endloop
  endfacet
  facet normal 0 -1 0
    outer loop
      vertex 35.5541 87.5 41.1427
      vertex 74.4458 87.5 41.1427
      vertex 74.47 87.5 41.1456
    endloop
  endfacet
  facet normal 0 -1 0
    outer loop
      vertex 35.5778 87.5 41.1371
      vertex 74.4458 87.5 41.1427
      vertex 35.5541 87.5 41.1427
    endloop
  endfacet
  facet normal 0 -1 0
    outer loop
      vertex 35.5778 87.5 41.1371
      vertex 74.4222 87.5 41.1371
      vertex 74.4458 87.5 41.1427
    endloop
  endfacet
  facet normal 0 -1 0
    outer loop
      vertex 35.9153 87.5 41.0572
      vertex 74.4222 87.5 41.1371
      vertex 35.5778 87.5 41.1371
    endloop
  endfacet
  facet normal 0 -1 0
    outer loop
      vertex 35.9153 87.5 41.0572
      vertex 74.0847 87.5 41.0572
      vertex 74.4222 87.5 41.1371
    endloop
  endfacet
  facet normal 0 -1 0
    outer loop
      vertex 36.2412 87.5 40.9385
      vertex 74.0847 87.5 41.0572
      vertex 35.9153 87.5 41.0572
    endloop
  endfacet
  facet normal 0 -1 0
    outer loop
      vertex 36.2412 87.5 40.9385
      vertex 73.7588 87.5 40.9385
      vertex 74.0847 87.5 41.0572
    endloop
  endfacet
  facet normal 0 -1 0
    outer loop
      vertex 36.264 87.5 40.9302
      vertex 73.7588 87.5 40.9385
      vertex 36.2412 87.5 40.9385
    endloop
  endfacet
  facet normal 0 -1 0
    outer loop
      vertex 36.264 87.5 40.9302
      vertex 73.736 87.5 40.9302
      vertex 73.7588 87.5 40.9385
    endloop
  endfacet
  facet normal 0 -1 0
    outer loop
      vertex 36.5956 87.5 40.7637
      vertex 73.736 87.5 40.9302
      vertex 36.264 87.5 40.9302
    endloop
  endfacet
  facet normal 0 -1 0
    outer loop
      vertex 36.5956 87.5 40.7637
      vertex 73.4044 87.5 40.7637
      vertex 73.736 87.5 40.9302
    endloop
  endfacet
  facet normal 0 -1 0
    outer loop
      vertex 36.6159 87.5 40.7503
      vertex 73.4044 87.5 40.7637
      vertex 36.5956 87.5 40.7637
    endloop
  endfacet
  facet normal 0 -1 0
    outer loop
      vertex 36.6159 87.5 40.7503
      vertex 73.3841 87.5 40.7503
      vertex 73.4044 87.5 40.7637
    endloop
  endfacet
  facet normal 0 -1 0
    outer loop
      vertex 36.9057 87.5 40.5598
      vertex 73.3841 87.5 40.7503
      vertex 36.6159 87.5 40.7503
    endloop
  endfacet
  facet normal 0 -1 0
    outer loop
      vertex 36.9057 87.5 40.5598
      vertex 73.0943 87.5 40.5598
      vertex 73.3841 87.5 40.7503
    endloop
  endfacet
  facet normal 0 -1 0
    outer loop
      vertex 37.19 87.5 40.3212
      vertex 73.0943 87.5 40.5598
      vertex 36.9057 87.5 40.5598
    endloop
  endfacet
  facet normal 0 -1 0
    outer loop
      vertex 37.19 87.5 40.3212
      vertex 72.81 87.5 40.3212
      vertex 73.0943 87.5 40.5598
    endloop
  endfacet
  facet normal 0 -1 0
    outer loop
      vertex 37.428 87.5 40.0689
      vertex 72.81 87.5 40.3212
      vertex 37.19 87.5 40.3212
    endloop
  endfacet
  facet normal 0 -1 0
    outer loop
      vertex 37.428 87.5 40.0689
      vertex 72.572 87.5 40.0689
      vertex 72.81 87.5 40.3212
    endloop
  endfacet
  facet normal 0 -1 0
    outer loop
      vertex 37.4446 87.5 40.0513
      vertex 72.572 87.5 40.0689
      vertex 37.428 87.5 40.0689
    endloop
  endfacet
  facet normal 0 -1 0
    outer loop
      vertex 37.4446 87.5 40.0513
      vertex 72.5554 87.5 40.0513
      vertex 72.572 87.5 40.0689
    endloop
  endfacet
  facet normal 0 -1 0
    outer loop
      vertex 37.4591 87.5 40.0318
      vertex 72.5554 87.5 40.0513
      vertex 37.4446 87.5 40.0513
    endloop
  endfacet
  facet normal 0 -1 0
    outer loop
      vertex 37.4591 87.5 40.0318
      vertex 72.5409 87.5 40.0318
      vertex 72.5554 87.5 40.0513
    endloop
  endfacet
  facet normal 0 -1 0
    outer loop
      vertex 37.6662 87.5 39.7536
      vertex 72.5409 87.5 40.0318
      vertex 37.4591 87.5 40.0318
    endloop
  endfacet
  facet normal 0 -1 0
    outer loop
      vertex 37.6662 87.5 39.7536
      vertex 72.3338 87.5 39.7536
      vertex 72.5409 87.5 40.0318
    endloop
  endfacet
  facet normal 0 -1 0
    outer loop
      vertex 37.8396 87.5 39.4532
      vertex 72.3338 87.5 39.7536
      vertex 37.6662 87.5 39.7536
    endloop
  endfacet
  facet normal 0 -1 0
    outer loop
      vertex 37.8396 87.5 39.4532
      vertex 72.1604 87.5 39.4532
      vertex 72.3338 87.5 39.7536
    endloop
  endfacet
  facet normal 0 -1 0
    outer loop
      vertex 37.8518 87.5 39.4322
      vertex 72.1604 87.5 39.4532
      vertex 37.8396 87.5 39.4532
    endloop
  endfacet
  facet normal 0 -1 0
    outer loop
      vertex 37.8518 87.5 39.4322
      vertex 72.1482 87.5 39.4322
      vertex 72.1604 87.5 39.4532
    endloop
  endfacet
  facet normal 0 -1 0
    outer loop
      vertex 37.9892 87.5 39.1138
      vertex 72.1482 87.5 39.4322
      vertex 37.8518 87.5 39.4322
    endloop
  endfacet
  facet normal 0 -1 0
    outer loop
      vertex 37.9892 87.5 39.1138
      vertex 72.0108 87.5 39.1138
      vertex 72.1482 87.5 39.4322
    endloop
  endfacet
  facet normal 0 -1 0
    outer loop
      vertex 37.9988 87.5 39.0915
      vertex 72.0108 87.5 39.1138
      vertex 37.9892 87.5 39.1138
    endloop
  endfacet
  facet normal 0 -1 0
    outer loop
      vertex 37.9988 87.5 39.0915
      vertex 72.0012 87.5 39.0915
      vertex 72.0108 87.5 39.1138
    endloop
  endfacet
  facet normal 0 -1 0
    outer loop
      vertex 38.0057 87.5 39.0682
      vertex 72.0012 87.5 39.0915
      vertex 37.9988 87.5 39.0915
    endloop
  endfacet
  facet normal 0 -1 0
    outer loop
      vertex 38.0057 87.5 39.0682
      vertex 71.9943 87.5 39.0682
      vertex 72.0012 87.5 39.0915
    endloop
  endfacet
  facet normal 0 -1 0
    outer loop
      vertex 38.1052 87.5 38.7359
      vertex 71.9943 87.5 39.0682
      vertex 38.0057 87.5 39.0682
    endloop
  endfacet
  facet normal 0 -1 0
    outer loop
      vertex 38.1052 87.5 38.7359
      vertex 71.8948 87.5 38.7359
      vertex 71.9943 87.5 39.0682
    endloop
  endfacet
  facet normal 0 -1 0
    outer loop
      vertex 38.1094 87.5 38.712
      vertex 71.8948 87.5 38.7359
      vertex 38.1052 87.5 38.7359
    endloop
  endfacet
  facet normal 0 -1 0
    outer loop
      vertex 38.1094 87.5 38.712
      vertex 71.8906 87.5 38.712
      vertex 71.8948 87.5 38.7359
    endloop
  endfacet
  facet normal 0 -1 0
    outer loop
      vertex 38.1697 87.5 38.3705
      vertex 71.8906 87.5 38.712
      vertex 38.1094 87.5 38.712
    endloop
  endfacet
  facet normal 0 -1 0
    outer loop
      vertex 38.1697 87.5 38.3705
      vertex 71.8304 87.5 38.3705
      vertex 71.8906 87.5 38.712
    endloop
  endfacet
  facet normal 0 -1 0
    outer loop
      vertex 38.1711 87.5 38.3462
      vertex 71.8304 87.5 38.3705
      vertex 38.1697 87.5 38.3705
    endloop
  endfacet
  facet normal 0 -1 0
    outer loop
      vertex 38.1711 87.5 38.3462
      vertex 71.8289 87.5 38.3462
      vertex 71.8304 87.5 38.3705
    endloop
  endfacet
  facet normal 0 -1 0
    outer loop
      vertex 38.1912 87.5 38
      vertex 71.8289 87.5 38.3462
      vertex 38.1711 87.5 38.3462
    endloop
  endfacet
  facet normal 0 -1 0
    outer loop
      vertex 38.1912 87.5 38
      vertex 71.8088 87.5 38
      vertex 71.8289 87.5 38.3462
    endloop
  endfacet
  facet normal 0 -1 0
    outer loop
      vertex 38.1711 87.5 37.6538
      vertex 71.8088 87.5 38
      vertex 38.1912 87.5 38
    endloop
  endfacet
  facet normal 0 -1 0
    outer loop
      vertex 38.1711 87.5 37.6538
      vertex 71.8289 87.5 37.6538
      vertex 71.8088 87.5 38
    endloop
  endfacet
  facet normal 0 -1 0
    outer loop
      vertex 38.1697 87.5 37.6295
      vertex 71.8289 87.5 37.6538
      vertex 38.1711 87.5 37.6538
    endloop
  endfacet
  facet normal 0 -1 0
    outer loop
      vertex 38.1697 87.5 37.6295
      vertex 71.8304 87.5 37.6295
      vertex 71.8289 87.5 37.6538
    endloop
  endfacet
  facet normal 0 -1 0
    outer loop
      vertex 38.1094 87.5 37.288
      vertex 71.8304 87.5 37.6295
      vertex 38.1697 87.5 37.6295
    endloop
  endfacet
  facet normal 0 -1 0
    outer loop
      vertex 38.1094 87.5 37.288
      vertex 71.8906 87.5 37.288
      vertex 71.8304 87.5 37.6295
    endloop
  endfacet
  facet normal 0 -1 0
    outer loop
      vertex 38.1052 87.5 37.2641
      vertex 71.8906 87.5 37.288
      vertex 38.1094 87.5 37.288
    endloop
  endfacet
  facet normal 0 -1 0
    outer loop
      vertex 38.1052 87.5 37.2641
      vertex 71.8948 87.5 37.2641
      vertex 71.8906 87.5 37.288
    endloop
  endfacet
  facet normal 0 -1 0
    outer loop
      vertex 38.0057 87.5 36.9318
      vertex 71.8948 87.5 37.2641
      vertex 38.1052 87.5 37.2641
    endloop
  endfacet
  facet normal 0 -1 0
    outer loop
      vertex 38.0057 87.5 36.9318
      vertex 71.9943 87.5 36.9318
      vertex 71.8948 87.5 37.2641
    endloop
  endfacet
  facet normal 0 -1 0
    outer loop
      vertex 37.9988 87.5 36.9085
      vertex 71.9943 87.5 36.9318
      vertex 38.0057 87.5 36.9318
    endloop
  endfacet
  facet normal 0 -1 0
    outer loop
      vertex 37.9988 87.5 36.9085
      vertex 72.0012 87.5 36.9085
      vertex 71.9943 87.5 36.9318
    endloop
  endfacet
  facet normal 0 -1 0
    outer loop
      vertex 37.9892 87.5 36.8862
      vertex 72.0012 87.5 36.9085
      vertex 37.9988 87.5 36.9085
    endloop
  endfacet
  facet normal 0 -1 0
    outer loop
      vertex 37.9892 87.5 36.8862
      vertex 72.0108 87.5 36.8862
      vertex 72.0012 87.5 36.9085
    endloop
  endfacet
  facet normal 0 -1 0
    outer loop
      vertex 37.8518 87.5 36.5678
      vertex 72.0108 87.5 36.8862
      vertex 37.9892 87.5 36.8862
    endloop
  endfacet
  facet normal 0 -1 0
    outer loop
      vertex 37.8518 87.5 36.5678
      vertex 72.1482 87.5 36.5678
      vertex 72.0108 87.5 36.8862
    endloop
  endfacet
  facet normal 0 -1 0
    outer loop
      vertex 37.8396 87.5 36.5468
      vertex 72.1482 87.5 36.5678
      vertex 37.8518 87.5 36.5678
    endloop
  endfacet
  facet normal 0 -1 0
    outer loop
      vertex 37.8396 87.5 36.5468
      vertex 72.1604 87.5 36.5468
      vertex 72.1482 87.5 36.5678
    endloop
  endfacet
  facet normal 0 -1 0
    outer loop
      vertex 37.6662 87.5 36.2464
      vertex 72.1604 87.5 36.5468
      vertex 37.8396 87.5 36.5468
    endloop
  endfacet
  facet normal 0 -1 0
    outer loop
      vertex 37.6662 87.5 36.2464
      vertex 72.3338 87.5 36.2464
      vertex 72.1604 87.5 36.5468
    endloop
  endfacet
  facet normal 0 -1 0
    outer loop
      vertex 37.4591 87.5 35.9682
      vertex 72.3338 87.5 36.2464
      vertex 37.6662 87.5 36.2464
    endloop
  endfacet
  facet normal 0 -1 0
    outer loop
      vertex 37.4591 87.5 35.9682
      vertex 72.5409 87.5 35.9682
      vertex 72.3338 87.5 36.2464
    endloop
  endfacet
  facet normal 0 -1 0
    outer loop
      vertex 37.4446 87.5 35.9487
      vertex 72.5409 87.5 35.9682
      vertex 37.4591 87.5 35.9682
    endloop
  endfacet
  facet normal 0 -1 0
    outer loop
      vertex 37.4446 87.5 35.9487
      vertex 72.5554 87.5 35.9487
      vertex 72.5409 87.5 35.9682
    endloop
  endfacet
  facet normal 0 -1 0
    outer loop
      vertex 37.428 87.5 35.9311
      vertex 72.5554 87.5 35.9487
      vertex 37.4446 87.5 35.9487
    endloop
  endfacet
  facet normal 0 -1 0
    outer loop
      vertex 37.428 87.5 35.9311
      vertex 72.572 87.5 35.9311
      vertex 72.5554 87.5 35.9487
    endloop
  endfacet
  facet normal 0 -1 0
    outer loop
      vertex 37.19 87.5 35.6788
      vertex 72.572 87.5 35.9311
      vertex 37.428 87.5 35.9311
    endloop
  endfacet
  facet normal 0 -1 0
    outer loop
      vertex 37.19 87.5 35.6788
      vertex 72.81 87.5 35.6788
      vertex 72.572 87.5 35.9311
    endloop
  endfacet
  facet normal 0 -1 0
    outer loop
      vertex 36.9057 87.5 35.4402
      vertex 72.81 87.5 35.6788
      vertex 37.19 87.5 35.6788
    endloop
  endfacet
  facet normal 0 -1 0
    outer loop
      vertex 36.9057 87.5 35.4402
      vertex 73.0943 87.5 35.4402
      vertex 72.81 87.5 35.6788
    endloop
  endfacet
  facet normal 0 -1 0
    outer loop
      vertex 36.6159 87.5 35.2497
      vertex 73.0943 87.5 35.4402
      vertex 36.9057 87.5 35.4402
    endloop
  endfacet
  facet normal 0 -1 0
    outer loop
      vertex 36.6159 87.5 35.2497
      vertex 73.3841 87.5 35.2497
      vertex 73.0943 87.5 35.4402
    endloop
  endfacet
  facet normal 0 -1 0
    outer loop
      vertex 36.5956 87.5 35.2363
      vertex 73.3841 87.5 35.2497
      vertex 36.6159 87.5 35.2497
    endloop
  endfacet
  facet normal 0 -1 0
    outer loop
      vertex 36.5956 87.5 35.2363
      vertex 73.4044 87.5 35.2363
      vertex 73.3841 87.5 35.2497
    endloop
  endfacet
  facet normal 0 -1 0
    outer loop
      vertex 36.264 87.5 35.0698
      vertex 73.4044 87.5 35.2363
      vertex 36.5956 87.5 35.2363
    endloop
  endfacet
  facet normal 0 -1 0
    outer loop
      vertex 36.264 87.5 35.0698
      vertex 73.736 87.5 35.0698
      vertex 73.4044 87.5 35.2363
    endloop
  endfacet
  facet normal 0 -1 0
    outer loop
      vertex 36.2412 87.5 35.0615
      vertex 73.736 87.5 35.0698
      vertex 36.264 87.5 35.0698
    endloop
  endfacet
  facet normal 0 -1 0
    outer loop
      vertex 36.2412 87.5 35.0615
      vertex 73.7588 87.5 35.0615
      vertex 73.736 87.5 35.0698
    endloop
  endfacet
  facet normal 0 -1 0
    outer loop
      vertex 35.9153 87.5 34.9428
      vertex 73.7588 87.5 35.0615
      vertex 36.2412 87.5 35.0615
    endloop
  endfacet
  facet normal 0 -1 0
    outer loop
      vertex 35.9153 87.5 34.9428
      vertex 74.0847 87.5 34.9428
      vertex 73.7588 87.5 35.0615
    endloop
  endfacet
  facet normal 0 -1 0
    outer loop
      vertex 2.5 87.5 2.5
      vertex 35.9153 87.5 34.9428
      vertex 35.5778 87.5 34.8629
    endloop
  endfacet
  facet normal 0 -1 -0
    outer loop
      vertex 35.9153 87.5 34.9428
      vertex 2.5 87.5 2.5
      vertex 74.0847 87.5 34.9428
    endloop
  endfacet
  facet normal 0 -1 0
    outer loop
      vertex 2.5 87.5 2.5
      vertex 35.5778 87.5 34.8629
      vertex 35.5541 87.5 34.8573
    endloop
  endfacet
  facet normal 0 -1 -0
    outer loop
      vertex 74.0847 87.5 34.9428
      vertex 2.5 87.5 2.5
      vertex 74.4222 87.5 34.8629
    endloop
  endfacet
  facet normal 0 -1 0
    outer loop
      vertex 2.5 87.5 2.5
      vertex 35.5541 87.5 34.8573
      vertex 35.53 87.5 34.8544
    endloop
  endfacet
  facet normal 0 -1 0
    outer loop
      vertex 115.5 87.5 2.5
      vertex 74.4222 87.5 34.8629
      vertex 2.5 87.5 2.5
    endloop
  endfacet
  facet normal 0 -1 0
    outer loop
      vertex 2.5 87.5 2.5
      vertex 35.53 87.5 34.8544
      vertex 35.1856 87.5 34.8142
    endloop
  endfacet
  facet normal 0 -1 0
    outer loop
      vertex 74.4222 87.5 34.8629
      vertex 115.5 87.5 2.5
      vertex 74.4458 87.5 34.8573
    endloop
  endfacet
  facet normal 0 -1 0
    outer loop
      vertex 35.1856 87.5 41.1858
      vertex 2.5 87.5 43
      vertex 34.8144 87.5 41.1858
    endloop
  endfacet
  facet normal 0 -1 0
    outer loop
      vertex 2.5 87.5 43
      vertex 34.47 87.5 41.1456
      vertex 34.8144 87.5 41.1858
    endloop
  endfacet
  facet normal 0 -1 0
    outer loop
      vertex 2.5 87.5 43
      vertex 34.4459 87.5 41.1427
      vertex 34.47 87.5 41.1456
    endloop
  endfacet
  facet normal 0 -1 0
    outer loop
      vertex 2.5 87.5 43
      vertex 34.4222 87.5 41.1371
      vertex 34.4459 87.5 41.1427
    endloop
  endfacet
  facet normal 0 -1 0
    outer loop
      vertex 2.5 87.5 43
      vertex 34.0847 87.5 41.0572
      vertex 34.4222 87.5 41.1371
    endloop
  endfacet
  facet normal 0 -1 0
    outer loop
      vertex 2.5 87.5 43
      vertex 33.7588 87.5 40.9385
      vertex 34.0847 87.5 41.0572
    endloop
  endfacet
  facet normal 0 -1 0
    outer loop
      vertex 2.5 87.5 43
      vertex 33.736 87.5 40.9302
      vertex 33.7588 87.5 40.9385
    endloop
  endfacet
  facet normal 0 -1 0
    outer loop
      vertex 2.5 87.5 43
      vertex 33.4044 87.5 40.7637
      vertex 33.736 87.5 40.9302
    endloop
  endfacet
  facet normal 0 -1 0
    outer loop
      vertex 2.5 87.5 43
      vertex 33.3841 87.5 40.7503
      vertex 33.4044 87.5 40.7637
    endloop
  endfacet
  facet normal 0 -1 0
    outer loop
      vertex 2.5 87.5 43
      vertex 33.0943 87.5 40.5598
      vertex 33.3841 87.5 40.7503
    endloop
  endfacet
  facet normal 0 -1 0
    outer loop
      vertex 2.5 87.5 43
      vertex 32.81 87.5 40.3212
      vertex 33.0943 87.5 40.5598
    endloop
  endfacet
  facet normal 0 -1 0
    outer loop
      vertex 2.5 87.5 43
      vertex 32.572 87.5 40.0689
      vertex 32.81 87.5 40.3212
    endloop
  endfacet
  facet normal 0 -1 0
    outer loop
      vertex 2.5 87.5 43
      vertex 32.5554 87.5 40.0513
      vertex 32.572 87.5 40.0689
    endloop
  endfacet
  facet normal 0 -1 0
    outer loop
      vertex 2.5 87.5 43
      vertex 32.5409 87.5 40.0318
      vertex 32.5554 87.5 40.0513
    endloop
  endfacet
  facet normal 0 -1 0
    outer loop
      vertex 2.5 87.5 43
      vertex 32.3338 87.5 39.7536
      vertex 32.5409 87.5 40.0318
    endloop
  endfacet
  facet normal 0 -1 0
    outer loop
      vertex 2.5 87.5 43
      vertex 32.1604 87.5 39.4532
      vertex 32.3338 87.5 39.7536
    endloop
  endfacet
  facet normal 0 -1 0
    outer loop
      vertex 2.5 87.5 43
      vertex 32.1482 87.5 39.4322
      vertex 32.1604 87.5 39.4532
    endloop
  endfacet
  facet normal 0 -1 0
    outer loop
      vertex 2.5 87.5 43
      vertex 32.0108 87.5 39.1138
      vertex 32.1482 87.5 39.4322
    endloop
  endfacet
  facet normal 0 -1 0
    outer loop
      vertex 2.5 87.5 43
      vertex 32.0012 87.5 39.0915
      vertex 32.0108 87.5 39.1138
    endloop
  endfacet
  facet normal 0 -1 0
    outer loop
      vertex 2.5 87.5 43
      vertex 31.9943 87.5 39.0682
      vertex 32.0012 87.5 39.0915
    endloop
  endfacet
  facet normal 0 -1 0
    outer loop
      vertex 2.5 87.5 43
      vertex 31.8948 87.5 38.7359
      vertex 31.9943 87.5 39.0682
    endloop
  endfacet
  facet normal 0 -1 0
    outer loop
      vertex 2.5 87.5 43
      vertex 31.8906 87.5 38.712
      vertex 31.8948 87.5 38.7359
    endloop
  endfacet
  facet normal 0 -1 0
    outer loop
      vertex 2.5 87.5 43
      vertex 31.8303 87.5 38.3705
      vertex 31.8906 87.5 38.712
    endloop
  endfacet
  facet normal 0 -1 0
    outer loop
      vertex 2.5 87.5 43
      vertex 31.8289 87.5 38.3462
      vertex 31.8303 87.5 38.3705
    endloop
  endfacet
  facet normal 0 -1 0
    outer loop
      vertex 2.5 87.5 43
      vertex 31.8088 87.5 38
      vertex 31.8289 87.5 38.3462
    endloop
  endfacet
  facet normal 0 -1 0
    outer loop
      vertex 2.5 87.5 43
      vertex 31.8289 87.5 37.6538
      vertex 31.8088 87.5 38
    endloop
  endfacet
  facet normal 0 -1 0
    outer loop
      vertex 2.5 87.5 43
      vertex 31.8303 87.5 37.6295
      vertex 31.8289 87.5 37.6538
    endloop
  endfacet
  facet normal 0 -1 0
    outer loop
      vertex 2.5 87.5 43
      vertex 31.8906 87.5 37.288
      vertex 31.8303 87.5 37.6295
    endloop
  endfacet
  facet normal 0 -1 0
    outer loop
      vertex 2.5 87.5 43
      vertex 31.8948 87.5 37.2641
      vertex 31.8906 87.5 37.288
    endloop
  endfacet
  facet normal 0 -1 0
    outer loop
      vertex 2.5 87.5 43
      vertex 31.9943 87.5 36.9318
      vertex 31.8948 87.5 37.2641
    endloop
  endfacet
  facet normal 0 -1 0
    outer loop
      vertex 2.5 87.5 43
      vertex 32.0012 87.5 36.9085
      vertex 31.9943 87.5 36.9318
    endloop
  endfacet
  facet normal 0 -1 0
    outer loop
      vertex 2.5 87.5 43
      vertex 32.0108 87.5 36.8862
      vertex 32.0012 87.5 36.9085
    endloop
  endfacet
  facet normal 0 -1 0
    outer loop
      vertex 2.5 87.5 43
      vertex 32.1482 87.5 36.5678
      vertex 32.0108 87.5 36.8862
    endloop
  endfacet
  facet normal 0 -1 0
    outer loop
      vertex 2.5 87.5 43
      vertex 32.1604 87.5 36.5468
      vertex 32.1482 87.5 36.5678
    endloop
  endfacet
  facet normal 0 -1 0
    outer loop
      vertex 2.5 87.5 43
      vertex 32.3338 87.5 36.2464
      vertex 32.1604 87.5 36.5468
    endloop
  endfacet
  facet normal 0 -1 0
    outer loop
      vertex 2.5 87.5 2.5
      vertex 32.3338 87.5 36.2464
      vertex 2.5 87.5 43
    endloop
  endfacet
  facet normal 0 -1 -0
    outer loop
      vertex 32.3338 87.5 36.2464
      vertex 2.5 87.5 2.5
      vertex 32.5409 87.5 35.9682
    endloop
  endfacet
  facet normal 0 -1 -0
    outer loop
      vertex 32.5409 87.5 35.9682
      vertex 2.5 87.5 2.5
      vertex 32.5554 87.5 35.9487
    endloop
  endfacet
  facet normal 0 -1 -0
    outer loop
      vertex 32.5554 87.5 35.9487
      vertex 2.5 87.5 2.5
      vertex 32.572 87.5 35.9311
    endloop
  endfacet
  facet normal 0 -1 -0
    outer loop
      vertex 32.572 87.5 35.9311
      vertex 2.5 87.5 2.5
      vertex 32.81 87.5 35.6788
    endloop
  endfacet
  facet normal 0 -1 -0
    outer loop
      vertex 32.81 87.5 35.6788
      vertex 2.5 87.5 2.5
      vertex 33.0943 87.5 35.4402
    endloop
  endfacet
  facet normal 0 -1 -0
    outer loop
      vertex 33.0943 87.5 35.4402
      vertex 2.5 87.5 2.5
      vertex 33.3841 87.5 35.2497
    endloop
  endfacet
  facet normal 0 -1 -0
    outer loop
      vertex 33.3841 87.5 35.2497
      vertex 2.5 87.5 2.5
      vertex 33.4044 87.5 35.2363
    endloop
  endfacet
  facet normal 0 -1 -0
    outer loop
      vertex 33.4044 87.5 35.2363
      vertex 2.5 87.5 2.5
      vertex 33.736 87.5 35.0698
    endloop
  endfacet
  facet normal 0 -1 -0
    outer loop
      vertex 33.736 87.5 35.0698
      vertex 2.5 87.5 2.5
      vertex 33.7588 87.5 35.0615
    endloop
  endfacet
  facet normal 0 1 0
    outer loop
      vertex 34.0847 87.5 34.9428
      vertex 34.4459 87.5 34.8573
      vertex 34.4222 87.5 34.8629
    endloop
  endfacet
  facet normal 0 -1 0
    outer loop
      vertex 2.5 87.5 2.5
      vertex 35.1856 87.5 34.8142
      vertex 34.8144 87.5 34.8142
    endloop
  endfacet
  facet normal 0 -1 0
    outer loop
      vertex 74.4458 87.5 34.8573
      vertex 115.5 87.5 2.5
      vertex 74.47 87.5 34.8544
    endloop
  endfacet
  facet normal 0 -1 0
    outer loop
      vertex 74.47 87.5 34.8544
      vertex 115.5 87.5 2.5
      vertex 74.8144 87.5 34.8142
    endloop
  endfacet
  facet normal 0 -1 -0
    outer loop
      vertex 34.47 87.5 34.8544
      vertex 2.5 87.5 2.5
      vertex 34.8144 87.5 34.8142
    endloop
  endfacet
  facet normal 0 -1 -0
    outer loop
      vertex 34.4459 87.5 34.8573
      vertex 2.5 87.5 2.5
      vertex 34.47 87.5 34.8544
    endloop
  endfacet
  facet normal 0 -1 -0
    outer loop
      vertex 34.0847 87.5 34.9428
      vertex 2.5 87.5 2.5
      vertex 34.4459 87.5 34.8573
    endloop
  endfacet
  facet normal 0 -1 -0
    outer loop
      vertex 33.7588 87.5 35.0615
      vertex 2.5 87.5 2.5
      vertex 34.0847 87.5 34.9428
    endloop
  endfacet
  facet normal 0 -1 0
    outer loop
      vertex 74.8144 87.5 41.1858
      vertex 2.5 87.5 43
      vertex 35.1856 87.5 41.1858
    endloop
  endfacet
  facet normal 0 -1 0
    outer loop
      vertex 2.5 87.5 43
      vertex 74.8144 87.5 41.1858
      vertex 115.5 87.5 43
    endloop
  endfacet
  facet normal 0 -1 0
    outer loop
      vertex 75.1856 87.5 41.1858
      vertex 115.5 87.5 43
      vertex 74.8144 87.5 41.1858
    endloop
  endfacet
  facet normal 0 -1 0
    outer loop
      vertex 75.53 87.5 41.1456
      vertex 115.5 87.5 43
      vertex 75.1856 87.5 41.1858
    endloop
  endfacet
  facet normal 0 -1 0
    outer loop
      vertex 75.5542 87.5 41.1427
      vertex 115.5 87.5 43
      vertex 75.53 87.5 41.1456
    endloop
  endfacet
  facet normal 0 -1 0
    outer loop
      vertex 75.5778 87.5 41.1371
      vertex 115.5 87.5 43
      vertex 75.5542 87.5 41.1427
    endloop
  endfacet
  facet normal 0 -1 0
    outer loop
      vertex 75.9153 87.5 41.0572
      vertex 115.5 87.5 43
      vertex 75.5778 87.5 41.1371
    endloop
  endfacet
  facet normal 0 -1 0
    outer loop
      vertex 76.2412 87.5 40.9385
      vertex 115.5 87.5 43
      vertex 75.9153 87.5 41.0572
    endloop
  endfacet
  facet normal 0 -1 0
    outer loop
      vertex 76.264 87.5 40.9302
      vertex 115.5 87.5 43
      vertex 76.2412 87.5 40.9385
    endloop
  endfacet
  facet normal 0 -1 0
    outer loop
      vertex 76.5956 87.5 40.7637
      vertex 115.5 87.5 43
      vertex 76.264 87.5 40.9302
    endloop
  endfacet
  facet normal 0 -1 0
    outer loop
      vertex 76.6159 87.5 40.7503
      vertex 115.5 87.5 43
      vertex 76.5956 87.5 40.7637
    endloop
  endfacet
  facet normal 0 -1 0
    outer loop
      vertex 76.9057 87.5 40.5598
      vertex 115.5 87.5 43
      vertex 76.6159 87.5 40.7503
    endloop
  endfacet
  facet normal 0 -1 0
    outer loop
      vertex 77.19 87.5 40.3212
      vertex 115.5 87.5 43
      vertex 76.9057 87.5 40.5598
    endloop
  endfacet
  facet normal 0 -1 0
    outer loop
      vertex 77.428 87.5 40.0689
      vertex 115.5 87.5 43
      vertex 77.19 87.5 40.3212
    endloop
  endfacet
  facet normal 0 -1 0
    outer loop
      vertex 77.4446 87.5 40.0513
      vertex 115.5 87.5 43
      vertex 77.428 87.5 40.0689
    endloop
  endfacet
  facet normal 0 -1 0
    outer loop
      vertex 77.4591 87.5 40.0318
      vertex 115.5 87.5 43
      vertex 77.4446 87.5 40.0513
    endloop
  endfacet
  facet normal 0 -1 0
    outer loop
      vertex 77.6662 87.5 39.7536
      vertex 115.5 87.5 43
      vertex 77.4591 87.5 40.0318
    endloop
  endfacet
  facet normal 0 -1 0
    outer loop
      vertex 77.8396 87.5 39.4532
      vertex 115.5 87.5 43
      vertex 77.6662 87.5 39.7536
    endloop
  endfacet
  facet normal 0 -1 0
    outer loop
      vertex 77.8518 87.5 39.4322
      vertex 115.5 87.5 43
      vertex 77.8396 87.5 39.4532
    endloop
  endfacet
  facet normal 0 -1 0
    outer loop
      vertex 77.9892 87.5 39.1138
      vertex 115.5 87.5 43
      vertex 77.8518 87.5 39.4322
    endloop
  endfacet
  facet normal 0 -1 0
    outer loop
      vertex 77.9988 87.5 39.0915
      vertex 115.5 87.5 43
      vertex 77.9892 87.5 39.1138
    endloop
  endfacet
  facet normal 0 -1 0
    outer loop
      vertex 78.0057 87.5 39.0682
      vertex 115.5 87.5 43
      vertex 77.9988 87.5 39.0915
    endloop
  endfacet
  facet normal 0 -1 0
    outer loop
      vertex 78.1052 87.5 38.7359
      vertex 115.5 87.5 43
      vertex 78.0057 87.5 39.0682
    endloop
  endfacet
  facet normal 0 -1 0
    outer loop
      vertex 78.1094 87.5 38.712
      vertex 115.5 87.5 43
      vertex 78.1052 87.5 38.7359
    endloop
  endfacet
  facet normal 0 -1 0
    outer loop
      vertex 78.1696 87.5 38.3705
      vertex 115.5 87.5 43
      vertex 78.1094 87.5 38.712
    endloop
  endfacet
  facet normal 0 -1 0
    outer loop
      vertex 78.1711 87.5 38.3462
      vertex 115.5 87.5 43
      vertex 78.1696 87.5 38.3705
    endloop
  endfacet
  facet normal 0 -1 0
    outer loop
      vertex 78.1912 87.5 38
      vertex 115.5 87.5 43
      vertex 78.1711 87.5 38.3462
    endloop
  endfacet
  facet normal 0 -1 0
    outer loop
      vertex 78.1711 87.5 37.6538
      vertex 115.5 87.5 43
      vertex 78.1912 87.5 38
    endloop
  endfacet
  facet normal 0 -1 0
    outer loop
      vertex 78.1696 87.5 37.6295
      vertex 115.5 87.5 43
      vertex 78.1711 87.5 37.6538
    endloop
  endfacet
  facet normal 0 -1 0
    outer loop
      vertex 78.1094 87.5 37.288
      vertex 115.5 87.5 43
      vertex 78.1696 87.5 37.6295
    endloop
  endfacet
  facet normal 0 -1 0
    outer loop
      vertex 78.1052 87.5 37.2641
      vertex 115.5 87.5 43
      vertex 78.1094 87.5 37.288
    endloop
  endfacet
  facet normal 0 -1 0
    outer loop
      vertex 78.0057 87.5 36.9318
      vertex 115.5 87.5 43
      vertex 78.1052 87.5 37.2641
    endloop
  endfacet
  facet normal 0 -1 0
    outer loop
      vertex 77.9988 87.5 36.9085
      vertex 115.5 87.5 43
      vertex 78.0057 87.5 36.9318
    endloop
  endfacet
  facet normal 0 -1 0
    outer loop
      vertex 77.9892 87.5 36.8862
      vertex 115.5 87.5 43
      vertex 77.9988 87.5 36.9085
    endloop
  endfacet
  facet normal 0 -1 0
    outer loop
      vertex 77.8518 87.5 36.5678
      vertex 115.5 87.5 43
      vertex 77.9892 87.5 36.8862
    endloop
  endfacet
  facet normal 0 -1 0
    outer loop
      vertex 77.8396 87.5 36.5468
      vertex 115.5 87.5 43
      vertex 77.8518 87.5 36.5678
    endloop
  endfacet
  facet normal 0 -1 0
    outer loop
      vertex 77.6662 87.5 36.2464
      vertex 115.5 87.5 43
      vertex 77.8396 87.5 36.5468
    endloop
  endfacet
  facet normal 0 -1 0
    outer loop
      vertex 115.5 87.5 2.5
      vertex 77.6662 87.5 36.2464
      vertex 77.4591 87.5 35.9682
    endloop
  endfacet
  facet normal 0 -1 0
    outer loop
      vertex 115.5 87.5 2.5
      vertex 77.4591 87.5 35.9682
      vertex 77.4446 87.5 35.9487
    endloop
  endfacet
  facet normal 0 -1 0
    outer loop
      vertex 115.5 87.5 2.5
      vertex 77.4446 87.5 35.9487
      vertex 77.428 87.5 35.9311
    endloop
  endfacet
  facet normal 0 -1 0
    outer loop
      vertex 115.5 87.5 2.5
      vertex 77.428 87.5 35.9311
      vertex 77.19 87.5 35.6788
    endloop
  endfacet
  facet normal 0 -1 0
    outer loop
      vertex 115.5 87.5 2.5
      vertex 77.19 87.5 35.6788
      vertex 76.9057 87.5 35.4402
    endloop
  endfacet
  facet normal 0 -1 0
    outer loop
      vertex 115.5 87.5 2.5
      vertex 76.9057 87.5 35.4402
      vertex 76.6159 87.5 35.2497
    endloop
  endfacet
  facet normal 0 -1 0
    outer loop
      vertex 115.5 87.5 2.5
      vertex 76.6159 87.5 35.2497
      vertex 76.5956 87.5 35.2363
    endloop
  endfacet
  facet normal 0 -1 0
    outer loop
      vertex 115.5 87.5 2.5
      vertex 76.5956 87.5 35.2363
      vertex 76.264 87.5 35.0698
    endloop
  endfacet
  facet normal 0 -1 0
    outer loop
      vertex 115.5 87.5 2.5
      vertex 76.264 87.5 35.0698
      vertex 76.2412 87.5 35.0615
    endloop
  endfacet
  facet normal 0 -1 0
    outer loop
      vertex 115.5 87.5 2.5
      vertex 76.2412 87.5 35.0615
      vertex 75.9153 87.5 34.9428
    endloop
  endfacet
  facet normal 0 -1 0
    outer loop
      vertex 115.5 87.5 2.5
      vertex 75.9153 87.5 34.9428
      vertex 75.5778 87.5 34.8629
    endloop
  endfacet
  facet normal 0 -1 0
    outer loop
      vertex 115.5 87.5 2.5
      vertex 75.5778 87.5 34.8629
      vertex 75.5542 87.5 34.8573
    endloop
  endfacet
  facet normal 0 -1 0
    outer loop
      vertex 74.8144 87.5 34.8142
      vertex 115.5 87.5 2.5
      vertex 75.1856 87.5 34.8142
    endloop
  endfacet
  facet normal 0 -1 0
    outer loop
      vertex 75.1856 87.5 34.8142
      vertex 115.5 87.5 2.5
      vertex 75.53 87.5 34.8544
    endloop
  endfacet
  facet normal 0 -1 0
    outer loop
      vertex 75.53 87.5 34.8544
      vertex 115.5 87.5 2.5
      vertex 75.5542 87.5 34.8573
    endloop
  endfacet
  facet normal 0 -1 0
    outer loop
      vertex 77.6662 87.5 36.2464
      vertex 115.5 87.5 2.5
      vertex 115.5 87.5 43
    endloop
  endfacet
  facet normal 0 1 0
    outer loop
      vertex 16.7 2.5 7.3
      vertex 74.0847 2.5 34.9428
      vertex 101.3 2.5 7.3
    endloop
  endfacet
  facet normal 0 1 0
    outer loop
      vertex 74.0847 2.5 34.9428
      vertex 16.7 2.5 7.3
      vertex 16.7 2.5 12.7
    endloop
  endfacet
  facet normal 0 1 -0
    outer loop
      vertex 74.47 2.5 41.1456
      vertex 35.1856 2.5 41.1858
      vertex 74.8144 2.5 41.1858
    endloop
  endfacet
  facet normal 0 1 0
    outer loop
      vertex 74.47 2.5 41.1456
      vertex 35.53 2.5 41.1456
      vertex 35.1856 2.5 41.1858
    endloop
  endfacet
  facet normal 0 1 -0
    outer loop
      vertex 74.4458 2.5 41.1427
      vertex 35.53 2.5 41.1456
      vertex 74.47 2.5 41.1456
    endloop
  endfacet
  facet normal 0 1 0
    outer loop
      vertex 74.4458 2.5 41.1427
      vertex 35.5541 2.5 41.1427
      vertex 35.53 2.5 41.1456
    endloop
  endfacet
  facet normal 0 1 -0
    outer loop
      vertex 74.4222 2.5 41.1371
      vertex 35.5541 2.5 41.1427
      vertex 74.4458 2.5 41.1427
    endloop
  endfacet
  facet normal 0 1 0
    outer loop
      vertex 74.4222 2.5 41.1371
      vertex 35.5778 2.5 41.1371
      vertex 35.5541 2.5 41.1427
    endloop
  endfacet
  facet normal 0 1 -0
    outer loop
      vertex 74.0847 2.5 41.0572
      vertex 35.5778 2.5 41.1371
      vertex 74.4222 2.5 41.1371
    endloop
  endfacet
  facet normal 0 1 0
    outer loop
      vertex 74.0847 2.5 41.0572
      vertex 35.9153 2.5 41.0572
      vertex 35.5778 2.5 41.1371
    endloop
  endfacet
  facet normal 0 1 -0
    outer loop
      vertex 73.7588 2.5 40.9385
      vertex 35.9153 2.5 41.0572
      vertex 74.0847 2.5 41.0572
    endloop
  endfacet
  facet normal 0 1 0
    outer loop
      vertex 73.7588 2.5 40.9385
      vertex 36.2412 2.5 40.9385
      vertex 35.9153 2.5 41.0572
    endloop
  endfacet
  facet normal 0 1 -0
    outer loop
      vertex 73.736 2.5 40.9302
      vertex 36.2412 2.5 40.9385
      vertex 73.7588 2.5 40.9385
    endloop
  endfacet
  facet normal 0 1 0
    outer loop
      vertex 73.736 2.5 40.9302
      vertex 36.264 2.5 40.9302
      vertex 36.2412 2.5 40.9385
    endloop
  endfacet
  facet normal 0 1 -0
    outer loop
      vertex 73.4044 2.5 40.7637
      vertex 36.264 2.5 40.9302
      vertex 73.736 2.5 40.9302
    endloop
  endfacet
  facet normal 0 1 0
    outer loop
      vertex 73.4044 2.5 40.7637
      vertex 36.5956 2.5 40.7637
      vertex 36.264 2.5 40.9302
    endloop
  endfacet
  facet normal 0 1 -0
    outer loop
      vertex 73.3841 2.5 40.7503
      vertex 36.5956 2.5 40.7637
      vertex 73.4044 2.5 40.7637
    endloop
  endfacet
  facet normal 0 1 0
    outer loop
      vertex 73.3841 2.5 40.7503
      vertex 36.6159 2.5 40.7503
      vertex 36.5956 2.5 40.7637
    endloop
  endfacet
  facet normal 0 1 -0
    outer loop
      vertex 73.0943 2.5 40.5598
      vertex 36.6159 2.5 40.7503
      vertex 73.3841 2.5 40.7503
    endloop
  endfacet
  facet normal 0 1 0
    outer loop
      vertex 73.0943 2.5 40.5598
      vertex 36.9057 2.5 40.5598
      vertex 36.6159 2.5 40.7503
    endloop
  endfacet
  facet normal 0 1 -0
    outer loop
      vertex 72.81 2.5 40.3212
      vertex 36.9057 2.5 40.5598
      vertex 73.0943 2.5 40.5598
    endloop
  endfacet
  facet normal 0 1 0
    outer loop
      vertex 72.81 2.5 40.3212
      vertex 37.19 2.5 40.3212
      vertex 36.9057 2.5 40.5598
    endloop
  endfacet
  facet normal 0 1 -0
    outer loop
      vertex 72.572 2.5 40.0689
      vertex 37.19 2.5 40.3212
      vertex 72.81 2.5 40.3212
    endloop
  endfacet
  facet normal 0 1 0
    outer loop
      vertex 72.572 2.5 40.0689
      vertex 37.428 2.5 40.0689
      vertex 37.19 2.5 40.3212
    endloop
  endfacet
  facet normal 0 1 -0
    outer loop
      vertex 72.5554 2.5 40.0513
      vertex 37.428 2.5 40.0689
      vertex 72.572 2.5 40.0689
    endloop
  endfacet
  facet normal 0 1 0
    outer loop
      vertex 72.5554 2.5 40.0513
      vertex 37.4446 2.5 40.0513
      vertex 37.428 2.5 40.0689
    endloop
  endfacet
  facet normal 0 1 -0
    outer loop
      vertex 72.5409 2.5 40.0318
      vertex 37.4446 2.5 40.0513
      vertex 72.5554 2.5 40.0513
    endloop
  endfacet
  facet normal 0 1 0
    outer loop
      vertex 72.5409 2.5 40.0318
      vertex 37.4591 2.5 40.0318
      vertex 37.4446 2.5 40.0513
    endloop
  endfacet
  facet normal 0 1 -0
    outer loop
      vertex 72.3338 2.5 39.7536
      vertex 37.4591 2.5 40.0318
      vertex 72.5409 2.5 40.0318
    endloop
  endfacet
  facet normal 0 1 0
    outer loop
      vertex 72.3338 2.5 39.7536
      vertex 37.6662 2.5 39.7536
      vertex 37.4591 2.5 40.0318
    endloop
  endfacet
  facet normal 0 1 -0
    outer loop
      vertex 72.1604 2.5 39.4532
      vertex 37.6662 2.5 39.7536
      vertex 72.3338 2.5 39.7536
    endloop
  endfacet
  facet normal 0 1 0
    outer loop
      vertex 72.1604 2.5 39.4532
      vertex 37.8396 2.5 39.4532
      vertex 37.6662 2.5 39.7536
    endloop
  endfacet
  facet normal 0 1 -0
    outer loop
      vertex 72.1482 2.5 39.4322
      vertex 37.8396 2.5 39.4532
      vertex 72.1604 2.5 39.4532
    endloop
  endfacet
  facet normal 0 1 0
    outer loop
      vertex 72.1482 2.5 39.4322
      vertex 37.8518 2.5 39.4322
      vertex 37.8396 2.5 39.4532
    endloop
  endfacet
  facet normal 0 1 -0
    outer loop
      vertex 72.0108 2.5 39.1138
      vertex 37.8518 2.5 39.4322
      vertex 72.1482 2.5 39.4322
    endloop
  endfacet
  facet normal 0 1 0
    outer loop
      vertex 72.0108 2.5 39.1138
      vertex 37.9892 2.5 39.1138
      vertex 37.8518 2.5 39.4322
    endloop
  endfacet
  facet normal 0 1 -0
    outer loop
      vertex 72.0012 2.5 39.0915
      vertex 37.9892 2.5 39.1138
      vertex 72.0108 2.5 39.1138
    endloop
  endfacet
  facet normal 0 1 0
    outer loop
      vertex 72.0012 2.5 39.0915
      vertex 37.9988 2.5 39.0915
      vertex 37.9892 2.5 39.1138
    endloop
  endfacet
  facet normal 0 1 -0
    outer loop
      vertex 71.9943 2.5 39.0682
      vertex 37.9988 2.5 39.0915
      vertex 72.0012 2.5 39.0915
    endloop
  endfacet
  facet normal 0 1 0
    outer loop
      vertex 71.9943 2.5 39.0682
      vertex 38.0057 2.5 39.0682
      vertex 37.9988 2.5 39.0915
    endloop
  endfacet
  facet normal 0 1 -0
    outer loop
      vertex 71.8948 2.5 38.7359
      vertex 38.0057 2.5 39.0682
      vertex 71.9943 2.5 39.0682
    endloop
  endfacet
  facet normal 0 1 0
    outer loop
      vertex 71.8948 2.5 38.7359
      vertex 38.1052 2.5 38.7359
      vertex 38.0057 2.5 39.0682
    endloop
  endfacet
  facet normal 0 1 -0
    outer loop
      vertex 71.8906 2.5 38.712
      vertex 38.1052 2.5 38.7359
      vertex 71.8948 2.5 38.7359
    endloop
  endfacet
  facet normal 0 1 0
    outer loop
      vertex 71.8906 2.5 38.712
      vertex 38.1094 2.5 38.712
      vertex 38.1052 2.5 38.7359
    endloop
  endfacet
  facet normal 0 1 -0
    outer loop
      vertex 71.8304 2.5 38.3705
      vertex 38.1094 2.5 38.712
      vertex 71.8906 2.5 38.712
    endloop
  endfacet
  facet normal 0 1 0
    outer loop
      vertex 71.8304 2.5 38.3705
      vertex 38.1697 2.5 38.3705
      vertex 38.1094 2.5 38.712
    endloop
  endfacet
  facet normal 0 1 -0
    outer loop
      vertex 71.8289 2.5 38.3462
      vertex 38.1697 2.5 38.3705
      vertex 71.8304 2.5 38.3705
    endloop
  endfacet
  facet normal 0 1 0
    outer loop
      vertex 71.8289 2.5 38.3462
      vertex 38.1711 2.5 38.3462
      vertex 38.1697 2.5 38.3705
    endloop
  endfacet
  facet normal 0 1 -0
    outer loop
      vertex 71.8088 2.5 38
      vertex 38.1711 2.5 38.3462
      vertex 71.8289 2.5 38.3462
    endloop
  endfacet
  facet normal 0 1 0
    outer loop
      vertex 71.8088 2.5 38
      vertex 38.1912 2.5 38
      vertex 38.1711 2.5 38.3462
    endloop
  endfacet
  facet normal 0 1 0
    outer loop
      vertex 71.8289 2.5 37.6538
      vertex 38.1912 2.5 38
      vertex 71.8088 2.5 38
    endloop
  endfacet
  facet normal 0 1 0
    outer loop
      vertex 71.8289 2.5 37.6538
      vertex 38.1711 2.5 37.6538
      vertex 38.1912 2.5 38
    endloop
  endfacet
  facet normal 0 1 0
    outer loop
      vertex 71.8304 2.5 37.6295
      vertex 38.1711 2.5 37.6538
      vertex 71.8289 2.5 37.6538
    endloop
  endfacet
  facet normal 0 1 0
    outer loop
      vertex 71.8304 2.5 37.6295
      vertex 38.1697 2.5 37.6295
      vertex 38.1711 2.5 37.6538
    endloop
  endfacet
  facet normal 0 1 0
    outer loop
      vertex 71.8906 2.5 37.288
      vertex 38.1697 2.5 37.6295
      vertex 71.8304 2.5 37.6295
    endloop
  endfacet
  facet normal 0 1 0
    outer loop
      vertex 71.8906 2.5 37.288
      vertex 38.1094 2.5 37.288
      vertex 38.1697 2.5 37.6295
    endloop
  endfacet
  facet normal 0 1 0
    outer loop
      vertex 71.8948 2.5 37.2641
      vertex 38.1094 2.5 37.288
      vertex 71.8906 2.5 37.288
    endloop
  endfacet
  facet normal 0 1 0
    outer loop
      vertex 71.8948 2.5 37.2641
      vertex 38.1052 2.5 37.2641
      vertex 38.1094 2.5 37.288
    endloop
  endfacet
  facet normal 0 1 0
    outer loop
      vertex 71.9943 2.5 36.9318
      vertex 38.1052 2.5 37.2641
      vertex 71.8948 2.5 37.2641
    endloop
  endfacet
  facet normal 0 1 0
    outer loop
      vertex 71.9943 2.5 36.9318
      vertex 38.0057 2.5 36.9318
      vertex 38.1052 2.5 37.2641
    endloop
  endfacet
  facet normal 0 1 0
    outer loop
      vertex 72.0012 2.5 36.9085
      vertex 38.0057 2.5 36.9318
      vertex 71.9943 2.5 36.9318
    endloop
  endfacet
  facet normal 0 1 0
    outer loop
      vertex 72.0012 2.5 36.9085
      vertex 37.9988 2.5 36.9085
      vertex 38.0057 2.5 36.9318
    endloop
  endfacet
  facet normal 0 1 0
    outer loop
      vertex 72.0108 2.5 36.8862
      vertex 37.9988 2.5 36.9085
      vertex 72.0012 2.5 36.9085
    endloop
  endfacet
  facet normal 0 1 0
    outer loop
      vertex 72.0108 2.5 36.8862
      vertex 37.9892 2.5 36.8862
      vertex 37.9988 2.5 36.9085
    endloop
  endfacet
  facet normal 0 1 0
    outer loop
      vertex 72.1482 2.5 36.5678
      vertex 37.9892 2.5 36.8862
      vertex 72.0108 2.5 36.8862
    endloop
  endfacet
  facet normal 0 1 0
    outer loop
      vertex 72.1482 2.5 36.5678
      vertex 37.8518 2.5 36.5678
      vertex 37.9892 2.5 36.8862
    endloop
  endfacet
  facet normal 0 1 0
    outer loop
      vertex 72.1604 2.5 36.5468
      vertex 37.8518 2.5 36.5678
      vertex 72.1482 2.5 36.5678
    endloop
  endfacet
  facet normal 0 1 0
    outer loop
      vertex 72.1604 2.5 36.5468
      vertex 37.8396 2.5 36.5468
      vertex 37.8518 2.5 36.5678
    endloop
  endfacet
  facet normal 0 1 0
    outer loop
      vertex 72.3338 2.5 36.2464
      vertex 37.8396 2.5 36.5468
      vertex 72.1604 2.5 36.5468
    endloop
  endfacet
  facet normal 0 1 0
    outer loop
      vertex 72.3338 2.5 36.2464
      vertex 37.6662 2.5 36.2464
      vertex 37.8396 2.5 36.5468
    endloop
  endfacet
  facet normal 0 1 0
    outer loop
      vertex 72.5409 2.5 35.9682
      vertex 37.6662 2.5 36.2464
      vertex 72.3338 2.5 36.2464
    endloop
  endfacet
  facet normal 0 1 0
    outer loop
      vertex 72.5409 2.5 35.9682
      vertex 37.4591 2.5 35.9682
      vertex 37.6662 2.5 36.2464
    endloop
  endfacet
  facet normal 0 1 0
    outer loop
      vertex 72.5554 2.5 35.9487
      vertex 37.4591 2.5 35.9682
      vertex 72.5409 2.5 35.9682
    endloop
  endfacet
  facet normal 0 1 0
    outer loop
      vertex 72.5554 2.5 35.9487
      vertex 37.4446 2.5 35.9487
      vertex 37.4591 2.5 35.9682
    endloop
  endfacet
  facet normal 0 1 0
    outer loop
      vertex 72.572 2.5 35.9311
      vertex 37.4446 2.5 35.9487
      vertex 72.5554 2.5 35.9487
    endloop
  endfacet
  facet normal 0 1 0
    outer loop
      vertex 72.572 2.5 35.9311
      vertex 37.428 2.5 35.9311
      vertex 37.4446 2.5 35.9487
    endloop
  endfacet
  facet normal 0 1 0
    outer loop
      vertex 72.81 2.5 35.6788
      vertex 37.428 2.5 35.9311
      vertex 72.572 2.5 35.9311
    endloop
  endfacet
  facet normal 0 1 0
    outer loop
      vertex 72.81 2.5 35.6788
      vertex 37.19 2.5 35.6788
      vertex 37.428 2.5 35.9311
    endloop
  endfacet
  facet normal 0 1 0
    outer loop
      vertex 73.0943 2.5 35.4402
      vertex 37.19 2.5 35.6788
      vertex 72.81 2.5 35.6788
    endloop
  endfacet
  facet normal 0 1 0
    outer loop
      vertex 73.0943 2.5 35.4402
      vertex 36.9057 2.5 35.4402
      vertex 37.19 2.5 35.6788
    endloop
  endfacet
  facet normal 0 1 0
    outer loop
      vertex 73.3841 2.5 35.2497
      vertex 36.9057 2.5 35.4402
      vertex 73.0943 2.5 35.4402
    endloop
  endfacet
  facet normal 0 1 0
    outer loop
      vertex 73.3841 2.5 35.2497
      vertex 36.6159 2.5 35.2497
      vertex 36.9057 2.5 35.4402
    endloop
  endfacet
  facet normal 0 1 0
    outer loop
      vertex 73.4044 2.5 35.2363
      vertex 36.6159 2.5 35.2497
      vertex 73.3841 2.5 35.2497
    endloop
  endfacet
  facet normal 0 1 0
    outer loop
      vertex 73.4044 2.5 35.2363
      vertex 36.5956 2.5 35.2363
      vertex 36.6159 2.5 35.2497
    endloop
  endfacet
  facet normal 0 1 0
    outer loop
      vertex 73.736 2.5 35.0698
      vertex 36.5956 2.5 35.2363
      vertex 73.4044 2.5 35.2363
    endloop
  endfacet
  facet normal 0 1 0
    outer loop
      vertex 73.736 2.5 35.0698
      vertex 36.264 2.5 35.0698
      vertex 36.5956 2.5 35.2363
    endloop
  endfacet
  facet normal 0 1 0
    outer loop
      vertex 16.7 2.5 12.7
      vertex 73.736 2.5 35.0698
      vertex 73.7588 2.5 35.0615
    endloop
  endfacet
  facet normal 0 1 0
    outer loop
      vertex 73.736 2.5 35.0698
      vertex 16.7 2.5 12.7
      vertex 36.264 2.5 35.0698
    endloop
  endfacet
  facet normal 0 1 0
    outer loop
      vertex 16.7 2.5 12.7
      vertex 73.7588 2.5 35.0615
      vertex 74.0847 2.5 34.9428
    endloop
  endfacet
  facet normal 0 1 0
    outer loop
      vertex 36.264 2.5 35.0698
      vertex 16.7 2.5 12.7
      vertex 36.2412 2.5 35.0615
    endloop
  endfacet
  facet normal 0 1 0
    outer loop
      vertex 74.4458 2.5 34.8573
      vertex 101.3 2.5 7.3
      vertex 74.4222 2.5 34.8629
    endloop
  endfacet
  facet normal 0 1 0
    outer loop
      vertex 36.2412 2.5 35.0615
      vertex 16.7 2.5 12.7
      vertex 35.9153 2.5 34.9428
    endloop
  endfacet
  facet normal 0 1 0
    outer loop
      vertex 74.47 2.5 34.8544
      vertex 101.3 2.5 7.3
      vertex 74.4458 2.5 34.8573
    endloop
  endfacet
  facet normal 0 1 0
    outer loop
      vertex 35.9153 2.5 34.9428
      vertex 16.7 2.5 12.7
      vertex 35.5778 2.5 34.8629
    endloop
  endfacet
  facet normal 0 1 0
    outer loop
      vertex 74.8144 2.5 34.8142
      vertex 101.3 2.5 7.3
      vertex 74.47 2.5 34.8544
    endloop
  endfacet
  facet normal 0 1 0
    outer loop
      vertex 35.5778 2.5 34.8629
      vertex 16.7 2.5 12.7
      vertex 35.5541 2.5 34.8573
    endloop
  endfacet
  facet normal 0 1 0
    outer loop
      vertex 75.1856 2.5 34.8142
      vertex 101.3 2.5 7.3
      vertex 74.8144 2.5 34.8142
    endloop
  endfacet
  facet normal 0 1 0
    outer loop
      vertex 35.5541 2.5 34.8573
      vertex 16.7 2.5 12.7
      vertex 35.53 2.5 34.8544
    endloop
  endfacet
  facet normal 0 1 0
    outer loop
      vertex 74.8144 2.5 41.1858
      vertex 115.5 2.5 43
      vertex 75.1856 2.5 41.1858
    endloop
  endfacet
  facet normal 0 1 0
    outer loop
      vertex 115.5 2.5 43
      vertex 75.53 2.5 41.1456
      vertex 75.1856 2.5 41.1858
    endloop
  endfacet
  facet normal 0 1 0
    outer loop
      vertex 115.5 2.5 43
      vertex 75.5542 2.5 41.1427
      vertex 75.53 2.5 41.1456
    endloop
  endfacet
  facet normal 0 1 0
    outer loop
      vertex 115.5 2.5 43
      vertex 75.5778 2.5 41.1371
      vertex 75.5542 2.5 41.1427
    endloop
  endfacet
  facet normal 0 1 0
    outer loop
      vertex 115.5 2.5 43
      vertex 75.9153 2.5 41.0572
      vertex 75.5778 2.5 41.1371
    endloop
  endfacet
  facet normal 0 1 0
    outer loop
      vertex 115.5 2.5 43
      vertex 76.2412 2.5 40.9385
      vertex 75.9153 2.5 41.0572
    endloop
  endfacet
  facet normal 0 1 0
    outer loop
      vertex 115.5 2.5 43
      vertex 76.264 2.5 40.9302
      vertex 76.2412 2.5 40.9385
    endloop
  endfacet
  facet normal 0 1 0
    outer loop
      vertex 115.5 2.5 43
      vertex 76.5956 2.5 40.7637
      vertex 76.264 2.5 40.9302
    endloop
  endfacet
  facet normal 0 1 0
    outer loop
      vertex 115.5 2.5 43
      vertex 76.6159 2.5 40.7503
      vertex 76.5956 2.5 40.7637
    endloop
  endfacet
  facet normal 0 1 0
    outer loop
      vertex 115.5 2.5 43
      vertex 76.9057 2.5 40.5598
      vertex 76.6159 2.5 40.7503
    endloop
  endfacet
  facet normal 0 1 0
    outer loop
      vertex 115.5 2.5 43
      vertex 77.19 2.5 40.3212
      vertex 76.9057 2.5 40.5598
    endloop
  endfacet
  facet normal 0 1 0
    outer loop
      vertex 115.5 2.5 43
      vertex 77.428 2.5 40.0689
      vertex 77.19 2.5 40.3212
    endloop
  endfacet
  facet normal 0 1 0
    outer loop
      vertex 115.5 2.5 43
      vertex 77.4446 2.5 40.0513
      vertex 77.428 2.5 40.0689
    endloop
  endfacet
  facet normal 0 1 0
    outer loop
      vertex 115.5 2.5 43
      vertex 77.4591 2.5 40.0318
      vertex 77.4446 2.5 40.0513
    endloop
  endfacet
  facet normal 0 1 0
    outer loop
      vertex 115.5 2.5 43
      vertex 77.6662 2.5 39.7536
      vertex 77.4591 2.5 40.0318
    endloop
  endfacet
  facet normal 0 1 0
    outer loop
      vertex 115.5 2.5 43
      vertex 77.8396 2.5 39.4532
      vertex 77.6662 2.5 39.7536
    endloop
  endfacet
  facet normal 0 1 0
    outer loop
      vertex 115.5 2.5 43
      vertex 77.8518 2.5 39.4322
      vertex 77.8396 2.5 39.4532
    endloop
  endfacet
  facet normal 0 1 0
    outer loop
      vertex 115.5 2.5 43
      vertex 77.9892 2.5 39.1138
      vertex 77.8518 2.5 39.4322
    endloop
  endfacet
  facet normal 0 1 0
    outer loop
      vertex 115.5 2.5 43
      vertex 77.9988 2.5 39.0915
      vertex 77.9892 2.5 39.1138
    endloop
  endfacet
  facet normal 0 1 0
    outer loop
      vertex 115.5 2.5 43
      vertex 78.0057 2.5 39.0682
      vertex 77.9988 2.5 39.0915
    endloop
  endfacet
  facet normal 0 1 0
    outer loop
      vertex 115.5 2.5 43
      vertex 78.1052 2.5 38.7359
      vertex 78.0057 2.5 39.0682
    endloop
  endfacet
  facet normal 0 1 0
    outer loop
      vertex 115.5 2.5 43
      vertex 78.1094 2.5 38.712
      vertex 78.1052 2.5 38.7359
    endloop
  endfacet
  facet normal 0 1 0
    outer loop
      vertex 115.5 2.5 43
      vertex 78.1696 2.5 38.3705
      vertex 78.1094 2.5 38.712
    endloop
  endfacet
  facet normal 0 1 0
    outer loop
      vertex 115.5 2.5 43
      vertex 78.1711 2.5 38.3462
      vertex 78.1696 2.5 38.3705
    endloop
  endfacet
  facet normal 0 1 0
    outer loop
      vertex 115.5 2.5 43
      vertex 78.1912 2.5 38
      vertex 78.1711 2.5 38.3462
    endloop
  endfacet
  facet normal 0 1 0
    outer loop
      vertex 115.5 2.5 43
      vertex 78.1711 2.5 37.6538
      vertex 78.1912 2.5 38
    endloop
  endfacet
  facet normal 0 1 0
    outer loop
      vertex 115.5 2.5 43
      vertex 78.1696 2.5 37.6295
      vertex 78.1711 2.5 37.6538
    endloop
  endfacet
  facet normal 0 1 0
    outer loop
      vertex 115.5 2.5 43
      vertex 78.1094 2.5 37.288
      vertex 78.1696 2.5 37.6295
    endloop
  endfacet
  facet normal 0 1 0
    outer loop
      vertex 115.5 2.5 43
      vertex 78.1052 2.5 37.2641
      vertex 78.1094 2.5 37.288
    endloop
  endfacet
  facet normal 0 1 -0
    outer loop
      vertex 101.3 2.5 12.7
      vertex 78.1052 2.5 37.2641
      vertex 115.5 2.5 43
    endloop
  endfacet
  facet normal 0 1 0
    outer loop
      vertex 78.1052 2.5 37.2641
      vertex 101.3 2.5 12.7
      vertex 78.0057 2.5 36.9318
    endloop
  endfacet
  facet normal 0 1 0
    outer loop
      vertex 78.0057 2.5 36.9318
      vertex 101.3 2.5 12.7
      vertex 77.9988 2.5 36.9085
    endloop
  endfacet
  facet normal 0 1 0
    outer loop
      vertex 77.9988 2.5 36.9085
      vertex 101.3 2.5 12.7
      vertex 77.9892 2.5 36.8862
    endloop
  endfacet
  facet normal 0 1 0
    outer loop
      vertex 77.9892 2.5 36.8862
      vertex 101.3 2.5 12.7
      vertex 77.8518 2.5 36.5678
    endloop
  endfacet
  facet normal 0 1 0
    outer loop
      vertex 77.8518 2.5 36.5678
      vertex 101.3 2.5 12.7
      vertex 77.8396 2.5 36.5468
    endloop
  endfacet
  facet normal 0 1 0
    outer loop
      vertex 77.8396 2.5 36.5468
      vertex 101.3 2.5 12.7
      vertex 77.6662 2.5 36.2464
    endloop
  endfacet
  facet normal 0 1 0
    outer loop
      vertex 77.6662 2.5 36.2464
      vertex 101.3 2.5 12.7
      vertex 77.4591 2.5 35.9682
    endloop
  endfacet
  facet normal 0 1 0
    outer loop
      vertex 77.4591 2.5 35.9682
      vertex 101.3 2.5 12.7
      vertex 77.4446 2.5 35.9487
    endloop
  endfacet
  facet normal 0 1 0
    outer loop
      vertex 77.4446 2.5 35.9487
      vertex 101.3 2.5 12.7
      vertex 77.428 2.5 35.9311
    endloop
  endfacet
  facet normal 0 1 0
    outer loop
      vertex 77.428 2.5 35.9311
      vertex 101.3 2.5 12.7
      vertex 77.19 2.5 35.6788
    endloop
  endfacet
  facet normal 0 1 0
    outer loop
      vertex 77.19 2.5 35.6788
      vertex 101.3 2.5 12.7
      vertex 76.9057 2.5 35.4402
    endloop
  endfacet
  facet normal 0 1 0
    outer loop
      vertex 76.9057 2.5 35.4402
      vertex 101.3 2.5 12.7
      vertex 76.6159 2.5 35.2497
    endloop
  endfacet
  facet normal 0 1 0
    outer loop
      vertex 76.6159 2.5 35.2497
      vertex 101.3 2.5 12.7
      vertex 76.5956 2.5 35.2363
    endloop
  endfacet
  facet normal 0 1 0
    outer loop
      vertex 76.5956 2.5 35.2363
      vertex 101.3 2.5 12.7
      vertex 76.264 2.5 35.0698
    endloop
  endfacet
  facet normal 0 1 0
    outer loop
      vertex 76.264 2.5 35.0698
      vertex 101.3 2.5 12.7
      vertex 76.2412 2.5 35.0615
    endloop
  endfacet
  facet normal 0 1 0
    outer loop
      vertex 76.2412 2.5 35.0615
      vertex 101.3 2.5 12.7
      vertex 75.9153 2.5 34.9428
    endloop
  endfacet
  facet normal 0 1 0
    outer loop
      vertex 75.9153 2.5 34.9428
      vertex 101.3 2.5 12.7
      vertex 75.5778 2.5 34.8629
    endloop
  endfacet
  facet normal 0 1 -0
    outer loop
      vertex 101.3 2.5 7.3
      vertex 75.1856 2.5 34.8142
      vertex 101.3 2.5 12.7
    endloop
  endfacet
  facet normal 0 1 0
    outer loop
      vertex 35.53 2.5 34.8544
      vertex 16.7 2.5 12.7
      vertex 35.1856 2.5 34.8142
    endloop
  endfacet
  facet normal 0 1 0
    outer loop
      vertex 75.53 2.5 34.8544
      vertex 101.3 2.5 12.7
      vertex 75.1856 2.5 34.8142
    endloop
  endfacet
  facet normal 0 1 0
    outer loop
      vertex 75.5542 2.5 34.8573
      vertex 101.3 2.5 12.7
      vertex 75.53 2.5 34.8544
    endloop
  endfacet
  facet normal 0 1 0
    outer loop
      vertex 75.5778 2.5 34.8629
      vertex 101.3 2.5 12.7
      vertex 75.5542 2.5 34.8573
    endloop
  endfacet
  facet normal 0 1 0
    outer loop
      vertex 101.3 2.5 12.7
      vertex 115.5 2.5 43
      vertex 106.7 2.5 12.7
    endloop
  endfacet
  facet normal 0 1 -0
    outer loop
      vertex 115.5 2.5 2.5
      vertex 106.7 2.5 12.7
      vertex 115.5 2.5 43
    endloop
  endfacet
  facet normal 0 1 0
    outer loop
      vertex 115.5 2.5 2.5
      vertex 101.3 2.5 7.3
      vertex 106.7 2.5 7.3
    endloop
  endfacet
  facet normal 0 1 0
    outer loop
      vertex 101.3 2.5 7.3
      vertex 115.5 2.5 2.5
      vertex 16.7 2.5 7.3
    endloop
  endfacet
  facet normal 0 1 0
    outer loop
      vertex 2.5 2.5 2.5
      vertex 16.7 2.5 7.3
      vertex 115.5 2.5 2.5
    endloop
  endfacet
  facet normal 0 1 0
    outer loop
      vertex 106.7 2.5 12.7
      vertex 115.5 2.5 2.5
      vertex 106.7 2.5 7.3
    endloop
  endfacet
  facet normal 0 1 0
    outer loop
      vertex 115.5 2.5 43
      vertex 74.8144 2.5 41.1858
      vertex 2.5 2.5 43
    endloop
  endfacet
  facet normal 0 1 -0
    outer loop
      vertex 35.1856 2.5 41.1858
      vertex 2.5 2.5 43
      vertex 74.8144 2.5 41.1858
    endloop
  endfacet
  facet normal 0 1 -0
    outer loop
      vertex 34.8144 2.5 41.1858
      vertex 2.5 2.5 43
      vertex 35.1856 2.5 41.1858
    endloop
  endfacet
  facet normal 0 1 -0
    outer loop
      vertex 34.47 2.5 41.1456
      vertex 2.5 2.5 43
      vertex 34.8144 2.5 41.1858
    endloop
  endfacet
  facet normal 0 1 -0
    outer loop
      vertex 34.4459 2.5 41.1427
      vertex 2.5 2.5 43
      vertex 34.47 2.5 41.1456
    endloop
  endfacet
  facet normal 0 1 -0
    outer loop
      vertex 34.4222 2.5 41.1371
      vertex 2.5 2.5 43
      vertex 34.4459 2.5 41.1427
    endloop
  endfacet
  facet normal 0 1 -0
    outer loop
      vertex 34.0847 2.5 41.0572
      vertex 2.5 2.5 43
      vertex 34.4222 2.5 41.1371
    endloop
  endfacet
  facet normal 0 1 -0
    outer loop
      vertex 33.7588 2.5 40.9385
      vertex 2.5 2.5 43
      vertex 34.0847 2.5 41.0572
    endloop
  endfacet
  facet normal 0 1 -0
    outer loop
      vertex 33.736 2.5 40.9302
      vertex 2.5 2.5 43
      vertex 33.7588 2.5 40.9385
    endloop
  endfacet
  facet normal 0 1 -0
    outer loop
      vertex 33.4044 2.5 40.7637
      vertex 2.5 2.5 43
      vertex 33.736 2.5 40.9302
    endloop
  endfacet
  facet normal 0 1 -0
    outer loop
      vertex 33.3841 2.5 40.7503
      vertex 2.5 2.5 43
      vertex 33.4044 2.5 40.7637
    endloop
  endfacet
  facet normal 0 1 -0
    outer loop
      vertex 33.0943 2.5 40.5598
      vertex 2.5 2.5 43
      vertex 33.3841 2.5 40.7503
    endloop
  endfacet
  facet normal 0 1 -0
    outer loop
      vertex 32.81 2.5 40.3212
      vertex 2.5 2.5 43
      vertex 33.0943 2.5 40.5598
    endloop
  endfacet
  facet normal 0 1 -0
    outer loop
      vertex 32.572 2.5 40.0689
      vertex 2.5 2.5 43
      vertex 32.81 2.5 40.3212
    endloop
  endfacet
  facet normal 0 1 -0
    outer loop
      vertex 32.5554 2.5 40.0513
      vertex 2.5 2.5 43
      vertex 32.572 2.5 40.0689
    endloop
  endfacet
  facet normal 0 1 -0
    outer loop
      vertex 32.5409 2.5 40.0318
      vertex 2.5 2.5 43
      vertex 32.5554 2.5 40.0513
    endloop
  endfacet
  facet normal 0 1 -0
    outer loop
      vertex 32.3338 2.5 39.7536
      vertex 2.5 2.5 43
      vertex 32.5409 2.5 40.0318
    endloop
  endfacet
  facet normal 0 1 -0
    outer loop
      vertex 32.1604 2.5 39.4532
      vertex 2.5 2.5 43
      vertex 32.3338 2.5 39.7536
    endloop
  endfacet
  facet normal 0 1 -0
    outer loop
      vertex 32.1482 2.5 39.4322
      vertex 2.5 2.5 43
      vertex 32.1604 2.5 39.4532
    endloop
  endfacet
  facet normal 0 1 -0
    outer loop
      vertex 32.0108 2.5 39.1138
      vertex 2.5 2.5 43
      vertex 32.1482 2.5 39.4322
    endloop
  endfacet
  facet normal 0 1 -0
    outer loop
      vertex 32.0012 2.5 39.0915
      vertex 2.5 2.5 43
      vertex 32.0108 2.5 39.1138
    endloop
  endfacet
  facet normal 0 1 -0
    outer loop
      vertex 31.9943 2.5 39.0682
      vertex 2.5 2.5 43
      vertex 32.0012 2.5 39.0915
    endloop
  endfacet
  facet normal 0 1 -0
    outer loop
      vertex 31.8948 2.5 38.7359
      vertex 2.5 2.5 43
      vertex 31.9943 2.5 39.0682
    endloop
  endfacet
  facet normal 0 1 -0
    outer loop
      vertex 31.8906 2.5 38.712
      vertex 2.5 2.5 43
      vertex 31.8948 2.5 38.7359
    endloop
  endfacet
  facet normal 0 1 -0
    outer loop
      vertex 31.8303 2.5 38.3705
      vertex 2.5 2.5 43
      vertex 31.8906 2.5 38.712
    endloop
  endfacet
  facet normal 0 1 -0
    outer loop
      vertex 31.8289 2.5 38.3462
      vertex 2.5 2.5 43
      vertex 31.8303 2.5 38.3705
    endloop
  endfacet
  facet normal 0 1 -0
    outer loop
      vertex 31.8088 2.5 38
      vertex 2.5 2.5 43
      vertex 31.8289 2.5 38.3462
    endloop
  endfacet
  facet normal 0 1 0
    outer loop
      vertex 31.8289 2.5 37.6538
      vertex 2.5 2.5 43
      vertex 31.8088 2.5 38
    endloop
  endfacet
  facet normal 0 1 0
    outer loop
      vertex 31.8303 2.5 37.6295
      vertex 2.5 2.5 43
      vertex 31.8289 2.5 37.6538
    endloop
  endfacet
  facet normal 0 1 0
    outer loop
      vertex 31.8906 2.5 37.288
      vertex 2.5 2.5 43
      vertex 31.8303 2.5 37.6295
    endloop
  endfacet
  facet normal 0 1 0
    outer loop
      vertex 31.8948 2.5 37.2641
      vertex 2.5 2.5 43
      vertex 31.8906 2.5 37.288
    endloop
  endfacet
  facet normal 0 1 0
    outer loop
      vertex 31.9943 2.5 36.9318
      vertex 2.5 2.5 43
      vertex 31.8948 2.5 37.2641
    endloop
  endfacet
  facet normal 0 1 0
    outer loop
      vertex 32.0012 2.5 36.9085
      vertex 2.5 2.5 43
      vertex 31.9943 2.5 36.9318
    endloop
  endfacet
  facet normal 0 1 0
    outer loop
      vertex 16.7 2.5 12.7
      vertex 32.0012 2.5 36.9085
      vertex 32.0108 2.5 36.8862
    endloop
  endfacet
  facet normal 0 1 0
    outer loop
      vertex 16.7 2.5 12.7
      vertex 32.0108 2.5 36.8862
      vertex 32.1482 2.5 36.5678
    endloop
  endfacet
  facet normal 0 1 0
    outer loop
      vertex 16.7 2.5 12.7
      vertex 32.1482 2.5 36.5678
      vertex 32.1604 2.5 36.5468
    endloop
  endfacet
  facet normal 0 1 0
    outer loop
      vertex 16.7 2.5 12.7
      vertex 32.1604 2.5 36.5468
      vertex 32.3338 2.5 36.2464
    endloop
  endfacet
  facet normal 0 1 0
    outer loop
      vertex 16.7 2.5 12.7
      vertex 32.3338 2.5 36.2464
      vertex 32.5409 2.5 35.9682
    endloop
  endfacet
  facet normal 0 1 0
    outer loop
      vertex 16.7 2.5 12.7
      vertex 32.5409 2.5 35.9682
      vertex 32.5554 2.5 35.9487
    endloop
  endfacet
  facet normal 0 1 0
    outer loop
      vertex 16.7 2.5 12.7
      vertex 32.5554 2.5 35.9487
      vertex 32.572 2.5 35.9311
    endloop
  endfacet
  facet normal 0 1 0
    outer loop
      vertex 16.7 2.5 12.7
      vertex 32.572 2.5 35.9311
      vertex 32.81 2.5 35.6788
    endloop
  endfacet
  facet normal 0 1 0
    outer loop
      vertex 16.7 2.5 12.7
      vertex 32.81 2.5 35.6788
      vertex 33.0943 2.5 35.4402
    endloop
  endfacet
  facet normal 0 1 0
    outer loop
      vertex 16.7 2.5 12.7
      vertex 33.0943 2.5 35.4402
      vertex 33.3841 2.5 35.2497
    endloop
  endfacet
  facet normal 0 1 0
    outer loop
      vertex 16.7 2.5 12.7
      vertex 33.3841 2.5 35.2497
      vertex 33.4044 2.5 35.2363
    endloop
  endfacet
  facet normal 0 1 0
    outer loop
      vertex 16.7 2.5 12.7
      vertex 33.4044 2.5 35.2363
      vertex 33.736 2.5 35.0698
    endloop
  endfacet
  facet normal 0 1 0
    outer loop
      vertex 16.7 2.5 12.7
      vertex 33.736 2.5 35.0698
      vertex 33.7588 2.5 35.0615
    endloop
  endfacet
  facet normal 0 1 0
    outer loop
      vertex 16.7 2.5 12.7
      vertex 33.7588 2.5 35.0615
      vertex 34.0847 2.5 34.9428
    endloop
  endfacet
  facet normal 0 1 0
    outer loop
      vertex 16.7 2.5 12.7
      vertex 34.4222 2.5 34.8629
      vertex 34.4459 2.5 34.8573
    endloop
  endfacet
  facet normal 0 1 0
    outer loop
      vertex 74.4222 2.5 34.8629
      vertex 101.3 2.5 7.3
      vertex 74.0847 2.5 34.9428
    endloop
  endfacet
  facet normal 0 1 0
    outer loop
      vertex 35.1856 2.5 34.8142
      vertex 16.7 2.5 12.7
      vertex 34.8144 2.5 34.8142
    endloop
  endfacet
  facet normal 0 1 0
    outer loop
      vertex 34.8144 2.5 34.8142
      vertex 16.7 2.5 12.7
      vertex 34.47 2.5 34.8544
    endloop
  endfacet
  facet normal 0 1 0
    outer loop
      vertex 34.47 2.5 34.8544
      vertex 16.7 2.5 12.7
      vertex 34.4459 2.5 34.8573
    endloop
  endfacet
  facet normal 0 1 0
    outer loop
      vertex 34.4222 2.5 34.8629
      vertex 16.7 2.5 12.7
      vertex 34.0847 2.5 34.9428
    endloop
  endfacet
  facet normal 0 1 0
    outer loop
      vertex 32.0012 2.5 36.9085
      vertex 16.7 2.5 12.7
      vertex 2.5 2.5 43
    endloop
  endfacet
  facet normal 0 1 -0
    outer loop
      vertex 11.3 2.5 12.7
      vertex 2.5 2.5 43
      vertex 16.7 2.5 12.7
    endloop
  endfacet
  facet normal 0 1 0
    outer loop
      vertex 2.5 2.5 2.5
      vertex 11.3 2.5 12.7
      vertex 11.3 2.5 7.3
    endloop
  endfacet
  facet normal 0 1 0
    outer loop
      vertex 11.3 2.5 12.7
      vertex 2.5 2.5 2.5
      vertex 2.5 2.5 43
    endloop
  endfacet
  facet normal 0 1 0
    outer loop
      vertex 16.7 2.5 7.3
      vertex 2.5 2.5 2.5
      vertex 11.3 2.5 7.3
    endloop
  endfacet
  facet normal 1 -0 0
    outer loop
      vertex 2.5 2.5 43
      vertex 2.5 87.5 2.5
      vertex 2.5 87.5 43
    endloop
  endfacet
  facet normal 1 0 0
    outer loop
      vertex 2.5 87.5 2.5
      vertex 2.5 2.5 43
      vertex 2.5 2.5 2.5
    endloop
  endfacet
  facet normal 0 0 1
    outer loop
      vertex 23.672 36.585 2.5
      vertex 28.0931 43.223 2.5
      vertex 28.0414 43.8141 2.5
    endloop
  endfacet
  facet normal 0 0 1
    outer loop
      vertex 28.0931 43.223 2.5
      vertex 28.039 33.599 2.5
      vertex 28.0618 33.2 2.5
    endloop
  endfacet
  facet normal 0 0 1
    outer loop
      vertex 23.292 36.4615 2.5
      vertex 28.0414 43.8141 2.5
      vertex 28.0104 44.4067 2.5
    endloop
  endfacet
  facet normal 0 0 1
    outer loop
      vertex 22.9285 36.2955 2.5
      vertex 28.0104 44.4067 2.5
      vertex 28.0044 44.75 2.5
    endloop
  endfacet
  facet normal 0 0 1
    outer loop
      vertex 28.0931 43.223 2.5
      vertex 27.9708 33.9927 2.5
      vertex 28.039 33.599 2.5
    endloop
  endfacet
  facet normal 0 0 1
    outer loop
      vertex 56.2412 32.25 2.5
      vertex 35.7345 30.75 2.5
      vertex 54.2655 30.75 2.5
    endloop
  endfacet
  facet normal 0 -0 1
    outer loop
      vertex 35.7345 30.75 2.5
      vertex 56.2412 32.25 2.5
      vertex 33.7588 32.25 2.5
    endloop
  endfacet
  facet normal 0 0 1
    outer loop
      vertex 59.2601 35.75 2.5
      vertex 31.8336 34.25 2.5
      vertex 58.1664 34.25 2.5
    endloop
  endfacet
  facet normal 0 -0 1
    outer loop
      vertex 31.8336 34.25 2.5
      vertex 59.2601 35.75 2.5
      vertex 30.7399 35.75 2.5
    endloop
  endfacet
  facet normal 0 0 1
    outer loop
      vertex 60.9969 39.25 2.5
      vertex 29.6262 37.75 2.5
      vertex 60.3738 37.75 2.5
    endloop
  endfacet
  facet normal 0 -0 1
    outer loop
      vertex 29.6262 37.75 2.5
      vertex 60.9969 39.25 2.5
      vertex 29.0031 39.25 2.5
    endloop
  endfacet
  facet normal 0 0 1
    outer loop
      vertex 61.8488 42.75 2.5
      vertex 28.4212 41.25 2.5
      vertex 61.5788 41.25 2.5
    endloop
  endfacet
  facet normal 0 -0 1
    outer loop
      vertex 28.4212 41.25 2.5
      vertex 61.8488 42.75 2.5
      vertex 28.1512 42.75 2.5
    endloop
  endfacet
  facet normal -0 0 1
    outer loop
      vertex 28.6782 49.75 2.5
      vertex 61.6838 48.25 2.5
      vertex 61.3218 49.75 2.5
    endloop
  endfacet
  facet normal 0 0 1
    outer loop
      vertex 61.6838 48.25 2.5
      vertex 28.6782 49.75 2.5
      vertex 28.3162 48.25 2.5
    endloop
  endfacet
  facet normal -0 0 1
    outer loop
      vertex 30.139 53.25 2.5
      vertex 60.6001 51.75 2.5
      vertex 59.861 53.25 2.5
    endloop
  endfacet
  facet normal 0 0 1
    outer loop
      vertex 60.6001 51.75 2.5
      vertex 30.139 53.25 2.5
      vertex 29.3999 51.75 2.5
    endloop
  endfacet
  facet normal -0 0 1
    outer loop
      vertex 32.716 56.75 2.5
      vertex 58.5591 55.25 2.5
      vertex 57.284 56.75 2.5
    endloop
  endfacet
  facet normal 0 0 1
    outer loop
      vertex 58.5591 55.25 2.5
      vertex 32.716 56.75 2.5
      vertex 31.4409 55.25 2.5
    endloop
  endfacet
  facet normal -0 0 1
    outer loop
      vertex 37.4898 60.25 2.5
      vertex 54.9967 58.75 2.5
      vertex 52.5102 60.25 2.5
    endloop
  endfacet
  facet normal 0 0 1
    outer loop
      vertex 54.9967 58.75 2.5
      vertex 37.4898 60.25 2.5
      vertex 35.0033 58.75 2.5
    endloop
  endfacet
  facet normal 0 0 1
    outer loop
      vertex 50.8143 60.9748 2.5
      vertex 48.1409 67.0557 2.5
      vertex 50.2533 61.168 2.5
    endloop
  endfacet
  facet normal -0 0 1
    outer loop
      vertex 47.9444 66.7078 2.5
      vertex 50.2533 61.168 2.5
      vertex 48.1409 67.0557 2.5
    endloop
  endfacet
  facet normal 0 0 1
    outer loop
      vertex 50.2533 61.168 2.5
      vertex 47.9444 66.7078 2.5
      vertex 49.6858 61.3414 2.5
    endloop
  endfacet
  facet normal -0 0 1
    outer loop
      vertex 47.7095 66.3845 2.5
      vertex 49.6858 61.3414 2.5
      vertex 47.9444 66.7078 2.5
    endloop
  endfacet
  facet normal 0 0 1
    outer loop
      vertex 49.6858 61.3414 2.5
      vertex 47.7095 66.3845 2.5
      vertex 49.1127 61.495 2.5
    endloop
  endfacet
  facet normal -0 0 1
    outer loop
      vertex 47.4393 66.09 2.5
      vertex 49.1127 61.495 2.5
      vertex 47.7095 66.3845 2.5
    endloop
  endfacet
  facet normal 0 0 1
    outer loop
      vertex 49.1127 61.495 2.5
      vertex 47.4393 66.09 2.5
      vertex 48.5345 61.6285 2.5
    endloop
  endfacet
  facet normal -0 0 1
    outer loop
      vertex 47.1373 65.8283 2.5
      vertex 48.5345 61.6285 2.5
      vertex 47.4393 66.09 2.5
    endloop
  endfacet
  facet normal 0 0 1
    outer loop
      vertex 48.5345 61.6285 2.5
      vertex 47.1373 65.8283 2.5
      vertex 47.952 61.7417 2.5
    endloop
  endfacet
  facet normal -0 0 1
    outer loop
      vertex 46.8074 65.6028 2.5
      vertex 47.952 61.7417 2.5
      vertex 47.1373 65.8283 2.5
    endloop
  endfacet
  facet normal 0 0 1
    outer loop
      vertex 47.952 61.7417 2.5
      vertex 46.8074 65.6028 2.5
      vertex 47.3659 61.8346 2.5
    endloop
  endfacet
  facet normal -0 0 1
    outer loop
      vertex 46.454 65.4163 2.5
      vertex 47.3659 61.8346 2.5
      vertex 46.8074 65.6028 2.5
    endloop
  endfacet
  facet normal 0 0 1
    outer loop
      vertex 47.3659 61.8346 2.5
      vertex 46.454 65.4163 2.5
      vertex 46.777 61.9069 2.5
    endloop
  endfacet
  facet normal -0 0 1
    outer loop
      vertex 46.0816 65.2713 2.5
      vertex 46.777 61.9069 2.5
      vertex 46.454 65.4163 2.5
    endloop
  endfacet
  facet normal 0 0 1
    outer loop
      vertex 46.777 61.9069 2.5
      vertex 46.0816 65.2713 2.5
      vertex 46.1859 61.9586 2.5
    endloop
  endfacet
  facet normal -0 0 1
    outer loop
      vertex 45.6951 65.1697 2.5
      vertex 46.1859 61.9586 2.5
      vertex 46.0816 65.2713 2.5
    endloop
  endfacet
  facet normal 0 0 1
    outer loop
      vertex 45.6951 65.1697 2.5
      vertex 45.5933 61.9896 2.5
      vertex 46.1859 61.9586 2.5
    endloop
  endfacet
  facet normal -0 0 1
    outer loop
      vertex 45.2995 65.1128 2.5
      vertex 45.5933 61.9896 2.5
      vertex 45.6951 65.1697 2.5
    endloop
  endfacet
  facet normal 0 0 1
    outer loop
      vertex 45.2995 65.1128 2.5
      vertex 45 62 2.5
      vertex 45.5933 61.9896 2.5
    endloop
  endfacet
  facet normal -0 0 1
    outer loop
      vertex 44.9001 65.1014 2.5
      vertex 45 62 2.5
      vertex 45.2995 65.1128 2.5
    endloop
  endfacet
  facet normal 0 0 1
    outer loop
      vertex 44.4067 61.9896 2.5
      vertex 44.9001 65.1014 2.5
      vertex 44.5019 65.1356 2.5
    endloop
  endfacet
  facet normal 0 0 1
    outer loop
      vertex 44.9001 65.1014 2.5
      vertex 44.4067 61.9896 2.5
      vertex 45 62 2.5
    endloop
  endfacet
  facet normal 0 0 1
    outer loop
      vertex 43.8141 61.9586 2.5
      vertex 44.5019 65.1356 2.5
      vertex 44.1102 65.215 2.5
    endloop
  endfacet
  facet normal 0 0 1
    outer loop
      vertex 44.5019 65.1356 2.5
      vertex 43.8141 61.9586 2.5
      vertex 44.4067 61.9896 2.5
    endloop
  endfacet
  facet normal 0 0 1
    outer loop
      vertex 43.7302 65.3385 2.5
      vertex 43.8141 61.9586 2.5
      vertex 44.1102 65.215 2.5
    endloop
  endfacet
  facet normal 0 0 1
    outer loop
      vertex 43.223 61.9069 2.5
      vertex 43.7302 65.3385 2.5
      vertex 43.3667 65.5045 2.5
    endloop
  endfacet
  facet normal 0 0 1
    outer loop
      vertex 43.7302 65.3385 2.5
      vertex 43.223 61.9069 2.5
      vertex 43.8141 61.9586 2.5
    endloop
  endfacet
  facet normal 0 0 1
    outer loop
      vertex 42.6341 61.8346 2.5
      vertex 43.3667 65.5045 2.5
      vertex 43.0244 65.7108 2.5
    endloop
  endfacet
  facet normal 0 0 1
    outer loop
      vertex 42.048 61.7417 2.5
      vertex 43.0244 65.7108 2.5
      vertex 42.708 65.9549 2.5
    endloop
  endfacet
  facet normal 0 0 1
    outer loop
      vertex 43.3667 65.5045 2.5
      vertex 42.6341 61.8346 2.5
      vertex 43.223 61.9069 2.5
    endloop
  endfacet
  facet normal 0 0 1
    outer loop
      vertex 41.4655 61.6285 2.5
      vertex 42.708 65.9549 2.5
      vertex 42.4214 66.2334 2.5
    endloop
  endfacet
  facet normal 0 0 1
    outer loop
      vertex 40.8873 61.495 2.5
      vertex 42.4214 66.2334 2.5
      vertex 42.1684 66.5428 2.5
    endloop
  endfacet
  facet normal 0 0 1
    outer loop
      vertex 43.0244 65.7108 2.5
      vertex 42.048 61.7417 2.5
      vertex 42.6341 61.8346 2.5
    endloop
  endfacet
  facet normal 0 0 1
    outer loop
      vertex 40.3142 61.3414 2.5
      vertex 42.1684 66.5428 2.5
      vertex 41.9524 66.8789 2.5
    endloop
  endfacet
  facet normal 0 0 1
    outer loop
      vertex 39.1857 60.9748 2.5
      vertex 41.9524 66.8789 2.5
      vertex 41.7761 67.2376 2.5
    endloop
  endfacet
  facet normal 0 0 1
    outer loop
      vertex 38.6317 60.7621 2.5
      vertex 41.7761 67.2376 2.5
      vertex 41.6418 67.6139 2.5
    endloop
  endfacet
  facet normal 0 0 1
    outer loop
      vertex 38.0855 60.5303 2.5
      vertex 41.6418 67.6139 2.5
      vertex 41.5513 68.0032 2.5
    endloop
  endfacet
  facet normal 0 0 1
    outer loop
      vertex 37.4898 60.25 2.5
      vertex 41.5513 68.0032 2.5
      vertex 41.5057 68.4002 2.5
    endloop
  endfacet
  facet normal 0 0 1
    outer loop
      vertex 42.708 65.9549 2.5
      vertex 41.4655 61.6285 2.5
      vertex 42.048 61.7417 2.5
    endloop
  endfacet
  facet normal 0 0 1
    outer loop
      vertex 115.02 35.85 2.5
      vertex 104.8 21.6 2.5
      vertex 114.4 21.35 2.5
    endloop
  endfacet
  facet normal -0 0 1
    outer loop
      vertex 92.98 35.85 2.5
      vertex 104.8 21.6 2.5
      vertex 115.02 35.85 2.5
    endloop
  endfacet
  facet normal 0 0 1
    outer loop
      vertex 104.8 21.6 2.5
      vertex 92.98 35.85 2.5
      vertex 95.2 21.6 2.5
    endloop
  endfacet
  facet normal 0 0 1
    outer loop
      vertex 85.6 21.35 2.5
      vertex 95.2 21.6 2.5
      vertex 92.98 35.85 2.5
    endloop
  endfacet
  facet normal 0 0 1
    outer loop
      vertex 95.2 21.6 2.5
      vertex 85.6 21.35 2.5
      vertex 95.2 21.35 2.5
    endloop
  endfacet
  facet normal 0 0 1
    outer loop
      vertex 115.5 87.5 2.5
      vertex 115.02 44.15 2.5
      vertex 115.5 2.5 2.5
    endloop
  endfacet
  facet normal 0 0 1
    outer loop
      vertex 115.5 87.5 2.5
      vertex 92.98 44.15 2.5
      vertex 115.02 44.15 2.5
    endloop
  endfacet
  facet normal 0 0 1
    outer loop
      vertex 68.5791 34.7443 2.5
      vertex 92.98 35.85 2.5
      vertex 92.98 44.15 2.5
    endloop
  endfacet
  facet normal -0 0 1
    outer loop
      vertex 68.9154 32.801 2.5
      vertex 85.6 21.35 2.5
      vertex 68.9382 33.2 2.5
    endloop
  endfacet
  facet normal 0 -0 1
    outer loop
      vertex 68.9382 33.2 2.5
      vertex 92.98 35.85 2.5
      vertex 68.9154 33.599 2.5
    endloop
  endfacet
  facet normal -0 0 1
    outer loop
      vertex 58.5591 55.25 2.5
      vertex 92.98 44.15 2.5
      vertex 115.5 87.5 2.5
    endloop
  endfacet
  facet normal 0 0 1
    outer loop
      vertex 92.98 35.85 2.5
      vertex 68.9382 33.2 2.5
      vertex 85.6 21.35 2.5
    endloop
  endfacet
  facet normal 0 0 1
    outer loop
      vertex 92.98 35.85 2.5
      vertex 68.8472 33.9927 2.5
      vertex 68.9154 33.599 2.5
    endloop
  endfacet
  facet normal 0 0 1
    outer loop
      vertex 92.98 35.85 2.5
      vertex 68.7347 34.3762 2.5
      vertex 68.8472 33.9927 2.5
    endloop
  endfacet
  facet normal 0 0 1
    outer loop
      vertex 92.98 35.85 2.5
      vertex 68.5791 34.7443 2.5
      vertex 68.7347 34.3762 2.5
    endloop
  endfacet
  facet normal 0 0 1
    outer loop
      vertex 92.98 44.15 2.5
      vertex 68.3826 35.0922 2.5
      vertex 68.5791 34.7443 2.5
    endloop
  endfacet
  facet normal 0 0 1
    outer loop
      vertex 92.98 44.15 2.5
      vertex 68.1477 35.4155 2.5
      vertex 68.3826 35.0922 2.5
    endloop
  endfacet
  facet normal -0 -0 1
    outer loop
      vertex 61.7417 47.952 2.5
      vertex 92.98 44.15 2.5
      vertex 61.6838 48.25 2.5
    endloop
  endfacet
  facet normal 0 0 1
    outer loop
      vertex 92.98 44.15 2.5
      vertex 67.8775 35.71 2.5
      vertex 68.1477 35.4155 2.5
    endloop
  endfacet
  facet normal -0 -0 1
    outer loop
      vertex 61.8346 47.3659 2.5
      vertex 92.98 44.15 2.5
      vertex 61.7417 47.952 2.5
    endloop
  endfacet
  facet normal -0 -0 1
    outer loop
      vertex 61.9069 46.777 2.5
      vertex 92.98 44.15 2.5
      vertex 61.8346 47.3659 2.5
    endloop
  endfacet
  facet normal 0 -0 1
    outer loop
      vertex 67.5755 35.9717 2.5
      vertex 92.98 44.15 2.5
      vertex 61.9069 46.777 2.5
    endloop
  endfacet
  facet normal 0 0 1
    outer loop
      vertex 92.98 44.15 2.5
      vertex 67.5755 35.9717 2.5
      vertex 67.8775 35.71 2.5
    endloop
  endfacet
  facet normal 0 0 1
    outer loop
      vertex 67.5755 35.9717 2.5
      vertex 61.953 46.25 2.5
      vertex 67.2456 36.1972 2.5
    endloop
  endfacet
  facet normal -0 -0 1
    outer loop
      vertex 61.9956 44.75 2.5
      vertex 67.2456 36.1972 2.5
      vertex 61.953 46.25 2.5
    endloop
  endfacet
  facet normal -0 0 1
    outer loop
      vertex 61.9896 44.4067 2.5
      vertex 66.8922 36.3837 2.5
      vertex 61.9956 44.75 2.5
    endloop
  endfacet
  facet normal -0 0 1
    outer loop
      vertex 61.9586 43.8141 2.5
      vertex 66.8922 36.3837 2.5
      vertex 61.9896 44.4067 2.5
    endloop
  endfacet
  facet normal -0 0 1
    outer loop
      vertex 61.9069 43.223 2.5
      vertex 66.5198 36.5287 2.5
      vertex 61.9586 43.8141 2.5
    endloop
  endfacet
  facet normal -0 0 1
    outer loop
      vertex 61.8488 42.75 2.5
      vertex 66.1333 36.6303 2.5
      vertex 61.9069 43.223 2.5
    endloop
  endfacet
  facet normal 0 0 1
    outer loop
      vertex 66.1333 36.6303 2.5
      vertex 61.8488 42.75 2.5
      vertex 65.7377 36.6872 2.5
    endloop
  endfacet
  facet normal -0 0 1
    outer loop
      vertex 61.5788 41.25 2.5
      vertex 65.7377 36.6872 2.5
      vertex 61.8488 42.75 2.5
    endloop
  endfacet
  facet normal -0 0 1
    outer loop
      vertex 61.495 40.8873 2.5
      vertex 65.3383 36.6986 2.5
      vertex 61.5788 41.25 2.5
    endloop
  endfacet
  facet normal 0 0 1
    outer loop
      vertex 64.5484 36.585 2.5
      vertex 61.168 39.7467 2.5
      vertex 64.1684 36.4615 2.5
    endloop
  endfacet
  facet normal -0 0 1
    outer loop
      vertex 61.168 39.7467 2.5
      vertex 64.5484 36.585 2.5
      vertex 61.3414 40.3142 2.5
    endloop
  endfacet
  facet normal 0 0 1
    outer loop
      vertex 64.9401 36.6644 2.5
      vertex 61.3414 40.3142 2.5
      vertex 64.5484 36.585 2.5
    endloop
  endfacet
  facet normal -0 0 1
    outer loop
      vertex 61.3414 40.3142 2.5
      vertex 64.9401 36.6644 2.5
      vertex 61.495 40.8873 2.5
    endloop
  endfacet
  facet normal 0 0 1
    outer loop
      vertex 65.3383 36.6986 2.5
      vertex 61.495 40.8873 2.5
      vertex 64.9401 36.6644 2.5
    endloop
  endfacet
  facet normal 0 0 1
    outer loop
      vertex 65.7377 36.6872 2.5
      vertex 61.5788 41.25 2.5
      vertex 65.3383 36.6986 2.5
    endloop
  endfacet
  facet normal 0 0 1
    outer loop
      vertex 66.5198 36.5287 2.5
      vertex 61.9069 43.223 2.5
      vertex 66.1333 36.6303 2.5
    endloop
  endfacet
  facet normal 0 0 1
    outer loop
      vertex 66.8922 36.3837 2.5
      vertex 61.9586 43.8141 2.5
      vertex 66.5198 36.5287 2.5
    endloop
  endfacet
  facet normal 0 0 1
    outer loop
      vertex 67.2456 36.1972 2.5
      vertex 61.9956 44.75 2.5
      vertex 66.8922 36.3837 2.5
    endloop
  endfacet
  facet normal -0 -0 1
    outer loop
      vertex 61.953 46.25 2.5
      vertex 67.5755 35.9717 2.5
      vertex 61.9069 46.777 2.5
    endloop
  endfacet
  facet normal 0 0 1
    outer loop
      vertex 92.98 44.15 2.5
      vertex 61.3218 49.75 2.5
      vertex 61.6838 48.25 2.5
    endloop
  endfacet
  facet normal 0 0 1
    outer loop
      vertex 92.98 44.15 2.5
      vertex 61.168 50.2533 2.5
      vertex 61.3218 49.75 2.5
    endloop
  endfacet
  facet normal 0 0 1
    outer loop
      vertex 92.98 44.15 2.5
      vertex 60.9748 50.8143 2.5
      vertex 61.168 50.2533 2.5
    endloop
  endfacet
  facet normal 0 0 1
    outer loop
      vertex 92.98 44.15 2.5
      vertex 60.7621 51.3683 2.5
      vertex 60.9748 50.8143 2.5
    endloop
  endfacet
  facet normal 0 0 1
    outer loop
      vertex 92.98 44.15 2.5
      vertex 60.6001 51.75 2.5
      vertex 60.7621 51.3683 2.5
    endloop
  endfacet
  facet normal 0 0 1
    outer loop
      vertex 92.98 44.15 2.5
      vertex 59.861 53.25 2.5
      vertex 60.6001 51.75 2.5
    endloop
  endfacet
  facet normal 0 0 1
    outer loop
      vertex 92.98 44.15 2.5
      vertex 59.7224 53.5 2.5
      vertex 59.861 53.25 2.5
    endloop
  endfacet
  facet normal 0 0 1
    outer loop
      vertex 92.98 44.15 2.5
      vertex 59.4168 54.0086 2.5
      vertex 59.7224 53.5 2.5
    endloop
  endfacet
  facet normal 0 0 1
    outer loop
      vertex 92.98 44.15 2.5
      vertex 59.0936 54.5063 2.5
      vertex 59.4168 54.0086 2.5
    endloop
  endfacet
  facet normal 0 0 1
    outer loop
      vertex 92.98 44.15 2.5
      vertex 58.7533 54.9923 2.5
      vertex 59.0936 54.5063 2.5
    endloop
  endfacet
  facet normal 0 0 1
    outer loop
      vertex 92.98 44.15 2.5
      vertex 58.5591 55.25 2.5
      vertex 58.7533 54.9923 2.5
    endloop
  endfacet
  facet normal 0 0 1
    outer loop
      vertex 115.5 87.5 2.5
      vertex 57.284 56.75 2.5
      vertex 58.5591 55.25 2.5
    endloop
  endfacet
  facet normal 0 0 1
    outer loop
      vertex 115.5 87.5 2.5
      vertex 57.2288 56.8092 2.5
      vertex 57.284 56.75 2.5
    endloop
  endfacet
  facet normal 0 0 1
    outer loop
      vertex 115.5 87.5 2.5
      vertex 56.8092 57.2288 2.5
      vertex 57.2288 56.8092 2.5
    endloop
  endfacet
  facet normal -0 0 1
    outer loop
      vertex 48.2965 69.7762 2.5
      vertex 56.8092 57.2288 2.5
      vertex 115.5 87.5 2.5
    endloop
  endfacet
  facet normal 0 0 1
    outer loop
      vertex 56.8092 57.2288 2.5
      vertex 48.2965 69.7762 2.5
      vertex 56.3752 57.6335 2.5
    endloop
  endfacet
  facet normal 0 0 1
    outer loop
      vertex 56.3752 57.6335 2.5
      vertex 48.2965 69.7762 2.5
      vertex 55.9274 58.0228 2.5
    endloop
  endfacet
  facet normal -0 -0 1
    outer loop
      vertex 48.409 69.3927 2.5
      vertex 55.9274 58.0228 2.5
      vertex 48.2965 69.7762 2.5
    endloop
  endfacet
  facet normal 0 0 1
    outer loop
      vertex 55.9274 58.0228 2.5
      vertex 48.409 69.3927 2.5
      vertex 55.4662 58.3962 2.5
    endloop
  endfacet
  facet normal -0 -0 1
    outer loop
      vertex 48.4772 68.999 2.5
      vertex 54.9967 58.75 2.5
      vertex 48.409 69.3927 2.5
    endloop
  endfacet
  facet normal -0 -0 1
    outer loop
      vertex 48.5 68.6 2.5
      vertex 54.9967 58.75 2.5
      vertex 48.4772 68.999 2.5
    endloop
  endfacet
  facet normal 0 0 1
    outer loop
      vertex 54.9967 58.75 2.5
      vertex 48.5 68.6 2.5
      vertex 52.5102 60.25 2.5
    endloop
  endfacet
  facet normal -0 0 1
    outer loop
      vertex 48.4772 68.201 2.5
      vertex 52.5102 60.25 2.5
      vertex 48.5 68.6 2.5
    endloop
  endfacet
  facet normal -0 0 1
    outer loop
      vertex 48.409 67.8073 2.5
      vertex 52.4523 60.2795 2.5
      vertex 48.4772 68.201 2.5
    endloop
  endfacet
  facet normal 0 0 1
    outer loop
      vertex 52.4523 60.2795 2.5
      vertex 48.409 67.8073 2.5
      vertex 51.9145 60.5303 2.5
    endloop
  endfacet
  facet normal -0 0 1
    outer loop
      vertex 48.2965 67.4238 2.5
      vertex 51.3683 60.7621 2.5
      vertex 48.409 67.8073 2.5
    endloop
  endfacet
  facet normal 0 0 1
    outer loop
      vertex 51.3683 60.7621 2.5
      vertex 48.2965 67.4238 2.5
      vertex 50.8143 60.9748 2.5
    endloop
  endfacet
  facet normal -0 0 1
    outer loop
      vertex 48.1409 67.0557 2.5
      vertex 50.8143 60.9748 2.5
      vertex 48.2965 67.4238 2.5
    endloop
  endfacet
  facet normal 0 0 1
    outer loop
      vertex 51.9145 60.5303 2.5
      vertex 48.409 67.8073 2.5
      vertex 51.3683 60.7621 2.5
    endloop
  endfacet
  facet normal 0 0 1
    outer loop
      vertex 52.5102 60.25 2.5
      vertex 48.4772 68.201 2.5
      vertex 52.4523 60.2795 2.5
    endloop
  endfacet
  facet normal 0 0 1
    outer loop
      vertex 55.4662 58.3962 2.5
      vertex 48.409 69.3927 2.5
      vertex 54.9967 58.75 2.5
    endloop
  endfacet
  facet normal 0 0 1
    outer loop
      vertex 115.5 87.5 2.5
      vertex 48.1409 70.1443 2.5
      vertex 48.2965 69.7762 2.5
    endloop
  endfacet
  facet normal 0 0 1
    outer loop
      vertex 115.5 87.5 2.5
      vertex 47.9444 70.4922 2.5
      vertex 48.1409 70.1443 2.5
    endloop
  endfacet
  facet normal 0 0 1
    outer loop
      vertex 115.5 87.5 2.5
      vertex 47.7095 70.8155 2.5
      vertex 47.9444 70.4922 2.5
    endloop
  endfacet
  facet normal 0 0 1
    outer loop
      vertex 115.5 87.5 2.5
      vertex 47.4393 71.11 2.5
      vertex 47.7095 70.8155 2.5
    endloop
  endfacet
  facet normal 0 0 1
    outer loop
      vertex 115.5 87.5 2.5
      vertex 47.1373 71.3717 2.5
      vertex 47.4393 71.11 2.5
    endloop
  endfacet
  facet normal 0 0 1
    outer loop
      vertex 115.5 87.5 2.5
      vertex 46.8074 71.5972 2.5
      vertex 47.1373 71.3717 2.5
    endloop
  endfacet
  facet normal 0 0 1
    outer loop
      vertex 115.5 87.5 2.5
      vertex 46.454 71.7837 2.5
      vertex 46.8074 71.5972 2.5
    endloop
  endfacet
  facet normal 0 0 1
    outer loop
      vertex 115.5 87.5 2.5
      vertex 46.0816 71.9287 2.5
      vertex 46.454 71.7837 2.5
    endloop
  endfacet
  facet normal 0 0 1
    outer loop
      vertex 115.5 87.5 2.5
      vertex 45.6951 72.0303 2.5
      vertex 46.0816 71.9287 2.5
    endloop
  endfacet
  facet normal 0 0 1
    outer loop
      vertex 115.5 87.5 2.5
      vertex 45.2995 72.0872 2.5
      vertex 45.6951 72.0303 2.5
    endloop
  endfacet
  facet normal -0 0 1
    outer loop
      vertex 2.5 87.5 2.5
      vertex 45.2995 72.0872 2.5
      vertex 115.5 87.5 2.5
    endloop
  endfacet
  facet normal 0 0 1
    outer loop
      vertex 45.2995 72.0872 2.5
      vertex 2.5 87.5 2.5
      vertex 44.9001 72.0986 2.5
    endloop
  endfacet
  facet normal 0 0 1
    outer loop
      vertex 44.9001 72.0986 2.5
      vertex 2.5 87.5 2.5
      vertex 44.5019 72.0644 2.5
    endloop
  endfacet
  facet normal 0 0 1
    outer loop
      vertex 37.4898 60.25 2.5
      vertex 41.5057 68.4002 2.5
      vertex 41.5057 68.7998 2.5
    endloop
  endfacet
  facet normal 0 0 1
    outer loop
      vertex 42.4214 66.2334 2.5
      vertex 40.8873 61.495 2.5
      vertex 41.4655 61.6285 2.5
    endloop
  endfacet
  facet normal 0 0 1
    outer loop
      vertex 42.1684 66.5428 2.5
      vertex 40.3142 61.3414 2.5
      vertex 40.8873 61.495 2.5
    endloop
  endfacet
  facet normal 0 0 1
    outer loop
      vertex 35.0033 58.75 2.5
      vertex 41.5057 68.7998 2.5
      vertex 41.5513 69.1968 2.5
    endloop
  endfacet
  facet normal 0 0 1
    outer loop
      vertex 41.9524 66.8789 2.5
      vertex 39.7467 61.168 2.5
      vertex 40.3142 61.3414 2.5
    endloop
  endfacet
  facet normal 0 0 1
    outer loop
      vertex 41.9524 66.8789 2.5
      vertex 39.1857 60.9748 2.5
      vertex 39.7467 61.168 2.5
    endloop
  endfacet
  facet normal 0 0 1
    outer loop
      vertex 34.5338 58.3962 2.5
      vertex 41.5513 69.1968 2.5
      vertex 41.6418 69.5861 2.5
    endloop
  endfacet
  facet normal 0 0 1
    outer loop
      vertex 41.7761 67.2376 2.5
      vertex 38.6317 60.7621 2.5
      vertex 39.1857 60.9748 2.5
    endloop
  endfacet
  facet normal 0 0 1
    outer loop
      vertex 41.6418 67.6139 2.5
      vertex 38.0855 60.5303 2.5
      vertex 38.6317 60.7621 2.5
    endloop
  endfacet
  facet normal 0 0 1
    outer loop
      vertex 2.5 87.5 2.5
      vertex 41.6418 69.5861 2.5
      vertex 41.7761 69.9624 2.5
    endloop
  endfacet
  facet normal 0 0 1
    outer loop
      vertex 41.5513 68.0032 2.5
      vertex 37.5477 60.2795 2.5
      vertex 38.0855 60.5303 2.5
    endloop
  endfacet
  facet normal 0 0 1
    outer loop
      vertex 41.5513 68.0032 2.5
      vertex 37.4898 60.25 2.5
      vertex 37.5477 60.2795 2.5
    endloop
  endfacet
  facet normal 0 0 1
    outer loop
      vertex 41.5057 68.7998 2.5
      vertex 35.0033 58.75 2.5
      vertex 37.4898 60.25 2.5
    endloop
  endfacet
  facet normal 0 0 1
    outer loop
      vertex 2.5 87.5 2.5
      vertex 41.7761 69.9624 2.5
      vertex 41.9524 70.3211 2.5
    endloop
  endfacet
  facet normal 0 0 1
    outer loop
      vertex 41.5513 69.1968 2.5
      vertex 34.5338 58.3962 2.5
      vertex 35.0033 58.75 2.5
    endloop
  endfacet
  facet normal 0 0 1
    outer loop
      vertex 41.6418 69.5861 2.5
      vertex 34.0726 58.0228 2.5
      vertex 34.5338 58.3962 2.5
    endloop
  endfacet
  facet normal 0 0 1
    outer loop
      vertex 41.6418 69.5861 2.5
      vertex 2.5 87.5 2.5
      vertex 34.0726 58.0228 2.5
    endloop
  endfacet
  facet normal 0 0 1
    outer loop
      vertex 2.5 87.5 2.5
      vertex 41.9524 70.3211 2.5
      vertex 42.1684 70.6572 2.5
    endloop
  endfacet
  facet normal 0 0 1
    outer loop
      vertex 34.0726 58.0228 2.5
      vertex 2.5 87.5 2.5
      vertex 33.6248 57.6335 2.5
    endloop
  endfacet
  facet normal 0 0 1
    outer loop
      vertex 33.6248 57.6335 2.5
      vertex 2.5 87.5 2.5
      vertex 33.1908 57.2288 2.5
    endloop
  endfacet
  facet normal 0 0 1
    outer loop
      vertex 33.1908 57.2288 2.5
      vertex 2.5 87.5 2.5
      vertex 32.7712 56.8092 2.5
    endloop
  endfacet
  facet normal 0 0 1
    outer loop
      vertex 32.7712 56.8092 2.5
      vertex 2.5 87.5 2.5
      vertex 32.716 56.75 2.5
    endloop
  endfacet
  facet normal 0 0 1
    outer loop
      vertex 32.716 56.75 2.5
      vertex 2.5 87.5 2.5
      vertex 31.4409 55.25 2.5
    endloop
  endfacet
  facet normal 0 0 1
    outer loop
      vertex 31.4409 55.25 2.5
      vertex 2.5 87.5 2.5
      vertex 31.2467 54.9923 2.5
    endloop
  endfacet
  facet normal 0 0 1
    outer loop
      vertex 28.0931 43.223 2.5
      vertex 27.8583 34.3762 2.5
      vertex 27.9708 33.9927 2.5
    endloop
  endfacet
  facet normal 0 0 1
    outer loop
      vertex 28.0931 43.223 2.5
      vertex 27.7027 34.7443 2.5
      vertex 27.8583 34.3762 2.5
    endloop
  endfacet
  facet normal 0 0 1
    outer loop
      vertex 22.5863 36.0892 2.5
      vertex 28.0044 44.75 2.5
      vertex 28.047 46.25 2.5
    endloop
  endfacet
  facet normal 0 0 1
    outer loop
      vertex 28.0931 43.223 2.5
      vertex 27.5062 35.0922 2.5
      vertex 27.7027 34.7443 2.5
    endloop
  endfacet
  facet normal 0 0 1
    outer loop
      vertex 28.0931 43.223 2.5
      vertex 27.2713 35.4155 2.5
      vertex 27.5062 35.0922 2.5
    endloop
  endfacet
  facet normal 0 0 1
    outer loop
      vertex 28.0931 43.223 2.5
      vertex 27.0011 35.71 2.5
      vertex 27.2713 35.4155 2.5
    endloop
  endfacet
  facet normal 0 0 1
    outer loop
      vertex 22.2698 35.8451 2.5
      vertex 28.047 46.25 2.5
      vertex 28.0931 46.777 2.5
    endloop
  endfacet
  facet normal 0 0 1
    outer loop
      vertex 28.0931 43.223 2.5
      vertex 26.6991 35.9717 2.5
      vertex 27.0011 35.71 2.5
    endloop
  endfacet
  facet normal 0 0 1
    outer loop
      vertex 22.2698 35.8451 2.5
      vertex 28.0931 46.777 2.5
      vertex 28.1654 47.3659 2.5
    endloop
  endfacet
  facet normal 0 0 1
    outer loop
      vertex 28.0931 43.223 2.5
      vertex 26.3692 36.1972 2.5
      vertex 26.6991 35.9717 2.5
    endloop
  endfacet
  facet normal 0 0 1
    outer loop
      vertex 21.9832 35.5666 2.5
      vertex 28.1654 47.3659 2.5
      vertex 28.2583 47.952 2.5
    endloop
  endfacet
  facet normal 0 0 1
    outer loop
      vertex 28.0931 43.223 2.5
      vertex 26.0158 36.3837 2.5
      vertex 26.3692 36.1972 2.5
    endloop
  endfacet
  facet normal 0 0 1
    outer loop
      vertex 28.0931 43.223 2.5
      vertex 25.6434 36.5287 2.5
      vertex 26.0158 36.3837 2.5
    endloop
  endfacet
  facet normal 0 0 1
    outer loop
      vertex 21.9832 35.5666 2.5
      vertex 28.2583 47.952 2.5
      vertex 28.3162 48.25 2.5
    endloop
  endfacet
  facet normal 0 0 1
    outer loop
      vertex 28.0931 43.223 2.5
      vertex 25.2569 36.6303 2.5
      vertex 25.6434 36.5287 2.5
    endloop
  endfacet
  facet normal 0 0 1
    outer loop
      vertex 2.5 87.5 2.5
      vertex 28.3162 48.25 2.5
      vertex 28.6782 49.75 2.5
    endloop
  endfacet
  facet normal 0 0 1
    outer loop
      vertex 28.0931 43.223 2.5
      vertex 24.8613 36.6872 2.5
      vertex 25.2569 36.6303 2.5
    endloop
  endfacet
  facet normal 0 0 1
    outer loop
      vertex 28.0931 43.223 2.5
      vertex 24.4619 36.6986 2.5
      vertex 24.8613 36.6872 2.5
    endloop
  endfacet
  facet normal 0 0 1
    outer loop
      vertex 2.5 87.5 2.5
      vertex 28.6782 49.75 2.5
      vertex 28.832 50.2533 2.5
    endloop
  endfacet
  facet normal 0 0 1
    outer loop
      vertex 28.0931 43.223 2.5
      vertex 24.0637 36.6644 2.5
      vertex 24.4619 36.6986 2.5
    endloop
  endfacet
  facet normal 0 0 1
    outer loop
      vertex 2.5 87.5 2.5
      vertex 28.832 50.2533 2.5
      vertex 29.0252 50.8143 2.5
    endloop
  endfacet
  facet normal 0 0 1
    outer loop
      vertex 28.0931 43.223 2.5
      vertex 23.672 36.585 2.5
      vertex 24.0637 36.6644 2.5
    endloop
  endfacet
  facet normal 0 0 1
    outer loop
      vertex 28.0414 43.8141 2.5
      vertex 23.292 36.4615 2.5
      vertex 23.672 36.585 2.5
    endloop
  endfacet
  facet normal 0 0 1
    outer loop
      vertex 2.5 87.5 2.5
      vertex 29.0252 50.8143 2.5
      vertex 29.2379 51.3683 2.5
    endloop
  endfacet
  facet normal 0 0 1
    outer loop
      vertex 28.0104 44.4067 2.5
      vertex 22.9285 36.2955 2.5
      vertex 23.292 36.4615 2.5
    endloop
  endfacet
  facet normal 0 0 1
    outer loop
      vertex 28.0044 44.75 2.5
      vertex 22.5863 36.0892 2.5
      vertex 22.9285 36.2955 2.5
    endloop
  endfacet
  facet normal 0 0 1
    outer loop
      vertex 2.5 87.5 2.5
      vertex 29.2379 51.3683 2.5
      vertex 29.3999 51.75 2.5
    endloop
  endfacet
  facet normal 0 0 1
    outer loop
      vertex 28.047 46.25 2.5
      vertex 22.2698 35.8451 2.5
      vertex 22.5863 36.0892 2.5
    endloop
  endfacet
  facet normal 0 0 1
    outer loop
      vertex 28.1654 47.3659 2.5
      vertex 21.9832 35.5666 2.5
      vertex 22.2698 35.8451 2.5
    endloop
  endfacet
  facet normal 0 0 1
    outer loop
      vertex 28.3162 48.25 2.5
      vertex 2.5 87.5 2.5
      vertex 21.9832 35.5666 2.5
    endloop
  endfacet
  facet normal 0 0 1
    outer loop
      vertex 21.9832 35.5666 2.5
      vertex 2.5 87.5 2.5
      vertex 21.7302 35.2572 2.5
    endloop
  endfacet
  facet normal 0 0 1
    outer loop
      vertex 21.7302 35.2572 2.5
      vertex 2.5 87.5 2.5
      vertex 21.5142 34.9211 2.5
    endloop
  endfacet
  facet normal 0 0 1
    outer loop
      vertex 21.1131 33.7968 2.5
      vertex 2.5 2.5 2.5
      vertex 21.0675 33.3998 2.5
    endloop
  endfacet
  facet normal 0 0 1
    outer loop
      vertex 2.5 2.5 2.5
      vertex 21.1131 33.7968 2.5
      vertex 2.5 87.5 2.5
    endloop
  endfacet
  facet normal 0 0 1
    outer loop
      vertex 21.2036 34.1861 2.5
      vertex 2.5 87.5 2.5
      vertex 21.1131 33.7968 2.5
    endloop
  endfacet
  facet normal 0 0 1
    outer loop
      vertex 21.3379 34.5624 2.5
      vertex 2.5 87.5 2.5
      vertex 21.2036 34.1861 2.5
    endloop
  endfacet
  facet normal 0 0 1
    outer loop
      vertex 21.5142 34.9211 2.5
      vertex 2.5 87.5 2.5
      vertex 21.3379 34.5624 2.5
    endloop
  endfacet
  facet normal 0 0 1
    outer loop
      vertex 30.139 53.25 2.5
      vertex 2.5 87.5 2.5
      vertex 29.3999 51.75 2.5
    endloop
  endfacet
  facet normal 0 0 1
    outer loop
      vertex 30.2776 53.5 2.5
      vertex 2.5 87.5 2.5
      vertex 30.139 53.25 2.5
    endloop
  endfacet
  facet normal 0 0 1
    outer loop
      vertex 30.5832 54.0086 2.5
      vertex 2.5 87.5 2.5
      vertex 30.2776 53.5 2.5
    endloop
  endfacet
  facet normal 0 0 1
    outer loop
      vertex 30.9064 54.5063 2.5
      vertex 2.5 87.5 2.5
      vertex 30.5832 54.0086 2.5
    endloop
  endfacet
  facet normal 0 0 1
    outer loop
      vertex 31.2467 54.9923 2.5
      vertex 2.5 87.5 2.5
      vertex 30.9064 54.5063 2.5
    endloop
  endfacet
  facet normal 0 0 1
    outer loop
      vertex 42.4214 70.9666 2.5
      vertex 2.5 87.5 2.5
      vertex 42.1684 70.6572 2.5
    endloop
  endfacet
  facet normal 0 0 1
    outer loop
      vertex 42.708 71.2451 2.5
      vertex 2.5 87.5 2.5
      vertex 42.4214 70.9666 2.5
    endloop
  endfacet
  facet normal 0 0 1
    outer loop
      vertex 43.0244 71.4892 2.5
      vertex 2.5 87.5 2.5
      vertex 42.708 71.2451 2.5
    endloop
  endfacet
  facet normal 0 0 1
    outer loop
      vertex 43.3667 71.6955 2.5
      vertex 2.5 87.5 2.5
      vertex 43.0244 71.4892 2.5
    endloop
  endfacet
  facet normal 0 0 1
    outer loop
      vertex 43.7302 71.8615 2.5
      vertex 2.5 87.5 2.5
      vertex 43.3667 71.6955 2.5
    endloop
  endfacet
  facet normal 0 0 1
    outer loop
      vertex 44.1102 71.985 2.5
      vertex 2.5 87.5 2.5
      vertex 43.7302 71.8615 2.5
    endloop
  endfacet
  facet normal 0 0 1
    outer loop
      vertex 44.5019 72.0644 2.5
      vertex 2.5 87.5 2.5
      vertex 44.1102 71.985 2.5
    endloop
  endfacet
  facet normal -0 0 1
    outer loop
      vertex 115.02 35.85 2.5
      vertex 115.5 2.5 2.5
      vertex 115.02 44.15 2.5
    endloop
  endfacet
  facet normal -0 0 1
    outer loop
      vertex 114.4 21.35 2.5
      vertex 115.5 2.5 2.5
      vertex 115.02 35.85 2.5
    endloop
  endfacet
  facet normal -0 0 1
    outer loop
      vertex 114.4 12.65 2.5
      vertex 115.5 2.5 2.5
      vertex 114.4 21.35 2.5
    endloop
  endfacet
  facet normal -0 0 1
    outer loop
      vertex 85.6 12.65 2.5
      vertex 115.5 2.5 2.5
      vertex 114.4 12.65 2.5
    endloop
  endfacet
  facet normal -0 0 1
    outer loop
      vertex 68.8472 32.4073 2.5
      vertex 85.6 21.35 2.5
      vertex 68.9154 32.801 2.5
    endloop
  endfacet
  facet normal -0 0 1
    outer loop
      vertex 68.7347 32.0238 2.5
      vertex 85.6 21.35 2.5
      vertex 68.8472 32.4073 2.5
    endloop
  endfacet
  facet normal -0 0 1
    outer loop
      vertex 68.5791 31.6557 2.5
      vertex 85.6 21.35 2.5
      vertex 68.7347 32.0238 2.5
    endloop
  endfacet
  facet normal -0 0 1
    outer loop
      vertex 68.3826 31.3078 2.5
      vertex 85.6 21.35 2.5
      vertex 68.5791 31.6557 2.5
    endloop
  endfacet
  facet normal -0 0 1
    outer loop
      vertex 68.1477 30.9845 2.5
      vertex 85.6 21.35 2.5
      vertex 68.3826 31.3078 2.5
    endloop
  endfacet
  facet normal -0 0 1
    outer loop
      vertex 67.8775 30.69 2.5
      vertex 85.6 21.35 2.5
      vertex 68.1477 30.9845 2.5
    endloop
  endfacet
  facet normal -0 0 1
    outer loop
      vertex 67.5755 30.4283 2.5
      vertex 85.6 21.35 2.5
      vertex 67.8775 30.69 2.5
    endloop
  endfacet
  facet normal -0 0 1
    outer loop
      vertex 67.2456 30.2028 2.5
      vertex 85.6 21.35 2.5
      vertex 67.5755 30.4283 2.5
    endloop
  endfacet
  facet normal -0 0 1
    outer loop
      vertex 66.8922 30.0163 2.5
      vertex 85.6 21.35 2.5
      vertex 67.2456 30.2028 2.5
    endloop
  endfacet
  facet normal 0 0 1
    outer loop
      vertex 85.6 21.35 2.5
      vertex 66.8922 30.0163 2.5
      vertex 85.6 12.65 2.5
    endloop
  endfacet
  facet normal -0 0 1
    outer loop
      vertex 66.5198 29.8713 2.5
      vertex 85.6 12.65 2.5
      vertex 66.8922 30.0163 2.5
    endloop
  endfacet
  facet normal -0 0 1
    outer loop
      vertex 66.1333 29.7697 2.5
      vertex 85.6 12.65 2.5
      vertex 66.5198 29.8713 2.5
    endloop
  endfacet
  facet normal -0 0 1
    outer loop
      vertex 65.7377 29.7128 2.5
      vertex 85.6 12.65 2.5
      vertex 66.1333 29.7697 2.5
    endloop
  endfacet
  facet normal -0 0 1
    outer loop
      vertex 65.3383 29.7014 2.5
      vertex 85.6 12.65 2.5
      vertex 65.7377 29.7128 2.5
    endloop
  endfacet
  facet normal 0 0 1
    outer loop
      vertex 64.9401 29.7356 2.5
      vertex 85.6 12.65 2.5
      vertex 65.3383 29.7014 2.5
    endloop
  endfacet
  facet normal 0 0 1
    outer loop
      vertex 64.5484 29.815 2.5
      vertex 85.6 12.65 2.5
      vertex 64.9401 29.7356 2.5
    endloop
  endfacet
  facet normal 0 0 1
    outer loop
      vertex 51.3683 29.2379 2.5
      vertex 64.5484 29.815 2.5
      vertex 64.1684 29.9385 2.5
    endloop
  endfacet
  facet normal 0 0 1
    outer loop
      vertex 52.4523 29.7205 2.5
      vertex 64.1684 29.9385 2.5
      vertex 63.8049 30.1045 2.5
    endloop
  endfacet
  facet normal -0 0 1
    outer loop
      vertex 53.5 30.2776 2.5
      vertex 63.8049 30.1045 2.5
      vertex 63.4627 30.3108 2.5
    endloop
  endfacet
  facet normal 0 0 1
    outer loop
      vertex 54.2655 30.75 2.5
      vertex 63.4627 30.3108 2.5
      vertex 63.1462 30.5549 2.5
    endloop
  endfacet
  facet normal 0 0 1
    outer loop
      vertex 63.1462 35.8451 2.5
      vertex 60.2795 37.5477 2.5
      vertex 62.8596 35.5666 2.5
    endloop
  endfacet
  facet normal -0 0 1
    outer loop
      vertex 60.0101 37.019 2.5
      vertex 62.8596 35.5666 2.5
      vertex 60.2795 37.5477 2.5
    endloop
  endfacet
  facet normal 0 0 1
    outer loop
      vertex 62.8596 35.5666 2.5
      vertex 60.0101 37.019 2.5
      vertex 62.6066 35.2572 2.5
    endloop
  endfacet
  facet normal -0 0 1
    outer loop
      vertex 59.7224 36.5 2.5
      vertex 62.6066 35.2572 2.5
      vertex 60.0101 37.019 2.5
    endloop
  endfacet
  facet normal 0 0 1
    outer loop
      vertex 62.6066 35.2572 2.5
      vertex 59.7224 36.5 2.5
      vertex 62.3906 34.9211 2.5
    endloop
  endfacet
  facet normal 0 0 1
    outer loop
      vertex 62.3906 34.9211 2.5
      vertex 59.7224 36.5 2.5
      vertex 62.2143 34.5624 2.5
    endloop
  endfacet
  facet normal -0 0 1
    outer loop
      vertex 59.4168 35.9914 2.5
      vertex 62.2143 34.5624 2.5
      vertex 59.7224 36.5 2.5
    endloop
  endfacet
  facet normal -0 0 1
    outer loop
      vertex 59.2601 35.75 2.5
      vertex 62.2143 34.5624 2.5
      vertex 59.4168 35.9914 2.5
    endloop
  endfacet
  facet normal 0 0 1
    outer loop
      vertex 62.2143 34.5624 2.5
      vertex 59.2601 35.75 2.5
      vertex 62.08 34.1861 2.5
    endloop
  endfacet
  facet normal 0 0 1
    outer loop
      vertex 62.08 34.1861 2.5
      vertex 59.2601 35.75 2.5
      vertex 61.9895 33.7968 2.5
    endloop
  endfacet
  facet normal -0 0 1
    outer loop
      vertex 58.1664 34.25 2.5
      vertex 61.9895 33.7968 2.5
      vertex 59.2601 35.75 2.5
    endloop
  endfacet
  facet normal 0 0 1
    outer loop
      vertex 61.9895 33.7968 2.5
      vertex 58.1664 34.25 2.5
      vertex 61.9439 33.3998 2.5
    endloop
  endfacet
  facet normal 0 0 1
    outer loop
      vertex 61.9439 33.3998 2.5
      vertex 58.1664 34.25 2.5
      vertex 61.9439 33.0002 2.5
    endloop
  endfacet
  facet normal -0 0 1
    outer loop
      vertex 58.0228 34.0726 2.5
      vertex 61.9439 33.0002 2.5
      vertex 58.1664 34.25 2.5
    endloop
  endfacet
  facet normal 0 0 1
    outer loop
      vertex 61.9439 33.0002 2.5
      vertex 58.0228 34.0726 2.5
      vertex 61.9895 32.6032 2.5
    endloop
  endfacet
  facet normal -0 0 1
    outer loop
      vertex 57.6335 33.6248 2.5
      vertex 61.9895 32.6032 2.5
      vertex 58.0228 34.0726 2.5
    endloop
  endfacet
  facet normal 0 0 1
    outer loop
      vertex 61.9895 32.6032 2.5
      vertex 57.6335 33.6248 2.5
      vertex 62.08 32.2139 2.5
    endloop
  endfacet
  facet normal -0 0 1
    outer loop
      vertex 57.2288 33.1908 2.5
      vertex 62.08 32.2139 2.5
      vertex 57.6335 33.6248 2.5
    endloop
  endfacet
  facet normal 0 0 1
    outer loop
      vertex 62.08 32.2139 2.5
      vertex 57.2288 33.1908 2.5
      vertex 62.2143 31.8376 2.5
    endloop
  endfacet
  facet normal -0 0 1
    outer loop
      vertex 56.8092 32.7712 2.5
      vertex 62.2143 31.8376 2.5
      vertex 57.2288 33.1908 2.5
    endloop
  endfacet
  facet normal 0 0 1
    outer loop
      vertex 62.2143 31.8376 2.5
      vertex 56.8092 32.7712 2.5
      vertex 62.3906 31.4789 2.5
    endloop
  endfacet
  facet normal -0 0 1
    outer loop
      vertex 56.3752 32.3665 2.5
      vertex 62.3906 31.4789 2.5
      vertex 56.8092 32.7712 2.5
    endloop
  endfacet
  facet normal -0 0 1
    outer loop
      vertex 56.2412 32.25 2.5
      vertex 62.3906 31.4789 2.5
      vertex 56.3752 32.3665 2.5
    endloop
  endfacet
  facet normal 0 0 1
    outer loop
      vertex 62.3906 31.4789 2.5
      vertex 56.2412 32.25 2.5
      vertex 62.6066 31.1428 2.5
    endloop
  endfacet
  facet normal 0 0 1
    outer loop
      vertex 62.6066 31.1428 2.5
      vertex 56.2412 32.25 2.5
      vertex 62.8596 30.8334 2.5
    endloop
  endfacet
  facet normal 0 0 1
    outer loop
      vertex 54.2655 30.75 2.5
      vertex 62.8596 30.8334 2.5
      vertex 56.2412 32.25 2.5
    endloop
  endfacet
  facet normal 0 0 1
    outer loop
      vertex 62.8596 30.8334 2.5
      vertex 54.2655 30.75 2.5
      vertex 63.1462 30.5549 2.5
    endloop
  endfacet
  facet normal 0 0 1
    outer loop
      vertex 63.4627 30.3108 2.5
      vertex 54.2655 30.75 2.5
      vertex 54.0086 30.5832 2.5
    endloop
  endfacet
  facet normal 0 0 1
    outer loop
      vertex 63.4627 30.3108 2.5
      vertex 54.0086 30.5832 2.5
      vertex 53.5 30.2776 2.5
    endloop
  endfacet
  facet normal 0 0 1
    outer loop
      vertex 63.8049 30.1045 2.5
      vertex 53.5 30.2776 2.5
      vertex 52.981 29.9899 2.5
    endloop
  endfacet
  facet normal 0 0 1
    outer loop
      vertex 63.8049 30.1045 2.5
      vertex 52.981 29.9899 2.5
      vertex 52.4523 29.7205 2.5
    endloop
  endfacet
  facet normal 0 0 1
    outer loop
      vertex 64.1684 29.9385 2.5
      vertex 52.4523 29.7205 2.5
      vertex 51.9145 29.4697 2.5
    endloop
  endfacet
  facet normal 0 0 1
    outer loop
      vertex 64.1684 29.9385 2.5
      vertex 51.9145 29.4697 2.5
      vertex 51.3683 29.2379 2.5
    endloop
  endfacet
  facet normal 0 0 1
    outer loop
      vertex 64.5484 29.815 2.5
      vertex 51.3683 29.2379 2.5
      vertex 50.8143 29.0252 2.5
    endloop
  endfacet
  facet normal 0 0 1
    outer loop
      vertex 64.5484 29.815 2.5
      vertex 50.8143 29.0252 2.5
      vertex 50.2533 28.832 2.5
    endloop
  endfacet
  facet normal 0 0 1
    outer loop
      vertex 64.5484 29.815 2.5
      vertex 50.2533 28.832 2.5
      vertex 85.6 12.65 2.5
    endloop
  endfacet
  facet normal -0 0 1
    outer loop
      vertex 49.985 28.75 2.5
      vertex 85.6 12.65 2.5
      vertex 50.2533 28.832 2.5
    endloop
  endfacet
  facet normal 0 0 1
    outer loop
      vertex 2.5 2.5 2.5
      vertex 49.985 28.75 2.5
      vertex 40.015 28.75 2.5
    endloop
  endfacet
  facet normal 0 0 1
    outer loop
      vertex 2.5 2.5 2.5
      vertex 40.015 28.75 2.5
      vertex 39.7467 28.832 2.5
    endloop
  endfacet
  facet normal 0 0 1
    outer loop
      vertex 25.2569 29.7697 2.5
      vertex 39.7467 28.832 2.5
      vertex 39.1857 29.0252 2.5
    endloop
  endfacet
  facet normal 0 0 1
    outer loop
      vertex 28.0618 33.2 2.5
      vertex 28.1512 42.75 2.5
      vertex 28.0931 43.223 2.5
    endloop
  endfacet
  facet normal 0 0 1
    outer loop
      vertex 28.0618 33.2 2.5
      vertex 28.4212 41.25 2.5
      vertex 28.1512 42.75 2.5
    endloop
  endfacet
  facet normal 0 0 1
    outer loop
      vertex 28.0618 33.2 2.5
      vertex 28.505 40.8873 2.5
      vertex 28.4212 41.25 2.5
    endloop
  endfacet
  facet normal 0 0 1
    outer loop
      vertex 28.0618 33.2 2.5
      vertex 28.6586 40.3142 2.5
      vertex 28.505 40.8873 2.5
    endloop
  endfacet
  facet normal 0 0 1
    outer loop
      vertex 28.0618 33.2 2.5
      vertex 28.832 39.7467 2.5
      vertex 28.6586 40.3142 2.5
    endloop
  endfacet
  facet normal 0 0 1
    outer loop
      vertex 28.0618 33.2 2.5
      vertex 29.0031 39.25 2.5
      vertex 28.832 39.7467 2.5
    endloop
  endfacet
  facet normal 0 0 1
    outer loop
      vertex 28.0618 33.2 2.5
      vertex 29.6262 37.75 2.5
      vertex 29.0031 39.25 2.5
    endloop
  endfacet
  facet normal 0 0 1
    outer loop
      vertex 28.0618 33.2 2.5
      vertex 29.7205 37.5477 2.5
      vertex 29.6262 37.75 2.5
    endloop
  endfacet
  facet normal 0 0 1
    outer loop
      vertex 28.0618 33.2 2.5
      vertex 29.9899 37.019 2.5
      vertex 29.7205 37.5477 2.5
    endloop
  endfacet
  facet normal 0 0 1
    outer loop
      vertex 28.0618 33.2 2.5
      vertex 30.2776 36.5 2.5
      vertex 29.9899 37.019 2.5
    endloop
  endfacet
  facet normal 0 0 1
    outer loop
      vertex 28.0618 33.2 2.5
      vertex 30.5832 35.9914 2.5
      vertex 30.2776 36.5 2.5
    endloop
  endfacet
  facet normal 0 0 1
    outer loop
      vertex 28.0618 33.2 2.5
      vertex 30.7399 35.75 2.5
      vertex 30.5832 35.9914 2.5
    endloop
  endfacet
  facet normal 0 0 1
    outer loop
      vertex 28.0618 33.2 2.5
      vertex 31.8336 34.25 2.5
      vertex 30.7399 35.75 2.5
    endloop
  endfacet
  facet normal 0 0 1
    outer loop
      vertex 28.039 32.801 2.5
      vertex 31.8336 34.25 2.5
      vertex 28.0618 33.2 2.5
    endloop
  endfacet
  facet normal 0 0 1
    outer loop
      vertex 31.8336 34.25 2.5
      vertex 28.039 32.801 2.5
      vertex 31.9772 34.0726 2.5
    endloop
  endfacet
  facet normal 0 0 1
    outer loop
      vertex 31.9772 34.0726 2.5
      vertex 28.039 32.801 2.5
      vertex 32.3665 33.6248 2.5
    endloop
  endfacet
  facet normal 0 0 1
    outer loop
      vertex 27.9708 32.4073 2.5
      vertex 32.3665 33.6248 2.5
      vertex 28.039 32.801 2.5
    endloop
  endfacet
  facet normal 0 0 1
    outer loop
      vertex 32.3665 33.6248 2.5
      vertex 27.9708 32.4073 2.5
      vertex 32.7712 33.1908 2.5
    endloop
  endfacet
  facet normal 0 0 1
    outer loop
      vertex 27.8583 32.0238 2.5
      vertex 32.7712 33.1908 2.5
      vertex 27.9708 32.4073 2.5
    endloop
  endfacet
  facet normal 0 0 1
    outer loop
      vertex 32.7712 33.1908 2.5
      vertex 27.8583 32.0238 2.5
      vertex 33.1908 32.7712 2.5
    endloop
  endfacet
  facet normal 0 0 1
    outer loop
      vertex 27.7027 31.6557 2.5
      vertex 33.1908 32.7712 2.5
      vertex 27.8583 32.0238 2.5
    endloop
  endfacet
  facet normal 0 0 1
    outer loop
      vertex 33.1908 32.7712 2.5
      vertex 27.7027 31.6557 2.5
      vertex 33.6248 32.3665 2.5
    endloop
  endfacet
  facet normal 0 0 1
    outer loop
      vertex 27.5062 31.3078 2.5
      vertex 33.6248 32.3665 2.5
      vertex 27.7027 31.6557 2.5
    endloop
  endfacet
  facet normal 0 0 1
    outer loop
      vertex 33.6248 32.3665 2.5
      vertex 27.5062 31.3078 2.5
      vertex 33.7588 32.25 2.5
    endloop
  endfacet
  facet normal 0 0 1
    outer loop
      vertex 27.2713 30.9845 2.5
      vertex 33.7588 32.25 2.5
      vertex 27.5062 31.3078 2.5
    endloop
  endfacet
  facet normal 0 0 1
    outer loop
      vertex 33.7588 32.25 2.5
      vertex 27.2713 30.9845 2.5
      vertex 35.7345 30.75 2.5
    endloop
  endfacet
  facet normal 0 0 1
    outer loop
      vertex 27.0011 30.69 2.5
      vertex 35.7345 30.75 2.5
      vertex 27.2713 30.9845 2.5
    endloop
  endfacet
  facet normal 0 0 1
    outer loop
      vertex 26.6991 30.4283 2.5
      vertex 35.7345 30.75 2.5
      vertex 27.0011 30.69 2.5
    endloop
  endfacet
  facet normal 0 0 1
    outer loop
      vertex 35.7345 30.75 2.5
      vertex 26.6991 30.4283 2.5
      vertex 35.9914 30.5832 2.5
    endloop
  endfacet
  facet normal 0 0 1
    outer loop
      vertex 26.3692 30.2028 2.5
      vertex 35.9914 30.5832 2.5
      vertex 26.6991 30.4283 2.5
    endloop
  endfacet
  facet normal 0 0 1
    outer loop
      vertex 35.9914 30.5832 2.5
      vertex 26.3692 30.2028 2.5
      vertex 36.5 30.2776 2.5
    endloop
  endfacet
  facet normal 0 0 1
    outer loop
      vertex 36.5 30.2776 2.5
      vertex 26.3692 30.2028 2.5
      vertex 37.019 29.9899 2.5
    endloop
  endfacet
  facet normal -0 0 1
    outer loop
      vertex 26.0158 30.0163 2.5
      vertex 37.019 29.9899 2.5
      vertex 26.3692 30.2028 2.5
    endloop
  endfacet
  facet normal 0 0 1
    outer loop
      vertex 37.019 29.9899 2.5
      vertex 26.0158 30.0163 2.5
      vertex 37.5477 29.7205 2.5
    endloop
  endfacet
  facet normal 0 0 1
    outer loop
      vertex 37.5477 29.7205 2.5
      vertex 26.0158 30.0163 2.5
      vertex 38.0855 29.4697 2.5
    endloop
  endfacet
  facet normal -0 0 1
    outer loop
      vertex 25.6434 29.8713 2.5
      vertex 38.0855 29.4697 2.5
      vertex 26.0158 30.0163 2.5
    endloop
  endfacet
  facet normal 0 0 1
    outer loop
      vertex 38.0855 29.4697 2.5
      vertex 25.6434 29.8713 2.5
      vertex 38.6317 29.2379 2.5
    endloop
  endfacet
  facet normal 0 0 1
    outer loop
      vertex 38.6317 29.2379 2.5
      vertex 25.6434 29.8713 2.5
      vertex 39.1857 29.0252 2.5
    endloop
  endfacet
  facet normal 0 0 1
    outer loop
      vertex 49.985 28.75 2.5
      vertex 2.5 2.5 2.5
      vertex 85.6 12.65 2.5
    endloop
  endfacet
  facet normal -0 0 1
    outer loop
      vertex 25.2569 29.7697 2.5
      vertex 39.1857 29.0252 2.5
      vertex 25.6434 29.8713 2.5
    endloop
  endfacet
  facet normal 0 0 1
    outer loop
      vertex 39.7467 28.832 2.5
      vertex 25.2569 29.7697 2.5
      vertex 2.5 2.5 2.5
    endloop
  endfacet
  facet normal 0 0 1
    outer loop
      vertex 2.5 2.5 2.5
      vertex 25.2569 29.7697 2.5
      vertex 24.8613 29.7128 2.5
    endloop
  endfacet
  facet normal 0 0 1
    outer loop
      vertex 2.5 2.5 2.5
      vertex 24.8613 29.7128 2.5
      vertex 24.4619 29.7014 2.5
    endloop
  endfacet
  facet normal 0 0 1
    outer loop
      vertex 2.5 2.5 2.5
      vertex 24.4619 29.7014 2.5
      vertex 24.0637 29.7356 2.5
    endloop
  endfacet
  facet normal 0 0 1
    outer loop
      vertex 2.5 2.5 2.5
      vertex 24.0637 29.7356 2.5
      vertex 23.672 29.815 2.5
    endloop
  endfacet
  facet normal 0 0 1
    outer loop
      vertex 21.0675 33.3998 2.5
      vertex 2.5 2.5 2.5
      vertex 21.0675 33.0002 2.5
    endloop
  endfacet
  facet normal 0 0 1
    outer loop
      vertex 21.0675 33.0002 2.5
      vertex 2.5 2.5 2.5
      vertex 21.1131 32.6032 2.5
    endloop
  endfacet
  facet normal 0 0 1
    outer loop
      vertex 85.6 12.65 2.5
      vertex 2.5 2.5 2.5
      vertex 115.5 2.5 2.5
    endloop
  endfacet
  facet normal 0 0 1
    outer loop
      vertex 23.292 29.9385 2.5
      vertex 2.5 2.5 2.5
      vertex 23.672 29.815 2.5
    endloop
  endfacet
  facet normal 0 0 1
    outer loop
      vertex 22.9285 30.1045 2.5
      vertex 2.5 2.5 2.5
      vertex 23.292 29.9385 2.5
    endloop
  endfacet
  facet normal 0 0 1
    outer loop
      vertex 22.5863 30.3108 2.5
      vertex 2.5 2.5 2.5
      vertex 22.9285 30.1045 2.5
    endloop
  endfacet
  facet normal 0 0 1
    outer loop
      vertex 22.2698 30.5549 2.5
      vertex 2.5 2.5 2.5
      vertex 22.5863 30.3108 2.5
    endloop
  endfacet
  facet normal 0 0 1
    outer loop
      vertex 21.9832 30.8334 2.5
      vertex 2.5 2.5 2.5
      vertex 22.2698 30.5549 2.5
    endloop
  endfacet
  facet normal 0 0 1
    outer loop
      vertex 21.7302 31.1428 2.5
      vertex 2.5 2.5 2.5
      vertex 21.9832 30.8334 2.5
    endloop
  endfacet
  facet normal 0 0 1
    outer loop
      vertex 21.5142 31.4789 2.5
      vertex 2.5 2.5 2.5
      vertex 21.7302 31.1428 2.5
    endloop
  endfacet
  facet normal 0 0 1
    outer loop
      vertex 21.3379 31.8376 2.5
      vertex 2.5 2.5 2.5
      vertex 21.5142 31.4789 2.5
    endloop
  endfacet
  facet normal 0 0 1
    outer loop
      vertex 21.2036 32.2139 2.5
      vertex 2.5 2.5 2.5
      vertex 21.3379 31.8376 2.5
    endloop
  endfacet
  facet normal 0 0 1
    outer loop
      vertex 21.1131 32.6032 2.5
      vertex 2.5 2.5 2.5
      vertex 21.2036 32.2139 2.5
    endloop
  endfacet
  facet normal 0 0 1
    outer loop
      vertex 114.4 21.35 2.5
      vertex 104.8 21.6 2.5
      vertex 104.8 21.35 2.5
    endloop
  endfacet
  facet normal -0 0 1
    outer loop
      vertex 60.9969 39.25 2.5
      vertex 64.1684 36.4615 2.5
      vertex 61.168 39.7467 2.5
    endloop
  endfacet
  facet normal 0 0 1
    outer loop
      vertex 64.1684 36.4615 2.5
      vertex 60.9969 39.25 2.5
      vertex 63.8049 36.2955 2.5
    endloop
  endfacet
  facet normal 0 0 1
    outer loop
      vertex 63.8049 36.2955 2.5
      vertex 60.9969 39.25 2.5
      vertex 63.4627 36.0892 2.5
    endloop
  endfacet
  facet normal -0 0 1
    outer loop
      vertex 60.3738 37.75 2.5
      vertex 63.4627 36.0892 2.5
      vertex 60.9969 39.25 2.5
    endloop
  endfacet
  facet normal -0 0 1
    outer loop
      vertex 60.2795 37.5477 2.5
      vertex 63.1462 35.8451 2.5
      vertex 60.3738 37.75 2.5
    endloop
  endfacet
  facet normal 0 0 1
    outer loop
      vertex 63.4627 36.0892 2.5
      vertex 60.3738 37.75 2.5
      vertex 63.1462 35.8451 2.5
    endloop
  endfacet
  facet normal -0 0 1
    outer loop
      vertex 28.047 46.25 2.5
      vertex 61.9956 44.75 2.5
      vertex 61.953 46.25 2.5
    endloop
  endfacet
  facet normal 0 0 1
    outer loop
      vertex 61.9956 44.75 2.5
      vertex 28.047 46.25 2.5
      vertex 28.0044 44.75 2.5
    endloop
  endfacet
  facet normal 0.985394 -0.170291 0
    outer loop
      vertex 48.4683 68.1495 4.19
      vertex 48.4772 68.201 2.5
      vertex 48.4772 68.201 4.19272
    endloop
  endfacet
  facet normal 0.985357 -0.170504 -6.68691e-06
    outer loop
      vertex 48.4167 67.8513 4.19
      vertex 48.4772 68.201 2.5
      vertex 48.4683 68.1495 4.19
    endloop
  endfacet
  facet normal 0.98503 -0.17238 0
    outer loop
      vertex 48.409 67.8073 2.5
      vertex 48.4167 67.8513 4.19
      vertex 48.409 67.8073 4.19123
    endloop
  endfacet
  facet normal 0.985325 -0.170686 -4.5449e-05
    outer loop
      vertex 48.4167 67.8513 4.19
      vertex 48.409 67.8073 2.5
      vertex 48.4772 68.201 2.5
    endloop
  endfacet
  facet normal 0.998371 -0.0570578 0
    outer loop
      vertex 48.4797 68.2448 4.19
      vertex 48.5 68.6 2.5
      vertex 48.5 68.6 4.19
    endloop
  endfacet
  facet normal 0.998375 -0.0569849 0
    outer loop
      vertex 48.4772 68.201 2.5
      vertex 48.4797 68.2448 4.19
      vertex 48.4772 68.201 4.19272
    endloop
  endfacet
  facet normal 0.998371 -0.0570498 1.68786e-06
    outer loop
      vertex 48.4797 68.2448 4.19
      vertex 48.4772 68.201 2.5
      vertex 48.5 68.6 2.5
    endloop
  endfacet
  facet normal 0.870699 -0.491817 0
    outer loop
      vertex 48.1274 67.0318 4.19
      vertex 48.1409 67.0557 2.5
      vertex 48.1409 67.0557 4.1921
    endloop
  endfacet
  facet normal 0.870679 -0.491851 -6.38532e-07
    outer loop
      vertex 47.9542 66.7252 4.19
      vertex 48.1409 67.0557 2.5
      vertex 48.1274 67.0318 4.19
    endloop
  endfacet
  facet normal 0.871308 -0.490737 0
    outer loop
      vertex 47.9444 66.7078 2.5
      vertex 47.9542 66.7252 4.19
      vertex 47.9444 66.7078 4.19165
    endloop
  endfacet
  facet normal 0.870712 -0.491793 1.43354e-05
    outer loop
      vertex 47.9542 66.7252 4.19
      vertex 47.9444 66.7078 2.5
      vertex 48.1409 67.0557 2.5
    endloop
  endfacet
  facet normal -0.993417 0.114556 0
    outer loop
      vertex 41.5513 69.1968 2.5
      vertex 41.5449 69.1413 4.19
      vertex 41.5513 69.1968 4.1925
    endloop
  endfacet
  facet normal -0.993472 0.114073 -1.6077e-05
    outer loop
      vertex 41.5513 69.1968 2.5
      vertex 41.5119 68.8539 4.19
      vertex 41.5449 69.1413 4.19
    endloop
  endfacet
  facet normal -0.993468 0.114111 -8.23287e-06
    outer loop
      vertex 41.5057 68.7998 2.5
      vertex 41.5119 68.8539 4.19
      vertex 41.5513 69.1968 2.5
    endloop
  endfacet
  facet normal -0.993497 0.113857 0
    outer loop
      vertex 41.5119 68.8539 4.19
      vertex 41.5057 68.7998 2.5
      vertex 41.5057 68.7998 4.19189
    endloop
  endfacet
  facet normal 0.654755 0.755841 1.72534e-05
    outer loop
      vertex 47.4194 71.1272 4.19
      vertex 47.4393 71.11 2.5
      vertex 47.1734 71.3403 4.19
    endloop
  endfacet
  facet normal 0.653917 0.756566 -0
    outer loop
      vertex 47.4393 71.11 2.5
      vertex 47.4194 71.1272 4.19
      vertex 47.4393 71.11 4.19057
    endloop
  endfacet
  facet normal 0.654883 0.75573 5.24619e-05
    outer loop
      vertex 47.1373 71.3717 2.5
      vertex 47.1734 71.3403 4.19
      vertex 47.4393 71.11 2.5
    endloop
  endfacet
  facet normal 0.656282 0.754516 0
    outer loop
      vertex 47.1734 71.3403 4.19
      vertex 47.1373 71.3717 2.5
      vertex 47.1373 71.3717 4.19277
    endloop
  endfacet
  facet normal 0.736943 -0.675955 0
    outer loop
      vertex 47.6829 66.3555 4.19
      vertex 47.7095 66.3845 2.5
      vertex 47.7095 66.3845 4.19261
    endloop
  endfacet
  facet normal 0.736814 -0.676095 9.12409e-06
    outer loop
      vertex 47.4393 66.09 2.5
      vertex 47.6829 66.3555 4.19
      vertex 47.4435 66.0946 4.19
    endloop
  endfacet
  facet normal 0.738485 -0.674269 0
    outer loop
      vertex 47.4393 66.09 2.5
      vertex 47.4435 66.0946 4.19
      vertex 47.4393 66.09 4.19057
    endloop
  endfacet
  facet normal 0.736853 -0.676053 -3.10905e-06
    outer loop
      vertex 47.6829 66.3555 4.19
      vertex 47.4393 66.09 2.5
      vertex 47.7095 66.3845 2.5
    endloop
  endfacet
  facet normal -0.309086 -0.951034 -1.40686e-06
    outer loop
      vertex 44.1102 65.215 2.5
      vertex 43.7705 65.3254 4.19
      vertex 43.7302 65.3385 2.5
    endloop
  endfacet
  facet normal -0.309139 -0.951017 0
    outer loop
      vertex 43.7302 65.3385 2.5
      vertex 43.7705 65.3254 4.19
      vertex 43.7302 65.3385 4.19269
    endloop
  endfacet
  facet normal -0.309124 -0.951022 -9.89533e-06
    outer loop
      vertex 43.7705 65.3254 4.19
      vertex 44.1102 65.215 2.5
      vertex 44.1083 65.2156 4.19
    endloop
  endfacet
  facet normal -0.301131 -0.953583 0
    outer loop
      vertex 44.1083 65.2156 4.19
      vertex 44.1102 65.215 2.5
      vertex 44.1102 65.215 4.1902
    endloop
  endfacet
  facet normal -0.896502 0.443039 0
    outer loop
      vertex 41.9524 70.3211 2.5
      vertex 41.9439 70.3039 4.19
      vertex 41.9524 70.3211 4.19039
    endloop
  endfacet
  facet normal -0.897461 0.441094 -2.46119e-05
    outer loop
      vertex 41.9524 70.3211 2.5
      vertex 41.7966 70.0042 4.19
      vertex 41.9439 70.3039 4.19
    endloop
  endfacet
  facet normal -0.897459 0.441098 -2.36725e-05
    outer loop
      vertex 41.7761 69.9624 2.5
      vertex 41.7966 70.0042 4.19
      vertex 41.9524 70.3211 2.5
    endloop
  endfacet
  facet normal -0.897837 0.440327 0
    outer loop
      vertex 41.7966 70.0042 4.19
      vertex 41.7761 69.9624 2.5
      vertex 41.7761 69.9624 4.19276
    endloop
  endfacet
  facet normal -0.897837 -0.440327 0
    outer loop
      vertex 41.7761 67.2376 2.5
      vertex 41.7966 67.1958 4.19
      vertex 41.7761 67.2376 4.19276
    endloop
  endfacet
  facet normal -0.897459 -0.441098 -2.36725e-05
    outer loop
      vertex 41.9524 66.8789 2.5
      vertex 41.7966 67.1958 4.19
      vertex 41.7761 67.2376 2.5
    endloop
  endfacet
  facet normal -0.897461 -0.441094 -2.46119e-05
    outer loop
      vertex 41.7966 67.1958 4.19
      vertex 41.9524 66.8789 2.5
      vertex 41.9439 66.8961 4.19
    endloop
  endfacet
  facet normal -0.896502 -0.443039 0
    outer loop
      vertex 41.9439 66.8961 4.19
      vertex 41.9524 66.8789 2.5
      vertex 41.9524 66.8789 4.19039
    endloop
  endfacet
  facet normal 0.466726 -0.884402 1.39047e-05
    outer loop
      vertex 46.8074 65.6028 2.5
      vertex 46.4873 65.4339 4.19
      vertex 46.454 65.4163 2.5
    endloop
  endfacet
  facet normal 0.467278 -0.884111 0
    outer loop
      vertex 46.454 65.4163 2.5
      vertex 46.4873 65.4339 4.19
      vertex 46.454 65.4163 4.19256
    endloop
  endfacet
  facet normal 0.466783 -0.884372 2.77541e-05
    outer loop
      vertex 46.4873 65.4339 4.19
      vertex 46.8074 65.6028 2.5
      vertex 46.8001 65.599 4.19
    endloop
  endfacet
  facet normal 0.461735 -0.887018 0
    outer loop
      vertex 46.8001 65.599 4.19
      vertex 46.8074 65.6028 2.5
      vertex 46.8074 65.6028 4.19075
    endloop
  endfacet
  facet normal 0.871308 0.490737 0
    outer loop
      vertex 47.9542 70.4748 4.19
      vertex 47.9444 70.4922 2.5
      vertex 47.9444 70.4922 4.19165
    endloop
  endfacet
  facet normal 0.870679 0.491851 1.51231e-05
    outer loop
      vertex 48.1274 70.1682 4.19
      vertex 47.9444 70.4922 2.5
      vertex 47.9542 70.4748 4.19
    endloop
  endfacet
  facet normal 0.870699 0.491817 -0
    outer loop
      vertex 48.1409 70.1443 2.5
      vertex 48.1274 70.1682 4.19
      vertex 48.1409 70.1443 4.1921
    endloop
  endfacet
  facet normal 0.870712 0.491793 4.44278e-07
    outer loop
      vertex 48.1274 70.1682 4.19
      vertex 48.1409 70.1443 2.5
      vertex 47.9444 70.4922 2.5
    endloop
  endfacet
  facet normal 0.466783 0.884372 2.77541e-05
    outer loop
      vertex 46.8001 71.601 4.19
      vertex 46.8074 71.5972 2.5
      vertex 46.4873 71.7661 4.19
    endloop
  endfacet
  facet normal 0.461735 0.887018 -0
    outer loop
      vertex 46.8074 71.5972 2.5
      vertex 46.8001 71.601 4.19
      vertex 46.8074 71.5972 4.19075
    endloop
  endfacet
  facet normal 0.466726 0.884402 1.39047e-05
    outer loop
      vertex 46.454 71.7837 2.5
      vertex 46.4873 71.7661 4.19
      vertex 46.8074 71.5972 2.5
    endloop
  endfacet
  facet normal 0.467278 0.884111 0
    outer loop
      vertex 46.4873 71.7661 4.19
      vertex 46.454 71.7837 2.5
      vertex 46.454 71.7837 4.19256
    endloop
  endfacet
  facet normal -0.773793 -0.633439 0
    outer loop
      vertex 42.1684 66.5428 2.5
      vertex 42.2027 66.5009 4.19
      vertex 42.1684 66.5428 4.19266
    endloop
  endfacet
  facet normal -0.774259 -0.632869 2.35776e-05
    outer loop
      vertex 42.1684 66.5428 2.5
      vertex 42.3898 66.272 4.19
      vertex 42.2027 66.5009 4.19
    endloop
  endfacet
  facet normal -0.774136 -0.63302 -1.66409e-05
    outer loop
      vertex 42.4214 66.2334 2.5
      vertex 42.3898 66.272 4.19
      vertex 42.1684 66.5428 2.5
    endloop
  endfacet
  facet normal -0.773779 -0.633456 0
    outer loop
      vertex 42.3898 66.272 4.19
      vertex 42.4214 66.2334 2.5
      vertex 42.4214 66.2334 4.19152
    endloop
  endfacet
  facet normal 0.98503 0.17238 0
    outer loop
      vertex 48.4167 69.3487 4.19
      vertex 48.409 69.3927 2.5
      vertex 48.409 69.3927 4.19123
    endloop
  endfacet
  facet normal 0.985357 0.170504 -5.03278e-05
    outer loop
      vertex 48.4683 69.0505 4.19
      vertex 48.409 69.3927 2.5
      vertex 48.4167 69.3487 4.19
    endloop
  endfacet
  facet normal 0.985394 0.170291 -0
    outer loop
      vertex 48.4772 68.999 2.5
      vertex 48.4683 69.0505 4.19
      vertex 48.4772 68.999 4.19272
    endloop
  endfacet
  facet normal 0.985325 0.170686 -1.23952e-05
    outer loop
      vertex 48.4683 69.0505 4.19
      vertex 48.4772 68.999 2.5
      vertex 48.409 69.3927 2.5
    endloop
  endfacet
  facet normal -0.0853365 0.996352 4.20149e-05
    outer loop
      vertex 44.8589 72.095 4.19
      vertex 44.9001 72.0986 2.5
      vertex 44.553 72.0688 4.19
    endloop
  endfacet
  facet normal -0.087047 0.996204 0
    outer loop
      vertex 44.9001 72.0986 2.5
      vertex 44.8589 72.095 4.19
      vertex 44.9001 72.0986 4.19108
    endloop
  endfacet
  facet normal -0.0855715 0.996332 -6.60315e-06
    outer loop
      vertex 44.5019 72.0644 2.5
      vertex 44.553 72.0688 4.19
      vertex 44.9001 72.0986 2.5
    endloop
  endfacet
  facet normal -0.0857882 0.996313 0
    outer loop
      vertex 44.553 72.0688 4.19
      vertex 44.5019 72.0644 2.5
      vertex 44.5019 72.0644 4.19275
    endloop
  endfacet
  facet normal -0.610485 0.792028 5.75871e-05
    outer loop
      vertex 42.9798 71.4547 4.19
      vertex 43.0244 71.4892 2.5
      vertex 42.7525 71.2795 4.19
    endloop
  endfacet
  facet normal -0.611851 0.790973 0
    outer loop
      vertex 43.0244 71.4892 2.5
      vertex 42.9798 71.4547 4.19
      vertex 43.0244 71.4892 4.19229
    endloop
  endfacet
  facet normal -0.610835 0.791758 -3.21462e-05
    outer loop
      vertex 42.708 71.2451 2.5
      vertex 42.7525 71.2795 4.19
      vertex 43.0244 71.4892 2.5
    endloop
  endfacet
  facet normal -0.611599 0.791168 0
    outer loop
      vertex 42.7525 71.2795 4.19
      vertex 42.708 71.2451 2.5
      vertex 42.708 71.2451 4.1922
    endloop
  endfacet
  facet normal 0.0286164 -0.99959 3.00096e-05
    outer loop
      vertex 44.9123 65.1018 4.19
      vertex 44.9001 65.1014 2.5
      vertex 45.2651 65.1119 4.19
    endloop
  endfacet
  facet normal 0.0327693 -0.999463 0
    outer loop
      vertex 44.9001 65.1014 2.5
      vertex 44.9123 65.1018 4.19
      vertex 44.9001 65.1014 4.19108
    endloop
  endfacet
  facet normal 0.0285312 -0.999593 4.84257e-05
    outer loop
      vertex 45.2995 65.1128 2.5
      vertex 45.2651 65.1119 4.19
      vertex 44.9001 65.1014 2.5
    endloop
  endfacet
  facet normal 0.0261538 -0.999658 0
    outer loop
      vertex 45.2651 65.1119 4.19
      vertex 45.2995 65.1128 2.5
      vertex 45.2995 65.1128 4.19244
    endloop
  endfacet
  facet normal 0.738485 0.674269 0
    outer loop
      vertex 47.4435 71.1054 4.19
      vertex 47.4393 71.11 2.5
      vertex 47.4393 71.11 4.19057
    endloop
  endfacet
  facet normal 0.736814 0.676095 9.12409e-06
    outer loop
      vertex 47.6829 70.8445 4.19
      vertex 47.4393 71.11 2.5
      vertex 47.4435 71.1054 4.19
    endloop
  endfacet
  facet normal 0.736943 0.675955 -0
    outer loop
      vertex 47.7095 70.8155 2.5
      vertex 47.6829 70.8445 4.19
      vertex 47.7095 70.8155 4.19261
    endloop
  endfacet
  facet normal 0.736853 0.676053 -3.10905e-06
    outer loop
      vertex 47.6829 70.8445 4.19
      vertex 47.7095 70.8155 2.5
      vertex 47.4393 71.11 2.5
    endloop
  endfacet
  facet normal 0.959366 -0.282166 0
    outer loop
      vertex 48.405 67.7937 4.19
      vertex 48.409 67.8073 2.5
      vertex 48.409 67.8073 4.19123
    endloop
  endfacet
  facet normal 0.959564 -0.281491 5.90434e-06
    outer loop
      vertex 48.3057 67.4552 4.19
      vertex 48.409 67.8073 2.5
      vertex 48.405 67.7937 4.19
    endloop
  endfacet
  facet normal 0.959657 -0.281173 0
    outer loop
      vertex 48.2965 67.4238 2.5
      vertex 48.3057 67.4552 4.19
      vertex 48.2965 67.4238 4.19236
    endloop
  endfacet
  facet normal 0.959564 -0.281489 6.36635e-06
    outer loop
      vertex 48.3057 67.4552 4.19
      vertex 48.2965 67.4238 2.5
      vertex 48.409 67.8073 2.5
    endloop
  endfacet
  facet normal 0.920698 -0.390276 0
    outer loop
      vertex 48.2745 67.3719 4.19
      vertex 48.2965 67.4238 2.5
      vertex 48.2965 67.4238 4.19236
    endloop
  endfacet
  facet normal 0.921078 -0.389379 3.25116e-05
    outer loop
      vertex 48.1626 67.1072 4.19
      vertex 48.2965 67.4238 2.5
      vertex 48.2745 67.3719 4.19
    endloop
  endfacet
  facet normal 0.921534 -0.388297 0
    outer loop
      vertex 48.1409 67.0557 2.5
      vertex 48.1626 67.1072 4.19
      vertex 48.1409 67.0557 4.1921
    endloop
  endfacet
  facet normal 0.921088 -0.389354 3.79487e-05
    outer loop
      vertex 48.1626 67.1072 4.19
      vertex 48.1409 67.0557 2.5
      vertex 48.2965 67.4238 2.5
    endloop
  endfacet
  facet normal -0.941697 0.336463 0
    outer loop
      vertex 41.7761 69.9624 2.5
      vertex 41.7592 69.9151 4.19
      vertex 41.7761 69.9624 4.19276
    endloop
  endfacet
  facet normal -0.941843 0.336052 -1.29469e-05
    outer loop
      vertex 41.7761 69.9624 2.5
      vertex 41.6543 69.6211 4.19
      vertex 41.7592 69.9151 4.19
    endloop
  endfacet
  facet normal -0.941816 0.33613 4.81314e-06
    outer loop
      vertex 41.6418 69.5861 2.5
      vertex 41.6543 69.6211 4.19
      vertex 41.7761 69.9624 2.5
    endloop
  endfacet
  facet normal -0.941742 0.336336 0
    outer loop
      vertex 41.6543 69.6211 4.19
      vertex 41.6418 69.5861 2.5
      vertex 41.6418 69.5861 4.19092
    endloop
  endfacet
  facet normal 0.564233 -0.825615 1.04101e-05
    outer loop
      vertex 46.834 65.621 4.19
      vertex 46.8074 65.6028 2.5
      vertex 47.0968 65.8006 4.19
    endloop
  endfacet
  facet normal 0.564684 -0.825307 0
    outer loop
      vertex 46.8074 65.6028 2.5
      vertex 46.834 65.621 4.19
      vertex 46.8074 65.6028 4.19075
    endloop
  endfacet
  facet normal 0.564307 -0.825565 -8.11452e-06
    outer loop
      vertex 47.1373 65.8283 2.5
      vertex 47.0968 65.8006 4.19
      vertex 46.8074 65.6028 2.5
    endloop
  endfacet
  facet normal 0.564538 -0.825407 0
    outer loop
      vertex 47.0968 65.8006 4.19
      vertex 47.1373 65.8283 2.5
      vertex 47.1373 65.8283 4.19277
    endloop
  endfacet
  facet normal -0.309124 0.951022 -9.89533e-06
    outer loop
      vertex 44.1083 71.9844 4.19
      vertex 44.1102 71.985 2.5
      vertex 43.7705 71.8746 4.19
    endloop
  endfacet
  facet normal -0.301131 0.953583 0
    outer loop
      vertex 44.1102 71.985 2.5
      vertex 44.1083 71.9844 4.19
      vertex 44.1102 71.985 4.1902
    endloop
  endfacet
  facet normal -0.309086 0.951034 -1.40686e-06
    outer loop
      vertex 43.7302 71.8615 2.5
      vertex 43.7705 71.8746 4.19
      vertex 44.1102 71.985 2.5
    endloop
  endfacet
  facet normal -0.309139 0.951017 0
    outer loop
      vertex 43.7705 71.8746 4.19
      vertex 43.7302 71.8615 2.5
      vertex 43.7302 71.8615 4.19269
    endloop
  endfacet
  facet normal -0.696957 -0.717113 1.46818e-05
    outer loop
      vertex 42.4344 66.2208 4.19
      vertex 42.4214 66.2334 2.5
      vertex 42.687 65.9753 4.19
    endloop
  endfacet
  facet normal -0.695973 -0.718068 0
    outer loop
      vertex 42.4214 66.2334 2.5
      vertex 42.4344 66.2208 4.19
      vertex 42.4214 66.2334 4.19152
    endloop
  endfacet
  facet normal -0.6969 -0.717169 -2.75405e-06
    outer loop
      vertex 42.708 65.9549 2.5
      vertex 42.687 65.9753 4.19
      vertex 42.4214 66.2334 2.5
    endloop
  endfacet
  facet normal -0.696786 -0.717279 0
    outer loop
      vertex 42.687 65.9753 4.19
      vertex 42.708 65.9549 2.5
      vertex 42.708 65.9549 4.1922
    endloop
  endfacet
  facet normal 0.654755 -0.755841 5.72508e-05
    outer loop
      vertex 47.1734 65.8597 4.19
      vertex 47.1373 65.8283 2.5
      vertex 47.4194 66.0728 4.19
    endloop
  endfacet
  facet normal 0.656282 -0.754516 0
    outer loop
      vertex 47.1373 65.8283 2.5
      vertex 47.1734 65.8597 4.19
      vertex 47.1373 65.8283 4.19277
    endloop
  endfacet
  facet normal 0.654883 -0.75573 1.98861e-05
    outer loop
      vertex 47.4393 66.09 2.5
      vertex 47.4194 66.0728 4.19
      vertex 47.1373 65.8283 2.5
    endloop
  endfacet
  facet normal 0.653917 -0.756566 0
    outer loop
      vertex 47.4194 66.0728 4.19
      vertex 47.4393 66.09 2.5
      vertex 47.4393 66.09 4.19057
    endloop
  endfacet
  facet normal 0.998375 0.0569849 0
    outer loop
      vertex 48.4797 68.9552 4.19
      vertex 48.4772 68.999 2.5
      vertex 48.4772 68.999 4.19272
    endloop
  endfacet
  facet normal 0.998371 0.0570578 -0
    outer loop
      vertex 48.5 68.6 2.5
      vertex 48.4797 68.9552 4.19
      vertex 48.5 68.6 4.19
    endloop
  endfacet
  facet normal 0.998371 0.0570498 1.68786e-06
    outer loop
      vertex 48.4797 68.9552 4.19
      vertex 48.5 68.6 2.5
      vertex 48.4772 68.999 2.5
    endloop
  endfacet
  facet normal 0.362844 0.93185 -4.39161e-06
    outer loop
      vertex 46.4024 71.8038 4.19
      vertex 46.454 71.7837 2.5
      vertex 46.1312 71.9094 4.19
    endloop
  endfacet
  facet normal 0.362969 0.931801 -0
    outer loop
      vertex 46.454 71.7837 2.5
      vertex 46.4024 71.8038 4.19
      vertex 46.454 71.7837 4.19256
    endloop
  endfacet
  facet normal 0.362833 0.931854 -6.92943e-06
    outer loop
      vertex 46.0816 71.9287 2.5
      vertex 46.1312 71.9094 4.19
      vertex 46.454 71.7837 2.5
    endloop
  endfacet
  facet normal 0.362628 0.931934 0
    outer loop
      vertex 46.1312 71.9094 4.19
      vertex 46.0816 71.9287 2.5
      vertex 46.0816 71.9287 4.19177
    endloop
  endfacet
  facet normal -0.773779 0.633456 0
    outer loop
      vertex 42.4214 70.9666 2.5
      vertex 42.3898 70.928 4.19
      vertex 42.4214 70.9666 4.19152
    endloop
  endfacet
  facet normal -0.774259 0.632869 -2.23767e-05
    outer loop
      vertex 42.4214 70.9666 2.5
      vertex 42.2027 70.6991 4.19
      vertex 42.3898 70.928 4.19
    endloop
  endfacet
  facet normal -0.774136 0.63302 1.73515e-05
    outer loop
      vertex 42.1684 70.6572 2.5
      vertex 42.2027 70.6991 4.19
      vertex 42.4214 70.9666 2.5
    endloop
  endfacet
  facet normal -0.773793 0.633439 0
    outer loop
      vertex 42.2027 70.6991 4.19
      vertex 42.1684 70.6572 2.5
      vertex 42.1684 70.6572 4.19266
    endloop
  endfacet
  facet normal -0.198576 -0.980086 -7.60398e-06
    outer loop
      vertex 44.1205 65.2129 4.19
      vertex 44.1102 65.215 2.5
      vertex 44.4576 65.1446 4.19
    endloop
  endfacet
  facet normal -0.199774 -0.979842 0
    outer loop
      vertex 44.1102 65.215 2.5
      vertex 44.1205 65.2129 4.19
      vertex 44.1102 65.215 4.1902
    endloop
  endfacet
  facet normal -0.198666 -0.980067 1.16665e-05
    outer loop
      vertex 44.5019 65.1356 2.5
      vertex 44.4576 65.1446 4.19
      vertex 44.1102 65.215 2.5
    endloop
  endfacet
  facet normal -0.199093 -0.979981 0
    outer loop
      vertex 44.4576 65.1446 4.19
      vertex 44.5019 65.1356 2.5
      vertex 44.5019 65.1356 4.19275
    endloop
  endfacet
  facet normal -0.993497 -0.113857 0
    outer loop
      vertex 41.5057 68.4002 2.5
      vertex 41.5119 68.3461 4.19
      vertex 41.5057 68.4002 4.19189
    endloop
  endfacet
  facet normal -0.993472 -0.114073 -6.99533e-06
    outer loop
      vertex 41.5057 68.4002 2.5
      vertex 41.5449 68.0587 4.19
      vertex 41.5119 68.3461 4.19
    endloop
  endfacet
  facet normal -0.993468 -0.114111 -1.48073e-05
    outer loop
      vertex 41.5513 68.0032 2.5
      vertex 41.5449 68.0587 4.19
      vertex 41.5057 68.4002 2.5
    endloop
  endfacet
  facet normal -0.993417 -0.114556 0
    outer loop
      vertex 41.5449 68.0587 4.19
      vertex 41.5513 68.0032 2.5
      vertex 41.5513 68.0032 4.1925
    endloop
  endfacet
  facet normal 0.142247 -0.989831 5.74818e-06
    outer loop
      vertex 45.3551 65.1208 4.19
      vertex 45.2995 65.1128 2.5
      vertex 45.6404 65.1618 4.19
    endloop
  endfacet
  facet normal 0.142418 -0.989807 0
    outer loop
      vertex 45.2995 65.1128 2.5
      vertex 45.3551 65.1208 4.19
      vertex 45.2995 65.1128 4.19244
    endloop
  endfacet
  facet normal 0.142367 -0.989814 -1.89653e-05
    outer loop
      vertex 45.6951 65.1697 2.5
      vertex 45.6404 65.1618 4.19
      vertex 45.2995 65.1128 2.5
    endloop
  endfacet
  facet normal 0.142941 -0.989731 0
    outer loop
      vertex 45.6404 65.1618 4.19
      vertex 45.6951 65.1697 2.5
      vertex 45.6951 65.1697 4.192
    endloop
  endfacet
  facet normal 0.564233 0.825615 -1.07075e-05
    outer loop
      vertex 47.0968 71.3994 4.19
      vertex 47.1373 71.3717 2.5
      vertex 46.834 71.579 4.19
    endloop
  endfacet
  facet normal 0.564538 0.825407 -0
    outer loop
      vertex 47.1373 71.3717 2.5
      vertex 47.0968 71.3994 4.19
      vertex 47.1373 71.3717 4.19277
    endloop
  endfacet
  facet normal 0.564307 0.825565 8.70682e-06
    outer loop
      vertex 46.8074 71.5972 2.5
      vertex 46.834 71.579 4.19
      vertex 47.1373 71.3717 2.5
    endloop
  endfacet
  facet normal 0.564684 0.825307 0
    outer loop
      vertex 46.834 71.579 4.19
      vertex 46.8074 71.5972 2.5
      vertex 46.8074 71.5972 4.19075
    endloop
  endfacet
  facet normal -0.841736 0.539889 0
    outer loop
      vertex 42.1684 70.6572 2.5
      vertex 42.1464 70.6229 4.19
      vertex 42.1684 70.6572 4.19266
    endloop
  endfacet
  facet normal -0.841252 0.540644 2.16234e-05
    outer loop
      vertex 41.9524 70.3211 2.5
      vertex 42.1464 70.6229 4.19
      vertex 42.1684 70.6572 2.5
    endloop
  endfacet
  facet normal -0.841215 0.540701 7.27291e-06
    outer loop
      vertex 42.1464 70.6229 4.19
      vertex 41.9524 70.3211 2.5
      vertex 41.9546 70.3245 4.19
    endloop
  endfacet
  facet normal -0.83957 0.543251 0
    outer loop
      vertex 41.9546 70.3245 4.19
      vertex 41.9524 70.3211 2.5
      vertex 41.9524 70.3211 4.19039
    endloop
  endfacet
  facet normal 0.142247 0.989831 -2.29311e-05
    outer loop
      vertex 45.6404 72.0382 4.19
      vertex 45.6951 72.0303 2.5
      vertex 45.3551 72.0792 4.19
    endloop
  endfacet
  facet normal 0.142941 0.989731 -0
    outer loop
      vertex 45.6951 72.0303 2.5
      vertex 45.6404 72.0382 4.19
      vertex 45.6951 72.0303 4.192
    endloop
  endfacet
  facet normal 0.142367 0.989814 1.71739e-06
    outer loop
      vertex 45.2995 72.0872 2.5
      vertex 45.3551 72.0792 4.19
      vertex 45.6951 72.0303 2.5
    endloop
  endfacet
  facet normal 0.142418 0.989807 0
    outer loop
      vertex 45.3551 72.0792 4.19
      vertex 45.2995 72.0872 2.5
      vertex 45.2995 72.0872 4.19244
    endloop
  endfacet
  facet normal 0.921534 0.388297 0
    outer loop
      vertex 48.1626 70.0928 4.19
      vertex 48.1409 70.1443 2.5
      vertex 48.1409 70.1443 4.1921
    endloop
  endfacet
  facet normal 0.921078 0.389379 3.88327e-05
    outer loop
      vertex 48.2745 69.8281 4.19
      vertex 48.1409 70.1443 2.5
      vertex 48.1626 70.0928 4.19
    endloop
  endfacet
  facet normal 0.920698 0.390276 -0
    outer loop
      vertex 48.2965 69.7762 2.5
      vertex 48.2745 69.8281 4.19
      vertex 48.2965 69.7762 4.19236
    endloop
  endfacet
  facet normal 0.921088 0.389354 3.34032e-05
    outer loop
      vertex 48.2745 69.8281 4.19
      vertex 48.2965 69.7762 2.5
      vertex 48.1409 70.1443 2.5
    endloop
  endfacet
  facet normal -0.974555 0.224148 0
    outer loop
      vertex 41.6418 69.5861 2.5
      vertex 41.6395 69.5761 4.19
      vertex 41.6418 69.5861 4.19092
    endloop
  endfacet
  facet normal -0.97396 0.22672 1.60281e-05
    outer loop
      vertex 41.6418 69.5861 2.5
      vertex 41.5594 69.232 4.19
      vertex 41.6395 69.5761 4.19
    endloop
  endfacet
  facet normal -0.974027 0.226431 -4.77748e-05
    outer loop
      vertex 41.5513 69.1968 2.5
      vertex 41.5594 69.232 4.19
      vertex 41.6418 69.5861 2.5
    endloop
  endfacet
  facet normal -0.974531 0.224253 0
    outer loop
      vertex 41.5594 69.232 4.19
      vertex 41.5513 69.1968 2.5
      vertex 41.5513 69.1968 4.1925
    endloop
  endfacet
  facet normal 0.0285312 0.999593 4.84257e-05
    outer loop
      vertex 44.9001 72.0986 2.5
      vertex 45.2651 72.0881 4.19
      vertex 45.2995 72.0872 2.5
    endloop
  endfacet
  facet normal 0.0261538 0.999658 -0
    outer loop
      vertex 45.2995 72.0872 2.5
      vertex 45.2651 72.0881 4.19
      vertex 45.2995 72.0872 4.19244
    endloop
  endfacet
  facet normal 0.0286164 0.99959 3.00096e-05
    outer loop
      vertex 45.2651 72.0881 4.19
      vertex 44.9001 72.0986 2.5
      vertex 44.9123 72.0982 4.19
    endloop
  endfacet
  facet normal 0.0327693 0.999463 0
    outer loop
      vertex 44.9123 72.0982 4.19
      vertex 44.9001 72.0986 2.5
      vertex 44.9001 72.0986 4.19108
    endloop
  endfacet
  facet normal -0.415214 -0.909724 -4.45447e-05
    outer loop
      vertex 43.4099 65.4847 4.19
      vertex 43.3667 65.5045 2.5
      vertex 43.6818 65.3606 4.19
    endloop
  endfacet
  facet normal -0.416655 -0.909065 0
    outer loop
      vertex 43.3667 65.5045 2.5
      vertex 43.4099 65.4847 4.19
      vertex 43.3667 65.5045 4.19138
    endloop
  endfacet
  facet normal -0.415405 -0.909637 -1.55477e-06
    outer loop
      vertex 43.7302 65.3385 2.5
      vertex 43.6818 65.3606 4.19
      vertex 43.3667 65.5045 2.5
    endloop
  endfacet
  facet normal -0.41536 -0.909657 0
    outer loop
      vertex 43.6818 65.3606 4.19
      vertex 43.7302 65.3385 2.5
      vertex 43.7302 65.3385 4.19269
    endloop
  endfacet
  facet normal 0.959657 0.281173 0
    outer loop
      vertex 48.3057 69.7448 4.19
      vertex 48.2965 69.7762 2.5
      vertex 48.2965 69.7762 4.19236
    endloop
  endfacet
  facet normal 0.959564 0.281491 5.90434e-06
    outer loop
      vertex 48.409 69.3927 2.5
      vertex 48.3057 69.7448 4.19
      vertex 48.405 69.4063 4.19
    endloop
  endfacet
  facet normal 0.959366 0.282166 -0
    outer loop
      vertex 48.409 69.3927 2.5
      vertex 48.405 69.4063 4.19
      vertex 48.409 69.3927 4.19123
    endloop
  endfacet
  facet normal 0.959564 0.281489 6.36635e-06
    outer loop
      vertex 48.3057 69.7448 4.19
      vertex 48.409 69.3927 2.5
      vertex 48.2965 69.7762 2.5
    endloop
  endfacet
  facet normal -0.610485 -0.792028 -4.68449e-05
    outer loop
      vertex 42.7525 65.9205 4.19
      vertex 42.708 65.9549 2.5
      vertex 42.9798 65.7453 4.19
    endloop
  endfacet
  facet normal -0.611599 -0.791168 0
    outer loop
      vertex 42.708 65.9549 2.5
      vertex 42.7525 65.9205 4.19
      vertex 42.708 65.9549 4.1922
    endloop
  endfacet
  facet normal -0.610835 -0.791758 4.28517e-05
    outer loop
      vertex 43.0244 65.7108 2.5
      vertex 42.9798 65.7453 4.19
      vertex 42.708 65.9549 2.5
    endloop
  endfacet
  facet normal -0.611851 -0.790973 0
    outer loop
      vertex 42.9798 65.7453 4.19
      vertex 43.0244 65.7108 2.5
      vertex 43.0244 65.7108 4.19229
    endloop
  endfacet
  facet normal -1 0 0
    outer loop
      vertex 41.5057 68.7998 2.5
      vertex 41.5057 68.776 4.19
      vertex 41.5057 68.7998 4.19189
    endloop
  endfacet
  facet normal -1 0 0
    outer loop
      vertex 41.5057 68.7998 2.5
      vertex 41.5057 68.424 4.19
      vertex 41.5057 68.776 4.19
    endloop
  endfacet
  facet normal -1 0 0
    outer loop
      vertex 41.5057 68.4002 2.5
      vertex 41.5057 68.424 4.19
      vertex 41.5057 68.7998 2.5
    endloop
  endfacet
  facet normal -1 -0 0
    outer loop
      vertex 41.5057 68.424 4.19
      vertex 41.5057 68.4002 2.5
      vertex 41.5057 68.4002 4.19189
    endloop
  endfacet
  facet normal 0.362844 -0.93185 -7.31934e-06
    outer loop
      vertex 46.1312 65.2906 4.19
      vertex 46.0816 65.2713 2.5
      vertex 46.4024 65.3962 4.19
    endloop
  endfacet
  facet normal 0.362628 -0.931934 0
    outer loop
      vertex 46.0816 65.2713 2.5
      vertex 46.1312 65.2906 4.19
      vertex 46.0816 65.2713 4.19177
    endloop
  endfacet
  facet normal 0.362833 -0.931854 -4.7973e-06
    outer loop
      vertex 46.454 65.4163 2.5
      vertex 46.4024 65.3962 4.19
      vertex 46.0816 65.2713 2.5
    endloop
  endfacet
  facet normal 0.362969 -0.931801 0
    outer loop
      vertex 46.4024 65.3962 4.19
      vertex 46.454 65.4163 2.5
      vertex 46.454 65.4163 4.19256
    endloop
  endfacet
  facet normal -0.941742 -0.336336 0
    outer loop
      vertex 41.6418 67.6139 2.5
      vertex 41.6543 67.5789 4.19
      vertex 41.6418 67.6139 4.19092
    endloop
  endfacet
  facet normal -0.941843 -0.336052 6.63457e-06
    outer loop
      vertex 41.6418 67.6139 2.5
      vertex 41.7592 67.2849 4.19
      vertex 41.6543 67.5789 4.19
    endloop
  endfacet
  facet normal -0.941816 -0.33613 -1.04852e-05
    outer loop
      vertex 41.7761 67.2376 2.5
      vertex 41.7592 67.2849 4.19
      vertex 41.6418 67.6139 2.5
    endloop
  endfacet
  facet normal -0.941697 -0.336463 0
    outer loop
      vertex 41.7592 67.2849 4.19
      vertex 41.7761 67.2376 2.5
      vertex 41.7761 67.2376 4.19276
    endloop
  endfacet
  facet normal 0.809404 -0.587252 0
    outer loop
      vertex 47.914 66.6659 4.19
      vertex 47.9444 66.7078 2.5
      vertex 47.9444 66.7078 4.19165
    endloop
  endfacet
  facet normal 0.808957 -0.587867 -2.32775e-05
    outer loop
      vertex 47.7417 66.4288 4.19
      vertex 47.9444 66.7078 2.5
      vertex 47.914 66.6659 4.19
    endloop
  endfacet
  facet normal 0.808894 -0.587955 0
    outer loop
      vertex 47.7095 66.3845 2.5
      vertex 47.7417 66.4288 4.19
      vertex 47.7095 66.3845 4.19261
    endloop
  endfacet
  facet normal 0.809007 -0.5878 -6.20403e-06
    outer loop
      vertex 47.7417 66.4288 4.19
      vertex 47.7095 66.3845 2.5
      vertex 47.9444 66.7078 2.5
    endloop
  endfacet
  facet normal -0.415214 0.909724 5.0484e-06
    outer loop
      vertex 43.6818 71.8394 4.19
      vertex 43.7302 71.8615 2.5
      vertex 43.4099 71.7153 4.19
    endloop
  endfacet
  facet normal -0.41536 0.909657 0
    outer loop
      vertex 43.7302 71.8615 2.5
      vertex 43.6818 71.8394 4.19
      vertex 43.7302 71.8615 4.19269
    endloop
  endfacet
  facet normal -0.415405 0.909637 -3.86471e-05
    outer loop
      vertex 43.3667 71.6955 2.5
      vertex 43.4099 71.7153 4.19
      vertex 43.7302 71.8615 2.5
    endloop
  endfacet
  facet normal -0.416655 0.909065 0
    outer loop
      vertex 43.4099 71.7153 4.19
      vertex 43.3667 71.6955 2.5
      vertex 43.3667 71.6955 4.19138
    endloop
  endfacet
  facet normal -0.516414 0.856339 -4.17389e-05
    outer loop
      vertex 43.3528 71.6872 4.19
      vertex 43.3667 71.6955 2.5
      vertex 43.051 71.5052 4.19
    endloop
  endfacet
  facet normal -0.512678 0.858581 0
    outer loop
      vertex 43.3667 71.6955 2.5
      vertex 43.3528 71.6872 4.19
      vertex 43.3667 71.6955 4.19138
    endloop
  endfacet
  facet normal -0.516187 0.856476 1.59603e-05
    outer loop
      vertex 43.0244 71.4892 2.5
      vertex 43.051 71.5052 4.19
      vertex 43.3667 71.6955 2.5
    endloop
  endfacet
  facet normal -0.515443 0.856924 0
    outer loop
      vertex 43.051 71.5052 4.19
      vertex 43.0244 71.4892 2.5
      vertex 43.0244 71.4892 4.19229
    endloop
  endfacet
  facet normal -0.0853365 -0.996352 -1.37608e-05
    outer loop
      vertex 44.553 65.1312 4.19
      vertex 44.5019 65.1356 2.5
      vertex 44.8589 65.105 4.19
    endloop
  endfacet
  facet normal -0.0857882 -0.996313 0
    outer loop
      vertex 44.5019 65.1356 2.5
      vertex 44.553 65.1312 4.19
      vertex 44.5019 65.1356 4.19275
    endloop
  endfacet
  facet normal -0.0855715 -0.996332 3.62433e-05
    outer loop
      vertex 44.9001 65.1014 2.5
      vertex 44.8589 65.105 4.19
      vertex 44.5019 65.1356 2.5
    endloop
  endfacet
  facet normal -0.087047 -0.996204 0
    outer loop
      vertex 44.8589 65.105 4.19
      vertex 44.9001 65.1014 2.5
      vertex 44.9001 65.1014 4.19108
    endloop
  endfacet
  facet normal -0.516414 -0.856339 2.08191e-05
    outer loop
      vertex 43.051 65.6948 4.19
      vertex 43.0244 65.7108 2.5
      vertex 43.3528 65.5128 4.19
    endloop
  endfacet
  facet normal -0.515443 -0.856924 0
    outer loop
      vertex 43.0244 65.7108 2.5
      vertex 43.051 65.6948 4.19
      vertex 43.0244 65.7108 4.19229
    endloop
  endfacet
  facet normal -0.516187 -0.856476 -3.92048e-05
    outer loop
      vertex 43.3667 65.5045 2.5
      vertex 43.3528 65.5128 4.19
      vertex 43.0244 65.7108 2.5
    endloop
  endfacet
  facet normal -0.512678 -0.858581 0
    outer loop
      vertex 43.3528 65.5128 4.19
      vertex 43.3667 65.5045 2.5
      vertex 43.3667 65.5045 4.19138
    endloop
  endfacet
  facet normal -0.697103 0.716971 -5.00829e-05
    outer loop
      vertex 42.687 71.2248 4.19
      vertex 42.708 71.2451 2.5
      vertex 42.4344 70.9792 4.19
    endloop
  endfacet
  facet normal -0.695022 0.718988 0
    outer loop
      vertex 42.708 71.2451 2.5
      vertex 42.687 71.2248 4.19
      vertex 42.708 71.2451 4.1922
    endloop
  endfacet
  facet normal -0.6969 0.717169 1.38295e-05
    outer loop
      vertex 42.4214 70.9666 2.5
      vertex 42.4344 70.9792 4.19
      vertex 42.708 71.2451 2.5
    endloop
  endfacet
  facet normal -0.695973 0.718068 0
    outer loop
      vertex 42.4344 70.9792 4.19
      vertex 42.4214 70.9666 2.5
      vertex 42.4214 70.9666 4.19152
    endloop
  endfacet
  facet normal -0.974531 -0.224253 0
    outer loop
      vertex 41.5513 68.0032 2.5
      vertex 41.5594 67.968 4.19
      vertex 41.5513 68.0032 4.1925
    endloop
  endfacet
  facet normal -0.974027 -0.226431 -4.77748e-05
    outer loop
      vertex 41.6418 67.6139 2.5
      vertex 41.5594 67.968 4.19
      vertex 41.5513 68.0032 2.5
    endloop
  endfacet
  facet normal -0.97396 -0.22672 1.60281e-05
    outer loop
      vertex 41.5594 67.968 4.19
      vertex 41.6418 67.6139 2.5
      vertex 41.6395 67.6239 4.19
    endloop
  endfacet
  facet normal -0.974555 -0.224148 0
    outer loop
      vertex 41.6395 67.6239 4.19
      vertex 41.6418 67.6139 2.5
      vertex 41.6418 67.6139 4.19092
    endloop
  endfacet
  facet normal 0.808894 0.587955 0
    outer loop
      vertex 47.7417 70.7712 4.19
      vertex 47.7095 70.8155 2.5
      vertex 47.7095 70.8155 4.19261
    endloop
  endfacet
  facet normal 0.808957 0.587867 -3.49264e-06
    outer loop
      vertex 47.914 70.5341 4.19
      vertex 47.7095 70.8155 2.5
      vertex 47.7417 70.7712 4.19
    endloop
  endfacet
  facet normal 0.809404 0.587252 -0
    outer loop
      vertex 47.9444 70.4922 2.5
      vertex 47.914 70.5341 4.19
      vertex 47.9444 70.4922 4.19165
    endloop
  endfacet
  facet normal 0.809007 0.5878 -2.07146e-05
    outer loop
      vertex 47.914 70.5341 4.19
      vertex 47.9444 70.4922 2.5
      vertex 47.7095 70.8155 2.5
    endloop
  endfacet
  facet normal -0.198666 0.980067 1.16665e-05
    outer loop
      vertex 44.1102 71.985 2.5
      vertex 44.4576 72.0554 4.19
      vertex 44.5019 72.0644 2.5
    endloop
  endfacet
  facet normal -0.199093 0.979981 0
    outer loop
      vertex 44.5019 72.0644 2.5
      vertex 44.4576 72.0554 4.19
      vertex 44.5019 72.0644 4.19275
    endloop
  endfacet
  facet normal -0.198576 0.980086 -7.60398e-06
    outer loop
      vertex 44.4576 72.0554 4.19
      vertex 44.1102 71.985 2.5
      vertex 44.1205 71.9871 4.19
    endloop
  endfacet
  facet normal -0.199774 0.979842 0
    outer loop
      vertex 44.1205 71.9871 4.19
      vertex 44.1102 71.985 2.5
      vertex 44.1102 71.985 4.1902
    endloop
  endfacet
  facet normal 0.254144 0.967166 -1.67351e-05
    outer loop
      vertex 46.0604 71.9343 4.19
      vertex 46.0816 71.9287 2.5
      vertex 45.7198 72.0238 4.19
    endloop
  endfacet
  facet normal 0.255391 0.966838 -0
    outer loop
      vertex 46.0816 71.9287 2.5
      vertex 46.0604 71.9343 4.19
      vertex 46.0816 71.9287 4.19177
    endloop
  endfacet
  facet normal 0.254235 0.967143 4.04219e-06
    outer loop
      vertex 45.6951 72.0303 2.5
      vertex 45.7198 72.0238 4.19
      vertex 46.0816 71.9287 2.5
    endloop
  endfacet
  facet normal 0.254493 0.967075 0
    outer loop
      vertex 45.7198 72.0238 4.19
      vertex 45.6951 72.0303 2.5
      vertex 45.6951 72.0303 4.192
    endloop
  endfacet
  facet normal 0 0 1
    outer loop
      vertex 46.5 68.6 5.69
      vertex 50 68.6 5.69
      vertex 49.9842 68.9973 5.69
    endloop
  endfacet
  facet normal 0 0 1
    outer loop
      vertex 46.5 68.6 5.69
      vertex 49.9842 68.9973 5.69
      vertex 49.9369 69.392 5.69
    endloop
  endfacet
  facet normal 0 0 1
    outer loop
      vertex 50 68.6 5.69
      vertex 46.5 68.6 5.69
      vertex 49.9842 68.2028 5.69
    endloop
  endfacet
  facet normal 0 0 1
    outer loop
      vertex 46.4489 68.9882 5.69
      vertex 49.9369 69.392 5.69
      vertex 49.8583 69.7817 5.69
    endloop
  endfacet
  facet normal 0 0 1
    outer loop
      vertex 49.9842 68.2028 5.69
      vertex 46.5 68.6 5.69
      vertex 49.9369 67.808 5.69
    endloop
  endfacet
  facet normal 0 0 1
    outer loop
      vertex 46.4489 68.9882 5.69
      vertex 49.8583 69.7817 5.69
      vertex 49.7491 70.164 5.69
    endloop
  endfacet
  facet normal -0 0 1
    outer loop
      vertex 46.4489 68.2118 5.69
      vertex 49.9369 67.808 5.69
      vertex 46.5 68.6 5.69
    endloop
  endfacet
  facet normal 0 0 1
    outer loop
      vertex 46.4489 68.9882 5.69
      vertex 49.7491 70.164 5.69
      vertex 49.6098 70.5364 5.69
    endloop
  endfacet
  facet normal 0 0 1
    outer loop
      vertex 49.9369 67.808 5.69
      vertex 46.4489 68.2118 5.69
      vertex 49.8583 67.4183 5.69
    endloop
  endfacet
  facet normal 0 0 1
    outer loop
      vertex 46.299 69.35 5.69
      vertex 49.6098 70.5364 5.69
      vertex 49.4414 70.8965 5.69
    endloop
  endfacet
  facet normal 0 0 1
    outer loop
      vertex 49.8583 67.4183 5.69
      vertex 46.4489 68.2118 5.69
      vertex 49.7491 67.036 5.69
    endloop
  endfacet
  facet normal 0 0 1
    outer loop
      vertex 46.299 69.35 5.69
      vertex 49.4414 70.8965 5.69
      vertex 49.2449 71.2421 5.69
    endloop
  endfacet
  facet normal 0 0 1
    outer loop
      vertex 49.7491 67.036 5.69
      vertex 46.4489 68.2118 5.69
      vertex 49.6098 66.6636 5.69
    endloop
  endfacet
  facet normal 0 0 1
    outer loop
      vertex 46.299 69.35 5.69
      vertex 49.2449 71.2421 5.69
      vertex 49.0216 71.571 5.69
    endloop
  endfacet
  facet normal -0 0 1
    outer loop
      vertex 46.299 67.85 5.69
      vertex 49.6098 66.6636 5.69
      vertex 46.4489 68.2118 5.69
    endloop
  endfacet
  facet normal 0 0 1
    outer loop
      vertex 46.0607 69.6607 5.69
      vertex 49.0216 71.571 5.69
      vertex 48.7728 71.8811 5.69
    endloop
  endfacet
  facet normal 0 0 1
    outer loop
      vertex 49.6098 66.6636 5.69
      vertex 46.299 67.85 5.69
      vertex 49.4414 66.3035 5.69
    endloop
  endfacet
  facet normal 0 0 1
    outer loop
      vertex 46.0607 69.6607 5.69
      vertex 48.7728 71.8811 5.69
      vertex 48.5002 72.1705 5.69
    endloop
  endfacet
  facet normal 0 0 1
    outer loop
      vertex 49.4414 66.3035 5.69
      vertex 46.299 67.85 5.69
      vertex 49.2449 65.9579 5.69
    endloop
  endfacet
  facet normal 0 0 1
    outer loop
      vertex 46.0607 69.6607 5.69
      vertex 48.5002 72.1705 5.69
      vertex 48.2055 72.4373 5.69
    endloop
  endfacet
  facet normal 0 0 1
    outer loop
      vertex 49.2449 65.9579 5.69
      vertex 46.299 67.85 5.69
      vertex 49.0216 65.629 5.69
    endloop
  endfacet
  facet normal 0 0 1
    outer loop
      vertex 46.0607 69.6607 5.69
      vertex 48.2055 72.4373 5.69
      vertex 47.8905 72.6799 5.69
    endloop
  endfacet
  facet normal -0 0 1
    outer loop
      vertex 46.0607 67.5393 5.69
      vertex 49.0216 65.629 5.69
      vertex 46.299 67.85 5.69
    endloop
  endfacet
  facet normal 0 0 1
    outer loop
      vertex 45.75 69.899 5.69
      vertex 47.8905 72.6799 5.69
      vertex 47.5572 72.8966 5.69
    endloop
  endfacet
  facet normal 0 0 1
    outer loop
      vertex 49.0216 65.629 5.69
      vertex 46.0607 67.5393 5.69
      vertex 48.7728 65.3189 5.69
    endloop
  endfacet
  facet normal 0 0 1
    outer loop
      vertex 45.75 69.899 5.69
      vertex 47.5572 72.8966 5.69
      vertex 47.2077 73.0862 5.69
    endloop
  endfacet
  facet normal 0 0 1
    outer loop
      vertex 48.7728 65.3189 5.69
      vertex 46.0607 67.5393 5.69
      vertex 48.5002 65.0295 5.69
    endloop
  endfacet
  facet normal 0 0 1
    outer loop
      vertex 45.75 69.899 5.69
      vertex 47.2077 73.0862 5.69
      vertex 46.8443 73.2474 5.69
    endloop
  endfacet
  facet normal 0 0 1
    outer loop
      vertex 48.5002 65.0295 5.69
      vertex 46.0607 67.5393 5.69
      vertex 48.2055 64.7627 5.69
    endloop
  endfacet
  facet normal 0 0 1
    outer loop
      vertex 48.2055 64.7627 5.69
      vertex 46.0607 67.5393 5.69
      vertex 47.8905 64.5201 5.69
    endloop
  endfacet
  facet normal 0 0 1
    outer loop
      vertex 45.3882 70.0489 5.69
      vertex 46.8443 73.2474 5.69
      vertex 46.4692 73.3793 5.69
    endloop
  endfacet
  facet normal 0 0 1
    outer loop
      vertex 49.9369 69.392 5.69
      vertex 46.4489 68.9882 5.69
      vertex 46.5 68.6 5.69
    endloop
  endfacet
  facet normal 0 0 1
    outer loop
      vertex 49.6098 70.5364 5.69
      vertex 46.299 69.35 5.69
      vertex 46.4489 68.9882 5.69
    endloop
  endfacet
  facet normal 0 0 1
    outer loop
      vertex 45.3882 70.0489 5.69
      vertex 46.4692 73.3793 5.69
      vertex 46.0849 73.4809 5.69
    endloop
  endfacet
  facet normal 0 0 1
    outer loop
      vertex 49.0216 71.571 5.69
      vertex 46.0607 69.6607 5.69
      vertex 46.299 69.35 5.69
    endloop
  endfacet
  facet normal 0 0 1
    outer loop
      vertex 47.8905 72.6799 5.69
      vertex 45.75 69.899 5.69
      vertex 46.0607 69.6607 5.69
    endloop
  endfacet
  facet normal 0 0 1
    outer loop
      vertex 45.3882 70.0489 5.69
      vertex 46.0849 73.4809 5.69
      vertex 45.6937 73.5516 5.69
    endloop
  endfacet
  facet normal 0 0 1
    outer loop
      vertex 46.8443 73.2474 5.69
      vertex 45.3882 70.0489 5.69
      vertex 45.75 69.899 5.69
    endloop
  endfacet
  facet normal 0 0 1
    outer loop
      vertex 45 70.1 5.69
      vertex 45.6937 73.5516 5.69
      vertex 45.2981 73.5911 5.69
    endloop
  endfacet
  facet normal 0 0 1
    outer loop
      vertex 45.6937 73.5516 5.69
      vertex 45 70.1 5.69
      vertex 45.3882 70.0489 5.69
    endloop
  endfacet
  facet normal 0 0 1
    outer loop
      vertex 44.9006 73.599 5.69
      vertex 45 70.1 5.69
      vertex 45.2981 73.5911 5.69
    endloop
  endfacet
  facet normal -0 0 1
    outer loop
      vertex 44.5037 73.5753 5.69
      vertex 45 70.1 5.69
      vertex 44.9006 73.599 5.69
    endloop
  endfacet
  facet normal 0 0 1
    outer loop
      vertex 45 70.1 5.69
      vertex 44.5037 73.5753 5.69
      vertex 44.6118 70.0489 5.69
    endloop
  endfacet
  facet normal -0 0 1
    outer loop
      vertex 44.11 73.5202 5.69
      vertex 44.6118 70.0489 5.69
      vertex 44.5037 73.5753 5.69
    endloop
  endfacet
  facet normal -0 0 1
    outer loop
      vertex 43.7219 73.4339 5.69
      vertex 44.6118 70.0489 5.69
      vertex 44.11 73.5202 5.69
    endloop
  endfacet
  facet normal -0 0 1
    outer loop
      vertex 43.3419 73.3171 5.69
      vertex 44.6118 70.0489 5.69
      vertex 43.7219 73.4339 5.69
    endloop
  endfacet
  facet normal -0 0 1
    outer loop
      vertex 42.9724 73.1704 5.69
      vertex 44.6118 70.0489 5.69
      vertex 43.3419 73.3171 5.69
    endloop
  endfacet
  facet normal 0 0 1
    outer loop
      vertex 44.6118 70.0489 5.69
      vertex 42.9724 73.1704 5.69
      vertex 44.25 69.899 5.69
    endloop
  endfacet
  facet normal -0 0 1
    outer loop
      vertex 42.6157 72.9949 5.69
      vertex 44.25 69.899 5.69
      vertex 42.9724 73.1704 5.69
    endloop
  endfacet
  facet normal -0 0 1
    outer loop
      vertex 42.274 72.7915 5.69
      vertex 44.25 69.899 5.69
      vertex 42.6157 72.9949 5.69
    endloop
  endfacet
  facet normal -0 0 1
    outer loop
      vertex 41.9496 72.5617 5.69
      vertex 44.25 69.899 5.69
      vertex 42.274 72.7915 5.69
    endloop
  endfacet
  facet normal -0 0 1
    outer loop
      vertex 45.75 67.301 5.69
      vertex 47.8905 64.5201 5.69
      vertex 46.0607 67.5393 5.69
    endloop
  endfacet
  facet normal 0 0 1
    outer loop
      vertex 47.8905 64.5201 5.69
      vertex 45.75 67.301 5.69
      vertex 47.5572 64.3034 5.69
    endloop
  endfacet
  facet normal 0 0 1
    outer loop
      vertex 47.5572 64.3034 5.69
      vertex 45.75 67.301 5.69
      vertex 47.2077 64.1138 5.69
    endloop
  endfacet
  facet normal 0 0 1
    outer loop
      vertex 47.2077 64.1138 5.69
      vertex 45.75 67.301 5.69
      vertex 46.8443 63.9526 5.69
    endloop
  endfacet
  facet normal -0 0 1
    outer loop
      vertex 45.3882 67.1511 5.69
      vertex 46.8443 63.9526 5.69
      vertex 45.75 67.301 5.69
    endloop
  endfacet
  facet normal 0 0 1
    outer loop
      vertex 46.8443 63.9526 5.69
      vertex 45.3882 67.1511 5.69
      vertex 46.4692 63.8207 5.69
    endloop
  endfacet
  facet normal 0 0 1
    outer loop
      vertex 46.4692 63.8207 5.69
      vertex 45.3882 67.1511 5.69
      vertex 46.0849 63.7191 5.69
    endloop
  endfacet
  facet normal 0 0 1
    outer loop
      vertex 46.0849 63.7191 5.69
      vertex 45.3882 67.1511 5.69
      vertex 45.6937 63.6484 5.69
    endloop
  endfacet
  facet normal -0 0 1
    outer loop
      vertex 45 67.1 5.69
      vertex 45.6937 63.6484 5.69
      vertex 45.3882 67.1511 5.69
    endloop
  endfacet
  facet normal 0 0 1
    outer loop
      vertex 45.6937 63.6484 5.69
      vertex 45 67.1 5.69
      vertex 45.2981 63.6089 5.69
    endloop
  endfacet
  facet normal 0 0 1
    outer loop
      vertex 45 67.1 5.69
      vertex 44.9006 63.601 5.69
      vertex 45.2981 63.6089 5.69
    endloop
  endfacet
  facet normal 0 0 1
    outer loop
      vertex 44.5037 63.6247 5.69
      vertex 45 67.1 5.69
      vertex 44.6118 67.1511 5.69
    endloop
  endfacet
  facet normal 0 0 1
    outer loop
      vertex 45 67.1 5.69
      vertex 44.5037 63.6247 5.69
      vertex 44.9006 63.601 5.69
    endloop
  endfacet
  facet normal 0 0 1
    outer loop
      vertex 42.9724 64.0296 5.69
      vertex 44.6118 67.1511 5.69
      vertex 44.25 67.301 5.69
    endloop
  endfacet
  facet normal 0 0 1
    outer loop
      vertex 44.6118 67.1511 5.69
      vertex 44.11 63.6798 5.69
      vertex 44.5037 63.6247 5.69
    endloop
  endfacet
  facet normal 0 0 1
    outer loop
      vertex 41.9496 64.6383 5.69
      vertex 44.25 67.301 5.69
      vertex 43.9393 67.5393 5.69
    endloop
  endfacet
  facet normal 0 0 1
    outer loop
      vertex 44.6118 67.1511 5.69
      vertex 43.7219 63.7661 5.69
      vertex 44.11 63.6798 5.69
    endloop
  endfacet
  facet normal 0 0 1
    outer loop
      vertex 41.0997 65.4715 5.69
      vertex 43.9393 67.5393 5.69
      vertex 43.701 67.85 5.69
    endloop
  endfacet
  facet normal 0 0 1
    outer loop
      vertex 40.4708 66.4819 5.69
      vertex 43.701 67.85 5.69
      vertex 43.5511 68.2118 5.69
    endloop
  endfacet
  facet normal 0 0 1
    outer loop
      vertex 40.0355 68.0049 5.69
      vertex 43.5511 68.2118 5.69
      vertex 43.5 68.6 5.69
    endloop
  endfacet
  facet normal 0 0 1
    outer loop
      vertex 44.6118 67.1511 5.69
      vertex 43.3419 63.8829 5.69
      vertex 43.7219 63.7661 5.69
    endloop
  endfacet
  facet normal 0 0 1
    outer loop
      vertex 44.25 69.899 5.69
      vertex 41.9496 72.5617 5.69
      vertex 43.9393 69.6607 5.69
    endloop
  endfacet
  facet normal -0 0 1
    outer loop
      vertex 41.6445 72.3068 5.69
      vertex 43.9393 69.6607 5.69
      vertex 41.9496 72.5617 5.69
    endloop
  endfacet
  facet normal 0 0 1
    outer loop
      vertex 44.6118 67.1511 5.69
      vertex 42.9724 64.0296 5.69
      vertex 43.3419 63.8829 5.69
    endloop
  endfacet
  facet normal -0 0 1
    outer loop
      vertex 41.3606 72.0285 5.69
      vertex 43.9393 69.6607 5.69
      vertex 41.6445 72.3068 5.69
    endloop
  endfacet
  facet normal 0 0 1
    outer loop
      vertex 44.25 67.301 5.69
      vertex 42.6157 64.2051 5.69
      vertex 42.9724 64.0296 5.69
    endloop
  endfacet
  facet normal -0 0 1
    outer loop
      vertex 41.0997 71.7285 5.69
      vertex 43.9393 69.6607 5.69
      vertex 41.3606 72.0285 5.69
    endloop
  endfacet
  facet normal 0 0 1
    outer loop
      vertex 44.25 67.301 5.69
      vertex 42.274 64.4085 5.69
      vertex 42.6157 64.2051 5.69
    endloop
  endfacet
  facet normal 0 0 1
    outer loop
      vertex 43.9393 69.6607 5.69
      vertex 41.0997 71.7285 5.69
      vertex 43.701 69.35 5.69
    endloop
  endfacet
  facet normal 0 0 1
    outer loop
      vertex 44.25 67.301 5.69
      vertex 41.9496 64.6383 5.69
      vertex 42.274 64.4085 5.69
    endloop
  endfacet
  facet normal -0 0 1
    outer loop
      vertex 40.8635 71.4088 5.69
      vertex 43.701 69.35 5.69
      vertex 41.0997 71.7285 5.69
    endloop
  endfacet
  facet normal 0 0 1
    outer loop
      vertex 43.9393 67.5393 5.69
      vertex 41.6445 64.8932 5.69
      vertex 41.9496 64.6383 5.69
    endloop
  endfacet
  facet normal -0 0 1
    outer loop
      vertex 40.6534 71.0712 5.69
      vertex 43.701 69.35 5.69
      vertex 40.8635 71.4088 5.69
    endloop
  endfacet
  facet normal 0 0 1
    outer loop
      vertex 43.9393 67.5393 5.69
      vertex 41.3606 65.1715 5.69
      vertex 41.6445 64.8932 5.69
    endloop
  endfacet
  facet normal -0 0 1
    outer loop
      vertex 40.4708 70.7181 5.69
      vertex 43.701 69.35 5.69
      vertex 40.6534 71.0712 5.69
    endloop
  endfacet
  facet normal 0 0 1
    outer loop
      vertex 43.9393 67.5393 5.69
      vertex 41.0997 65.4715 5.69
      vertex 41.3606 65.1715 5.69
    endloop
  endfacet
  facet normal 0 0 1
    outer loop
      vertex 43.701 69.35 5.69
      vertex 40.4708 70.7181 5.69
      vertex 43.5511 68.9882 5.69
    endloop
  endfacet
  facet normal 0 0 1
    outer loop
      vertex 43.701 67.85 5.69
      vertex 40.8635 65.7912 5.69
      vertex 41.0997 65.4715 5.69
    endloop
  endfacet
  facet normal -0 0 1
    outer loop
      vertex 40.3168 70.3516 5.69
      vertex 43.5511 68.9882 5.69
      vertex 40.4708 70.7181 5.69
    endloop
  endfacet
  facet normal 0 0 1
    outer loop
      vertex 43.701 67.85 5.69
      vertex 40.6534 66.1288 5.69
      vertex 40.8635 65.7912 5.69
    endloop
  endfacet
  facet normal -0 0 1
    outer loop
      vertex 40.1925 69.9739 5.69
      vertex 43.5511 68.9882 5.69
      vertex 40.3168 70.3516 5.69
    endloop
  endfacet
  facet normal 0 0 1
    outer loop
      vertex 43.701 67.85 5.69
      vertex 40.4708 66.4819 5.69
      vertex 40.6534 66.1288 5.69
    endloop
  endfacet
  facet normal -0 0 1
    outer loop
      vertex 40.0985 69.5876 5.69
      vertex 43.5511 68.9882 5.69
      vertex 40.1925 69.9739 5.69
    endloop
  endfacet
  facet normal 0 0 1
    outer loop
      vertex 43.5511 68.2118 5.69
      vertex 40.3168 66.8484 5.69
      vertex 40.4708 66.4819 5.69
    endloop
  endfacet
  facet normal -0 0 1
    outer loop
      vertex 40.0355 69.1951 5.69
      vertex 43.5511 68.9882 5.69
      vertex 40.0985 69.5876 5.69
    endloop
  endfacet
  facet normal 0 0 1
    outer loop
      vertex 43.5511 68.2118 5.69
      vertex 40.1925 67.2261 5.69
      vertex 40.3168 66.8484 5.69
    endloop
  endfacet
  facet normal 0 0 1
    outer loop
      vertex 43.5511 68.9882 5.69
      vertex 40.0355 69.1951 5.69
      vertex 43.5 68.6 5.69
    endloop
  endfacet
  facet normal 0 0 1
    outer loop
      vertex 43.5511 68.2118 5.69
      vertex 40.0985 67.6124 5.69
      vertex 40.1925 67.2261 5.69
    endloop
  endfacet
  facet normal -0 0 1
    outer loop
      vertex 40.004 68.7988 5.69
      vertex 43.5 68.6 5.69
      vertex 40.0355 69.1951 5.69
    endloop
  endfacet
  facet normal 0 0 1
    outer loop
      vertex 43.5511 68.2118 5.69
      vertex 40.0355 68.0049 5.69
      vertex 40.0985 67.6124 5.69
    endloop
  endfacet
  facet normal 0 0 1
    outer loop
      vertex 40.004 68.4012 5.69
      vertex 43.5 68.6 5.69
      vertex 40.004 68.7988 5.69
    endloop
  endfacet
  facet normal 0 0 1
    outer loop
      vertex 43.5 68.6 5.69
      vertex 40.004 68.4012 5.69
      vertex 40.0355 68.0049 5.69
    endloop
  endfacet
  facet normal -0.83957 -0.543251 0
    outer loop
      vertex 41.9524 66.8789 2.5
      vertex 41.9546 66.8755 4.19
      vertex 41.9524 66.8789 4.19039
    endloop
  endfacet
  facet normal -0.841215 -0.540701 7.27291e-06
    outer loop
      vertex 41.9524 66.8789 2.5
      vertex 42.1464 66.5771 4.19
      vertex 41.9546 66.8755 4.19
    endloop
  endfacet
  facet normal -0.841252 -0.540644 2.16234e-05
    outer loop
      vertex 42.1684 66.5428 2.5
      vertex 42.1464 66.5771 4.19
      vertex 41.9524 66.8789 2.5
    endloop
  endfacet
  facet normal -0.841736 -0.539889 0
    outer loop
      vertex 42.1464 66.5771 4.19
      vertex 42.1684 66.5428 2.5
      vertex 42.1684 66.5428 4.19266
    endloop
  endfacet
  facet normal 0.254144 -0.967166 5.46076e-06
    outer loop
      vertex 45.7198 65.1762 4.19
      vertex 45.6951 65.1697 2.5
      vertex 46.0604 65.2657 4.19
    endloop
  endfacet
  facet normal 0.254493 -0.967075 0
    outer loop
      vertex 45.6951 65.1697 2.5
      vertex 45.7198 65.1762 4.19
      vertex 45.6951 65.1697 4.192
    endloop
  endfacet
  facet normal 0.254235 -0.967143 -1.55173e-05
    outer loop
      vertex 46.0816 65.2713 2.5
      vertex 46.0604 65.2657 4.19
      vertex 45.6951 65.1697 2.5
    endloop
  endfacet
  facet normal 0.255391 -0.966838 0
    outer loop
      vertex 46.0604 65.2657 4.19
      vertex 46.0816 65.2713 2.5
      vertex 46.0816 65.2713 4.19177
    endloop
  endfacet
  facet normal 0.706827 -0.0281165 -0.706827
    outer loop
      vertex 49.9842 68.2028 5.69
      vertex 48.5 68.6 4.19
      vertex 50 68.6 5.69
    endloop
  endfacet
  facet normal -0.4951 -0.505266 -0.706811
    outer loop
      vertex 42.6512 66.0052 4.19
      vertex 41.3606 65.1715 5.69
      vertex 42.4524 66.2 4.19
    endloop
  endfacet
  facet normal 0.514922 -0.485031 -0.706824
    outer loop
      vertex 48.5002 65.0295 5.69
      vertex 47.4501 66.1006 4.19
      vertex 48.7728 65.3189 5.69
    endloop
  endfacet
  facet normal 0.337308 -0.621777 -0.706836
    outer loop
      vertex 47.2077 64.1138 5.69
      vertex 46.79 65.5924 4.19
      vertex 47.5572 64.3034 5.69
    endloop
  endfacet
  facet normal -0.361823 -0.607841 -0.706833
    outer loop
      vertex 42.6157 64.2051 5.69
      vertex 42.274 64.4085 5.69
      vertex 43.331 65.5236 4.19
    endloop
  endfacet
  facet normal -0.361672 -0.607955 -0.706812
    outer loop
      vertex 43.331 65.5236 4.19
      vertex 42.274 64.4085 5.69
      vertex 43.0918 65.6659 4.19
    endloop
  endfacet
  facet normal 0.38563 0.593012 -0.706843
    outer loop
      vertex 46.834 71.579 4.19
      vertex 47.8905 72.6799 5.69
      vertex 47.0233 71.4559 4.19
    endloop
  endfacet
  facet normal 0.38575 0.592916 -0.706857
    outer loop
      vertex 46.8074 71.5972 4.19075
      vertex 47.8905 72.6799 5.69
      vertex 46.834 71.579 4.19
    endloop
  endfacet
  facet normal 0.371098 0.567893 -0.7347
    outer loop
      vertex 46.79 71.6076 4.19
      vertex 46.8074 71.5972 4.19075
      vertex 46.8001 71.601 4.19
    endloop
  endfacet
  facet normal 0.385145 0.593407 -0.706775
    outer loop
      vertex 46.8074 71.5972 4.19075
      vertex 46.79 71.6076 4.19
      vertex 47.8905 72.6799 5.69
    endloop
  endfacet
  facet normal -0.523376 -0.452922 -0.721761
    outer loop
      vertex 42.4524 66.2 4.19
      vertex 42.4214 66.2334 4.19152
      vertex 42.4344 66.2208 4.19
    endloop
  endfacet
  facet normal -0.533452 -0.464546 -0.706842
    outer loop
      vertex 41.3606 65.1715 5.69
      vertex 42.3898 66.272 4.19
      vertex 42.4214 66.2334 4.19152
    endloop
  endfacet
  facet normal -0.533806 -0.46418 -0.706815
    outer loop
      vertex 42.3898 66.272 4.19
      vertex 41.3606 65.1715 5.69
      vertex 42.2698 66.41 4.19
    endloop
  endfacet
  facet normal -0.534248 -0.463693 -0.706801
    outer loop
      vertex 41.3606 65.1715 5.69
      vertex 42.4214 66.2334 4.19152
      vertex 42.4524 66.2 4.19
    endloop
  endfacet
  facet normal 0.614932 -0.349647 -0.706828
    outer loop
      vertex 49.4414 66.3035 5.69
      vertex 47.9714 66.7505 4.19
      vertex 48.109 66.9925 4.19
    endloop
  endfacet
  facet normal 0.0701229 0.703926 -0.706803
    outer loop
      vertex 45.3551 72.0792 4.19
      vertex 45.6937 73.5516 5.69
      vertex 45.4856 72.0662 4.19
    endloop
  endfacet
  facet normal 0.0702627 0.703903 -0.706812
    outer loop
      vertex 45.2995 72.0872 4.19244
      vertex 45.6937 73.5516 5.69
      vertex 45.3551 72.0792 4.19
    endloop
  endfacet
  facet normal 0.0693241 0.685944 -0.724344
    outer loop
      vertex 45.2087 72.0938 4.19
      vertex 45.2995 72.0872 4.19244
      vertex 45.2651 72.0881 4.19
    endloop
  endfacet
  facet normal 0.0701595 0.703922 -0.706803
    outer loop
      vertex 45.2995 72.0872 4.19244
      vertex 45.2087 72.0938 4.19
      vertex 45.6937 73.5516 5.69
    endloop
  endfacet
  facet normal 0.640781 -0.29966 -0.706826
    outer loop
      vertex 49.4414 66.3035 5.69
      vertex 48.2269 67.2446 4.19
      vertex 49.6098 66.6636 5.69
    endloop
  endfacet
  facet normal -0.20783 -0.676161 -0.706833
    outer loop
      vertex 43.7219 63.7661 5.69
      vertex 43.3419 63.8829 5.69
      vertex 44.1053 65.2163 4.19
    endloop
  endfacet
  facet normal 0.234691 -0.667323 -0.706824
    outer loop
      vertex 46.8443 63.9526 5.69
      vertex 46.1312 65.2906 4.19
      vertex 46.291 65.3468 4.19
    endloop
  endfacet
  facet normal 0.234478 -0.667417 -0.706806
    outer loop
      vertex 46.8443 63.9526 5.69
      vertex 46.0816 65.2713 4.19177
      vertex 46.1312 65.2906 4.19
    endloop
  endfacet
  facet normal 0.23469 -0.667319 -0.706828
    outer loop
      vertex 46.0285 65.2545 4.19
      vertex 46.0816 65.2713 4.19177
      vertex 46.8443 63.9526 5.69
    endloop
  endfacet
  facet normal 0.236293 -0.673014 -0.70087
    outer loop
      vertex 46.0816 65.2713 4.19177
      vertex 46.0285 65.2545 4.19
      vertex 46.0604 65.2657 4.19
    endloop
  endfacet
  facet normal -0.312291 -0.634724 -0.706824
    outer loop
      vertex 42.9724 64.0296 5.69
      vertex 42.6157 64.2051 5.69
      vertex 43.5807 65.4007 4.19
    endloop
  endfacet
  facet normal 0.706827 0.0281094 -0.706827
    outer loop
      vertex 50 68.6 5.69
      vertex 48.5 68.6 4.19
      vertex 49.9842 68.9973 5.69
    endloop
  endfacet
  facet normal -0.20783 0.676161 -0.706833
    outer loop
      vertex 44.1053 71.9837 4.19
      vertex 43.3419 73.3171 5.69
      vertex 43.7219 73.4339 5.69
    endloop
  endfacet
  facet normal 0.68019 -0.194289 -0.706819
    outer loop
      vertex 49.7491 67.036 5.69
      vertex 48.3244 67.5052 4.19
      vertex 49.8583 67.4183 5.69
    endloop
  endfacet
  facet normal 0.55176 0.442689 -0.706814
    outer loop
      vertex 49.0216 71.571 5.69
      vertex 47.641 70.8968 4.19
      vertex 48.7728 71.8811 5.69
    endloop
  endfacet
  facet normal 0.585246 0.397341 -0.706829
    outer loop
      vertex 49.2449 71.2421 5.69
      vertex 47.9714 70.4495 4.19
      vertex 49.0216 71.571 5.69
    endloop
  endfacet
  facet normal -0.705161 -0.0560499 -0.706828
    outer loop
      vertex 40.0355 68.0049 5.69
      vertex 40.004 68.4012 5.69
      vertex 41.5028 68.4609 4.19
    endloop
  endfacet
  facet normal 0.234661 -0.667333 -0.706825
    outer loop
      vertex 46.4692 63.8207 5.69
      vertex 46.0285 65.2545 4.19
      vertex 46.8443 63.9526 5.69
    endloop
  endfacet
  facet normal -0.705163 0.0560501 -0.706826
    outer loop
      vertex 41.5028 68.7392 4.19
      vertex 40.004 68.7988 5.69
      vertex 40.0355 69.1951 5.69
    endloop
  endfacet
  facet normal 0.180804 -0.683889 -0.706827
    outer loop
      vertex 46.0849 63.7191 5.69
      vertex 46.0285 65.2545 4.19
      vertex 46.4692 63.8207 5.69
    endloop
  endfacet
  facet normal -0.687423 0.166964 -0.706805
    outer loop
      vertex 41.569 69.2913 4.19
      vertex 40.1925 69.9739 5.69
      vertex 41.6347 69.5618 4.19
    endloop
  endfacet
  facet normal 0.0139774 -0.707258 -0.706818
    outer loop
      vertex 45.2981 63.6089 5.69
      vertex 44.9304 65.1007 4.19
      vertex 45.2087 65.1062 4.19
    endloop
  endfacet
  facet normal 0.614936 -0.349638 -0.706829
    outer loop
      vertex 49.2449 65.9579 5.69
      vertex 47.9714 66.7505 4.19
      vertex 49.4414 66.3035 5.69
    endloop
  endfacet
  facet normal 0.127231 -0.699768 -0.702949
    outer loop
      vertex 45.7594 65.1834 4.19
      vertex 45.6951 65.1697 4.192
      vertex 45.7198 65.1762 4.19
    endloop
  endfacet
  facet normal 0.126323 -0.696068 -0.706776
    outer loop
      vertex 45.6937 63.6484 5.69
      vertex 45.6951 65.1697 4.192
      vertex 45.7594 65.1834 4.19
    endloop
  endfacet
  facet normal 0.12637 -0.696063 -0.706772
    outer loop
      vertex 45.6937 63.6484 5.69
      vertex 45.6404 65.1618 4.19
      vertex 45.6951 65.1697 4.192
    endloop
  endfacet
  facet normal 0.125471 -0.69616 -0.706837
    outer loop
      vertex 45.6404 65.1618 4.19
      vertex 45.6937 63.6484 5.69
      vertex 45.4856 65.1339 4.19
    endloop
  endfacet
  facet normal 0.0139774 0.707258 -0.706818
    outer loop
      vertex 45.2087 72.0938 4.19
      vertex 44.9304 72.0993 4.19
      vertex 45.2981 73.5911 5.69
    endloop
  endfacet
  facet normal 0.693472 -0.139551 -0.706839
    outer loop
      vertex 49.9369 67.808 5.69
      vertex 48.4167 67.8513 4.19
      vertex 48.4558 68.0456 4.19
    endloop
  endfacet
  facet normal 0.693298 -0.141083 -0.706707
    outer loop
      vertex 49.9369 67.808 5.69
      vertex 48.409 67.8073 4.19123
      vertex 48.4167 67.8513 4.19
    endloop
  endfacet
  facet normal 0.693443 -0.139617 -0.706855
    outer loop
      vertex 48.4008 67.7728 4.19
      vertex 48.409 67.8073 4.19123
      vertex 49.9369 67.808 5.69
    endloop
  endfacet
  facet normal 0.689831 -0.138626 -0.710574
    outer loop
      vertex 48.409 67.8073 4.19123
      vertex 48.4008 67.7728 4.19
      vertex 48.405 67.7937 4.19
    endloop
  endfacet
  facet normal 0.234661 0.667333 -0.706825
    outer loop
      vertex 46.8443 73.2474 5.69
      vertex 46.0285 71.9455 4.19
      vertex 46.4692 73.3793 5.69
    endloop
  endfacet
  facet normal -0.705122 -0.0563404 -0.706844
    outer loop
      vertex 40.0355 68.0049 5.69
      vertex 41.5119 68.3461 4.19
      vertex 41.5249 68.1834 4.19
    endloop
  endfacet
  facet normal -0.709665 -0.0557731 -0.702328
    outer loop
      vertex 41.5057 68.4002 4.19189
      vertex 41.5028 68.4609 4.19
      vertex 41.5057 68.424 4.19
    endloop
  endfacet
  facet normal -0.705229 -0.0557001 -0.706788
    outer loop
      vertex 41.5057 68.4002 4.19189
      vertex 40.0355 68.0049 5.69
      vertex 41.5028 68.4609 4.19
    endloop
  endfacet
  facet normal -0.705156 -0.0561195 -0.706827
    outer loop
      vertex 41.5119 68.3461 4.19
      vertex 40.0355 68.0049 5.69
      vertex 41.5057 68.4002 4.19189
    endloop
  endfacet
  facet normal 0.38558 0.593049 -0.706838
    outer loop
      vertex 47.8905 72.6799 5.69
      vertex 46.79 71.6076 4.19
      vertex 47.5572 72.8966 5.69
    endloop
  endfacet
  facet normal -0.20792 -0.676121 -0.706844
    outer loop
      vertex 44.1053 65.2163 4.19
      vertex 43.3419 63.8829 5.69
      vertex 43.8393 65.2981 4.19
    endloop
  endfacet
  facet normal 0.64079 0.299664 -0.706816
    outer loop
      vertex 49.6098 70.5364 5.69
      vertex 48.2269 69.9555 4.19
      vertex 49.4414 70.8965 5.69
    endloop
  endfacet
  facet normal 0.514854 -0.485122 -0.706811
    outer loop
      vertex 48.7728 65.3189 5.69
      vertex 47.4501 66.1006 4.19
      vertex 47.641 66.3032 4.19
    endloop
  endfacet
  facet normal 0.47476 -0.524407 -0.706825
    outer loop
      vertex 48.2055 64.7627 5.69
      vertex 47.4501 66.1006 4.19
      vertex 48.5002 65.0295 5.69
    endloop
  endfacet
  facet normal -0.56895 -0.42035 -0.706826
    outer loop
      vertex 41.0997 65.4715 5.69
      vertex 40.8635 65.7912 5.69
      vertex 42.1044 66.6339 4.19
    endloop
  endfacet
  facet normal -0.313254 0.634197 -0.70687
    outer loop
      vertex 42.6157 72.9949 5.69
      vertex 43.4099 71.7153 4.19
      vertex 43.3667 71.6955 4.19138
    endloop
  endfacet
  facet normal -0.327024 0.660104 -0.676253
    outer loop
      vertex 43.331 71.6764 4.19
      vertex 43.3667 71.6955 4.19138
      vertex 43.3528 71.6872 4.19
    endloop
  endfacet
  facet normal -0.312191 0.634788 -0.706811
    outer loop
      vertex 43.4099 71.7153 4.19
      vertex 42.6157 72.9949 5.69
      vertex 43.5807 71.7993 4.19
    endloop
  endfacet
  facet normal -0.312265 0.634726 -0.706833
    outer loop
      vertex 42.6157 72.9949 5.69
      vertex 43.3667 71.6955 4.19138
      vertex 43.331 71.6764 4.19
    endloop
  endfacet
  facet normal 0.551784 -0.442633 -0.706831
    outer loop
      vertex 49.0216 65.629 5.69
      vertex 47.7417 66.4288 4.19
      vertex 47.8151 66.5203 4.19
    endloop
  endfacet
  facet normal 0.551746 -0.442687 -0.706827
    outer loop
      vertex 49.0216 65.629 5.69
      vertex 47.7095 66.3845 4.19261
      vertex 47.7417 66.4288 4.19
    endloop
  endfacet
  facet normal 0.551838 -0.442553 -0.70684
    outer loop
      vertex 49.0216 65.629 5.69
      vertex 47.6829 66.3555 4.19
      vertex 47.7095 66.3845 4.19261
    endloop
  endfacet
  facet normal 0.552032 -0.442259 -0.706871
    outer loop
      vertex 47.6829 66.3555 4.19
      vertex 49.0216 65.629 5.69
      vertex 47.641 66.3032 4.19
    endloop
  endfacet
  facet normal 0.014056 -0.707247 -0.706827
    outer loop
      vertex 45.2981 63.6089 5.69
      vertex 44.9006 63.601 5.69
      vertex 44.9304 65.1007 4.19
    endloop
  endfacet
  facet normal 0.47476 0.524407 -0.706825
    outer loop
      vertex 48.5002 72.1705 5.69
      vertex 47.4501 71.0994 4.19
      vertex 48.2055 72.4373 5.69
    endloop
  endfacet
  facet normal 0.0706536 -0.703839 -0.706837
    outer loop
      vertex 45.6937 63.6484 5.69
      vertex 45.3551 65.1208 4.19
      vertex 45.4856 65.1339 4.19
    endloop
  endfacet
  facet normal 0.0702627 -0.703903 -0.706812
    outer loop
      vertex 45.6937 63.6484 5.69
      vertex 45.2995 65.1128 4.19244
      vertex 45.3551 65.1208 4.19
    endloop
  endfacet
  facet normal 0.0701595 -0.703922 -0.706803
    outer loop
      vertex 45.2087 65.1062 4.19
      vertex 45.2995 65.1128 4.19244
      vertex 45.6937 63.6484 5.69
    endloop
  endfacet
  facet normal 0.0693241 -0.685944 -0.724344
    outer loop
      vertex 45.2995 65.1128 4.19244
      vertex 45.2087 65.1062 4.19
      vertex 45.2651 65.1119 4.19
    endloop
  endfacet
  facet normal -0.671832 0.22136 -0.706853
    outer loop
      vertex 40.3168 70.3516 5.69
      vertex 41.6543 69.6211 4.19
      vertex 41.6418 69.5861 4.19092
    endloop
  endfacet
  facet normal -0.641265 0.21525 -0.73651
    outer loop
      vertex 41.6347 69.5618 4.19
      vertex 41.6418 69.5861 4.19092
      vertex 41.6395 69.5761 4.19
    endloop
  endfacet
  facet normal -0.671888 0.221231 -0.70684
    outer loop
      vertex 41.6543 69.6211 4.19
      vertex 40.3168 70.3516 5.69
      vertex 41.7218 69.8261 4.19
    endloop
  endfacet
  facet normal -0.671155 0.222867 -0.707023
    outer loop
      vertex 40.3168 70.3516 5.69
      vertex 41.6418 69.5861 4.19092
      vertex 41.6347 69.5618 4.19
    endloop
  endfacet
  facet normal -0.533776 -0.464207 -0.70682
    outer loop
      vertex 41.3606 65.1715 5.69
      vertex 41.0997 65.4715 5.69
      vertex 42.2698 66.41 4.19
    endloop
  endfacet
  facet normal -0.600578 0.373772 -0.706824
    outer loop
      vertex 41.9574 70.3299 4.19
      vertex 40.8635 71.4088 5.69
      vertex 42.1044 70.5661 4.19
    endloop
  endfacet
  facet normal 0.640681 -0.299824 -0.706848
    outer loop
      vertex 49.4414 66.3035 5.69
      vertex 48.1626 67.1072 4.19
      vertex 48.2269 67.2446 4.19
    endloop
  endfacet
  facet normal 0.641145 -0.298973 -0.706787
    outer loop
      vertex 49.4414 66.3035 5.69
      vertex 48.1409 67.0557 4.1921
      vertex 48.1626 67.1072 4.19
    endloop
  endfacet
  facet normal 0.640668 -0.299888 -0.706832
    outer loop
      vertex 48.109 66.9925 4.19
      vertex 48.1409 67.0557 4.1921
      vertex 49.4414 66.3035 5.69
    endloop
  endfacet
  facet normal 0.641581 -0.300384 -0.705793
    outer loop
      vertex 48.1409 67.0557 4.1921
      vertex 48.109 66.9925 4.19
      vertex 48.1274 67.0318 4.19
    endloop
  endfacet
  facet normal 0.514922 0.485031 -0.706824
    outer loop
      vertex 48.7728 71.8811 5.69
      vertex 47.4501 71.0994 4.19
      vertex 48.5002 72.1705 5.69
    endloop
  endfacet
  facet normal -0.495191 0.505155 -0.706827
    outer loop
      vertex 42.6512 71.1948 4.19
      vertex 41.3606 72.0285 5.69
      vertex 41.6445 72.3068 5.69
    endloop
  endfacet
  facet normal -0.0415081 -0.706156 -0.706839
    outer loop
      vertex 44.9001 65.1014 4.19108
      vertex 44.9304 65.1007 4.19
      vertex 44.9006 63.601 5.69
    endloop
  endfacet
  facet normal -0.0417325 -0.686689 -0.725752
    outer loop
      vertex 44.9304 65.1007 4.19
      vertex 44.9001 65.1014 4.19108
      vertex 44.9123 65.1018 4.19
    endloop
  endfacet
  facet normal -0.0431711 -0.706106 -0.706789
    outer loop
      vertex 44.9006 63.601 5.69
      vertex 44.8589 65.105 4.19
      vertex 44.9001 65.1014 4.19108
    endloop
  endfacet
  facet normal -0.0421004 -0.706123 -0.706836
    outer loop
      vertex 44.8589 65.105 4.19
      vertex 44.9006 63.601 5.69
      vertex 44.6526 65.1173 4.19
    endloop
  endfacet
  facet normal -0.67195 -0.221137 -0.706811
    outer loop
      vertex 40.3168 66.8484 5.69
      vertex 40.1925 67.2261 5.69
      vertex 41.6347 67.6382 4.19
    endloop
  endfacet
  facet normal 0.614932 0.349647 -0.706828
    outer loop
      vertex 48.109 70.2075 4.19
      vertex 47.9714 70.4495 4.19
      vertex 49.4414 70.8965 5.69
    endloop
  endfacet
  facet normal -0.523376 0.452922 -0.721761
    outer loop
      vertex 42.4214 70.9666 4.19152
      vertex 42.4524 71 4.19
      vertex 42.4344 70.9792 4.19
    endloop
  endfacet
  facet normal -0.533806 0.46418 -0.706815
    outer loop
      vertex 41.3606 72.0285 5.69
      vertex 42.3898 70.928 4.19
      vertex 42.2698 70.79 4.19
    endloop
  endfacet
  facet normal -0.534248 0.463693 -0.706801
    outer loop
      vertex 42.4214 70.9666 4.19152
      vertex 41.3606 72.0285 5.69
      vertex 42.4524 71 4.19
    endloop
  endfacet
  facet normal -0.533452 0.464546 -0.706842
    outer loop
      vertex 42.3898 70.928 4.19
      vertex 41.3606 72.0285 5.69
      vertex 42.4214 70.9666 4.19152
    endloop
  endfacet
  facet normal -0.70739 0 -0.706824
    outer loop
      vertex 41.5028 68.4609 4.19
      vertex 40.004 68.7988 5.69
      vertex 41.5028 68.7392 4.19
    endloop
  endfacet
  facet normal -0.70739 -0 -0.706824
    outer loop
      vertex 40.004 68.7988 5.69
      vertex 41.5028 68.4609 4.19
      vertex 40.004 68.4012 5.69
    endloop
  endfacet
  facet normal -0.671888 -0.221231 -0.70684
    outer loop
      vertex 40.3168 66.8484 5.69
      vertex 41.6543 67.5789 4.19
      vertex 41.7218 67.3739 4.19
    endloop
  endfacet
  facet normal -0.641265 -0.21525 -0.73651
    outer loop
      vertex 41.6418 67.6139 4.19092
      vertex 41.6347 67.6382 4.19
      vertex 41.6395 67.6239 4.19
    endloop
  endfacet
  facet normal -0.671155 -0.222867 -0.707023
    outer loop
      vertex 41.6418 67.6139 4.19092
      vertex 40.3168 66.8484 5.69
      vertex 41.6347 67.6382 4.19
    endloop
  endfacet
  facet normal -0.671832 -0.22136 -0.706853
    outer loop
      vertex 41.6543 67.5789 4.19
      vertex 40.3168 66.8484 5.69
      vertex 41.6418 67.6139 4.19092
    endloop
  endfacet
  facet normal -0.406152 0.573391 -0.711522
    outer loop
      vertex 43.0244 71.4892 4.19229
      vertex 43.0918 71.5341 4.19
      vertex 43.051 71.5052 4.19
    endloop
  endfacet
  facet normal -0.408778 0.577305 -0.706838
    outer loop
      vertex 42.274 72.7915 5.69
      vertex 42.9798 71.4547 4.19
      vertex 42.8647 71.3732 4.19
    endloop
  endfacet
  facet normal -0.408665 0.577403 -0.706822
    outer loop
      vertex 43.0244 71.4892 4.19229
      vertex 42.274 72.7915 5.69
      vertex 43.0918 71.5341 4.19
    endloop
  endfacet
  facet normal -0.409797 0.576679 -0.706759
    outer loop
      vertex 42.9798 71.4547 4.19
      vertex 42.274 72.7915 5.69
      vertex 43.0244 71.4892 4.19229
    endloop
  endfacet
  facet normal -0.687319 0.167248 -0.706839
    outer loop
      vertex 41.569 69.2913 4.19
      vertex 40.0985 69.5876 5.69
      vertex 40.1925 69.9739 5.69
    endloop
  endfacet
  facet normal 0.514854 0.485122 -0.706811
    outer loop
      vertex 47.641 70.8968 4.19
      vertex 47.4501 71.0994 4.19
      vertex 48.7728 71.8811 5.69
    endloop
  endfacet
  facet normal 0.180804 0.683889 -0.706827
    outer loop
      vertex 46.4692 73.3793 5.69
      vertex 46.0285 71.9455 4.19
      vertex 46.0849 73.4809 5.69
    endloop
  endfacet
  facet normal -0.652113 -0.274137 -0.706822
    outer loop
      vertex 40.3168 66.8484 5.69
      vertex 41.7966 67.1958 4.19
      vertex 41.8296 67.1173 4.19
    endloop
  endfacet
  facet normal -0.652069 -0.274224 -0.706829
    outer loop
      vertex 40.3168 66.8484 5.69
      vertex 41.7592 67.2849 4.19
      vertex 41.7761 67.2376 4.19276
    endloop
  endfacet
  facet normal -0.652134 -0.274043 -0.706839
    outer loop
      vertex 41.7592 67.2849 4.19
      vertex 40.3168 66.8484 5.69
      vertex 41.7218 67.3739 4.19
    endloop
  endfacet
  facet normal -0.652392 -0.273277 -0.706898
    outer loop
      vertex 41.7966 67.1958 4.19
      vertex 40.3168 66.8484 5.69
      vertex 41.7761 67.2376 4.19276
    endloop
  endfacet
  facet normal -0.408905 -0.577235 -0.706822
    outer loop
      vertex 42.274 64.4085 5.69
      vertex 41.9496 64.6383 5.69
      vertex 42.8647 65.8268 4.19
    endloop
  endfacet
  facet normal 0.286836 -0.646627 -0.706823
    outer loop
      vertex 46.8443 63.9526 5.69
      vertex 46.291 65.3468 4.19
      vertex 47.2077 64.1138 5.69
    endloop
  endfacet
  facet normal 0.68019 0.194289 -0.706819
    outer loop
      vertex 49.8583 69.7817 5.69
      vertex 48.3244 69.6948 4.19
      vertex 49.7491 70.164 5.69
    endloop
  endfacet
  facet normal -0.312291 0.634724 -0.706824
    outer loop
      vertex 43.5807 71.7993 4.19
      vertex 42.6157 72.9949 5.69
      vertex 42.9724 73.1704 5.69
    endloop
  endfacet
  facet normal -0.568683 0.420659 -0.706856
    outer loop
      vertex 41.0997 71.7285 5.69
      vertex 42.2027 70.6991 4.19
      vertex 42.1684 70.6572 4.19266
    endloop
  endfacet
  facet normal -0.563895 0.416965 -0.712856
    outer loop
      vertex 42.1044 70.5661 4.19
      vertex 42.1684 70.6572 4.19266
      vertex 42.1464 70.6229 4.19
    endloop
  endfacet
  facet normal -0.569133 0.420119 -0.706816
    outer loop
      vertex 42.2027 70.6991 4.19
      vertex 41.0997 71.7285 5.69
      vertex 42.2698 70.79 4.19
    endloop
  endfacet
  facet normal -0.568955 0.420344 -0.706825
    outer loop
      vertex 41.0997 71.7285 5.69
      vertex 42.1684 70.6572 4.19266
      vertex 42.1044 70.5661 4.19
    endloop
  endfacet
  facet normal 0.662557 0.247836 -0.70682
    outer loop
      vertex 49.7491 70.164 5.69
      vertex 48.3244 69.6948 4.19
      vertex 49.6098 70.5364 5.69
    endloop
  endfacet
  facet normal -0.45343 -0.542955 -0.706824
    outer loop
      vertex 41.9496 64.6383 5.69
      vertex 42.7525 65.9205 4.19
      vertex 42.8647 65.8268 4.19
    endloop
  endfacet
  facet normal -0.453709 -0.543237 -0.706429
    outer loop
      vertex 42.708 65.9549 4.1922
      vertex 42.6512 66.0052 4.19
      vertex 42.687 65.9753 4.19
    endloop
  endfacet
  facet normal -0.453426 -0.542936 -0.706842
    outer loop
      vertex 42.708 65.9549 4.1922
      vertex 41.9496 64.6383 5.69
      vertex 42.6512 66.0052 4.19
    endloop
  endfacet
  facet normal -0.45422 -0.542382 -0.706757
    outer loop
      vertex 42.7525 65.9205 4.19
      vertex 41.9496 64.6383 5.69
      vertex 42.708 65.9549 4.1922
    endloop
  endfacet
  facet normal 0.640586 0.299998 -0.70686
    outer loop
      vertex 48.1626 70.0928 4.19
      vertex 49.4414 70.8965 5.69
      vertex 48.2269 69.9555 4.19
    endloop
  endfacet
  facet normal 0.641145 0.298973 -0.706787
    outer loop
      vertex 48.1409 70.1443 4.1921
      vertex 49.4414 70.8965 5.69
      vertex 48.1626 70.0928 4.19
    endloop
  endfacet
  facet normal 0.641581 0.300384 -0.705793
    outer loop
      vertex 48.109 70.2075 4.19
      vertex 48.1409 70.1443 4.1921
      vertex 48.1274 70.1682 4.19
    endloop
  endfacet
  facet normal 0.640668 0.299888 -0.706832
    outer loop
      vertex 48.1409 70.1443 4.1921
      vertex 48.109 70.2075 4.19
      vertex 49.4414 70.8965 5.69
    endloop
  endfacet
  facet normal 0.337308 0.621777 -0.706836
    outer loop
      vertex 47.5572 72.8966 5.69
      vertex 46.79 71.6076 4.19
      vertex 47.2077 73.0862 5.69
    endloop
  endfacet
  facet normal 0.693472 0.139551 -0.706839
    outer loop
      vertex 48.4167 69.3487 4.19
      vertex 49.9369 69.392 5.69
      vertex 48.4558 69.1544 4.19
    endloop
  endfacet
  facet normal 0.693298 0.141083 -0.706707
    outer loop
      vertex 48.409 69.3927 4.19123
      vertex 49.9369 69.392 5.69
      vertex 48.4167 69.3487 4.19
    endloop
  endfacet
  facet normal 0.689831 0.138626 -0.710574
    outer loop
      vertex 48.4008 69.4272 4.19
      vertex 48.409 69.3927 4.19123
      vertex 48.405 69.4063 4.19
    endloop
  endfacet
  facet normal 0.693443 0.139617 -0.706855
    outer loop
      vertex 48.409 69.3927 4.19123
      vertex 48.4008 69.4272 4.19
      vertex 49.9369 69.392 5.69
    endloop
  endfacet
  facet normal 0.125804 -0.696102 -0.706834
    outer loop
      vertex 46.0849 63.7191 5.69
      vertex 45.6937 63.6484 5.69
      vertex 45.7594 65.1834 4.19
    endloop
  endfacet
  facet normal 0.693422 0.139859 -0.706828
    outer loop
      vertex 49.9369 69.392 5.69
      vertex 48.4008 69.4272 4.19
      vertex 49.8583 69.7817 5.69
    endloop
  endfacet
  facet normal -0.716303 0.115961 -0.688086
    outer loop
      vertex 41.5513 69.1968 4.1925
      vertex 41.569 69.2913 4.19
      vertex 41.5594 69.232 4.19
    endloop
  endfacet
  facet normal -0.698446 0.11202 -0.706841
    outer loop
      vertex 40.0355 69.1951 5.69
      vertex 41.5449 69.1413 4.19
      vertex 41.5249 69.0166 4.19
    endloop
  endfacet
  facet normal -0.698432 0.112118 -0.70684
    outer loop
      vertex 41.5513 69.1968 4.1925
      vertex 40.0355 69.1951 5.69
      vertex 41.569 69.2913 4.19
    endloop
  endfacet
  facet normal -0.698412 0.112376 -0.706819
    outer loop
      vertex 41.5449 69.1413 4.19
      vertex 40.0355 69.1951 5.69
      vertex 41.5513 69.1968 4.1925
    endloop
  endfacet
  facet normal 0.579799 0.394172 -0.713065
    outer loop
      vertex 47.9444 70.4922 4.19165
      vertex 47.9714 70.4495 4.19
      vertex 47.9542 70.4748 4.19
    endloop
  endfacet
  facet normal 0.585227 0.397363 -0.706832
    outer loop
      vertex 47.9714 70.4495 4.19
      vertex 47.9444 70.4922 4.19165
      vertex 49.0216 71.571 5.69
    endloop
  endfacet
  facet normal 0.585534 0.396993 -0.706786
    outer loop
      vertex 47.914 70.5341 4.19
      vertex 49.0216 71.571 5.69
      vertex 47.9444 70.4922 4.19165
    endloop
  endfacet
  facet normal 0.585152 0.39747 -0.706834
    outer loop
      vertex 49.0216 71.571 5.69
      vertex 47.914 70.5341 4.19
      vertex 47.8151 70.6797 4.19
    endloop
  endfacet
  facet normal 0.702388 -0.0838129 -0.706842
    outer loop
      vertex 49.9842 68.2028 5.69
      vertex 48.4797 68.2448 4.19
      vertex 48.4889 68.3219 4.19
    endloop
  endfacet
  facet normal 0.702376 -0.0839847 -0.706834
    outer loop
      vertex 49.9842 68.2028 5.69
      vertex 48.4772 68.201 4.19272
      vertex 48.4797 68.2448 4.19
    endloop
  endfacet
  facet normal 0.702372 -0.0840491 -0.706831
    outer loop
      vertex 49.9842 68.2028 5.69
      vertex 48.4683 68.1495 4.19
      vertex 48.4772 68.201 4.19272
    endloop
  endfacet
  facet normal 0.702353 -0.0844987 -0.706796
    outer loop
      vertex 48.4683 68.1495 4.19
      vertex 49.9842 68.2028 5.69
      vertex 48.4558 68.0456 4.19
    endloop
  endfacet
  facet normal -0.687423 -0.166964 -0.706805
    outer loop
      vertex 41.6347 67.6382 4.19
      vertex 40.1925 67.2261 5.69
      vertex 41.569 67.9087 4.19
    endloop
  endfacet
  facet normal -0.45422 0.542382 -0.706757
    outer loop
      vertex 41.9496 72.5617 5.69
      vertex 42.7525 71.2795 4.19
      vertex 42.708 71.2451 4.1922
    endloop
  endfacet
  facet normal -0.467653 0.558066 -0.685466
    outer loop
      vertex 42.6512 71.1948 4.19
      vertex 42.708 71.2451 4.1922
      vertex 42.687 71.2248 4.19
    endloop
  endfacet
  facet normal -0.45343 0.542955 -0.706824
    outer loop
      vertex 42.7525 71.2795 4.19
      vertex 41.9496 72.5617 5.69
      vertex 42.8647 71.3732 4.19
    endloop
  endfacet
  facet normal -0.453426 0.542936 -0.706842
    outer loop
      vertex 41.9496 72.5617 5.69
      vertex 42.708 71.2451 4.1922
      vertex 42.6512 71.1948 4.19
    endloop
  endfacet
  facet normal 0.702353 0.0841684 -0.706835
    outer loop
      vertex 49.9842 68.9973 5.69
      vertex 48.4558 69.1544 4.19
      vertex 49.9369 69.392 5.69
    endloop
  endfacet
  facet normal -0.153545 0.690509 -0.706838
    outer loop
      vertex 44.377 72.0441 4.19
      vertex 43.7219 73.4339 5.69
      vertex 44.11 73.5202 5.69
    endloop
  endfacet
  facet normal -0.628343 -0.324938 -0.706824
    outer loop
      vertex 40.6534 66.1288 5.69
      vertex 40.4708 66.4819 5.69
      vertex 41.9574 66.8701 4.19
    endloop
  endfacet
  facet normal -0.569133 -0.420119 -0.706816
    outer loop
      vertex 41.0997 65.4715 5.69
      vertex 42.2027 66.5009 4.19
      vertex 42.2698 66.41 4.19
    endloop
  endfacet
  facet normal -0.563895 -0.416965 -0.712856
    outer loop
      vertex 42.1684 66.5428 4.19266
      vertex 42.1044 66.6339 4.19
      vertex 42.1464 66.5771 4.19
    endloop
  endfacet
  facet normal -0.568955 -0.420344 -0.706825
    outer loop
      vertex 42.1684 66.5428 4.19266
      vertex 41.0997 65.4715 5.69
      vertex 42.1044 66.6339 4.19
    endloop
  endfacet
  facet normal -0.568683 -0.420659 -0.706856
    outer loop
      vertex 42.2027 66.5009 4.19
      vertex 41.0997 65.4715 5.69
      vertex 42.1684 66.5428 4.19266
    endloop
  endfacet
  facet normal 0.614936 0.349638 -0.706829
    outer loop
      vertex 49.4414 70.8965 5.69
      vertex 47.9714 70.4495 4.19
      vertex 49.2449 71.2421 5.69
    endloop
  endfacet
  facet normal -0.406152 -0.573391 -0.711522
    outer loop
      vertex 43.0918 65.6659 4.19
      vertex 43.0244 65.7108 4.19229
      vertex 43.051 65.6948 4.19
    endloop
  endfacet
  facet normal -0.409797 -0.576679 -0.706759
    outer loop
      vertex 42.274 64.4085 5.69
      vertex 42.9798 65.7453 4.19
      vertex 43.0244 65.7108 4.19229
    endloop
  endfacet
  facet normal -0.408778 -0.577305 -0.706838
    outer loop
      vertex 42.9798 65.7453 4.19
      vertex 42.274 64.4085 5.69
      vertex 42.8647 65.8268 4.19
    endloop
  endfacet
  facet normal -0.408665 -0.577403 -0.706822
    outer loop
      vertex 42.274 64.4085 5.69
      vertex 43.0244 65.7108 4.19229
      vertex 43.0918 65.6659 4.19
    endloop
  endfacet
  facet normal 0.014056 0.707247 -0.706827
    outer loop
      vertex 44.9304 72.0993 4.19
      vertex 44.9006 73.599 5.69
      vertex 45.2981 73.5911 5.69
    endloop
  endfacet
  facet normal 0.55176 -0.442689 -0.706814
    outer loop
      vertex 48.7728 65.3189 5.69
      vertex 47.641 66.3032 4.19
      vertex 49.0216 65.629 5.69
    endloop
  endfacet
  facet normal -0.629364 0.326337 -0.70527
    outer loop
      vertex 41.9524 70.3211 4.19039
      vertex 41.9574 70.3299 4.19
      vertex 41.9546 70.3245 4.19
    endloop
  endfacet
  facet normal -0.628437 0.32473 -0.706836
    outer loop
      vertex 40.4708 70.7181 5.69
      vertex 41.9439 70.3039 4.19
      vertex 41.8296 70.0827 4.19
    endloop
  endfacet
  facet normal -0.628107 0.325557 -0.70675
    outer loop
      vertex 41.9524 70.3211 4.19039
      vertex 40.4708 70.7181 5.69
      vertex 41.9574 70.3299 4.19
    endloop
  endfacet
  facet normal -0.627825 0.326285 -0.706664
    outer loop
      vertex 41.9439 70.3039 4.19
      vertex 40.4708 70.7181 5.69
      vertex 41.9524 70.3211 4.19039
    endloop
  endfacet
  facet normal 0.287085 0.646498 -0.706839
    outer loop
      vertex 46.4873 71.7661 4.19
      vertex 47.2077 73.0862 5.69
      vertex 46.5454 71.7403 4.19
    endloop
  endfacet
  facet normal 0.287297 0.646394 -0.706849
    outer loop
      vertex 46.454 71.7837 4.19256
      vertex 47.2077 73.0862 5.69
      vertex 46.4873 71.7661 4.19
    endloop
  endfacet
  facet normal 0.286933 0.64658 -0.706827
    outer loop
      vertex 46.4024 71.8038 4.19
      vertex 47.2077 73.0862 5.69
      vertex 46.454 71.7837 4.19256
    endloop
  endfacet
  facet normal 0.286764 0.64667 -0.706813
    outer loop
      vertex 47.2077 73.0862 5.69
      vertex 46.4024 71.8038 4.19
      vertex 46.291 71.8532 4.19
    endloop
  endfacet
  facet normal 0.127231 0.699768 -0.702949
    outer loop
      vertex 45.6951 72.0303 4.192
      vertex 45.7594 72.0166 4.19
      vertex 45.7198 72.0238 4.19
    endloop
  endfacet
  facet normal 0.126323 0.696068 -0.706776
    outer loop
      vertex 45.6951 72.0303 4.192
      vertex 45.6937 73.5516 5.69
      vertex 45.7594 72.0166 4.19
    endloop
  endfacet
  facet normal 0.12637 0.696063 -0.706772
    outer loop
      vertex 45.6404 72.0382 4.19
      vertex 45.6937 73.5516 5.69
      vertex 45.6951 72.0303 4.192
    endloop
  endfacet
  facet normal 0.125912 0.696113 -0.706805
    outer loop
      vertex 45.6937 73.5516 5.69
      vertex 45.6404 72.0382 4.19
      vertex 45.4856 72.0662 4.19
    endloop
  endfacet
  facet normal -0.261029 0.657467 -0.706825
    outer loop
      vertex 43.5807 71.7993 4.19
      vertex 42.9724 73.1704 5.69
      vertex 43.3419 73.3171 5.69
    endloop
  endfacet
  facet normal 0 0 -1
    outer loop
      vertex 42.4524 66.2 4.19
      vertex 42.687 65.9753 4.19
      vertex 42.6512 66.0052 4.19
    endloop
  endfacet
  facet normal 0 0 -1
    outer loop
      vertex 42.687 65.9753 4.19
      vertex 42.4524 66.2 4.19
      vertex 42.4344 66.2208 4.19
    endloop
  endfacet
  facet normal 0 0 -1
    outer loop
      vertex 43.0918 65.6659 4.19
      vertex 43.3528 65.5128 4.19
      vertex 43.331 65.5236 4.19
    endloop
  endfacet
  facet normal 0 0 -1
    outer loop
      vertex 43.3528 65.5128 4.19
      vertex 43.0918 65.6659 4.19
      vertex 43.051 65.6948 4.19
    endloop
  endfacet
  facet normal 0 0 -1
    outer loop
      vertex 46.8001 71.601 4.19
      vertex 46.5454 71.7403 4.19
      vertex 46.79 71.6076 4.19
    endloop
  endfacet
  facet normal -0 -0 -1
    outer loop
      vertex 46.5454 71.7403 4.19
      vertex 46.8001 71.601 4.19
      vertex 46.4873 71.7661 4.19
    endloop
  endfacet
  facet normal 0 0 -1
    outer loop
      vertex 47.9714 66.7505 4.19
      vertex 48.1274 67.0318 4.19
      vertex 48.109 66.9925 4.19
    endloop
  endfacet
  facet normal 0 0 -1
    outer loop
      vertex 48.1274 67.0318 4.19
      vertex 47.9714 66.7505 4.19
      vertex 47.9542 66.7252 4.19
    endloop
  endfacet
  facet normal 0 0 -1
    outer loop
      vertex 41.9546 70.3245 4.19
      vertex 42.1044 70.5661 4.19
      vertex 42.1464 70.6229 4.19
    endloop
  endfacet
  facet normal 0 0 -1
    outer loop
      vertex 42.1044 70.5661 4.19
      vertex 41.9546 70.3245 4.19
      vertex 41.9574 70.3299 4.19
    endloop
  endfacet
  facet normal 0 0 -1
    outer loop
      vertex 45.2651 72.0881 4.19
      vertex 44.9304 72.0993 4.19
      vertex 45.2087 72.0938 4.19
    endloop
  endfacet
  facet normal 0 -0 -1
    outer loop
      vertex 44.9304 72.0993 4.19
      vertex 45.2651 72.0881 4.19
      vertex 44.9123 72.0982 4.19
    endloop
  endfacet
  facet normal -0 0 -1
    outer loop
      vertex 46.291 65.3468 4.19
      vertex 46.1312 65.2906 4.19
      vertex 46.4024 65.3962 4.19
    endloop
  endfacet
  facet normal -0 0 -1
    outer loop
      vertex 47.0233 65.7441 4.19
      vertex 46.834 65.621 4.19
      vertex 47.0968 65.8006 4.19
    endloop
  endfacet
  facet normal 0 0 -1
    outer loop
      vertex 44.9304 65.1007 4.19
      vertex 45.2651 65.1119 4.19
      vertex 45.2087 65.1062 4.19
    endloop
  endfacet
  facet normal 0 0 -1
    outer loop
      vertex 45.2651 65.1119 4.19
      vertex 44.9304 65.1007 4.19
      vertex 44.9123 65.1018 4.19
    endloop
  endfacet
  facet normal 0 0 -1
    outer loop
      vertex 41.5028 68.4609 4.19
      vertex 41.5057 68.776 4.19
      vertex 41.5057 68.424 4.19
    endloop
  endfacet
  facet normal 0 0 -1
    outer loop
      vertex 41.5057 68.776 4.19
      vertex 41.5028 68.4609 4.19
      vertex 41.5028 68.7392 4.19
    endloop
  endfacet
  facet normal 0 0 -1
    outer loop
      vertex 46.0604 71.9343 4.19
      vertex 45.7594 72.0166 4.19
      vertex 46.0285 71.9455 4.19
    endloop
  endfacet
  facet normal -0 -0 -1
    outer loop
      vertex 45.7594 72.0166 4.19
      vertex 46.0604 71.9343 4.19
      vertex 45.7198 72.0238 4.19
    endloop
  endfacet
  facet normal 0 0 -1
    outer loop
      vertex 48.5 68.6 4.19
      vertex 48.4797 68.9552 4.19
      vertex 48.4889 68.8781 4.19
    endloop
  endfacet
  facet normal -0 0 -1
    outer loop
      vertex 48.4889 68.3219 4.19
      vertex 48.4797 68.2448 4.19
      vertex 48.5 68.6 4.19
    endloop
  endfacet
  facet normal 0 0 -1
    outer loop
      vertex 47.0968 71.3994 4.19
      vertex 46.834 71.579 4.19
      vertex 47.0233 71.4559 4.19
    endloop
  endfacet
  facet normal 0 0 -1
    outer loop
      vertex 41.6395 69.5761 4.19
      vertex 41.569 69.2913 4.19
      vertex 41.6347 69.5618 4.19
    endloop
  endfacet
  facet normal 0 -0 -1
    outer loop
      vertex 41.569 69.2913 4.19
      vertex 41.6395 69.5761 4.19
      vertex 41.5594 69.232 4.19
    endloop
  endfacet
  facet normal 0 0 -1
    outer loop
      vertex 45.7594 65.1834 4.19
      vertex 46.0604 65.2657 4.19
      vertex 46.0285 65.2545 4.19
    endloop
  endfacet
  facet normal 0 0 -1
    outer loop
      vertex 46.0604 65.2657 4.19
      vertex 45.7594 65.1834 4.19
      vertex 45.7198 65.1762 4.19
    endloop
  endfacet
  facet normal -0 0 -1
    outer loop
      vertex 48.4558 68.0456 4.19
      vertex 48.4167 67.8513 4.19
      vertex 48.4683 68.1495 4.19
    endloop
  endfacet
  facet normal 0 0 -1
    outer loop
      vertex 41.5249 68.1834 4.19
      vertex 41.5119 68.3461 4.19
      vertex 41.5449 68.0587 4.19
    endloop
  endfacet
  facet normal 0 0 -1
    outer loop
      vertex 43.8393 65.2981 4.19
      vertex 44.1083 65.2156 4.19
      vertex 44.1053 65.2163 4.19
    endloop
  endfacet
  facet normal 0 0 -1
    outer loop
      vertex 44.1083 65.2156 4.19
      vertex 43.8393 65.2981 4.19
      vertex 43.7705 65.3254 4.19
    endloop
  endfacet
  facet normal 0 0 -1
    outer loop
      vertex 47.4435 66.0946 4.19
      vertex 47.641 66.3032 4.19
      vertex 47.4501 66.1006 4.19
    endloop
  endfacet
  facet normal -0 0 -1
    outer loop
      vertex 47.641 66.3032 4.19
      vertex 47.4435 66.0946 4.19
      vertex 47.6829 66.3555 4.19
    endloop
  endfacet
  facet normal 0 0 -1
    outer loop
      vertex 43.3528 71.6872 4.19
      vertex 43.0918 71.5341 4.19
      vertex 43.331 71.6764 4.19
    endloop
  endfacet
  facet normal 0 -0 -1
    outer loop
      vertex 43.0918 71.5341 4.19
      vertex 43.3528 71.6872 4.19
      vertex 43.051 71.5052 4.19
    endloop
  endfacet
  facet normal -0 0 -1
    outer loop
      vertex 47.2438 65.9139 4.19
      vertex 47.1734 65.8597 4.19
      vertex 47.4194 66.0728 4.19
    endloop
  endfacet
  facet normal -0 0 -1
    outer loop
      vertex 47.8151 66.5203 4.19
      vertex 47.7417 66.4288 4.19
      vertex 47.914 66.6659 4.19
    endloop
  endfacet
  facet normal 0 0 -1
    outer loop
      vertex 46.5454 65.4597 4.19
      vertex 46.8001 65.599 4.19
      vertex 46.79 65.5924 4.19
    endloop
  endfacet
  facet normal 0 0 -1
    outer loop
      vertex 46.8001 65.599 4.19
      vertex 46.5454 65.4597 4.19
      vertex 46.4873 65.4339 4.19
    endloop
  endfacet
  facet normal -0 0 -1
    outer loop
      vertex 45.4856 65.1339 4.19
      vertex 45.3551 65.1208 4.19
      vertex 45.6404 65.1618 4.19
    endloop
  endfacet
  facet normal -0 0 -1
    outer loop
      vertex 48.2269 67.2446 4.19
      vertex 48.1626 67.1072 4.19
      vertex 48.2745 67.3719 4.19
    endloop
  endfacet
  facet normal 0 0 -1
    outer loop
      vertex 46.4024 71.8038 4.19
      vertex 46.1312 71.9094 4.19
      vertex 46.291 71.8532 4.19
    endloop
  endfacet
  facet normal 0 0 -1
    outer loop
      vertex 48.1274 70.1682 4.19
      vertex 47.9714 70.4495 4.19
      vertex 48.109 70.2075 4.19
    endloop
  endfacet
  facet normal -0 -0 -1
    outer loop
      vertex 47.9714 70.4495 4.19
      vertex 48.1274 70.1682 4.19
      vertex 47.9542 70.4748 4.19
    endloop
  endfacet
  facet normal 0 0 -1
    outer loop
      vertex 42.9798 71.4547 4.19
      vertex 42.7525 71.2795 4.19
      vertex 42.8647 71.3732 4.19
    endloop
  endfacet
  facet normal 0 0 -1
    outer loop
      vertex 42.3898 70.928 4.19
      vertex 42.2027 70.6991 4.19
      vertex 42.2698 70.79 4.19
    endloop
  endfacet
  facet normal 0 0 -1
    outer loop
      vertex 41.7592 69.9151 4.19
      vertex 41.6543 69.6211 4.19
      vertex 41.7218 69.8261 4.19
    endloop
  endfacet
  facet normal 0 0 -1
    outer loop
      vertex 41.7218 67.3739 4.19
      vertex 41.6543 67.5789 4.19
      vertex 41.7592 67.2849 4.19
    endloop
  endfacet
  facet normal 0 0 -1
    outer loop
      vertex 42.8647 65.8268 4.19
      vertex 42.7525 65.9205 4.19
      vertex 42.9798 65.7453 4.19
    endloop
  endfacet
  facet normal 0 0 -1
    outer loop
      vertex 47.4435 71.1054 4.19
      vertex 47.641 70.8968 4.19
      vertex 47.6829 70.8445 4.19
    endloop
  endfacet
  facet normal 0 0 -1
    outer loop
      vertex 47.641 70.8968 4.19
      vertex 47.4435 71.1054 4.19
      vertex 47.4501 71.0994 4.19
    endloop
  endfacet
  facet normal 0 0 -1
    outer loop
      vertex 41.9439 70.3039 4.19
      vertex 41.7966 70.0042 4.19
      vertex 41.8296 70.0827 4.19
    endloop
  endfacet
  facet normal 0 0 -1
    outer loop
      vertex 41.8296 67.1173 4.19
      vertex 41.7966 67.1958 4.19
      vertex 41.9439 66.8961 4.19
    endloop
  endfacet
  facet normal 0 0 -1
    outer loop
      vertex 48.405 69.4063 4.19
      vertex 48.3244 69.6948 4.19
      vertex 48.4008 69.4272 4.19
    endloop
  endfacet
  facet normal -0 -0 -1
    outer loop
      vertex 48.3244 69.6948 4.19
      vertex 48.405 69.4063 4.19
      vertex 48.3057 69.7448 4.19
    endloop
  endfacet
  facet normal 0 0 -1
    outer loop
      vertex 41.9546 66.8755 4.19
      vertex 42.1044 66.6339 4.19
      vertex 41.9574 66.8701 4.19
    endloop
  endfacet
  facet normal 0 0 -1
    outer loop
      vertex 42.1044 66.6339 4.19
      vertex 41.9546 66.8755 4.19
      vertex 42.1464 66.5771 4.19
    endloop
  endfacet
  facet normal 0 0 -1
    outer loop
      vertex 41.5449 69.1413 4.19
      vertex 41.5119 68.8539 4.19
      vertex 41.5249 69.0166 4.19
    endloop
  endfacet
  facet normal 0 0 -1
    outer loop
      vertex 47.914 70.5341 4.19
      vertex 47.7417 70.7712 4.19
      vertex 47.8151 70.6797 4.19
    endloop
  endfacet
  facet normal 0 0 -1
    outer loop
      vertex 48.3244 67.5052 4.19
      vertex 48.405 67.7937 4.19
      vertex 48.4008 67.7728 4.19
    endloop
  endfacet
  facet normal 0 0 -1
    outer loop
      vertex 48.405 67.7937 4.19
      vertex 48.3244 67.5052 4.19
      vertex 48.3057 67.4552 4.19
    endloop
  endfacet
  facet normal 0 0 -1
    outer loop
      vertex 41.569 67.9087 4.19
      vertex 41.6395 67.6239 4.19
      vertex 41.6347 67.6382 4.19
    endloop
  endfacet
  facet normal 0 0 -1
    outer loop
      vertex 41.6395 67.6239 4.19
      vertex 41.569 67.9087 4.19
      vertex 41.5594 67.968 4.19
    endloop
  endfacet
  facet normal 0 0 -1
    outer loop
      vertex 42.687 71.2248 4.19
      vertex 42.4524 71 4.19
      vertex 42.6512 71.1948 4.19
    endloop
  endfacet
  facet normal 0 -0 -1
    outer loop
      vertex 42.4524 71 4.19
      vertex 42.687 71.2248 4.19
      vertex 42.4344 70.9792 4.19
    endloop
  endfacet
  facet normal 0 0 -1
    outer loop
      vertex 42.2698 66.41 4.19
      vertex 42.2027 66.5009 4.19
      vertex 42.3898 66.272 4.19
    endloop
  endfacet
  facet normal 0 0 -1
    outer loop
      vertex 48.2745 69.8281 4.19
      vertex 48.1626 70.0928 4.19
      vertex 48.2269 69.9555 4.19
    endloop
  endfacet
  facet normal 0 0 -1
    outer loop
      vertex 45.6404 72.0382 4.19
      vertex 45.3551 72.0792 4.19
      vertex 45.4856 72.0662 4.19
    endloop
  endfacet
  facet normal 0 0 -1
    outer loop
      vertex 44.6526 65.1173 4.19
      vertex 44.553 65.1312 4.19
      vertex 44.8589 65.105 4.19
    endloop
  endfacet
  facet normal 0 0 -1
    outer loop
      vertex 47.4194 71.1272 4.19
      vertex 47.1734 71.3403 4.19
      vertex 47.2438 71.2861 4.19
    endloop
  endfacet
  facet normal 0 0 -1
    outer loop
      vertex 44.1083 71.9844 4.19
      vertex 43.8393 71.9019 4.19
      vertex 44.1053 71.9837 4.19
    endloop
  endfacet
  facet normal 0 -0 -1
    outer loop
      vertex 43.8393 71.9019 4.19
      vertex 44.1083 71.9844 4.19
      vertex 43.7705 71.8746 4.19
    endloop
  endfacet
  facet normal 0 0 -1
    outer loop
      vertex 44.4576 72.0554 4.19
      vertex 44.1205 71.9871 4.19
      vertex 44.377 72.0441 4.19
    endloop
  endfacet
  facet normal 0 0 -1
    outer loop
      vertex 48.4683 69.0505 4.19
      vertex 48.4167 69.3487 4.19
      vertex 48.4558 69.1544 4.19
    endloop
  endfacet
  facet normal 0 0 -1
    outer loop
      vertex 44.8589 72.095 4.19
      vertex 44.553 72.0688 4.19
      vertex 44.6526 72.0827 4.19
    endloop
  endfacet
  facet normal 0 0 -1
    outer loop
      vertex 44.377 65.1559 4.19
      vertex 44.1205 65.2129 4.19
      vertex 44.4576 65.1446 4.19
    endloop
  endfacet
  facet normal 0 0 -1
    outer loop
      vertex 43.5807 65.4007 4.19
      vertex 43.4099 65.4847 4.19
      vertex 43.6818 65.3606 4.19
    endloop
  endfacet
  facet normal 0 0 -1
    outer loop
      vertex 43.6818 71.8394 4.19
      vertex 43.4099 71.7153 4.19
      vertex 43.5807 71.7993 4.19
    endloop
  endfacet
  facet normal -0.45354 -0.54286 -0.706827
    outer loop
      vertex 41.9496 64.6383 5.69
      vertex 41.6445 64.8932 5.69
      vertex 42.6512 66.0052 4.19
    endloop
  endfacet
  facet normal -0.495191 -0.505155 -0.706827
    outer loop
      vertex 41.6445 64.8932 5.69
      vertex 41.3606 65.1715 5.69
      vertex 42.6512 66.0052 4.19
    endloop
  endfacet
  facet normal -0.628343 0.324938 -0.706824
    outer loop
      vertex 41.9574 70.3299 4.19
      vertex 40.4708 70.7181 5.69
      vertex 40.6534 71.0712 5.69
    endloop
  endfacet
  facet normal -0.0977727 -0.700587 -0.706837
    outer loop
      vertex 44.5037 63.6247 5.69
      vertex 44.553 65.1312 4.19
      vertex 44.6526 65.1173 4.19
    endloop
  endfacet
  facet normal -0.0983577 -0.700537 -0.706805
    outer loop
      vertex 44.5037 63.6247 5.69
      vertex 44.5019 65.1356 4.19275
      vertex 44.553 65.1312 4.19
    endloop
  endfacet
  facet normal -0.0984443 -0.700531 -0.706799
    outer loop
      vertex 44.5037 63.6247 5.69
      vertex 44.4576 65.1446 4.19
      vertex 44.5019 65.1356 4.19275
    endloop
  endfacet
  facet normal -0.0982151 -0.700543 -0.706819
    outer loop
      vertex 44.4576 65.1446 4.19
      vertex 44.5037 63.6247 5.69
      vertex 44.377 65.1559 4.19
    endloop
  endfacet
  facet normal 0.286836 0.646627 -0.706823
    outer loop
      vertex 47.2077 73.0862 5.69
      vertex 46.291 71.8532 4.19
      vertex 46.8443 73.2474 5.69
    endloop
  endfacet
  facet normal -0.0421648 0.706127 -0.706829
    outer loop
      vertex 44.6526 72.0827 4.19
      vertex 44.5037 73.5753 5.69
      vertex 44.9006 73.599 5.69
    endloop
  endfacet
  facet normal 0.476308 -0.523291 -0.70661
    outer loop
      vertex 47.4393 66.09 4.19057
      vertex 47.4501 66.1006 4.19
      vertex 48.2055 64.7627 5.69
    endloop
  endfacet
  facet normal 0.472119 -0.519331 -0.71232
    outer loop
      vertex 47.4501 66.1006 4.19
      vertex 47.4393 66.09 4.19057
      vertex 47.4435 66.0946 4.19
    endloop
  endfacet
  facet normal 0.473995 -0.524974 -0.706917
    outer loop
      vertex 48.2055 64.7627 5.69
      vertex 47.4194 66.0728 4.19
      vertex 47.4393 66.09 4.19057
    endloop
  endfacet
  facet normal 0.474625 -0.524507 -0.70684
    outer loop
      vertex 47.4194 66.0728 4.19
      vertex 48.2055 64.7627 5.69
      vertex 47.2438 65.9139 4.19
    endloop
  endfacet
  facet normal -0.0421648 -0.706127 -0.706829
    outer loop
      vertex 44.9006 63.601 5.69
      vertex 44.5037 63.6247 5.69
      vertex 44.6526 65.1173 4.19
    endloop
  endfacet
  facet normal -0.698433 -0.112105 -0.706841
    outer loop
      vertex 40.0985 67.6124 5.69
      vertex 40.0355 68.0049 5.69
      vertex 41.569 67.9087 4.19
    endloop
  endfacet
  facet normal 0.287085 -0.646498 -0.706839
    outer loop
      vertex 47.2077 64.1138 5.69
      vertex 46.4873 65.4339 4.19
      vertex 46.5454 65.4597 4.19
    endloop
  endfacet
  facet normal 0.287297 -0.646394 -0.706849
    outer loop
      vertex 47.2077 64.1138 5.69
      vertex 46.454 65.4163 4.19256
      vertex 46.4873 65.4339 4.19
    endloop
  endfacet
  facet normal 0.286933 -0.64658 -0.706827
    outer loop
      vertex 47.2077 64.1138 5.69
      vertex 46.4024 65.3962 4.19
      vertex 46.454 65.4163 4.19256
    endloop
  endfacet
  facet normal 0.286764 -0.64667 -0.706813
    outer loop
      vertex 46.4024 65.3962 4.19
      vertex 47.2077 64.1138 5.69
      vertex 46.291 65.3468 4.19
    endloop
  endfacet
  facet normal 0.585227 -0.397363 -0.706832
    outer loop
      vertex 47.9444 66.7078 4.19165
      vertex 47.9714 66.7505 4.19
      vertex 49.0216 65.629 5.69
    endloop
  endfacet
  facet normal 0.579799 -0.394172 -0.713065
    outer loop
      vertex 47.9714 66.7505 4.19
      vertex 47.9444 66.7078 4.19165
      vertex 47.9542 66.7252 4.19
    endloop
  endfacet
  facet normal 0.585534 -0.396993 -0.706786
    outer loop
      vertex 49.0216 65.629 5.69
      vertex 47.914 66.6659 4.19
      vertex 47.9444 66.7078 4.19165
    endloop
  endfacet
  facet normal 0.585152 -0.39747 -0.706834
    outer loop
      vertex 47.914 66.6659 4.19
      vertex 49.0216 65.629 5.69
      vertex 47.8151 66.5203 4.19
    endloop
  endfacet
  facet normal 0.585246 -0.397341 -0.706829
    outer loop
      vertex 49.0216 65.629 5.69
      vertex 47.9714 66.7505 4.19
      vertex 49.2449 65.9579 5.69
    endloop
  endfacet
  facet normal 0.337322 0.621771 -0.706834
    outer loop
      vertex 46.79 71.6076 4.19
      vertex 46.5454 71.7403 4.19
      vertex 47.2077 73.0862 5.69
    endloop
  endfacet
  facet normal 0.551784 0.442633 -0.706831
    outer loop
      vertex 47.7417 70.7712 4.19
      vertex 49.0216 71.571 5.69
      vertex 47.8151 70.6797 4.19
    endloop
  endfacet
  facet normal 0.551746 0.442687 -0.706827
    outer loop
      vertex 47.7095 70.8155 4.19261
      vertex 49.0216 71.571 5.69
      vertex 47.7417 70.7712 4.19
    endloop
  endfacet
  facet normal 0.551838 0.442553 -0.70684
    outer loop
      vertex 47.6829 70.8445 4.19
      vertex 49.0216 71.571 5.69
      vertex 47.7095 70.8155 4.19261
    endloop
  endfacet
  facet normal 0.552032 0.442259 -0.706871
    outer loop
      vertex 49.0216 71.571 5.69
      vertex 47.6829 70.8445 4.19
      vertex 47.641 70.8968 4.19
    endloop
  endfacet
  facet normal 0.431517 -0.560494 -0.706852
    outer loop
      vertex 47.8905 64.5201 5.69
      vertex 47.1734 65.8597 4.19
      vertex 47.2438 65.9139 4.19
    endloop
  endfacet
  facet normal 0.432653 -0.559759 -0.706739
    outer loop
      vertex 47.8905 64.5201 5.69
      vertex 47.1373 65.8283 4.19277
      vertex 47.1734 65.8597 4.19
    endloop
  endfacet
  facet normal 0.43165 -0.56043 -0.706821
    outer loop
      vertex 47.8905 64.5201 5.69
      vertex 47.0968 65.8006 4.19
      vertex 47.1373 65.8283 4.19277
    endloop
  endfacet
  facet normal 0.4311 -0.560811 -0.706855
    outer loop
      vertex 47.0968 65.8006 4.19
      vertex 47.8905 64.5201 5.69
      vertex 47.0233 65.7441 4.19
    endloop
  endfacet
  facet normal 0.680206 -0.194199 -0.706829
    outer loop
      vertex 49.8583 67.4183 5.69
      vertex 48.3244 67.5052 4.19
      vertex 48.4008 67.7728 4.19
    endloop
  endfacet
  facet normal -0.408905 0.577235 -0.706822
    outer loop
      vertex 42.8647 71.3732 4.19
      vertex 41.9496 72.5617 5.69
      vertex 42.274 72.7915 5.69
    endloop
  endfacet
  facet normal 0.431621 0.560431 -0.706839
    outer loop
      vertex 48.2055 72.4373 5.69
      vertex 47.2438 71.2861 4.19
      vertex 47.8905 72.6799 5.69
    endloop
  endfacet
  facet normal 0.431621 -0.560431 -0.706839
    outer loop
      vertex 47.8905 64.5201 5.69
      vertex 47.2438 65.9139 4.19
      vertex 48.2055 64.7627 5.69
    endloop
  endfacet
  facet normal -0.698433 0.112105 -0.706841
    outer loop
      vertex 41.569 69.2913 4.19
      vertex 40.0355 69.1951 5.69
      vertex 40.0985 69.5876 5.69
    endloop
  endfacet
  facet normal 0.0702828 0.703896 -0.706818
    outer loop
      vertex 45.6937 73.5516 5.69
      vertex 45.2087 72.0938 4.19
      vertex 45.2981 73.5911 5.69
    endloop
  endfacet
  facet normal 0.125804 0.696102 -0.706834
    outer loop
      vertex 45.7594 72.0166 4.19
      vertex 45.6937 73.5516 5.69
      vertex 46.0849 73.4809 5.69
    endloop
  endfacet
  facet normal 0.180697 0.683905 -0.70684
    outer loop
      vertex 46.0285 71.9455 4.19
      vertex 45.7594 72.0166 4.19
      vertex 46.0849 73.4809 5.69
    endloop
  endfacet
  facet normal 0.662557 -0.247836 -0.70682
    outer loop
      vertex 49.6098 66.6636 5.69
      vertex 48.3244 67.5052 4.19
      vertex 49.7491 67.036 5.69
    endloop
  endfacet
  facet normal 0.472119 0.519331 -0.71232
    outer loop
      vertex 47.4393 71.11 4.19057
      vertex 47.4501 71.0994 4.19
      vertex 47.4435 71.1054 4.19
    endloop
  endfacet
  facet normal 0.476308 0.523291 -0.70661
    outer loop
      vertex 47.4501 71.0994 4.19
      vertex 47.4393 71.11 4.19057
      vertex 48.2055 72.4373 5.69
    endloop
  endfacet
  facet normal 0.473995 0.524974 -0.706917
    outer loop
      vertex 47.4194 71.1272 4.19
      vertex 48.2055 72.4373 5.69
      vertex 47.4393 71.11 4.19057
    endloop
  endfacet
  facet normal 0.474625 0.524507 -0.70684
    outer loop
      vertex 48.2055 72.4373 5.69
      vertex 47.4194 71.1272 4.19
      vertex 47.2438 71.2861 4.19
    endloop
  endfacet
  facet normal 0.431517 0.560494 -0.706852
    outer loop
      vertex 47.1734 71.3403 4.19
      vertex 47.8905 72.6799 5.69
      vertex 47.2438 71.2861 4.19
    endloop
  endfacet
  facet normal 0.432653 0.559759 -0.706739
    outer loop
      vertex 47.1373 71.3717 4.19277
      vertex 47.8905 72.6799 5.69
      vertex 47.1734 71.3403 4.19
    endloop
  endfacet
  facet normal 0.43165 0.56043 -0.706821
    outer loop
      vertex 47.0968 71.3994 4.19
      vertex 47.8905 72.6799 5.69
      vertex 47.1373 71.3717 4.19277
    endloop
  endfacet
  facet normal 0.4311 0.560811 -0.706855
    outer loop
      vertex 47.8905 72.6799 5.69
      vertex 47.0968 71.3994 4.19
      vertex 47.0233 71.4559 4.19
    endloop
  endfacet
  facet normal 0.693422 -0.139859 -0.706828
    outer loop
      vertex 49.8583 67.4183 5.69
      vertex 48.4008 67.7728 4.19
      vertex 49.9369 67.808 5.69
    endloop
  endfacet
  facet normal 0.702356 -0.0841475 -0.706835
    outer loop
      vertex 49.9369 67.808 5.69
      vertex 48.4558 68.0456 4.19
      vertex 49.9842 68.2028 5.69
    endloop
  endfacet
  facet normal 0.662666 -0.247622 -0.706793
    outer loop
      vertex 48.2965 67.4238 4.19236
      vertex 48.3244 67.5052 4.19
      vertex 49.6098 66.6636 5.69
    endloop
  endfacet
  facet normal 0.659162 -0.246527 -0.710443
    outer loop
      vertex 48.3244 67.5052 4.19
      vertex 48.2965 67.4238 4.19236
      vertex 48.3057 67.4552 4.19
    endloop
  endfacet
  facet normal 0.662219 -0.248566 -0.706881
    outer loop
      vertex 49.6098 66.6636 5.69
      vertex 48.2745 67.3719 4.19
      vertex 48.2965 67.4238 4.19236
    endloop
  endfacet
  facet normal 0.662585 -0.247754 -0.706823
    outer loop
      vertex 48.2745 67.3719 4.19
      vertex 49.6098 66.6636 5.69
      vertex 48.2269 67.2446 4.19
    endloop
  endfacet
  facet normal 0.706813 -0.0282115 -0.706838
    outer loop
      vertex 49.9842 68.2028 5.69
      vertex 48.4889 68.3219 4.19
      vertex 48.5 68.6 4.19
    endloop
  endfacet
  facet normal -0.0977727 0.700587 -0.706837
    outer loop
      vertex 44.553 72.0688 4.19
      vertex 44.5037 73.5753 5.69
      vertex 44.6526 72.0827 4.19
    endloop
  endfacet
  facet normal -0.0983577 0.700537 -0.706805
    outer loop
      vertex 44.5019 72.0644 4.19275
      vertex 44.5037 73.5753 5.69
      vertex 44.553 72.0688 4.19
    endloop
  endfacet
  facet normal -0.0984443 0.700531 -0.706799
    outer loop
      vertex 44.4576 72.0554 4.19
      vertex 44.5037 73.5753 5.69
      vertex 44.5019 72.0644 4.19275
    endloop
  endfacet
  facet normal -0.0982151 0.700543 -0.706819
    outer loop
      vertex 44.5037 73.5753 5.69
      vertex 44.4576 72.0554 4.19
      vertex 44.377 72.0441 4.19
    endloop
  endfacet
  facet normal -0.67195 0.221137 -0.706811
    outer loop
      vertex 41.6347 69.5618 4.19
      vertex 40.1925 69.9739 5.69
      vertex 40.3168 70.3516 5.69
    endloop
  endfacet
  facet normal 0.659162 0.246527 -0.710443
    outer loop
      vertex 48.2965 69.7762 4.19236
      vertex 48.3244 69.6948 4.19
      vertex 48.3057 69.7448 4.19
    endloop
  endfacet
  facet normal 0.662666 0.247622 -0.706793
    outer loop
      vertex 48.3244 69.6948 4.19
      vertex 48.2965 69.7762 4.19236
      vertex 49.6098 70.5364 5.69
    endloop
  endfacet
  facet normal 0.662219 0.248566 -0.706881
    outer loop
      vertex 48.2745 69.8281 4.19
      vertex 49.6098 70.5364 5.69
      vertex 48.2965 69.7762 4.19236
    endloop
  endfacet
  facet normal 0.66266 0.247587 -0.706811
    outer loop
      vertex 49.6098 70.5364 5.69
      vertex 48.2745 69.8281 4.19
      vertex 48.2269 69.9555 4.19
    endloop
  endfacet
  facet normal 0.680206 0.194199 -0.706829
    outer loop
      vertex 48.4008 69.4272 4.19
      vertex 48.3244 69.6948 4.19
      vertex 49.8583 69.7817 5.69
    endloop
  endfacet
  facet normal 0.702386 0.0838125 -0.706845
    outer loop
      vertex 48.4797 68.9552 4.19
      vertex 49.9842 68.9973 5.69
      vertex 48.4889 68.8781 4.19
    endloop
  endfacet
  facet normal 0.702373 0.0839847 -0.706837
    outer loop
      vertex 48.4772 68.999 4.19272
      vertex 49.9842 68.9973 5.69
      vertex 48.4797 68.9552 4.19
    endloop
  endfacet
  facet normal 0.702369 0.0840485 -0.706833
    outer loop
      vertex 48.4683 69.0505 4.19
      vertex 49.9842 68.9973 5.69
      vertex 48.4772 68.999 4.19272
    endloop
  endfacet
  facet normal 0.70235 0.0844984 -0.706798
    outer loop
      vertex 49.9842 68.9973 5.69
      vertex 48.4683 69.0505 4.19
      vertex 48.4558 69.1544 4.19
    endloop
  endfacet
  facet normal 0.706812 0.0282115 -0.706839
    outer loop
      vertex 48.5 68.6 4.19
      vertex 48.4889 68.8781 4.19
      vertex 49.9842 68.9973 5.69
    endloop
  endfacet
  facet normal -0.600578 -0.373772 -0.706824
    outer loop
      vertex 42.1044 66.6339 4.19
      vertex 40.8635 65.7912 5.69
      vertex 41.9574 66.8701 4.19
    endloop
  endfacet
  facet normal -0.716303 -0.115961 -0.688086
    outer loop
      vertex 41.569 67.9087 4.19
      vertex 41.5513 68.0032 4.1925
      vertex 41.5594 67.968 4.19
    endloop
  endfacet
  facet normal -0.698412 -0.112376 -0.706819
    outer loop
      vertex 40.0355 68.0049 5.69
      vertex 41.5449 68.0587 4.19
      vertex 41.5513 68.0032 4.1925
    endloop
  endfacet
  facet normal -0.698446 -0.11202 -0.706841
    outer loop
      vertex 41.5449 68.0587 4.19
      vertex 40.0355 68.0049 5.69
      vertex 41.5249 68.1834 4.19
    endloop
  endfacet
  facet normal -0.698432 -0.112118 -0.70684
    outer loop
      vertex 40.0355 68.0049 5.69
      vertex 41.5513 68.0032 4.1925
      vertex 41.569 67.9087 4.19
    endloop
  endfacet
  facet normal -0.0417325 0.686689 -0.725752
    outer loop
      vertex 44.9001 72.0986 4.19108
      vertex 44.9304 72.0993 4.19
      vertex 44.9123 72.0982 4.19
    endloop
  endfacet
  facet normal -0.0415081 0.706156 -0.706839
    outer loop
      vertex 44.9304 72.0993 4.19
      vertex 44.9001 72.0986 4.19108
      vertex 44.9006 73.599 5.69
    endloop
  endfacet
  facet normal -0.0431711 0.706106 -0.706789
    outer loop
      vertex 44.8589 72.095 4.19
      vertex 44.9006 73.599 5.69
      vertex 44.9001 72.0986 4.19108
    endloop
  endfacet
  facet normal -0.0421004 0.706123 -0.706836
    outer loop
      vertex 44.9006 73.599 5.69
      vertex 44.8589 72.095 4.19
      vertex 44.6526 72.0827 4.19
    endloop
  endfacet
  facet normal -0.652146 -0.274026 -0.706835
    outer loop
      vertex 40.4708 66.4819 5.69
      vertex 40.3168 66.8484 5.69
      vertex 41.8296 67.1173 4.19
    endloop
  endfacet
  facet normal -0.153454 -0.690541 -0.706828
    outer loop
      vertex 43.7219 63.7661 5.69
      vertex 44.1205 65.2129 4.19
      vertex 44.377 65.1559 4.19
    endloop
  endfacet
  facet normal -0.180664 -0.774274 -0.606515
    outer loop
      vertex 44.1102 65.215 4.1902
      vertex 44.1053 65.2163 4.19
      vertex 44.1083 65.2156 4.19
    endloop
  endfacet
  facet normal -0.154298 -0.69033 -0.70685
    outer loop
      vertex 44.1102 65.215 4.1902
      vertex 43.7219 63.7661 5.69
      vertex 44.1053 65.2163 4.19
    endloop
  endfacet
  facet normal -0.154464 -0.690289 -0.706853
    outer loop
      vertex 44.1205 65.2129 4.19
      vertex 43.7219 63.7661 5.69
      vertex 44.1102 65.215 4.1902
    endloop
  endfacet
  facet normal -0.600585 0.373764 -0.706823
    outer loop
      vertex 41.9574 70.3299 4.19
      vertex 40.6534 71.0712 5.69
      vertex 40.8635 71.4088 5.69
    endloop
  endfacet
  facet normal -0.687319 -0.167248 -0.706839
    outer loop
      vertex 40.1925 67.2261 5.69
      vertex 40.0985 67.6124 5.69
      vertex 41.569 67.9087 4.19
    endloop
  endfacet
  facet normal -0.708708 0.0558493 -0.703287
    outer loop
      vertex 41.5057 68.776 4.19
      vertex 41.5028 68.7392 4.19
      vertex 41.5057 68.7998 4.19189
    endloop
  endfacet
  facet normal -0.705156 0.0561195 -0.706827
    outer loop
      vertex 40.0355 69.1951 5.69
      vertex 41.5119 68.8539 4.19
      vertex 41.5057 68.7998 4.19189
    endloop
  endfacet
  facet normal -0.705122 0.0563404 -0.706844
    outer loop
      vertex 41.5119 68.8539 4.19
      vertex 40.0355 69.1951 5.69
      vertex 41.5249 69.0166 4.19
    endloop
  endfacet
  facet normal -0.705213 0.0557915 -0.706797
    outer loop
      vertex 40.0355 69.1951 5.69
      vertex 41.5057 68.7998 4.19189
      vertex 41.5028 68.7392 4.19
    endloop
  endfacet
  facet normal -0.4951 0.505266 -0.706811
    outer loop
      vertex 42.4524 71 4.19
      vertex 41.3606 72.0285 5.69
      vertex 42.6512 71.1948 4.19
    endloop
  endfacet
  facet normal -0.0980447 0.700548 -0.706838
    outer loop
      vertex 44.377 72.0441 4.19
      vertex 44.11 73.5202 5.69
      vertex 44.5037 73.5753 5.69
    endloop
  endfacet
  facet normal -0.652146 0.274026 -0.706835
    outer loop
      vertex 41.8296 70.0827 4.19
      vertex 40.3168 70.3516 5.69
      vertex 40.4708 70.7181 5.69
    endloop
  endfacet
  facet normal -0.652392 0.273277 -0.706898
    outer loop
      vertex 40.3168 70.3516 5.69
      vertex 41.7966 70.0042 4.19
      vertex 41.7761 69.9624 4.19276
    endloop
  endfacet
  facet normal -0.652134 0.274043 -0.706839
    outer loop
      vertex 40.3168 70.3516 5.69
      vertex 41.7592 69.9151 4.19
      vertex 41.7218 69.8261 4.19
    endloop
  endfacet
  facet normal -0.652113 0.274137 -0.706822
    outer loop
      vertex 41.7966 70.0042 4.19
      vertex 40.3168 70.3516 5.69
      vertex 41.8296 70.0827 4.19
    endloop
  endfacet
  facet normal -0.652069 0.274224 -0.706829
    outer loop
      vertex 41.7592 69.9151 4.19
      vertex 40.3168 70.3516 5.69
      vertex 41.7761 69.9624 4.19276
    endloop
  endfacet
  facet normal -0.312191 -0.634788 -0.706811
    outer loop
      vertex 42.6157 64.2051 5.69
      vertex 43.4099 65.4847 4.19
      vertex 43.5807 65.4007 4.19
    endloop
  endfacet
  facet normal -0.327024 -0.660104 -0.676253
    outer loop
      vertex 43.3667 65.5045 4.19138
      vertex 43.331 65.5236 4.19
      vertex 43.3528 65.5128 4.19
    endloop
  endfacet
  facet normal -0.312265 -0.634726 -0.706833
    outer loop
      vertex 43.3667 65.5045 4.19138
      vertex 42.6157 64.2051 5.69
      vertex 43.331 65.5236 4.19
    endloop
  endfacet
  facet normal -0.313254 -0.634197 -0.70687
    outer loop
      vertex 43.4099 65.4847 4.19
      vertex 42.6157 64.2051 5.69
      vertex 43.3667 65.5045 4.19138
    endloop
  endfacet
  facet normal 0.180697 -0.683905 -0.70684
    outer loop
      vertex 46.0849 63.7191 5.69
      vertex 45.7594 65.1834 4.19
      vertex 46.0285 65.2545 4.19
    endloop
  endfacet
  facet normal -0.45354 0.54286 -0.706827
    outer loop
      vertex 42.6512 71.1948 4.19
      vertex 41.6445 72.3068 5.69
      vertex 41.9496 72.5617 5.69
    endloop
  endfacet
  facet normal -0.361823 0.607841 -0.706833
    outer loop
      vertex 43.331 71.6764 4.19
      vertex 42.274 72.7915 5.69
      vertex 42.6157 72.9949 5.69
    endloop
  endfacet
  facet normal 0.38563 -0.593012 -0.706843
    outer loop
      vertex 47.8905 64.5201 5.69
      vertex 46.834 65.621 4.19
      vertex 47.0233 65.7441 4.19
    endloop
  endfacet
  facet normal 0.38575 -0.592916 -0.706857
    outer loop
      vertex 47.8905 64.5201 5.69
      vertex 46.8074 65.6028 4.19075
      vertex 46.834 65.621 4.19
    endloop
  endfacet
  facet normal 0.385145 -0.593407 -0.706775
    outer loop
      vertex 46.79 65.5924 4.19
      vertex 46.8074 65.6028 4.19075
      vertex 47.8905 64.5201 5.69
    endloop
  endfacet
  facet normal 0.371098 -0.567893 -0.7347
    outer loop
      vertex 46.8074 65.6028 4.19075
      vertex 46.79 65.5924 4.19
      vertex 46.8001 65.599 4.19
    endloop
  endfacet
  facet normal 0.234691 0.667323 -0.706824
    outer loop
      vertex 46.1312 71.9094 4.19
      vertex 46.8443 73.2474 5.69
      vertex 46.291 71.8532 4.19
    endloop
  endfacet
  facet normal 0.234478 0.667417 -0.706806
    outer loop
      vertex 46.0816 71.9287 4.19177
      vertex 46.8443 73.2474 5.69
      vertex 46.1312 71.9094 4.19
    endloop
  endfacet
  facet normal 0.236293 0.673014 -0.70087
    outer loop
      vertex 46.0285 71.9455 4.19
      vertex 46.0816 71.9287 4.19177
      vertex 46.0604 71.9343 4.19
    endloop
  endfacet
  facet normal 0.23469 0.667319 -0.706828
    outer loop
      vertex 46.0816 71.9287 4.19177
      vertex 46.0285 71.9455 4.19
      vertex 46.8443 73.2474 5.69
    endloop
  endfacet
  facet normal -0.153545 -0.690509 -0.706838
    outer loop
      vertex 44.11 63.6798 5.69
      vertex 43.7219 63.7661 5.69
      vertex 44.377 65.1559 4.19
    endloop
  endfacet
  facet normal -0.0980447 -0.700548 -0.706838
    outer loop
      vertex 44.5037 63.6247 5.69
      vertex 44.11 63.6798 5.69
      vertex 44.377 65.1559 4.19
    endloop
  endfacet
  facet normal -0.154464 0.690289 -0.706853
    outer loop
      vertex 43.7219 73.4339 5.69
      vertex 44.1205 71.9871 4.19
      vertex 44.1102 71.985 4.1902
    endloop
  endfacet
  facet normal -0.180664 0.774274 -0.606515
    outer loop
      vertex 44.1053 71.9837 4.19
      vertex 44.1102 71.985 4.1902
      vertex 44.1083 71.9844 4.19
    endloop
  endfacet
  facet normal -0.153454 0.690541 -0.706828
    outer loop
      vertex 44.1205 71.9871 4.19
      vertex 43.7219 73.4339 5.69
      vertex 44.377 72.0441 4.19
    endloop
  endfacet
  facet normal -0.154298 0.69033 -0.70685
    outer loop
      vertex 43.7219 73.4339 5.69
      vertex 44.1102 71.985 4.1902
      vertex 44.1053 71.9837 4.19
    endloop
  endfacet
  facet normal 0.0702828 -0.703896 -0.706818
    outer loop
      vertex 45.2981 63.6089 5.69
      vertex 45.2087 65.1062 4.19
      vertex 45.6937 63.6484 5.69
    endloop
  endfacet
  facet normal 0.337322 -0.621771 -0.706834
    outer loop
      vertex 47.2077 64.1138 5.69
      vertex 46.5454 65.4597 4.19
      vertex 46.79 65.5924 4.19
    endloop
  endfacet
  facet normal 0.38558 -0.593049 -0.706838
    outer loop
      vertex 47.5572 64.3034 5.69
      vertex 46.79 65.5924 4.19
      vertex 47.8905 64.5201 5.69
    endloop
  endfacet
  facet normal -0.260897 -0.6575 -0.706843
    outer loop
      vertex 43.3419 63.8829 5.69
      vertex 43.7705 65.3254 4.19
      vertex 43.8393 65.2981 4.19
    endloop
  endfacet
  facet normal -0.260932 -0.657488 -0.706841
    outer loop
      vertex 43.3419 63.8829 5.69
      vertex 43.6818 65.3606 4.19
      vertex 43.7302 65.3385 4.19269
    endloop
  endfacet
  facet normal -0.2608 -0.657529 -0.706851
    outer loop
      vertex 43.6818 65.3606 4.19
      vertex 43.3419 63.8829 5.69
      vertex 43.5807 65.4007 4.19
    endloop
  endfacet
  facet normal -0.260908 -0.657496 -0.706842
    outer loop
      vertex 43.7705 65.3254 4.19
      vertex 43.3419 63.8829 5.69
      vertex 43.7302 65.3385 4.19269
    endloop
  endfacet
  facet normal -0.261029 -0.657467 -0.706825
    outer loop
      vertex 43.3419 63.8829 5.69
      vertex 42.9724 64.0296 5.69
      vertex 43.5807 65.4007 4.19
    endloop
  endfacet
  facet normal -0.629364 -0.326337 -0.70527
    outer loop
      vertex 41.9574 66.8701 4.19
      vertex 41.9524 66.8789 4.19039
      vertex 41.9546 66.8755 4.19
    endloop
  endfacet
  facet normal -0.627825 -0.326285 -0.706664
    outer loop
      vertex 40.4708 66.4819 5.69
      vertex 41.9439 66.8961 4.19
      vertex 41.9524 66.8789 4.19039
    endloop
  endfacet
  facet normal -0.628437 -0.32473 -0.706836
    outer loop
      vertex 41.9439 66.8961 4.19
      vertex 40.4708 66.4819 5.69
      vertex 41.8296 67.1173 4.19
    endloop
  endfacet
  facet normal -0.628107 -0.325557 -0.70675
    outer loop
      vertex 40.4708 66.4819 5.69
      vertex 41.9524 66.8789 4.19039
      vertex 41.9574 66.8701 4.19
    endloop
  endfacet
  facet normal -0.600585 -0.373764 -0.706823
    outer loop
      vertex 40.8635 65.7912 5.69
      vertex 40.6534 66.1288 5.69
      vertex 41.9574 66.8701 4.19
    endloop
  endfacet
  facet normal -0.533776 0.464207 -0.70682
    outer loop
      vertex 42.2698 70.79 4.19
      vertex 41.0997 71.7285 5.69
      vertex 41.3606 72.0285 5.69
    endloop
  endfacet
  facet normal -0.56895 0.42035 -0.706826
    outer loop
      vertex 42.1044 70.5661 4.19
      vertex 40.8635 71.4088 5.69
      vertex 41.0997 71.7285 5.69
    endloop
  endfacet
  facet normal -0.361672 0.607955 -0.706812
    outer loop
      vertex 43.0918 71.5341 4.19
      vertex 42.274 72.7915 5.69
      vertex 43.331 71.6764 4.19
    endloop
  endfacet
  facet normal -0.20792 0.676121 -0.706844
    outer loop
      vertex 43.8393 71.9019 4.19
      vertex 43.3419 73.3171 5.69
      vertex 44.1053 71.9837 4.19
    endloop
  endfacet
  facet normal -0.260908 0.657496 -0.706842
    outer loop
      vertex 43.3419 73.3171 5.69
      vertex 43.7705 71.8746 4.19
      vertex 43.7302 71.8615 4.19269
    endloop
  endfacet
  facet normal -0.2608 0.657529 -0.706851
    outer loop
      vertex 43.3419 73.3171 5.69
      vertex 43.6818 71.8394 4.19
      vertex 43.5807 71.7993 4.19
    endloop
  endfacet
  facet normal -0.260897 0.6575 -0.706843
    outer loop
      vertex 43.7705 71.8746 4.19
      vertex 43.3419 73.3171 5.69
      vertex 43.8393 71.9019 4.19
    endloop
  endfacet
  facet normal -0.260932 0.657488 -0.706841
    outer loop
      vertex 43.6818 71.8394 4.19
      vertex 43.3419 73.3171 5.69
      vertex 43.7302 71.8615 4.19269
    endloop
  endfacet
  facet normal 0.985394 -0.170291 0
    outer loop
      vertex 28.0301 32.7495 4.19
      vertex 28.039 32.801 2.5
      vertex 28.039 32.801 4.19272
    endloop
  endfacet
  facet normal 0.985357 -0.170504 -6.68691e-06
    outer loop
      vertex 27.9785 32.4513 4.19
      vertex 28.039 32.801 2.5
      vertex 28.0301 32.7495 4.19
    endloop
  endfacet
  facet normal 0.98503 -0.17238 0
    outer loop
      vertex 27.9708 32.4073 2.5
      vertex 27.9785 32.4513 4.19
      vertex 27.9708 32.4073 4.19123
    endloop
  endfacet
  facet normal 0.985325 -0.170686 -4.5449e-05
    outer loop
      vertex 27.9785 32.4513 4.19
      vertex 27.9708 32.4073 2.5
      vertex 28.039 32.801 2.5
    endloop
  endfacet
  facet normal 0.998371 -0.0570578 0
    outer loop
      vertex 28.0415 32.8448 4.19
      vertex 28.0618 33.2 2.5
      vertex 28.0618 33.2 4.19
    endloop
  endfacet
  facet normal 0.998375 -0.0569849 0
    outer loop
      vertex 28.039 32.801 2.5
      vertex 28.0415 32.8448 4.19
      vertex 28.039 32.801 4.19272
    endloop
  endfacet
  facet normal 0.998371 -0.0570498 1.68786e-06
    outer loop
      vertex 28.0415 32.8448 4.19
      vertex 28.039 32.801 2.5
      vertex 28.0618 33.2 2.5
    endloop
  endfacet
  facet normal 0.870699 -0.491817 0
    outer loop
      vertex 27.6892 31.6318 4.19
      vertex 27.7027 31.6557 2.5
      vertex 27.7027 31.6557 4.1921
    endloop
  endfacet
  facet normal 0.870679 -0.491851 -6.38532e-07
    outer loop
      vertex 27.516 31.3252 4.19
      vertex 27.7027 31.6557 2.5
      vertex 27.6892 31.6318 4.19
    endloop
  endfacet
  facet normal 0.871308 -0.490737 0
    outer loop
      vertex 27.5062 31.3078 2.5
      vertex 27.516 31.3252 4.19
      vertex 27.5062 31.3078 4.19165
    endloop
  endfacet
  facet normal 0.870712 -0.491793 1.43354e-05
    outer loop
      vertex 27.516 31.3252 4.19
      vertex 27.5062 31.3078 2.5
      vertex 27.7027 31.6557 2.5
    endloop
  endfacet
  facet normal -0.993417 0.114556 0
    outer loop
      vertex 21.1131 33.7968 2.5
      vertex 21.1067 33.7413 4.19
      vertex 21.1131 33.7968 4.1925
    endloop
  endfacet
  facet normal -0.993472 0.114073 -1.6077e-05
    outer loop
      vertex 21.1131 33.7968 2.5
      vertex 21.0737 33.4539 4.19
      vertex 21.1067 33.7413 4.19
    endloop
  endfacet
  facet normal -0.993468 0.114111 -8.23287e-06
    outer loop
      vertex 21.0675 33.3998 2.5
      vertex 21.0737 33.4539 4.19
      vertex 21.1131 33.7968 2.5
    endloop
  endfacet
  facet normal -0.993497 0.113857 0
    outer loop
      vertex 21.0737 33.4539 4.19
      vertex 21.0675 33.3998 2.5
      vertex 21.0675 33.3998 4.19189
    endloop
  endfacet
  facet normal 0.654755 0.755841 1.72534e-05
    outer loop
      vertex 26.9812 35.7272 4.19
      vertex 27.0011 35.71 2.5
      vertex 26.7352 35.9403 4.19
    endloop
  endfacet
  facet normal 0.653917 0.756566 -0
    outer loop
      vertex 27.0011 35.71 2.5
      vertex 26.9812 35.7272 4.19
      vertex 27.0011 35.71 4.19057
    endloop
  endfacet
  facet normal 0.654883 0.75573 5.24619e-05
    outer loop
      vertex 26.6991 35.9717 2.5
      vertex 26.7352 35.9403 4.19
      vertex 27.0011 35.71 2.5
    endloop
  endfacet
  facet normal 0.656282 0.754516 0
    outer loop
      vertex 26.7352 35.9403 4.19
      vertex 26.6991 35.9717 2.5
      vertex 26.6991 35.9717 4.19277
    endloop
  endfacet
  facet normal 0.736943 -0.675955 0
    outer loop
      vertex 27.2447 30.9555 4.19
      vertex 27.2713 30.9845 2.5
      vertex 27.2713 30.9845 4.19261
    endloop
  endfacet
  facet normal 0.736814 -0.676095 9.12409e-06
    outer loop
      vertex 27.0011 30.69 2.5
      vertex 27.2447 30.9555 4.19
      vertex 27.0053 30.6946 4.19
    endloop
  endfacet
  facet normal 0.738485 -0.674269 0
    outer loop
      vertex 27.0011 30.69 2.5
      vertex 27.0053 30.6946 4.19
      vertex 27.0011 30.69 4.19057
    endloop
  endfacet
  facet normal 0.736853 -0.676053 -3.10905e-06
    outer loop
      vertex 27.2447 30.9555 4.19
      vertex 27.0011 30.69 2.5
      vertex 27.2713 30.9845 2.5
    endloop
  endfacet
  facet normal -0.309086 -0.951034 -1.40686e-06
    outer loop
      vertex 23.672 29.815 2.5
      vertex 23.3323 29.9254 4.19
      vertex 23.292 29.9385 2.5
    endloop
  endfacet
  facet normal -0.309139 -0.951017 0
    outer loop
      vertex 23.292 29.9385 2.5
      vertex 23.3323 29.9254 4.19
      vertex 23.292 29.9385 4.19269
    endloop
  endfacet
  facet normal -0.309124 -0.951022 -9.89533e-06
    outer loop
      vertex 23.3323 29.9254 4.19
      vertex 23.672 29.815 2.5
      vertex 23.6701 29.8156 4.19
    endloop
  endfacet
  facet normal -0.301131 -0.953583 0
    outer loop
      vertex 23.6701 29.8156 4.19
      vertex 23.672 29.815 2.5
      vertex 23.672 29.815 4.1902
    endloop
  endfacet
  facet normal -0.896502 0.443039 0
    outer loop
      vertex 21.5142 34.9211 2.5
      vertex 21.5057 34.9039 4.19
      vertex 21.5142 34.9211 4.19039
    endloop
  endfacet
  facet normal -0.897461 0.441094 -2.46119e-05
    outer loop
      vertex 21.5142 34.9211 2.5
      vertex 21.3584 34.6042 4.19
      vertex 21.5057 34.9039 4.19
    endloop
  endfacet
  facet normal -0.897459 0.441098 -2.36725e-05
    outer loop
      vertex 21.3379 34.5624 2.5
      vertex 21.3584 34.6042 4.19
      vertex 21.5142 34.9211 2.5
    endloop
  endfacet
  facet normal -0.897837 0.440327 0
    outer loop
      vertex 21.3584 34.6042 4.19
      vertex 21.3379 34.5624 2.5
      vertex 21.3379 34.5624 4.19276
    endloop
  endfacet
  facet normal -0.897837 -0.440327 0
    outer loop
      vertex 21.3379 31.8376 2.5
      vertex 21.3584 31.7958 4.19
      vertex 21.3379 31.8376 4.19276
    endloop
  endfacet
  facet normal -0.897459 -0.441098 -2.36725e-05
    outer loop
      vertex 21.5142 31.4789 2.5
      vertex 21.3584 31.7958 4.19
      vertex 21.3379 31.8376 2.5
    endloop
  endfacet
  facet normal -0.897461 -0.441094 -2.46119e-05
    outer loop
      vertex 21.3584 31.7958 4.19
      vertex 21.5142 31.4789 2.5
      vertex 21.5057 31.4961 4.19
    endloop
  endfacet
  facet normal -0.896502 -0.443039 0
    outer loop
      vertex 21.5057 31.4961 4.19
      vertex 21.5142 31.4789 2.5
      vertex 21.5142 31.4789 4.19039
    endloop
  endfacet
  facet normal 0.466726 -0.884402 1.39047e-05
    outer loop
      vertex 26.3692 30.2028 2.5
      vertex 26.0491 30.0339 4.19
      vertex 26.0158 30.0163 2.5
    endloop
  endfacet
  facet normal 0.467278 -0.884111 0
    outer loop
      vertex 26.0158 30.0163 2.5
      vertex 26.0491 30.0339 4.19
      vertex 26.0158 30.0163 4.19256
    endloop
  endfacet
  facet normal 0.466783 -0.884372 2.77541e-05
    outer loop
      vertex 26.0491 30.0339 4.19
      vertex 26.3692 30.2028 2.5
      vertex 26.3619 30.199 4.19
    endloop
  endfacet
  facet normal 0.461735 -0.887018 0
    outer loop
      vertex 26.3619 30.199 4.19
      vertex 26.3692 30.2028 2.5
      vertex 26.3692 30.2028 4.19075
    endloop
  endfacet
  facet normal 0.871308 0.490737 0
    outer loop
      vertex 27.516 35.0748 4.19
      vertex 27.5062 35.0922 2.5
      vertex 27.5062 35.0922 4.19165
    endloop
  endfacet
  facet normal 0.870679 0.491851 1.51231e-05
    outer loop
      vertex 27.6892 34.7682 4.19
      vertex 27.5062 35.0922 2.5
      vertex 27.516 35.0748 4.19
    endloop
  endfacet
  facet normal 0.870699 0.491817 -0
    outer loop
      vertex 27.7027 34.7443 2.5
      vertex 27.6892 34.7682 4.19
      vertex 27.7027 34.7443 4.1921
    endloop
  endfacet
  facet normal 0.870712 0.491793 4.44278e-07
    outer loop
      vertex 27.6892 34.7682 4.19
      vertex 27.7027 34.7443 2.5
      vertex 27.5062 35.0922 2.5
    endloop
  endfacet
  facet normal 0.466783 0.884372 2.77541e-05
    outer loop
      vertex 26.3619 36.201 4.19
      vertex 26.3692 36.1972 2.5
      vertex 26.0491 36.3661 4.19
    endloop
  endfacet
  facet normal 0.461735 0.887018 -0
    outer loop
      vertex 26.3692 36.1972 2.5
      vertex 26.3619 36.201 4.19
      vertex 26.3692 36.1972 4.19075
    endloop
  endfacet
  facet normal 0.466726 0.884402 1.39047e-05
    outer loop
      vertex 26.0158 36.3837 2.5
      vertex 26.0491 36.3661 4.19
      vertex 26.3692 36.1972 2.5
    endloop
  endfacet
  facet normal 0.467278 0.884111 0
    outer loop
      vertex 26.0491 36.3661 4.19
      vertex 26.0158 36.3837 2.5
      vertex 26.0158 36.3837 4.19256
    endloop
  endfacet
  facet normal -0.773793 -0.633439 0
    outer loop
      vertex 21.7302 31.1428 2.5
      vertex 21.7645 31.1009 4.19
      vertex 21.7302 31.1428 4.19266
    endloop
  endfacet
  facet normal -0.774259 -0.632869 2.35776e-05
    outer loop
      vertex 21.7302 31.1428 2.5
      vertex 21.9516 30.872 4.19
      vertex 21.7645 31.1009 4.19
    endloop
  endfacet
  facet normal -0.774136 -0.63302 -1.66409e-05
    outer loop
      vertex 21.9832 30.8334 2.5
      vertex 21.9516 30.872 4.19
      vertex 21.7302 31.1428 2.5
    endloop
  endfacet
  facet normal -0.773779 -0.633456 0
    outer loop
      vertex 21.9516 30.872 4.19
      vertex 21.9832 30.8334 2.5
      vertex 21.9832 30.8334 4.19152
    endloop
  endfacet
  facet normal 0.98503 0.17238 0
    outer loop
      vertex 27.9785 33.9487 4.19
      vertex 27.9708 33.9927 2.5
      vertex 27.9708 33.9927 4.19123
    endloop
  endfacet
  facet normal 0.985357 0.170504 -5.03278e-05
    outer loop
      vertex 28.0301 33.6505 4.19
      vertex 27.9708 33.9927 2.5
      vertex 27.9785 33.9487 4.19
    endloop
  endfacet
  facet normal 0.985394 0.170291 -0
    outer loop
      vertex 28.039 33.599 2.5
      vertex 28.0301 33.6505 4.19
      vertex 28.039 33.599 4.19272
    endloop
  endfacet
  facet normal 0.985325 0.170686 -1.23952e-05
    outer loop
      vertex 28.0301 33.6505 4.19
      vertex 28.039 33.599 2.5
      vertex 27.9708 33.9927 2.5
    endloop
  endfacet
  facet normal -0.0853365 0.996352 4.20149e-05
    outer loop
      vertex 24.4207 36.695 4.19
      vertex 24.4619 36.6986 2.5
      vertex 24.1148 36.6688 4.19
    endloop
  endfacet
  facet normal -0.087047 0.996204 0
    outer loop
      vertex 24.4619 36.6986 2.5
      vertex 24.4207 36.695 4.19
      vertex 24.4619 36.6986 4.19108
    endloop
  endfacet
  facet normal -0.0855715 0.996332 -6.60315e-06
    outer loop
      vertex 24.0637 36.6644 2.5
      vertex 24.1148 36.6688 4.19
      vertex 24.4619 36.6986 2.5
    endloop
  endfacet
  facet normal -0.0857882 0.996313 0
    outer loop
      vertex 24.1148 36.6688 4.19
      vertex 24.0637 36.6644 2.5
      vertex 24.0637 36.6644 4.19275
    endloop
  endfacet
  facet normal -0.610485 0.792028 2.14637e-05
    outer loop
      vertex 22.5416 36.0547 4.19
      vertex 22.5863 36.0892 2.5
      vertex 22.3143 35.8795 4.19
    endloop
  endfacet
  facet normal -0.610994 0.791635 0
    outer loop
      vertex 22.5863 36.0892 2.5
      vertex 22.5416 36.0547 4.19
      vertex 22.5863 36.0892 4.19229
    endloop
  endfacet
  facet normal -0.610714 0.791851 -3.72324e-05
    outer loop
      vertex 22.2698 35.8451 2.5
      vertex 22.3143 35.8795 4.19
      vertex 22.5863 36.0892 2.5
    endloop
  endfacet
  facet normal -0.611599 0.791168 0
    outer loop
      vertex 22.3143 35.8795 4.19
      vertex 22.2698 35.8451 2.5
      vertex 22.2698 35.8451 4.1922
    endloop
  endfacet
  facet normal 0.0286164 -0.99959 3.00096e-05
    outer loop
      vertex 24.4741 29.7018 4.19
      vertex 24.4619 29.7014 2.5
      vertex 24.8269 29.7119 4.19
    endloop
  endfacet
  facet normal 0.0327693 -0.999463 0
    outer loop
      vertex 24.4619 29.7014 2.5
      vertex 24.4741 29.7018 4.19
      vertex 24.4619 29.7014 4.19108
    endloop
  endfacet
  facet normal 0.0285312 -0.999593 4.84257e-05
    outer loop
      vertex 24.8613 29.7128 2.5
      vertex 24.8269 29.7119 4.19
      vertex 24.4619 29.7014 2.5
    endloop
  endfacet
  facet normal 0.0261538 -0.999658 0
    outer loop
      vertex 24.8269 29.7119 4.19
      vertex 24.8613 29.7128 2.5
      vertex 24.8613 29.7128 4.19244
    endloop
  endfacet
  facet normal 0.738485 0.674269 0
    outer loop
      vertex 27.0053 35.7054 4.19
      vertex 27.0011 35.71 2.5
      vertex 27.0011 35.71 4.19057
    endloop
  endfacet
  facet normal 0.736814 0.676095 9.12409e-06
    outer loop
      vertex 27.2447 35.4445 4.19
      vertex 27.0011 35.71 2.5
      vertex 27.0053 35.7054 4.19
    endloop
  endfacet
  facet normal 0.736943 0.675955 -0
    outer loop
      vertex 27.2713 35.4155 2.5
      vertex 27.2447 35.4445 4.19
      vertex 27.2713 35.4155 4.19261
    endloop
  endfacet
  facet normal 0.736853 0.676053 -3.10905e-06
    outer loop
      vertex 27.2447 35.4445 4.19
      vertex 27.2713 35.4155 2.5
      vertex 27.0011 35.71 2.5
    endloop
  endfacet
  facet normal 0.959366 -0.282166 0
    outer loop
      vertex 27.9668 32.3937 4.19
      vertex 27.9708 32.4073 2.5
      vertex 27.9708 32.4073 4.19123
    endloop
  endfacet
  facet normal 0.959564 -0.281491 5.90434e-06
    outer loop
      vertex 27.8675 32.0552 4.19
      vertex 27.9708 32.4073 2.5
      vertex 27.9668 32.3937 4.19
    endloop
  endfacet
  facet normal 0.959657 -0.281173 0
    outer loop
      vertex 27.8583 32.0238 2.5
      vertex 27.8675 32.0552 4.19
      vertex 27.8583 32.0238 4.19236
    endloop
  endfacet
  facet normal 0.959564 -0.281489 6.36635e-06
    outer loop
      vertex 27.8675 32.0552 4.19
      vertex 27.8583 32.0238 2.5
      vertex 27.9708 32.4073 2.5
    endloop
  endfacet
  facet normal 0.920698 -0.390276 0
    outer loop
      vertex 27.8363 31.9719 4.19
      vertex 27.8583 32.0238 2.5
      vertex 27.8583 32.0238 4.19236
    endloop
  endfacet
  facet normal 0.921078 -0.389379 3.25116e-05
    outer loop
      vertex 27.7244 31.7072 4.19
      vertex 27.8583 32.0238 2.5
      vertex 27.8363 31.9719 4.19
    endloop
  endfacet
  facet normal 0.921534 -0.388297 0
    outer loop
      vertex 27.7027 31.6557 2.5
      vertex 27.7244 31.7072 4.19
      vertex 27.7027 31.6557 4.1921
    endloop
  endfacet
  facet normal 0.921088 -0.389354 3.79487e-05
    outer loop
      vertex 27.7244 31.7072 4.19
      vertex 27.7027 31.6557 2.5
      vertex 27.8583 32.0238 2.5
    endloop
  endfacet
  facet normal -0.941697 0.336463 0
    outer loop
      vertex 21.3379 34.5624 2.5
      vertex 21.321 34.5151 4.19
      vertex 21.3379 34.5624 4.19276
    endloop
  endfacet
  facet normal -0.941843 0.336052 -1.29469e-05
    outer loop
      vertex 21.3379 34.5624 2.5
      vertex 21.2161 34.2211 4.19
      vertex 21.321 34.5151 4.19
    endloop
  endfacet
  facet normal -0.941816 0.33613 4.81314e-06
    outer loop
      vertex 21.2036 34.1861 2.5
      vertex 21.2161 34.2211 4.19
      vertex 21.3379 34.5624 2.5
    endloop
  endfacet
  facet normal -0.941742 0.336336 0
    outer loop
      vertex 21.2161 34.2211 4.19
      vertex 21.2036 34.1861 2.5
      vertex 21.2036 34.1861 4.19092
    endloop
  endfacet
  facet normal 0.564233 -0.825615 1.04101e-05
    outer loop
      vertex 26.3958 30.221 4.19
      vertex 26.3692 30.2028 2.5
      vertex 26.6586 30.4006 4.19
    endloop
  endfacet
  facet normal 0.564684 -0.825307 0
    outer loop
      vertex 26.3692 30.2028 2.5
      vertex 26.3958 30.221 4.19
      vertex 26.3692 30.2028 4.19075
    endloop
  endfacet
  facet normal 0.564307 -0.825565 -8.11452e-06
    outer loop
      vertex 26.6991 30.4283 2.5
      vertex 26.6586 30.4006 4.19
      vertex 26.3692 30.2028 2.5
    endloop
  endfacet
  facet normal 0.564538 -0.825407 0
    outer loop
      vertex 26.6586 30.4006 4.19
      vertex 26.6991 30.4283 2.5
      vertex 26.6991 30.4283 4.19277
    endloop
  endfacet
  facet normal -0.309124 0.951022 -9.89533e-06
    outer loop
      vertex 23.6701 36.5844 4.19
      vertex 23.672 36.585 2.5
      vertex 23.3323 36.4746 4.19
    endloop
  endfacet
  facet normal -0.301131 0.953583 0
    outer loop
      vertex 23.672 36.585 2.5
      vertex 23.6701 36.5844 4.19
      vertex 23.672 36.585 4.1902
    endloop
  endfacet
  facet normal -0.309086 0.951034 -1.40686e-06
    outer loop
      vertex 23.292 36.4615 2.5
      vertex 23.3323 36.4746 4.19
      vertex 23.672 36.585 2.5
    endloop
  endfacet
  facet normal -0.309139 0.951017 0
    outer loop
      vertex 23.3323 36.4746 4.19
      vertex 23.292 36.4615 2.5
      vertex 23.292 36.4615 4.19269
    endloop
  endfacet
  facet normal -0.697103 -0.716971 1.68622e-05
    outer loop
      vertex 21.9962 30.8208 4.19
      vertex 21.9832 30.8334 2.5
      vertex 22.2488 30.5752 4.19
    endloop
  endfacet
  facet normal -0.695973 -0.718068 0
    outer loop
      vertex 21.9832 30.8334 2.5
      vertex 21.9962 30.8208 4.19
      vertex 21.9832 30.8334 4.19152
    endloop
  endfacet
  facet normal -0.6969 -0.717169 -4.51901e-05
    outer loop
      vertex 22.2698 30.5549 2.5
      vertex 22.2488 30.5752 4.19
      vertex 21.9832 30.8334 2.5
    endloop
  endfacet
  facet normal -0.695022 -0.718988 0
    outer loop
      vertex 22.2488 30.5752 4.19
      vertex 22.2698 30.5549 2.5
      vertex 22.2698 30.5549 4.1922
    endloop
  endfacet
  facet normal 0.654755 -0.755841 5.72508e-05
    outer loop
      vertex 26.7352 30.4597 4.19
      vertex 26.6991 30.4283 2.5
      vertex 26.9812 30.6728 4.19
    endloop
  endfacet
  facet normal 0.656282 -0.754516 0
    outer loop
      vertex 26.6991 30.4283 2.5
      vertex 26.7352 30.4597 4.19
      vertex 26.6991 30.4283 4.19277
    endloop
  endfacet
  facet normal 0.654883 -0.75573 1.98861e-05
    outer loop
      vertex 27.0011 30.69 2.5
      vertex 26.9812 30.6728 4.19
      vertex 26.6991 30.4283 2.5
    endloop
  endfacet
  facet normal 0.653917 -0.756566 0
    outer loop
      vertex 26.9812 30.6728 4.19
      vertex 27.0011 30.69 2.5
      vertex 27.0011 30.69 4.19057
    endloop
  endfacet
  facet normal 0.998375 0.0569849 0
    outer loop
      vertex 28.0415 33.5552 4.19
      vertex 28.039 33.599 2.5
      vertex 28.039 33.599 4.19272
    endloop
  endfacet
  facet normal 0.998371 0.0570578 -0
    outer loop
      vertex 28.0618 33.2 2.5
      vertex 28.0415 33.5552 4.19
      vertex 28.0618 33.2 4.19
    endloop
  endfacet
  facet normal 0.998371 0.0570498 1.68786e-06
    outer loop
      vertex 28.0415 33.5552 4.19
      vertex 28.0618 33.2 2.5
      vertex 28.039 33.599 2.5
    endloop
  endfacet
  facet normal 0.362844 0.93185 -4.39161e-06
    outer loop
      vertex 25.9642 36.4038 4.19
      vertex 26.0158 36.3837 2.5
      vertex 25.693 36.5094 4.19
    endloop
  endfacet
  facet normal 0.362969 0.931801 -0
    outer loop
      vertex 26.0158 36.3837 2.5
      vertex 25.9642 36.4038 4.19
      vertex 26.0158 36.3837 4.19256
    endloop
  endfacet
  facet normal 0.362833 0.931854 -6.92943e-06
    outer loop
      vertex 25.6434 36.5287 2.5
      vertex 25.693 36.5094 4.19
      vertex 26.0158 36.3837 2.5
    endloop
  endfacet
  facet normal 0.362628 0.931934 0
    outer loop
      vertex 25.693 36.5094 4.19
      vertex 25.6434 36.5287 2.5
      vertex 25.6434 36.5287 4.19177
    endloop
  endfacet
  facet normal -0.773779 0.633456 0
    outer loop
      vertex 21.9832 35.5666 2.5
      vertex 21.9516 35.528 4.19
      vertex 21.9832 35.5666 4.19152
    endloop
  endfacet
  facet normal -0.774259 0.632869 -2.23767e-05
    outer loop
      vertex 21.9832 35.5666 2.5
      vertex 21.7645 35.2991 4.19
      vertex 21.9516 35.528 4.19
    endloop
  endfacet
  facet normal -0.774136 0.63302 1.73515e-05
    outer loop
      vertex 21.7302 35.2572 2.5
      vertex 21.7645 35.2991 4.19
      vertex 21.9832 35.5666 2.5
    endloop
  endfacet
  facet normal -0.773793 0.633439 0
    outer loop
      vertex 21.7645 35.2991 4.19
      vertex 21.7302 35.2572 2.5
      vertex 21.7302 35.2572 4.19266
    endloop
  endfacet
  facet normal -0.198576 -0.980086 -7.60398e-06
    outer loop
      vertex 23.6823 29.8129 4.19
      vertex 23.672 29.815 2.5
      vertex 24.0194 29.7446 4.19
    endloop
  endfacet
  facet normal -0.199774 -0.979842 0
    outer loop
      vertex 23.672 29.815 2.5
      vertex 23.6823 29.8129 4.19
      vertex 23.672 29.815 4.1902
    endloop
  endfacet
  facet normal -0.198666 -0.980067 1.16665e-05
    outer loop
      vertex 24.0637 29.7356 2.5
      vertex 24.0194 29.7446 4.19
      vertex 23.672 29.815 2.5
    endloop
  endfacet
  facet normal -0.199093 -0.979981 0
    outer loop
      vertex 24.0194 29.7446 4.19
      vertex 24.0637 29.7356 2.5
      vertex 24.0637 29.7356 4.19275
    endloop
  endfacet
  facet normal -0.993497 -0.113857 0
    outer loop
      vertex 21.0675 33.0002 2.5
      vertex 21.0737 32.9461 4.19
      vertex 21.0675 33.0002 4.19189
    endloop
  endfacet
  facet normal -0.993472 -0.114073 -6.99533e-06
    outer loop
      vertex 21.0675 33.0002 2.5
      vertex 21.1067 32.6587 4.19
      vertex 21.0737 32.9461 4.19
    endloop
  endfacet
  facet normal -0.993468 -0.114111 -1.48073e-05
    outer loop
      vertex 21.1131 32.6032 2.5
      vertex 21.1067 32.6587 4.19
      vertex 21.0675 33.0002 2.5
    endloop
  endfacet
  facet normal -0.993417 -0.114556 0
    outer loop
      vertex 21.1067 32.6587 4.19
      vertex 21.1131 32.6032 2.5
      vertex 21.1131 32.6032 4.1925
    endloop
  endfacet
  facet normal 0.142247 -0.989831 5.74818e-06
    outer loop
      vertex 24.9169 29.7208 4.19
      vertex 24.8613 29.7128 2.5
      vertex 25.2022 29.7618 4.19
    endloop
  endfacet
  facet normal 0.142418 -0.989807 0
    outer loop
      vertex 24.8613 29.7128 2.5
      vertex 24.9169 29.7208 4.19
      vertex 24.8613 29.7128 4.19244
    endloop
  endfacet
  facet normal 0.142367 -0.989814 -1.89653e-05
    outer loop
      vertex 25.2569 29.7697 2.5
      vertex 25.2022 29.7618 4.19
      vertex 24.8613 29.7128 2.5
    endloop
  endfacet
  facet normal 0.142941 -0.989731 0
    outer loop
      vertex 25.2022 29.7618 4.19
      vertex 25.2569 29.7697 2.5
      vertex 25.2569 29.7697 4.192
    endloop
  endfacet
  facet normal 0.564233 0.825615 -1.07075e-05
    outer loop
      vertex 26.6586 35.9994 4.19
      vertex 26.6991 35.9717 2.5
      vertex 26.3958 36.179 4.19
    endloop
  endfacet
  facet normal 0.564538 0.825407 -0
    outer loop
      vertex 26.6991 35.9717 2.5
      vertex 26.6586 35.9994 4.19
      vertex 26.6991 35.9717 4.19277
    endloop
  endfacet
  facet normal 0.564307 0.825565 8.70682e-06
    outer loop
      vertex 26.3692 36.1972 2.5
      vertex 26.3958 36.179 4.19
      vertex 26.6991 35.9717 2.5
    endloop
  endfacet
  facet normal 0.564684 0.825307 0
    outer loop
      vertex 26.3958 36.179 4.19
      vertex 26.3692 36.1972 2.5
      vertex 26.3692 36.1972 4.19075
    endloop
  endfacet
  facet normal -0.841736 0.539889 0
    outer loop
      vertex 21.7302 35.2572 2.5
      vertex 21.7082 35.2229 4.19
      vertex 21.7302 35.2572 4.19266
    endloop
  endfacet
  facet normal -0.841252 0.540644 2.16234e-05
    outer loop
      vertex 21.5142 34.9211 2.5
      vertex 21.7082 35.2229 4.19
      vertex 21.7302 35.2572 2.5
    endloop
  endfacet
  facet normal -0.841215 0.540701 7.27291e-06
    outer loop
      vertex 21.7082 35.2229 4.19
      vertex 21.5142 34.9211 2.5
      vertex 21.5164 34.9245 4.19
    endloop
  endfacet
  facet normal -0.83957 0.543251 0
    outer loop
      vertex 21.5164 34.9245 4.19
      vertex 21.5142 34.9211 2.5
      vertex 21.5142 34.9211 4.19039
    endloop
  endfacet
  facet normal 0.142247 0.989831 -2.29311e-05
    outer loop
      vertex 25.2022 36.6382 4.19
      vertex 25.2569 36.6303 2.5
      vertex 24.9169 36.6792 4.19
    endloop
  endfacet
  facet normal 0.142941 0.989731 -0
    outer loop
      vertex 25.2569 36.6303 2.5
      vertex 25.2022 36.6382 4.19
      vertex 25.2569 36.6303 4.192
    endloop
  endfacet
  facet normal 0.142367 0.989814 1.71739e-06
    outer loop
      vertex 24.8613 36.6872 2.5
      vertex 24.9169 36.6792 4.19
      vertex 25.2569 36.6303 2.5
    endloop
  endfacet
  facet normal 0.142418 0.989807 0
    outer loop
      vertex 24.9169 36.6792 4.19
      vertex 24.8613 36.6872 2.5
      vertex 24.8613 36.6872 4.19244
    endloop
  endfacet
  facet normal 0.921534 0.388297 0
    outer loop
      vertex 27.7244 34.6928 4.19
      vertex 27.7027 34.7443 2.5
      vertex 27.7027 34.7443 4.1921
    endloop
  endfacet
  facet normal 0.921078 0.389379 3.88327e-05
    outer loop
      vertex 27.8363 34.4281 4.19
      vertex 27.7027 34.7443 2.5
      vertex 27.7244 34.6928 4.19
    endloop
  endfacet
  facet normal 0.920698 0.390276 -0
    outer loop
      vertex 27.8583 34.3762 2.5
      vertex 27.8363 34.4281 4.19
      vertex 27.8583 34.3762 4.19236
    endloop
  endfacet
  facet normal 0.921088 0.389354 3.34032e-05
    outer loop
      vertex 27.8363 34.4281 4.19
      vertex 27.8583 34.3762 2.5
      vertex 27.7027 34.7443 2.5
    endloop
  endfacet
  facet normal -0.974555 0.224148 0
    outer loop
      vertex 21.2036 34.1861 2.5
      vertex 21.2013 34.1761 4.19
      vertex 21.2036 34.1861 4.19092
    endloop
  endfacet
  facet normal -0.97396 0.22672 1.60281e-05
    outer loop
      vertex 21.2036 34.1861 2.5
      vertex 21.1212 33.832 4.19
      vertex 21.2013 34.1761 4.19
    endloop
  endfacet
  facet normal -0.974027 0.226431 -4.77748e-05
    outer loop
      vertex 21.1131 33.7968 2.5
      vertex 21.1212 33.832 4.19
      vertex 21.2036 34.1861 2.5
    endloop
  endfacet
  facet normal -0.974531 0.224253 0
    outer loop
      vertex 21.1212 33.832 4.19
      vertex 21.1131 33.7968 2.5
      vertex 21.1131 33.7968 4.1925
    endloop
  endfacet
  facet normal 0.0285312 0.999593 4.84257e-05
    outer loop
      vertex 24.4619 36.6986 2.5
      vertex 24.8269 36.6881 4.19
      vertex 24.8613 36.6872 2.5
    endloop
  endfacet
  facet normal 0.0261538 0.999658 -0
    outer loop
      vertex 24.8613 36.6872 2.5
      vertex 24.8269 36.6881 4.19
      vertex 24.8613 36.6872 4.19244
    endloop
  endfacet
  facet normal 0.0286164 0.99959 3.00096e-05
    outer loop
      vertex 24.8269 36.6881 4.19
      vertex 24.4619 36.6986 2.5
      vertex 24.4741 36.6982 4.19
    endloop
  endfacet
  facet normal 0.0327693 0.999463 0
    outer loop
      vertex 24.4741 36.6982 4.19
      vertex 24.4619 36.6986 2.5
      vertex 24.4619 36.6986 4.19108
    endloop
  endfacet
  facet normal -0.415214 -0.909724 -4.45447e-05
    outer loop
      vertex 22.9717 30.0847 4.19
      vertex 22.9285 30.1045 2.5
      vertex 23.2436 29.9606 4.19
    endloop
  endfacet
  facet normal -0.416655 -0.909065 0
    outer loop
      vertex 22.9285 30.1045 2.5
      vertex 22.9717 30.0847 4.19
      vertex 22.9285 30.1045 4.19138
    endloop
  endfacet
  facet normal -0.415405 -0.909637 -1.55477e-06
    outer loop
      vertex 23.292 29.9385 2.5
      vertex 23.2436 29.9606 4.19
      vertex 22.9285 30.1045 2.5
    endloop
  endfacet
  facet normal -0.41536 -0.909657 0
    outer loop
      vertex 23.2436 29.9606 4.19
      vertex 23.292 29.9385 2.5
      vertex 23.292 29.9385 4.19269
    endloop
  endfacet
  facet normal 0.959657 0.281173 0
    outer loop
      vertex 27.8675 34.3448 4.19
      vertex 27.8583 34.3762 2.5
      vertex 27.8583 34.3762 4.19236
    endloop
  endfacet
  facet normal 0.959564 0.281491 5.90434e-06
    outer loop
      vertex 27.9708 33.9927 2.5
      vertex 27.8675 34.3448 4.19
      vertex 27.9668 34.0063 4.19
    endloop
  endfacet
  facet normal 0.959366 0.282166 -0
    outer loop
      vertex 27.9708 33.9927 2.5
      vertex 27.9668 34.0063 4.19
      vertex 27.9708 33.9927 4.19123
    endloop
  endfacet
  facet normal 0.959564 0.281489 6.36635e-06
    outer loop
      vertex 27.8675 34.3448 4.19
      vertex 27.9708 33.9927 2.5
      vertex 27.8583 34.3762 2.5
    endloop
  endfacet
  facet normal -0.610485 -0.792028 -4.68449e-05
    outer loop
      vertex 22.3143 30.5205 4.19
      vertex 22.2698 30.5549 2.5
      vertex 22.5416 30.3453 4.19
    endloop
  endfacet
  facet normal -0.611599 -0.791168 0
    outer loop
      vertex 22.2698 30.5549 2.5
      vertex 22.3143 30.5205 4.19
      vertex 22.2698 30.5549 4.1922
    endloop
  endfacet
  facet normal -0.610714 -0.791851 1.18137e-05
    outer loop
      vertex 22.5863 30.3108 2.5
      vertex 22.5416 30.3453 4.19
      vertex 22.2698 30.5549 2.5
    endloop
  endfacet
  facet normal -0.610994 -0.791635 0
    outer loop
      vertex 22.5416 30.3453 4.19
      vertex 22.5863 30.3108 2.5
      vertex 22.5863 30.3108 4.19229
    endloop
  endfacet
  facet normal -1 0 0
    outer loop
      vertex 21.0675 33.3998 2.5
      vertex 21.0675 33.376 4.19
      vertex 21.0675 33.3998 4.19189
    endloop
  endfacet
  facet normal -1 0 0
    outer loop
      vertex 21.0675 33.3998 2.5
      vertex 21.0675 33.024 4.19
      vertex 21.0675 33.376 4.19
    endloop
  endfacet
  facet normal -1 0 0
    outer loop
      vertex 21.0675 33.0002 2.5
      vertex 21.0675 33.024 4.19
      vertex 21.0675 33.3998 2.5
    endloop
  endfacet
  facet normal -1 -0 0
    outer loop
      vertex 21.0675 33.024 4.19
      vertex 21.0675 33.0002 2.5
      vertex 21.0675 33.0002 4.19189
    endloop
  endfacet
  facet normal 0.362844 -0.93185 -7.31934e-06
    outer loop
      vertex 25.693 29.8906 4.19
      vertex 25.6434 29.8713 2.5
      vertex 25.9642 29.9962 4.19
    endloop
  endfacet
  facet normal 0.362628 -0.931934 0
    outer loop
      vertex 25.6434 29.8713 2.5
      vertex 25.693 29.8906 4.19
      vertex 25.6434 29.8713 4.19177
    endloop
  endfacet
  facet normal 0.362833 -0.931854 -4.7973e-06
    outer loop
      vertex 26.0158 30.0163 2.5
      vertex 25.9642 29.9962 4.19
      vertex 25.6434 29.8713 2.5
    endloop
  endfacet
  facet normal 0.362969 -0.931801 0
    outer loop
      vertex 25.9642 29.9962 4.19
      vertex 26.0158 30.0163 2.5
      vertex 26.0158 30.0163 4.19256
    endloop
  endfacet
  facet normal -0.941742 -0.336336 0
    outer loop
      vertex 21.2036 32.2139 2.5
      vertex 21.2161 32.1789 4.19
      vertex 21.2036 32.2139 4.19092
    endloop
  endfacet
  facet normal -0.941843 -0.336052 6.63457e-06
    outer loop
      vertex 21.2036 32.2139 2.5
      vertex 21.321 31.8849 4.19
      vertex 21.2161 32.1789 4.19
    endloop
  endfacet
  facet normal -0.941816 -0.33613 -1.04852e-05
    outer loop
      vertex 21.3379 31.8376 2.5
      vertex 21.321 31.8849 4.19
      vertex 21.2036 32.2139 2.5
    endloop
  endfacet
  facet normal -0.941697 -0.336463 0
    outer loop
      vertex 21.321 31.8849 4.19
      vertex 21.3379 31.8376 2.5
      vertex 21.3379 31.8376 4.19276
    endloop
  endfacet
  facet normal 0.809404 -0.587252 0
    outer loop
      vertex 27.4758 31.2659 4.19
      vertex 27.5062 31.3078 2.5
      vertex 27.5062 31.3078 4.19165
    endloop
  endfacet
  facet normal 0.808957 -0.587867 -2.32775e-05
    outer loop
      vertex 27.3035 31.0288 4.19
      vertex 27.5062 31.3078 2.5
      vertex 27.4758 31.2659 4.19
    endloop
  endfacet
  facet normal 0.808894 -0.587955 0
    outer loop
      vertex 27.2713 30.9845 2.5
      vertex 27.3035 31.0288 4.19
      vertex 27.2713 30.9845 4.19261
    endloop
  endfacet
  facet normal 0.809007 -0.5878 -6.20403e-06
    outer loop
      vertex 27.3035 31.0288 4.19
      vertex 27.2713 30.9845 2.5
      vertex 27.5062 31.3078 2.5
    endloop
  endfacet
  facet normal -0.415214 0.909724 5.0484e-06
    outer loop
      vertex 23.2436 36.4394 4.19
      vertex 23.292 36.4615 2.5
      vertex 22.9717 36.3153 4.19
    endloop
  endfacet
  facet normal -0.41536 0.909657 0
    outer loop
      vertex 23.292 36.4615 2.5
      vertex 23.2436 36.4394 4.19
      vertex 23.292 36.4615 4.19269
    endloop
  endfacet
  facet normal -0.415405 0.909637 -3.86471e-05
    outer loop
      vertex 22.9285 36.2955 2.5
      vertex 22.9717 36.3153 4.19
      vertex 23.292 36.4615 2.5
    endloop
  endfacet
  facet normal -0.416655 0.909065 0
    outer loop
      vertex 22.9717 36.3153 4.19
      vertex 22.9285 36.2955 2.5
      vertex 22.9285 36.2955 4.19138
    endloop
  endfacet
  facet normal -0.516414 0.856339 -4.17389e-05
    outer loop
      vertex 22.9146 36.2872 4.19
      vertex 22.9285 36.2955 2.5
      vertex 22.6128 36.1052 4.19
    endloop
  endfacet
  facet normal -0.512678 0.858581 0
    outer loop
      vertex 22.9285 36.2955 2.5
      vertex 22.9146 36.2872 4.19
      vertex 22.9285 36.2955 4.19138
    endloop
  endfacet
  facet normal -0.516298 0.856409 -1.22171e-05
    outer loop
      vertex 22.5863 36.0892 2.5
      vertex 22.6128 36.1052 4.19
      vertex 22.9285 36.2955 2.5
    endloop
  endfacet
  facet normal -0.516869 0.856064 0
    outer loop
      vertex 22.6128 36.1052 4.19
      vertex 22.5863 36.0892 2.5
      vertex 22.5863 36.0892 4.19229
    endloop
  endfacet
  facet normal -0.0853365 -0.996352 -1.37608e-05
    outer loop
      vertex 24.1148 29.7312 4.19
      vertex 24.0637 29.7356 2.5
      vertex 24.4207 29.705 4.19
    endloop
  endfacet
  facet normal -0.0857882 -0.996313 0
    outer loop
      vertex 24.0637 29.7356 2.5
      vertex 24.1148 29.7312 4.19
      vertex 24.0637 29.7356 4.19275
    endloop
  endfacet
  facet normal -0.0855715 -0.996332 3.62433e-05
    outer loop
      vertex 24.4619 29.7014 2.5
      vertex 24.4207 29.705 4.19
      vertex 24.0637 29.7356 2.5
    endloop
  endfacet
  facet normal -0.087047 -0.996204 0
    outer loop
      vertex 24.4207 29.705 4.19
      vertex 24.4619 29.7014 2.5
      vertex 24.4619 29.7014 4.19108
    endloop
  endfacet
  facet normal -0.516414 -0.856339 -9.73796e-06
    outer loop
      vertex 22.6128 30.2948 4.19
      vertex 22.5863 30.3108 2.5
      vertex 22.9146 30.1128 4.19
    endloop
  endfacet
  facet normal -0.516869 -0.856064 0
    outer loop
      vertex 22.5863 30.3108 2.5
      vertex 22.6128 30.2948 4.19
      vertex 22.5863 30.3108 4.19229
    endloop
  endfacet
  facet normal -0.516298 -0.856409 -4.04423e-05
    outer loop
      vertex 22.9285 30.1045 2.5
      vertex 22.9146 30.1128 4.19
      vertex 22.5863 30.3108 2.5
    endloop
  endfacet
  facet normal -0.512678 -0.858581 0
    outer loop
      vertex 22.9146 30.1128 4.19
      vertex 22.9285 30.1045 2.5
      vertex 22.9285 30.1045 4.19138
    endloop
  endfacet
  facet normal -0.697103 0.716971 -5.00829e-05
    outer loop
      vertex 22.2488 35.8248 4.19
      vertex 22.2698 35.8451 2.5
      vertex 21.9962 35.5792 4.19
    endloop
  endfacet
  facet normal -0.695022 0.718988 0
    outer loop
      vertex 22.2698 35.8451 2.5
      vertex 22.2488 35.8248 4.19
      vertex 22.2698 35.8451 4.1922
    endloop
  endfacet
  facet normal -0.6969 0.717169 1.38295e-05
    outer loop
      vertex 21.9832 35.5666 2.5
      vertex 21.9962 35.5792 4.19
      vertex 22.2698 35.8451 2.5
    endloop
  endfacet
  facet normal -0.695973 0.718068 0
    outer loop
      vertex 21.9962 35.5792 4.19
      vertex 21.9832 35.5666 2.5
      vertex 21.9832 35.5666 4.19152
    endloop
  endfacet
  facet normal -0.974531 -0.224253 0
    outer loop
      vertex 21.1131 32.6032 2.5
      vertex 21.1212 32.568 4.19
      vertex 21.1131 32.6032 4.1925
    endloop
  endfacet
  facet normal -0.974027 -0.226431 -4.77748e-05
    outer loop
      vertex 21.2036 32.2139 2.5
      vertex 21.1212 32.568 4.19
      vertex 21.1131 32.6032 2.5
    endloop
  endfacet
  facet normal -0.97396 -0.22672 1.60281e-05
    outer loop
      vertex 21.1212 32.568 4.19
      vertex 21.2036 32.2139 2.5
      vertex 21.2013 32.2239 4.19
    endloop
  endfacet
  facet normal -0.974555 -0.224148 0
    outer loop
      vertex 21.2013 32.2239 4.19
      vertex 21.2036 32.2139 2.5
      vertex 21.2036 32.2139 4.19092
    endloop
  endfacet
  facet normal 0.808894 0.587955 0
    outer loop
      vertex 27.3035 35.3712 4.19
      vertex 27.2713 35.4155 2.5
      vertex 27.2713 35.4155 4.19261
    endloop
  endfacet
  facet normal 0.808957 0.587867 -3.49264e-06
    outer loop
      vertex 27.4758 35.1341 4.19
      vertex 27.2713 35.4155 2.5
      vertex 27.3035 35.3712 4.19
    endloop
  endfacet
  facet normal 0.809404 0.587252 -0
    outer loop
      vertex 27.5062 35.0922 2.5
      vertex 27.4758 35.1341 4.19
      vertex 27.5062 35.0922 4.19165
    endloop
  endfacet
  facet normal 0.809007 0.5878 -2.07146e-05
    outer loop
      vertex 27.4758 35.1341 4.19
      vertex 27.5062 35.0922 2.5
      vertex 27.2713 35.4155 2.5
    endloop
  endfacet
  facet normal -0.198666 0.980067 1.16665e-05
    outer loop
      vertex 23.672 36.585 2.5
      vertex 24.0194 36.6554 4.19
      vertex 24.0637 36.6644 2.5
    endloop
  endfacet
  facet normal -0.199093 0.979981 0
    outer loop
      vertex 24.0637 36.6644 2.5
      vertex 24.0194 36.6554 4.19
      vertex 24.0637 36.6644 4.19275
    endloop
  endfacet
  facet normal -0.198576 0.980086 -7.60398e-06
    outer loop
      vertex 24.0194 36.6554 4.19
      vertex 23.672 36.585 2.5
      vertex 23.6823 36.5871 4.19
    endloop
  endfacet
  facet normal -0.199774 0.979842 0
    outer loop
      vertex 23.6823 36.5871 4.19
      vertex 23.672 36.585 2.5
      vertex 23.672 36.585 4.1902
    endloop
  endfacet
  facet normal 0.254144 0.967166 -1.67351e-05
    outer loop
      vertex 25.6222 36.5343 4.19
      vertex 25.6434 36.5287 2.5
      vertex 25.2816 36.6238 4.19
    endloop
  endfacet
  facet normal 0.255391 0.966838 -0
    outer loop
      vertex 25.6434 36.5287 2.5
      vertex 25.6222 36.5343 4.19
      vertex 25.6434 36.5287 4.19177
    endloop
  endfacet
  facet normal 0.254235 0.967143 4.04219e-06
    outer loop
      vertex 25.2569 36.6303 2.5
      vertex 25.2816 36.6238 4.19
      vertex 25.6434 36.5287 2.5
    endloop
  endfacet
  facet normal 0.254493 0.967075 0
    outer loop
      vertex 25.2816 36.6238 4.19
      vertex 25.2569 36.6303 2.5
      vertex 25.2569 36.6303 4.192
    endloop
  endfacet
  facet normal 0 0 1
    outer loop
      vertex 26.0618 33.2 5.69
      vertex 29.5618 33.2 5.69
      vertex 29.546 33.5973 5.69
    endloop
  endfacet
  facet normal 0 0 1
    outer loop
      vertex 26.0618 33.2 5.69
      vertex 29.546 33.5973 5.69
      vertex 29.4987 33.992 5.69
    endloop
  endfacet
  facet normal 0 0 1
    outer loop
      vertex 29.5618 33.2 5.69
      vertex 26.0618 33.2 5.69
      vertex 29.546 32.8027 5.69
    endloop
  endfacet
  facet normal 0 0 1
    outer loop
      vertex 26.0107 33.5882 5.69
      vertex 29.4987 33.992 5.69
      vertex 29.4201 34.3817 5.69
    endloop
  endfacet
  facet normal 0 0 1
    outer loop
      vertex 29.546 32.8027 5.69
      vertex 26.0618 33.2 5.69
      vertex 29.4987 32.408 5.69
    endloop
  endfacet
  facet normal 0 0 1
    outer loop
      vertex 26.0107 33.5882 5.69
      vertex 29.4201 34.3817 5.69
      vertex 29.3109 34.764 5.69
    endloop
  endfacet
  facet normal -0 0 1
    outer loop
      vertex 26.0107 32.8118 5.69
      vertex 29.4987 32.408 5.69
      vertex 26.0618 33.2 5.69
    endloop
  endfacet
  facet normal 0 0 1
    outer loop
      vertex 26.0107 33.5882 5.69
      vertex 29.3109 34.764 5.69
      vertex 29.1716 35.1364 5.69
    endloop
  endfacet
  facet normal 0 0 1
    outer loop
      vertex 29.4987 32.408 5.69
      vertex 26.0107 32.8118 5.69
      vertex 29.4201 32.0183 5.69
    endloop
  endfacet
  facet normal 0 0 1
    outer loop
      vertex 25.8608 33.95 5.69
      vertex 29.1716 35.1364 5.69
      vertex 29.0032 35.4965 5.69
    endloop
  endfacet
  facet normal 0 0 1
    outer loop
      vertex 29.4201 32.0183 5.69
      vertex 26.0107 32.8118 5.69
      vertex 29.3109 31.636 5.69
    endloop
  endfacet
  facet normal 0 0 1
    outer loop
      vertex 25.8608 33.95 5.69
      vertex 29.0032 35.4965 5.69
      vertex 28.8067 35.8421 5.69
    endloop
  endfacet
  facet normal 0 0 1
    outer loop
      vertex 29.3109 31.636 5.69
      vertex 26.0107 32.8118 5.69
      vertex 29.1716 31.2636 5.69
    endloop
  endfacet
  facet normal 0 0 1
    outer loop
      vertex 25.8608 33.95 5.69
      vertex 28.8067 35.8421 5.69
      vertex 28.5834 36.171 5.69
    endloop
  endfacet
  facet normal -0 0 1
    outer loop
      vertex 25.8608 32.45 5.69
      vertex 29.1716 31.2636 5.69
      vertex 26.0107 32.8118 5.69
    endloop
  endfacet
  facet normal 0 0 1
    outer loop
      vertex 25.6225 34.2607 5.69
      vertex 28.5834 36.171 5.69
      vertex 28.3346 36.4811 5.69
    endloop
  endfacet
  facet normal 0 0 1
    outer loop
      vertex 29.1716 31.2636 5.69
      vertex 25.8608 32.45 5.69
      vertex 29.0032 30.9035 5.69
    endloop
  endfacet
  facet normal 0 0 1
    outer loop
      vertex 25.6225 34.2607 5.69
      vertex 28.3346 36.4811 5.69
      vertex 28.062 36.7705 5.69
    endloop
  endfacet
  facet normal 0 0 1
    outer loop
      vertex 29.0032 30.9035 5.69
      vertex 25.8608 32.45 5.69
      vertex 28.8067 30.5579 5.69
    endloop
  endfacet
  facet normal 0 0 1
    outer loop
      vertex 25.6225 34.2607 5.69
      vertex 28.062 36.7705 5.69
      vertex 27.7673 37.0373 5.69
    endloop
  endfacet
  facet normal 0 0 1
    outer loop
      vertex 28.8067 30.5579 5.69
      vertex 25.8608 32.45 5.69
      vertex 28.5834 30.229 5.69
    endloop
  endfacet
  facet normal 0 0 1
    outer loop
      vertex 25.6225 34.2607 5.69
      vertex 27.7673 37.0373 5.69
      vertex 27.4523 37.2799 5.69
    endloop
  endfacet
  facet normal -0 0 1
    outer loop
      vertex 25.6225 32.1393 5.69
      vertex 28.5834 30.229 5.69
      vertex 25.8608 32.45 5.69
    endloop
  endfacet
  facet normal 0 0 1
    outer loop
      vertex 25.3118 34.499 5.69
      vertex 27.4523 37.2799 5.69
      vertex 27.119 37.4966 5.69
    endloop
  endfacet
  facet normal 0 0 1
    outer loop
      vertex 28.5834 30.229 5.69
      vertex 25.6225 32.1393 5.69
      vertex 28.3346 29.9189 5.69
    endloop
  endfacet
  facet normal 0 0 1
    outer loop
      vertex 25.3118 34.499 5.69
      vertex 27.119 37.4966 5.69
      vertex 26.7695 37.6862 5.69
    endloop
  endfacet
  facet normal 0 0 1
    outer loop
      vertex 28.3346 29.9189 5.69
      vertex 25.6225 32.1393 5.69
      vertex 28.062 29.6295 5.69
    endloop
  endfacet
  facet normal 0 0 1
    outer loop
      vertex 25.3118 34.499 5.69
      vertex 26.7695 37.6862 5.69
      vertex 26.4061 37.8474 5.69
    endloop
  endfacet
  facet normal 0 0 1
    outer loop
      vertex 28.062 29.6295 5.69
      vertex 25.6225 32.1393 5.69
      vertex 27.7673 29.3627 5.69
    endloop
  endfacet
  facet normal 0 0 1
    outer loop
      vertex 27.7673 29.3627 5.69
      vertex 25.6225 32.1393 5.69
      vertex 27.4523 29.1201 5.69
    endloop
  endfacet
  facet normal 0 0 1
    outer loop
      vertex 24.95 34.6489 5.69
      vertex 26.4061 37.8474 5.69
      vertex 26.0311 37.9793 5.69
    endloop
  endfacet
  facet normal 0 0 1
    outer loop
      vertex 29.4987 33.992 5.69
      vertex 26.0107 33.5882 5.69
      vertex 26.0618 33.2 5.69
    endloop
  endfacet
  facet normal 0 0 1
    outer loop
      vertex 29.1716 35.1364 5.69
      vertex 25.8608 33.95 5.69
      vertex 26.0107 33.5882 5.69
    endloop
  endfacet
  facet normal 0 0 1
    outer loop
      vertex 24.95 34.6489 5.69
      vertex 26.0311 37.9793 5.69
      vertex 25.6467 38.0809 5.69
    endloop
  endfacet
  facet normal 0 0 1
    outer loop
      vertex 28.5834 36.171 5.69
      vertex 25.6225 34.2607 5.69
      vertex 25.8608 33.95 5.69
    endloop
  endfacet
  facet normal 0 0 1
    outer loop
      vertex 27.4523 37.2799 5.69
      vertex 25.3118 34.499 5.69
      vertex 25.6225 34.2607 5.69
    endloop
  endfacet
  facet normal 0 0 1
    outer loop
      vertex 24.95 34.6489 5.69
      vertex 25.6467 38.0809 5.69
      vertex 25.2555 38.1516 5.69
    endloop
  endfacet
  facet normal 0 0 1
    outer loop
      vertex 26.4061 37.8474 5.69
      vertex 24.95 34.6489 5.69
      vertex 25.3118 34.499 5.69
    endloop
  endfacet
  facet normal 0 0 1
    outer loop
      vertex 24.5618 34.7 5.69
      vertex 25.2555 38.1516 5.69
      vertex 24.8599 38.1911 5.69
    endloop
  endfacet
  facet normal 0 0 1
    outer loop
      vertex 25.2555 38.1516 5.69
      vertex 24.5618 34.7 5.69
      vertex 24.95 34.6489 5.69
    endloop
  endfacet
  facet normal 0 0 1
    outer loop
      vertex 24.4624 38.199 5.69
      vertex 24.5618 34.7 5.69
      vertex 24.8599 38.1911 5.69
    endloop
  endfacet
  facet normal -0 0 1
    outer loop
      vertex 24.0655 38.1753 5.69
      vertex 24.5618 34.7 5.69
      vertex 24.4624 38.199 5.69
    endloop
  endfacet
  facet normal 0 0 1
    outer loop
      vertex 24.5618 34.7 5.69
      vertex 24.0655 38.1753 5.69
      vertex 24.1736 34.6489 5.69
    endloop
  endfacet
  facet normal -0 0 1
    outer loop
      vertex 23.6718 38.1202 5.69
      vertex 24.1736 34.6489 5.69
      vertex 24.0655 38.1753 5.69
    endloop
  endfacet
  facet normal -0 0 1
    outer loop
      vertex 23.2837 38.0339 5.69
      vertex 24.1736 34.6489 5.69
      vertex 23.6718 38.1202 5.69
    endloop
  endfacet
  facet normal -0 0 1
    outer loop
      vertex 22.9037 37.9171 5.69
      vertex 24.1736 34.6489 5.69
      vertex 23.2837 38.0339 5.69
    endloop
  endfacet
  facet normal -0 0 1
    outer loop
      vertex 22.5342 37.7704 5.69
      vertex 24.1736 34.6489 5.69
      vertex 22.9037 37.9171 5.69
    endloop
  endfacet
  facet normal 0 0 1
    outer loop
      vertex 24.1736 34.6489 5.69
      vertex 22.5342 37.7704 5.69
      vertex 23.8118 34.499 5.69
    endloop
  endfacet
  facet normal -0 0 1
    outer loop
      vertex 22.1775 37.5949 5.69
      vertex 23.8118 34.499 5.69
      vertex 22.5342 37.7704 5.69
    endloop
  endfacet
  facet normal -0 0 1
    outer loop
      vertex 21.8358 37.3915 5.69
      vertex 23.8118 34.499 5.69
      vertex 22.1775 37.5949 5.69
    endloop
  endfacet
  facet normal -0 0 1
    outer loop
      vertex 21.5114 37.1617 5.69
      vertex 23.8118 34.499 5.69
      vertex 21.8358 37.3915 5.69
    endloop
  endfacet
  facet normal -0 0 1
    outer loop
      vertex 25.3118 31.901 5.69
      vertex 27.4523 29.1201 5.69
      vertex 25.6225 32.1393 5.69
    endloop
  endfacet
  facet normal 0 0 1
    outer loop
      vertex 27.4523 29.1201 5.69
      vertex 25.3118 31.901 5.69
      vertex 27.119 28.9034 5.69
    endloop
  endfacet
  facet normal 0 0 1
    outer loop
      vertex 27.119 28.9034 5.69
      vertex 25.3118 31.901 5.69
      vertex 26.7695 28.7138 5.69
    endloop
  endfacet
  facet normal 0 0 1
    outer loop
      vertex 26.7695 28.7138 5.69
      vertex 25.3118 31.901 5.69
      vertex 26.4061 28.5526 5.69
    endloop
  endfacet
  facet normal -0 0 1
    outer loop
      vertex 24.95 31.7511 5.69
      vertex 26.4061 28.5526 5.69
      vertex 25.3118 31.901 5.69
    endloop
  endfacet
  facet normal 0 0 1
    outer loop
      vertex 26.4061 28.5526 5.69
      vertex 24.95 31.7511 5.69
      vertex 26.0311 28.4207 5.69
    endloop
  endfacet
  facet normal 0 0 1
    outer loop
      vertex 26.0311 28.4207 5.69
      vertex 24.95 31.7511 5.69
      vertex 25.6467 28.3191 5.69
    endloop
  endfacet
  facet normal 0 0 1
    outer loop
      vertex 25.6467 28.3191 5.69
      vertex 24.95 31.7511 5.69
      vertex 25.2555 28.2484 5.69
    endloop
  endfacet
  facet normal -0 0 1
    outer loop
      vertex 24.5618 31.7 5.69
      vertex 25.2555 28.2484 5.69
      vertex 24.95 31.7511 5.69
    endloop
  endfacet
  facet normal 0 0 1
    outer loop
      vertex 25.2555 28.2484 5.69
      vertex 24.5618 31.7 5.69
      vertex 24.8599 28.2089 5.69
    endloop
  endfacet
  facet normal 0 0 1
    outer loop
      vertex 24.5618 31.7 5.69
      vertex 24.4624 28.201 5.69
      vertex 24.8599 28.2089 5.69
    endloop
  endfacet
  facet normal 0 0 1
    outer loop
      vertex 24.0655 28.2247 5.69
      vertex 24.5618 31.7 5.69
      vertex 24.1736 31.7511 5.69
    endloop
  endfacet
  facet normal 0 0 1
    outer loop
      vertex 24.5618 31.7 5.69
      vertex 24.0655 28.2247 5.69
      vertex 24.4624 28.201 5.69
    endloop
  endfacet
  facet normal 0 0 1
    outer loop
      vertex 22.5342 28.6296 5.69
      vertex 24.1736 31.7511 5.69
      vertex 23.8118 31.901 5.69
    endloop
  endfacet
  facet normal 0 0 1
    outer loop
      vertex 24.1736 31.7511 5.69
      vertex 23.6718 28.2798 5.69
      vertex 24.0655 28.2247 5.69
    endloop
  endfacet
  facet normal 0 0 1
    outer loop
      vertex 21.5114 29.2383 5.69
      vertex 23.8118 31.901 5.69
      vertex 23.5011 32.1393 5.69
    endloop
  endfacet
  facet normal 0 0 1
    outer loop
      vertex 24.1736 31.7511 5.69
      vertex 23.2837 28.3661 5.69
      vertex 23.6718 28.2798 5.69
    endloop
  endfacet
  facet normal 0 0 1
    outer loop
      vertex 20.6615 30.0715 5.69
      vertex 23.5011 32.1393 5.69
      vertex 23.2628 32.45 5.69
    endloop
  endfacet
  facet normal 0 0 1
    outer loop
      vertex 20.0326 31.0819 5.69
      vertex 23.2628 32.45 5.69
      vertex 23.1129 32.8118 5.69
    endloop
  endfacet
  facet normal 0 0 1
    outer loop
      vertex 19.5973 32.6049 5.69
      vertex 23.1129 32.8118 5.69
      vertex 23.0618 33.2 5.69
    endloop
  endfacet
  facet normal 0 0 1
    outer loop
      vertex 24.1736 31.7511 5.69
      vertex 22.9037 28.4829 5.69
      vertex 23.2837 28.3661 5.69
    endloop
  endfacet
  facet normal 0 0 1
    outer loop
      vertex 23.8118 34.499 5.69
      vertex 21.5114 37.1617 5.69
      vertex 23.5011 34.2607 5.69
    endloop
  endfacet
  facet normal -0 0 1
    outer loop
      vertex 21.2063 36.9068 5.69
      vertex 23.5011 34.2607 5.69
      vertex 21.5114 37.1617 5.69
    endloop
  endfacet
  facet normal 0 0 1
    outer loop
      vertex 24.1736 31.7511 5.69
      vertex 22.5342 28.6296 5.69
      vertex 22.9037 28.4829 5.69
    endloop
  endfacet
  facet normal -0 0 1
    outer loop
      vertex 20.9224 36.6285 5.69
      vertex 23.5011 34.2607 5.69
      vertex 21.2063 36.9068 5.69
    endloop
  endfacet
  facet normal 0 0 1
    outer loop
      vertex 23.8118 31.901 5.69
      vertex 22.1775 28.8051 5.69
      vertex 22.5342 28.6296 5.69
    endloop
  endfacet
  facet normal -0 0 1
    outer loop
      vertex 20.6615 36.3285 5.69
      vertex 23.5011 34.2607 5.69
      vertex 20.9224 36.6285 5.69
    endloop
  endfacet
  facet normal 0 0 1
    outer loop
      vertex 23.8118 31.901 5.69
      vertex 21.8358 29.0085 5.69
      vertex 22.1775 28.8051 5.69
    endloop
  endfacet
  facet normal 0 0 1
    outer loop
      vertex 23.5011 34.2607 5.69
      vertex 20.6615 36.3285 5.69
      vertex 23.2628 33.95 5.69
    endloop
  endfacet
  facet normal 0 0 1
    outer loop
      vertex 23.8118 31.901 5.69
      vertex 21.5114 29.2383 5.69
      vertex 21.8358 29.0085 5.69
    endloop
  endfacet
  facet normal -0 0 1
    outer loop
      vertex 20.4253 36.0088 5.69
      vertex 23.2628 33.95 5.69
      vertex 20.6615 36.3285 5.69
    endloop
  endfacet
  facet normal 0 0 1
    outer loop
      vertex 23.5011 32.1393 5.69
      vertex 21.2063 29.4932 5.69
      vertex 21.5114 29.2383 5.69
    endloop
  endfacet
  facet normal -0 0 1
    outer loop
      vertex 20.2152 35.6712 5.69
      vertex 23.2628 33.95 5.69
      vertex 20.4253 36.0088 5.69
    endloop
  endfacet
  facet normal 0 0 1
    outer loop
      vertex 23.5011 32.1393 5.69
      vertex 20.9224 29.7715 5.69
      vertex 21.2063 29.4932 5.69
    endloop
  endfacet
  facet normal -0 0 1
    outer loop
      vertex 20.0326 35.3181 5.69
      vertex 23.2628 33.95 5.69
      vertex 20.2152 35.6712 5.69
    endloop
  endfacet
  facet normal 0 0 1
    outer loop
      vertex 23.5011 32.1393 5.69
      vertex 20.6615 30.0715 5.69
      vertex 20.9224 29.7715 5.69
    endloop
  endfacet
  facet normal 0 0 1
    outer loop
      vertex 23.2628 33.95 5.69
      vertex 20.0326 35.3181 5.69
      vertex 23.1129 33.5882 5.69
    endloop
  endfacet
  facet normal 0 0 1
    outer loop
      vertex 23.2628 32.45 5.69
      vertex 20.4253 30.3912 5.69
      vertex 20.6615 30.0715 5.69
    endloop
  endfacet
  facet normal -0 0 1
    outer loop
      vertex 19.8786 34.9516 5.69
      vertex 23.1129 33.5882 5.69
      vertex 20.0326 35.3181 5.69
    endloop
  endfacet
  facet normal 0 0 1
    outer loop
      vertex 23.2628 32.45 5.69
      vertex 20.2152 30.7288 5.69
      vertex 20.4253 30.3912 5.69
    endloop
  endfacet
  facet normal -0 0 1
    outer loop
      vertex 19.7543 34.5739 5.69
      vertex 23.1129 33.5882 5.69
      vertex 19.8786 34.9516 5.69
    endloop
  endfacet
  facet normal 0 0 1
    outer loop
      vertex 23.2628 32.45 5.69
      vertex 20.0326 31.0819 5.69
      vertex 20.2152 30.7288 5.69
    endloop
  endfacet
  facet normal -0 0 1
    outer loop
      vertex 19.6603 34.1876 5.69
      vertex 23.1129 33.5882 5.69
      vertex 19.7543 34.5739 5.69
    endloop
  endfacet
  facet normal 0 0 1
    outer loop
      vertex 23.1129 32.8118 5.69
      vertex 19.8786 31.4484 5.69
      vertex 20.0326 31.0819 5.69
    endloop
  endfacet
  facet normal -0 0 1
    outer loop
      vertex 19.5973 33.7951 5.69
      vertex 23.1129 33.5882 5.69
      vertex 19.6603 34.1876 5.69
    endloop
  endfacet
  facet normal 0 0 1
    outer loop
      vertex 23.1129 32.8118 5.69
      vertex 19.7543 31.8261 5.69
      vertex 19.8786 31.4484 5.69
    endloop
  endfacet
  facet normal 0 0 1
    outer loop
      vertex 23.1129 33.5882 5.69
      vertex 19.5973 33.7951 5.69
      vertex 23.0618 33.2 5.69
    endloop
  endfacet
  facet normal 0 0 1
    outer loop
      vertex 23.1129 32.8118 5.69
      vertex 19.6603 32.2124 5.69
      vertex 19.7543 31.8261 5.69
    endloop
  endfacet
  facet normal -0 0 1
    outer loop
      vertex 19.5658 33.3988 5.69
      vertex 23.0618 33.2 5.69
      vertex 19.5973 33.7951 5.69
    endloop
  endfacet
  facet normal 0 0 1
    outer loop
      vertex 23.1129 32.8118 5.69
      vertex 19.5973 32.6049 5.69
      vertex 19.6603 32.2124 5.69
    endloop
  endfacet
  facet normal 0 0 1
    outer loop
      vertex 19.5658 33.0012 5.69
      vertex 23.0618 33.2 5.69
      vertex 19.5658 33.3988 5.69
    endloop
  endfacet
  facet normal 0 0 1
    outer loop
      vertex 23.0618 33.2 5.69
      vertex 19.5658 33.0012 5.69
      vertex 19.5973 32.6049 5.69
    endloop
  endfacet
  facet normal -0.83957 -0.543251 0
    outer loop
      vertex 21.5142 31.4789 2.5
      vertex 21.5164 31.4755 4.19
      vertex 21.5142 31.4789 4.19039
    endloop
  endfacet
  facet normal -0.841215 -0.540701 7.27291e-06
    outer loop
      vertex 21.5142 31.4789 2.5
      vertex 21.7082 31.1771 4.19
      vertex 21.5164 31.4755 4.19
    endloop
  endfacet
  facet normal -0.841252 -0.540644 2.16234e-05
    outer loop
      vertex 21.7302 31.1428 2.5
      vertex 21.7082 31.1771 4.19
      vertex 21.5142 31.4789 2.5
    endloop
  endfacet
  facet normal -0.841736 -0.539889 0
    outer loop
      vertex 21.7082 31.1771 4.19
      vertex 21.7302 31.1428 2.5
      vertex 21.7302 31.1428 4.19266
    endloop
  endfacet
  facet normal 0.254144 -0.967166 5.46076e-06
    outer loop
      vertex 25.2816 29.7762 4.19
      vertex 25.2569 29.7697 2.5
      vertex 25.6222 29.8657 4.19
    endloop
  endfacet
  facet normal 0.254493 -0.967075 0
    outer loop
      vertex 25.2569 29.7697 2.5
      vertex 25.2816 29.7762 4.19
      vertex 25.2569 29.7697 4.192
    endloop
  endfacet
  facet normal 0.254235 -0.967143 -1.55173e-05
    outer loop
      vertex 25.6434 29.8713 2.5
      vertex 25.6222 29.8657 4.19
      vertex 25.2569 29.7697 2.5
    endloop
  endfacet
  facet normal 0.255391 -0.966838 0
    outer loop
      vertex 25.6222 29.8657 4.19
      vertex 25.6434 29.8713 2.5
      vertex 25.6434 29.8713 4.19177
    endloop
  endfacet
  facet normal 0.706827 -0.0281094 -0.706827
    outer loop
      vertex 29.546 32.8027 5.69
      vertex 28.0618 33.2 4.19
      vertex 29.5618 33.2 5.69
    endloop
  endfacet
  facet normal -0.4951 -0.505266 -0.706811
    outer loop
      vertex 22.213 30.6052 4.19
      vertex 20.9224 29.7715 5.69
      vertex 22.0142 30.8 4.19
    endloop
  endfacet
  facet normal 0.514922 -0.485031 -0.706824
    outer loop
      vertex 28.062 29.6295 5.69
      vertex 27.0119 30.7006 4.19
      vertex 28.3346 29.9189 5.69
    endloop
  endfacet
  facet normal 0.337308 -0.621777 -0.706836
    outer loop
      vertex 26.7695 28.7138 5.69
      vertex 26.3518 30.1924 4.19
      vertex 27.119 28.9034 5.69
    endloop
  endfacet
  facet normal -0.361823 -0.607841 -0.706833
    outer loop
      vertex 22.1775 28.8051 5.69
      vertex 21.8358 29.0085 5.69
      vertex 22.8928 30.1236 4.19
    endloop
  endfacet
  facet normal -0.361672 -0.607955 -0.706812
    outer loop
      vertex 22.8928 30.1236 4.19
      vertex 21.8358 29.0085 5.69
      vertex 22.6536 30.2659 4.19
    endloop
  endfacet
  facet normal 0.38563 0.593012 -0.706843
    outer loop
      vertex 26.3958 36.179 4.19
      vertex 27.4523 37.2799 5.69
      vertex 26.5851 36.0559 4.19
    endloop
  endfacet
  facet normal 0.38575 0.592916 -0.706857
    outer loop
      vertex 26.3692 36.1972 4.19075
      vertex 27.4523 37.2799 5.69
      vertex 26.3958 36.179 4.19
    endloop
  endfacet
  facet normal 0.371098 0.567893 -0.7347
    outer loop
      vertex 26.3518 36.2076 4.19
      vertex 26.3692 36.1972 4.19075
      vertex 26.3619 36.201 4.19
    endloop
  endfacet
  facet normal 0.385145 0.593407 -0.706775
    outer loop
      vertex 26.3692 36.1972 4.19075
      vertex 26.3518 36.2076 4.19
      vertex 27.4523 37.2799 5.69
    endloop
  endfacet
  facet normal -0.523376 -0.452922 -0.721761
    outer loop
      vertex 22.0142 30.8 4.19
      vertex 21.9832 30.8334 4.19152
      vertex 21.9962 30.8208 4.19
    endloop
  endfacet
  facet normal -0.533452 -0.464546 -0.706842
    outer loop
      vertex 20.9224 29.7715 5.69
      vertex 21.9516 30.872 4.19
      vertex 21.9832 30.8334 4.19152
    endloop
  endfacet
  facet normal -0.533806 -0.46418 -0.706815
    outer loop
      vertex 21.9516 30.872 4.19
      vertex 20.9224 29.7715 5.69
      vertex 21.8316 31.01 4.19
    endloop
  endfacet
  facet normal -0.534248 -0.463693 -0.706801
    outer loop
      vertex 20.9224 29.7715 5.69
      vertex 21.9832 30.8334 4.19152
      vertex 22.0142 30.8 4.19
    endloop
  endfacet
  facet normal 0.614932 -0.349647 -0.706828
    outer loop
      vertex 29.0032 30.9035 5.69
      vertex 27.5332 31.3505 4.19
      vertex 27.6708 31.5925 4.19
    endloop
  endfacet
  facet normal 0.0701229 0.703926 -0.706803
    outer loop
      vertex 24.9169 36.6792 4.19
      vertex 25.2555 38.1516 5.69
      vertex 25.0474 36.6662 4.19
    endloop
  endfacet
  facet normal 0.0702627 0.703903 -0.706812
    outer loop
      vertex 24.8613 36.6872 4.19244
      vertex 25.2555 38.1516 5.69
      vertex 24.9169 36.6792 4.19
    endloop
  endfacet
  facet normal 0.0693241 0.685944 -0.724344
    outer loop
      vertex 24.7705 36.6938 4.19
      vertex 24.8613 36.6872 4.19244
      vertex 24.8269 36.6881 4.19
    endloop
  endfacet
  facet normal 0.0701595 0.703922 -0.706803
    outer loop
      vertex 24.8613 36.6872 4.19244
      vertex 24.7705 36.6938 4.19
      vertex 25.2555 38.1516 5.69
    endloop
  endfacet
  facet normal 0.640781 -0.29966 -0.706826
    outer loop
      vertex 29.0032 30.9035 5.69
      vertex 27.7887 31.8446 4.19
      vertex 29.1716 31.2636 5.69
    endloop
  endfacet
  facet normal -0.20783 -0.676161 -0.706833
    outer loop
      vertex 23.2837 28.3661 5.69
      vertex 22.9037 28.4829 5.69
      vertex 23.6671 29.8163 4.19
    endloop
  endfacet
  facet normal 0.234691 -0.667323 -0.706824
    outer loop
      vertex 26.4061 28.5526 5.69
      vertex 25.693 29.8906 4.19
      vertex 25.8528 29.9468 4.19
    endloop
  endfacet
  facet normal 0.234478 -0.667417 -0.706806
    outer loop
      vertex 26.4061 28.5526 5.69
      vertex 25.6434 29.8713 4.19177
      vertex 25.693 29.8906 4.19
    endloop
  endfacet
  facet normal 0.23469 -0.667319 -0.706828
    outer loop
      vertex 25.5903 29.8545 4.19
      vertex 25.6434 29.8713 4.19177
      vertex 26.4061 28.5526 5.69
    endloop
  endfacet
  facet normal 0.236293 -0.673014 -0.70087
    outer loop
      vertex 25.6434 29.8713 4.19177
      vertex 25.5903 29.8545 4.19
      vertex 25.6222 29.8657 4.19
    endloop
  endfacet
  facet normal -0.312291 -0.634724 -0.706824
    outer loop
      vertex 22.5342 28.6296 5.69
      vertex 22.1775 28.8051 5.69
      vertex 23.1425 30.0007 4.19
    endloop
  endfacet
  facet normal 0.706827 0.0281094 -0.706827
    outer loop
      vertex 29.5618 33.2 5.69
      vertex 28.0618 33.2 4.19
      vertex 29.546 33.5973 5.69
    endloop
  endfacet
  facet normal -0.20783 0.676161 -0.706833
    outer loop
      vertex 23.6671 36.5837 4.19
      vertex 22.9037 37.9171 5.69
      vertex 23.2837 38.0339 5.69
    endloop
  endfacet
  facet normal 0.68019 -0.194289 -0.706819
    outer loop
      vertex 29.3109 31.636 5.69
      vertex 27.8862 32.1052 4.19
      vertex 29.4201 32.0183 5.69
    endloop
  endfacet
  facet normal 0.55176 0.442689 -0.706814
    outer loop
      vertex 28.5834 36.171 5.69
      vertex 27.2028 35.4968 4.19
      vertex 28.3346 36.4811 5.69
    endloop
  endfacet
  facet normal 0.585246 0.397341 -0.706829
    outer loop
      vertex 28.8067 35.8421 5.69
      vertex 27.5332 35.0495 4.19
      vertex 28.5834 36.171 5.69
    endloop
  endfacet
  facet normal -0.705161 -0.0560499 -0.706828
    outer loop
      vertex 19.5973 32.6049 5.69
      vertex 19.5658 33.0012 5.69
      vertex 21.0646 33.0609 4.19
    endloop
  endfacet
  facet normal 0.234714 -0.667307 -0.706831
    outer loop
      vertex 26.0311 28.4207 5.69
      vertex 25.5903 29.8545 4.19
      vertex 26.4061 28.5526 5.69
    endloop
  endfacet
  facet normal -0.705161 0.0560499 -0.706828
    outer loop
      vertex 21.0646 33.3391 4.19
      vertex 19.5658 33.3988 5.69
      vertex 19.5973 33.7951 5.69
    endloop
  endfacet
  facet normal 0.180759 -0.683896 -0.706833
    outer loop
      vertex 25.6467 28.3191 5.69
      vertex 25.5903 29.8545 4.19
      vertex 26.0311 28.4207 5.69
    endloop
  endfacet
  facet normal -0.687423 0.166964 -0.706805
    outer loop
      vertex 21.1308 33.8913 4.19
      vertex 19.7543 34.5739 5.69
      vertex 21.1965 34.1618 4.19
    endloop
  endfacet
  facet normal 0.0139774 -0.707258 -0.706818
    outer loop
      vertex 24.8599 28.2089 5.69
      vertex 24.4922 29.7007 4.19
      vertex 24.7705 29.7062 4.19
    endloop
  endfacet
  facet normal 0.614936 -0.349638 -0.706829
    outer loop
      vertex 28.8067 30.5579 5.69
      vertex 27.5332 31.3505 4.19
      vertex 29.0032 30.9035 5.69
    endloop
  endfacet
  facet normal 0.127231 -0.699768 -0.702949
    outer loop
      vertex 25.3212 29.7834 4.19
      vertex 25.2569 29.7697 4.192
      vertex 25.2816 29.7762 4.19
    endloop
  endfacet
  facet normal 0.126323 -0.696068 -0.706776
    outer loop
      vertex 25.2555 28.2484 5.69
      vertex 25.2569 29.7697 4.192
      vertex 25.3212 29.7834 4.19
    endloop
  endfacet
  facet normal 0.12637 -0.696063 -0.706772
    outer loop
      vertex 25.2555 28.2484 5.69
      vertex 25.2022 29.7618 4.19
      vertex 25.2569 29.7697 4.192
    endloop
  endfacet
  facet normal 0.125912 -0.696113 -0.706805
    outer loop
      vertex 25.2022 29.7618 4.19
      vertex 25.2555 28.2484 5.69
      vertex 25.0474 29.7338 4.19
    endloop
  endfacet
  facet normal 0.0139774 0.707258 -0.706818
    outer loop
      vertex 24.7705 36.6938 4.19
      vertex 24.4922 36.6993 4.19
      vertex 24.8599 38.1911 5.69
    endloop
  endfacet
  facet normal 0.693472 -0.139551 -0.706839
    outer loop
      vertex 29.4987 32.408 5.69
      vertex 27.9785 32.4513 4.19
      vertex 28.0176 32.6456 4.19
    endloop
  endfacet
  facet normal 0.693298 -0.141083 -0.706707
    outer loop
      vertex 29.4987 32.408 5.69
      vertex 27.9708 32.4073 4.19123
      vertex 27.9785 32.4513 4.19
    endloop
  endfacet
  facet normal 0.693443 -0.139617 -0.706855
    outer loop
      vertex 27.9626 32.3728 4.19
      vertex 27.9708 32.4073 4.19123
      vertex 29.4987 32.408 5.69
    endloop
  endfacet
  facet normal 0.689831 -0.138626 -0.710574
    outer loop
      vertex 27.9708 32.4073 4.19123
      vertex 27.9626 32.3728 4.19
      vertex 27.9668 32.3937 4.19
    endloop
  endfacet
  facet normal 0.234714 0.667307 -0.706831
    outer loop
      vertex 26.4061 37.8474 5.69
      vertex 25.5903 36.5455 4.19
      vertex 26.0311 37.9793 5.69
    endloop
  endfacet
  facet normal -0.705122 -0.0563404 -0.706844
    outer loop
      vertex 19.5973 32.6049 5.69
      vertex 21.0737 32.9461 4.19
      vertex 21.0867 32.7834 4.19
    endloop
  endfacet
  facet normal -0.709665 -0.0557731 -0.702328
    outer loop
      vertex 21.0675 33.0002 4.19189
      vertex 21.0646 33.0609 4.19
      vertex 21.0675 33.024 4.19
    endloop
  endfacet
  facet normal -0.705229 -0.0557001 -0.706788
    outer loop
      vertex 21.0675 33.0002 4.19189
      vertex 19.5973 32.6049 5.69
      vertex 21.0646 33.0609 4.19
    endloop
  endfacet
  facet normal -0.705156 -0.0561195 -0.706827
    outer loop
      vertex 21.0737 32.9461 4.19
      vertex 19.5973 32.6049 5.69
      vertex 21.0675 33.0002 4.19189
    endloop
  endfacet
  facet normal 0.38558 0.593049 -0.706838
    outer loop
      vertex 27.4523 37.2799 5.69
      vertex 26.3518 36.2076 4.19
      vertex 27.119 37.4966 5.69
    endloop
  endfacet
  facet normal -0.20792 -0.676121 -0.706844
    outer loop
      vertex 23.6671 29.8163 4.19
      vertex 22.9037 28.4829 5.69
      vertex 23.4011 29.8981 4.19
    endloop
  endfacet
  facet normal 0.64079 0.299664 -0.706816
    outer loop
      vertex 29.1716 35.1364 5.69
      vertex 27.7887 34.5555 4.19
      vertex 29.0032 35.4965 5.69
    endloop
  endfacet
  facet normal 0.514854 -0.485122 -0.706811
    outer loop
      vertex 28.3346 29.9189 5.69
      vertex 27.0119 30.7006 4.19
      vertex 27.2028 30.9032 4.19
    endloop
  endfacet
  facet normal 0.47476 -0.524407 -0.706825
    outer loop
      vertex 27.7673 29.3627 5.69
      vertex 27.0119 30.7006 4.19
      vertex 28.062 29.6295 5.69
    endloop
  endfacet
  facet normal -0.56895 -0.42035 -0.706826
    outer loop
      vertex 20.6615 30.0715 5.69
      vertex 20.4253 30.3912 5.69
      vertex 21.6662 31.2339 4.19
    endloop
  endfacet
  facet normal -0.313254 0.634197 -0.70687
    outer loop
      vertex 22.1775 37.5949 5.69
      vertex 22.9717 36.3153 4.19
      vertex 22.9285 36.2955 4.19138
    endloop
  endfacet
  facet normal -0.327024 0.660104 -0.676253
    outer loop
      vertex 22.8928 36.2764 4.19
      vertex 22.9285 36.2955 4.19138
      vertex 22.9146 36.2872 4.19
    endloop
  endfacet
  facet normal -0.312191 0.634788 -0.706811
    outer loop
      vertex 22.9717 36.3153 4.19
      vertex 22.1775 37.5949 5.69
      vertex 23.1425 36.3993 4.19
    endloop
  endfacet
  facet normal -0.312265 0.634726 -0.706833
    outer loop
      vertex 22.1775 37.5949 5.69
      vertex 22.9285 36.2955 4.19138
      vertex 22.8928 36.2764 4.19
    endloop
  endfacet
  facet normal 0.551784 -0.442633 -0.706831
    outer loop
      vertex 28.5834 30.229 5.69
      vertex 27.3035 31.0288 4.19
      vertex 27.3769 31.1203 4.19
    endloop
  endfacet
  facet normal 0.551746 -0.442687 -0.706827
    outer loop
      vertex 28.5834 30.229 5.69
      vertex 27.2713 30.9845 4.19261
      vertex 27.3035 31.0288 4.19
    endloop
  endfacet
  facet normal 0.551838 -0.442553 -0.70684
    outer loop
      vertex 28.5834 30.229 5.69
      vertex 27.2447 30.9555 4.19
      vertex 27.2713 30.9845 4.19261
    endloop
  endfacet
  facet normal 0.552032 -0.442259 -0.706871
    outer loop
      vertex 27.2447 30.9555 4.19
      vertex 28.5834 30.229 5.69
      vertex 27.2028 30.9032 4.19
    endloop
  endfacet
  facet normal 0.014056 -0.707247 -0.706827
    outer loop
      vertex 24.8599 28.2089 5.69
      vertex 24.4624 28.201 5.69
      vertex 24.4922 29.7007 4.19
    endloop
  endfacet
  facet normal 0.47476 0.524407 -0.706825
    outer loop
      vertex 28.062 36.7705 5.69
      vertex 27.0119 35.6994 4.19
      vertex 27.7673 37.0373 5.69
    endloop
  endfacet
  facet normal 0.0701229 -0.703926 -0.706803
    outer loop
      vertex 25.2555 28.2484 5.69
      vertex 24.9169 29.7208 4.19
      vertex 25.0474 29.7338 4.19
    endloop
  endfacet
  facet normal 0.0702627 -0.703903 -0.706812
    outer loop
      vertex 25.2555 28.2484 5.69
      vertex 24.8613 29.7128 4.19244
      vertex 24.9169 29.7208 4.19
    endloop
  endfacet
  facet normal 0.0701595 -0.703922 -0.706803
    outer loop
      vertex 24.7705 29.7062 4.19
      vertex 24.8613 29.7128 4.19244
      vertex 25.2555 28.2484 5.69
    endloop
  endfacet
  facet normal 0.0693241 -0.685944 -0.724344
    outer loop
      vertex 24.8613 29.7128 4.19244
      vertex 24.7705 29.7062 4.19
      vertex 24.8269 29.7119 4.19
    endloop
  endfacet
  facet normal -0.671832 0.22136 -0.706853
    outer loop
      vertex 19.8786 34.9516 5.69
      vertex 21.2161 34.2211 4.19
      vertex 21.2036 34.1861 4.19092
    endloop
  endfacet
  facet normal -0.641265 0.21525 -0.73651
    outer loop
      vertex 21.1965 34.1618 4.19
      vertex 21.2036 34.1861 4.19092
      vertex 21.2013 34.1761 4.19
    endloop
  endfacet
  facet normal -0.671888 0.221231 -0.70684
    outer loop
      vertex 21.2161 34.2211 4.19
      vertex 19.8786 34.9516 5.69
      vertex 21.2836 34.4261 4.19
    endloop
  endfacet
  facet normal -0.671155 0.222867 -0.707023
    outer loop
      vertex 19.8786 34.9516 5.69
      vertex 21.2036 34.1861 4.19092
      vertex 21.1965 34.1618 4.19
    endloop
  endfacet
  facet normal -0.533776 -0.464207 -0.70682
    outer loop
      vertex 20.9224 29.7715 5.69
      vertex 20.6615 30.0715 5.69
      vertex 21.8316 31.01 4.19
    endloop
  endfacet
  facet normal -0.600578 0.373772 -0.706824
    outer loop
      vertex 21.5192 34.9299 4.19
      vertex 20.4253 36.0088 5.69
      vertex 21.6662 35.1661 4.19
    endloop
  endfacet
  facet normal 0.640681 -0.299824 -0.706848
    outer loop
      vertex 29.0032 30.9035 5.69
      vertex 27.7244 31.7072 4.19
      vertex 27.7887 31.8446 4.19
    endloop
  endfacet
  facet normal 0.641145 -0.298973 -0.706787
    outer loop
      vertex 29.0032 30.9035 5.69
      vertex 27.7027 31.6557 4.1921
      vertex 27.7244 31.7072 4.19
    endloop
  endfacet
  facet normal 0.640668 -0.299888 -0.706832
    outer loop
      vertex 27.6708 31.5925 4.19
      vertex 27.7027 31.6557 4.1921
      vertex 29.0032 30.9035 5.69
    endloop
  endfacet
  facet normal 0.641581 -0.300384 -0.705793
    outer loop
      vertex 27.7027 31.6557 4.1921
      vertex 27.6708 31.5925 4.19
      vertex 27.6892 31.6318 4.19
    endloop
  endfacet
  facet normal 0.514922 0.485031 -0.706824
    outer loop
      vertex 28.3346 36.4811 5.69
      vertex 27.0119 35.6994 4.19
      vertex 28.062 36.7705 5.69
    endloop
  endfacet
  facet normal -0.495191 0.505155 -0.706827
    outer loop
      vertex 22.213 35.7948 4.19
      vertex 20.9224 36.6285 5.69
      vertex 21.2063 36.9068 5.69
    endloop
  endfacet
  facet normal -0.0415081 -0.706156 -0.706839
    outer loop
      vertex 24.4619 29.7014 4.19108
      vertex 24.4922 29.7007 4.19
      vertex 24.4624 28.201 5.69
    endloop
  endfacet
  facet normal -0.0417325 -0.686689 -0.725752
    outer loop
      vertex 24.4922 29.7007 4.19
      vertex 24.4619 29.7014 4.19108
      vertex 24.4741 29.7018 4.19
    endloop
  endfacet
  facet normal -0.0431711 -0.706106 -0.706789
    outer loop
      vertex 24.4624 28.201 5.69
      vertex 24.4207 29.705 4.19
      vertex 24.4619 29.7014 4.19108
    endloop
  endfacet
  facet normal -0.0421004 -0.706123 -0.706836
    outer loop
      vertex 24.4207 29.705 4.19
      vertex 24.4624 28.201 5.69
      vertex 24.2144 29.7173 4.19
    endloop
  endfacet
  facet normal -0.67195 -0.221137 -0.706811
    outer loop
      vertex 19.8786 31.4484 5.69
      vertex 19.7543 31.8261 5.69
      vertex 21.1965 32.2382 4.19
    endloop
  endfacet
  facet normal 0.614932 0.349647 -0.706828
    outer loop
      vertex 27.6708 34.8075 4.19
      vertex 27.5332 35.0495 4.19
      vertex 29.0032 35.4965 5.69
    endloop
  endfacet
  facet normal -0.523376 0.452922 -0.721761
    outer loop
      vertex 21.9832 35.5666 4.19152
      vertex 22.0142 35.6 4.19
      vertex 21.9962 35.5792 4.19
    endloop
  endfacet
  facet normal -0.533806 0.46418 -0.706815
    outer loop
      vertex 20.9224 36.6285 5.69
      vertex 21.9516 35.528 4.19
      vertex 21.8316 35.39 4.19
    endloop
  endfacet
  facet normal -0.534248 0.463693 -0.706801
    outer loop
      vertex 21.9832 35.5666 4.19152
      vertex 20.9224 36.6285 5.69
      vertex 22.0142 35.6 4.19
    endloop
  endfacet
  facet normal -0.533452 0.464546 -0.706842
    outer loop
      vertex 21.9516 35.528 4.19
      vertex 20.9224 36.6285 5.69
      vertex 21.9832 35.5666 4.19152
    endloop
  endfacet
  facet normal -0.70739 0 -0.706824
    outer loop
      vertex 21.0646 33.0609 4.19
      vertex 19.5658 33.3988 5.69
      vertex 21.0646 33.3391 4.19
    endloop
  endfacet
  facet normal -0.70739 -0 -0.706824
    outer loop
      vertex 19.5658 33.3988 5.69
      vertex 21.0646 33.0609 4.19
      vertex 19.5658 33.0012 5.69
    endloop
  endfacet
  facet normal -0.671888 -0.221231 -0.70684
    outer loop
      vertex 19.8786 31.4484 5.69
      vertex 21.2161 32.1789 4.19
      vertex 21.2836 31.9739 4.19
    endloop
  endfacet
  facet normal -0.641265 -0.21525 -0.73651
    outer loop
      vertex 21.2036 32.2139 4.19092
      vertex 21.1965 32.2382 4.19
      vertex 21.2013 32.2239 4.19
    endloop
  endfacet
  facet normal -0.671155 -0.222867 -0.707023
    outer loop
      vertex 21.2036 32.2139 4.19092
      vertex 19.8786 31.4484 5.69
      vertex 21.1965 32.2382 4.19
    endloop
  endfacet
  facet normal -0.671832 -0.22136 -0.706853
    outer loop
      vertex 21.2161 32.1789 4.19
      vertex 19.8786 31.4484 5.69
      vertex 21.2036 32.2139 4.19092
    endloop
  endfacet
  facet normal -0.41131 0.580673 -0.702597
    outer loop
      vertex 22.5863 36.0892 4.19229
      vertex 22.6536 36.1341 4.19
      vertex 22.6128 36.1052 4.19
    endloop
  endfacet
  facet normal -0.408778 0.577305 -0.706838
    outer loop
      vertex 21.8358 37.3915 5.69
      vertex 22.5416 36.0547 4.19
      vertex 22.4265 35.9732 4.19
    endloop
  endfacet
  facet normal -0.409083 0.57712 -0.706812
    outer loop
      vertex 22.5863 36.0892 4.19229
      vertex 21.8358 37.3915 5.69
      vertex 22.6536 36.1341 4.19
    endloop
  endfacet
  facet normal -0.409173 0.577062 -0.706807
    outer loop
      vertex 22.5416 36.0547 4.19
      vertex 21.8358 37.3915 5.69
      vertex 22.5863 36.0892 4.19229
    endloop
  endfacet
  facet normal -0.687319 0.167248 -0.706839
    outer loop
      vertex 21.1308 33.8913 4.19
      vertex 19.6603 34.1876 5.69
      vertex 19.7543 34.5739 5.69
    endloop
  endfacet
  facet normal 0.514854 0.485122 -0.706811
    outer loop
      vertex 27.2028 35.4968 4.19
      vertex 27.0119 35.6994 4.19
      vertex 28.3346 36.4811 5.69
    endloop
  endfacet
  facet normal 0.180759 0.683896 -0.706833
    outer loop
      vertex 26.0311 37.9793 5.69
      vertex 25.5903 36.5455 4.19
      vertex 25.6467 38.0809 5.69
    endloop
  endfacet
  facet normal -0.652113 -0.274137 -0.706822
    outer loop
      vertex 19.8786 31.4484 5.69
      vertex 21.3584 31.7958 4.19
      vertex 21.3914 31.7173 4.19
    endloop
  endfacet
  facet normal -0.652069 -0.274224 -0.706829
    outer loop
      vertex 19.8786 31.4484 5.69
      vertex 21.321 31.8849 4.19
      vertex 21.3379 31.8376 4.19276
    endloop
  endfacet
  facet normal -0.652134 -0.274043 -0.706839
    outer loop
      vertex 21.321 31.8849 4.19
      vertex 19.8786 31.4484 5.69
      vertex 21.2836 31.9739 4.19
    endloop
  endfacet
  facet normal -0.652392 -0.273277 -0.706898
    outer loop
      vertex 21.3584 31.7958 4.19
      vertex 19.8786 31.4484 5.69
      vertex 21.3379 31.8376 4.19276
    endloop
  endfacet
  facet normal -0.408905 -0.577235 -0.706822
    outer loop
      vertex 21.8358 29.0085 5.69
      vertex 21.5114 29.2383 5.69
      vertex 22.4265 30.4268 4.19
    endloop
  endfacet
  facet normal 0.286836 -0.646627 -0.706823
    outer loop
      vertex 26.4061 28.5526 5.69
      vertex 25.8528 29.9468 4.19
      vertex 26.7695 28.7138 5.69
    endloop
  endfacet
  facet normal 0.68019 0.194289 -0.706819
    outer loop
      vertex 29.4201 34.3817 5.69
      vertex 27.8862 34.2948 4.19
      vertex 29.3109 34.764 5.69
    endloop
  endfacet
  facet normal -0.312291 0.634724 -0.706824
    outer loop
      vertex 23.1425 36.3993 4.19
      vertex 22.1775 37.5949 5.69
      vertex 22.5342 37.7704 5.69
    endloop
  endfacet
  facet normal -0.568683 0.420659 -0.706856
    outer loop
      vertex 20.6615 36.3285 5.69
      vertex 21.7645 35.2991 4.19
      vertex 21.7302 35.2572 4.19266
    endloop
  endfacet
  facet normal -0.563895 0.416965 -0.712856
    outer loop
      vertex 21.6662 35.1661 4.19
      vertex 21.7302 35.2572 4.19266
      vertex 21.7082 35.2229 4.19
    endloop
  endfacet
  facet normal -0.569133 0.420119 -0.706816
    outer loop
      vertex 21.7645 35.2991 4.19
      vertex 20.6615 36.3285 5.69
      vertex 21.8316 35.39 4.19
    endloop
  endfacet
  facet normal -0.568955 0.420344 -0.706825
    outer loop
      vertex 20.6615 36.3285 5.69
      vertex 21.7302 35.2572 4.19266
      vertex 21.6662 35.1661 4.19
    endloop
  endfacet
  facet normal 0.662557 0.247836 -0.70682
    outer loop
      vertex 29.3109 34.764 5.69
      vertex 27.8862 34.2948 4.19
      vertex 29.1716 35.1364 5.69
    endloop
  endfacet
  facet normal -0.45343 -0.542955 -0.706824
    outer loop
      vertex 21.5114 29.2383 5.69
      vertex 22.3143 30.5205 4.19
      vertex 22.4265 30.4268 4.19
    endloop
  endfacet
  facet normal -0.467653 -0.558066 -0.685466
    outer loop
      vertex 22.2698 30.5549 4.1922
      vertex 22.213 30.6052 4.19
      vertex 22.2488 30.5752 4.19
    endloop
  endfacet
  facet normal -0.453426 -0.542936 -0.706842
    outer loop
      vertex 22.2698 30.5549 4.1922
      vertex 21.5114 29.2383 5.69
      vertex 22.213 30.6052 4.19
    endloop
  endfacet
  facet normal -0.45422 -0.542382 -0.706757
    outer loop
      vertex 22.3143 30.5205 4.19
      vertex 21.5114 29.2383 5.69
      vertex 22.2698 30.5549 4.1922
    endloop
  endfacet
  facet normal 0.640586 0.299998 -0.70686
    outer loop
      vertex 27.7244 34.6928 4.19
      vertex 29.0032 35.4965 5.69
      vertex 27.7887 34.5555 4.19
    endloop
  endfacet
  facet normal 0.641145 0.298973 -0.706787
    outer loop
      vertex 27.7027 34.7443 4.1921
      vertex 29.0032 35.4965 5.69
      vertex 27.7244 34.6928 4.19
    endloop
  endfacet
  facet normal 0.641581 0.300384 -0.705793
    outer loop
      vertex 27.6708 34.8075 4.19
      vertex 27.7027 34.7443 4.1921
      vertex 27.6892 34.7682 4.19
    endloop
  endfacet
  facet normal 0.640668 0.299888 -0.706832
    outer loop
      vertex 27.7027 34.7443 4.1921
      vertex 27.6708 34.8075 4.19
      vertex 29.0032 35.4965 5.69
    endloop
  endfacet
  facet normal 0.337308 0.621777 -0.706836
    outer loop
      vertex 27.119 37.4966 5.69
      vertex 26.3518 36.2076 4.19
      vertex 26.7695 37.6862 5.69
    endloop
  endfacet
  facet normal 0.693472 0.139551 -0.706839
    outer loop
      vertex 27.9785 33.9487 4.19
      vertex 29.4987 33.992 5.69
      vertex 28.0176 33.7544 4.19
    endloop
  endfacet
  facet normal 0.693298 0.141083 -0.706707
    outer loop
      vertex 27.9708 33.9927 4.19123
      vertex 29.4987 33.992 5.69
      vertex 27.9785 33.9487 4.19
    endloop
  endfacet
  facet normal 0.689831 0.138626 -0.710574
    outer loop
      vertex 27.9626 34.0272 4.19
      vertex 27.9708 33.9927 4.19123
      vertex 27.9668 34.0063 4.19
    endloop
  endfacet
  facet normal 0.693443 0.139617 -0.706855
    outer loop
      vertex 27.9708 33.9927 4.19123
      vertex 27.9626 34.0272 4.19
      vertex 29.4987 33.992 5.69
    endloop
  endfacet
  facet normal 0.125804 -0.696102 -0.706834
    outer loop
      vertex 25.6467 28.3191 5.69
      vertex 25.2555 28.2484 5.69
      vertex 25.3212 29.7834 4.19
    endloop
  endfacet
  facet normal 0.693422 0.139859 -0.706828
    outer loop
      vertex 29.4987 33.992 5.69
      vertex 27.9626 34.0272 4.19
      vertex 29.4201 34.3817 5.69
    endloop
  endfacet
  facet normal -0.716303 0.115961 -0.688086
    outer loop
      vertex 21.1131 33.7968 4.1925
      vertex 21.1308 33.8913 4.19
      vertex 21.1212 33.832 4.19
    endloop
  endfacet
  facet normal -0.698446 0.11202 -0.706841
    outer loop
      vertex 19.5973 33.7951 5.69
      vertex 21.1067 33.7413 4.19
      vertex 21.0867 33.6166 4.19
    endloop
  endfacet
  facet normal -0.698432 0.112118 -0.70684
    outer loop
      vertex 21.1131 33.7968 4.1925
      vertex 19.5973 33.7951 5.69
      vertex 21.1308 33.8913 4.19
    endloop
  endfacet
  facet normal -0.698412 0.112376 -0.706819
    outer loop
      vertex 21.1067 33.7413 4.19
      vertex 19.5973 33.7951 5.69
      vertex 21.1131 33.7968 4.1925
    endloop
  endfacet
  facet normal 0.579799 0.394172 -0.713065
    outer loop
      vertex 27.5062 35.0922 4.19165
      vertex 27.5332 35.0495 4.19
      vertex 27.516 35.0748 4.19
    endloop
  endfacet
  facet normal 0.585227 0.397363 -0.706832
    outer loop
      vertex 27.5332 35.0495 4.19
      vertex 27.5062 35.0922 4.19165
      vertex 28.5834 36.171 5.69
    endloop
  endfacet
  facet normal 0.585534 0.396993 -0.706786
    outer loop
      vertex 27.4758 35.1341 4.19
      vertex 28.5834 36.171 5.69
      vertex 27.5062 35.0922 4.19165
    endloop
  endfacet
  facet normal 0.585152 0.39747 -0.706834
    outer loop
      vertex 28.5834 36.171 5.69
      vertex 27.4758 35.1341 4.19
      vertex 27.3769 35.2797 4.19
    endloop
  endfacet
  facet normal 0.702386 -0.0838125 -0.706845
    outer loop
      vertex 29.546 32.8027 5.69
      vertex 28.0415 32.8448 4.19
      vertex 28.0507 32.9219 4.19
    endloop
  endfacet
  facet normal 0.702373 -0.0839847 -0.706837
    outer loop
      vertex 29.546 32.8027 5.69
      vertex 28.039 32.801 4.19272
      vertex 28.0415 32.8448 4.19
    endloop
  endfacet
  facet normal 0.702369 -0.0840485 -0.706833
    outer loop
      vertex 29.546 32.8027 5.69
      vertex 28.0301 32.7495 4.19
      vertex 28.039 32.801 4.19272
    endloop
  endfacet
  facet normal 0.70235 -0.0844984 -0.706798
    outer loop
      vertex 28.0301 32.7495 4.19
      vertex 29.546 32.8027 5.69
      vertex 28.0176 32.6456 4.19
    endloop
  endfacet
  facet normal -0.687423 -0.166964 -0.706805
    outer loop
      vertex 21.1965 32.2382 4.19
      vertex 19.7543 31.8261 5.69
      vertex 21.1308 32.5087 4.19
    endloop
  endfacet
  facet normal -0.45422 0.542382 -0.706757
    outer loop
      vertex 21.5114 37.1617 5.69
      vertex 22.3143 35.8795 4.19
      vertex 22.2698 35.8451 4.1922
    endloop
  endfacet
  facet normal -0.467653 0.558066 -0.685466
    outer loop
      vertex 22.213 35.7948 4.19
      vertex 22.2698 35.8451 4.1922
      vertex 22.2488 35.8248 4.19
    endloop
  endfacet
  facet normal -0.45343 0.542955 -0.706824
    outer loop
      vertex 22.3143 35.8795 4.19
      vertex 21.5114 37.1617 5.69
      vertex 22.4265 35.9732 4.19
    endloop
  endfacet
  facet normal -0.453426 0.542936 -0.706842
    outer loop
      vertex 21.5114 37.1617 5.69
      vertex 22.2698 35.8451 4.1922
      vertex 22.213 35.7948 4.19
    endloop
  endfacet
  facet normal 0.702353 0.0841684 -0.706835
    outer loop
      vertex 29.546 33.5973 5.69
      vertex 28.0176 33.7544 4.19
      vertex 29.4987 33.992 5.69
    endloop
  endfacet
  facet normal -0.153545 0.690509 -0.706838
    outer loop
      vertex 23.9388 36.6441 4.19
      vertex 23.2837 38.0339 5.69
      vertex 23.6718 38.1202 5.69
    endloop
  endfacet
  facet normal -0.628343 -0.324938 -0.706824
    outer loop
      vertex 20.2152 30.7288 5.69
      vertex 20.0326 31.0819 5.69
      vertex 21.5192 31.4701 4.19
    endloop
  endfacet
  facet normal -0.569133 -0.420119 -0.706816
    outer loop
      vertex 20.6615 30.0715 5.69
      vertex 21.7645 31.1009 4.19
      vertex 21.8316 31.01 4.19
    endloop
  endfacet
  facet normal -0.563895 -0.416965 -0.712856
    outer loop
      vertex 21.7302 31.1428 4.19266
      vertex 21.6662 31.2339 4.19
      vertex 21.7082 31.1771 4.19
    endloop
  endfacet
  facet normal -0.568955 -0.420344 -0.706825
    outer loop
      vertex 21.7302 31.1428 4.19266
      vertex 20.6615 30.0715 5.69
      vertex 21.6662 31.2339 4.19
    endloop
  endfacet
  facet normal -0.568683 -0.420659 -0.706856
    outer loop
      vertex 21.7645 31.1009 4.19
      vertex 20.6615 30.0715 5.69
      vertex 21.7302 31.1428 4.19266
    endloop
  endfacet
  facet normal 0.614936 0.349638 -0.706829
    outer loop
      vertex 29.0032 35.4965 5.69
      vertex 27.5332 35.0495 4.19
      vertex 28.8067 35.8421 5.69
    endloop
  endfacet
  facet normal -0.41131 -0.580673 -0.702597
    outer loop
      vertex 22.6536 30.2659 4.19
      vertex 22.5863 30.3108 4.19229
      vertex 22.6128 30.2948 4.19
    endloop
  endfacet
  facet normal -0.409173 -0.577062 -0.706807
    outer loop
      vertex 21.8358 29.0085 5.69
      vertex 22.5416 30.3453 4.19
      vertex 22.5863 30.3108 4.19229
    endloop
  endfacet
  facet normal -0.408778 -0.577305 -0.706838
    outer loop
      vertex 22.5416 30.3453 4.19
      vertex 21.8358 29.0085 5.69
      vertex 22.4265 30.4268 4.19
    endloop
  endfacet
  facet normal -0.409083 -0.57712 -0.706812
    outer loop
      vertex 21.8358 29.0085 5.69
      vertex 22.5863 30.3108 4.19229
      vertex 22.6536 30.2659 4.19
    endloop
  endfacet
  facet normal 0.014056 0.707247 -0.706827
    outer loop
      vertex 24.4922 36.6993 4.19
      vertex 24.4624 38.199 5.69
      vertex 24.8599 38.1911 5.69
    endloop
  endfacet
  facet normal 0.55176 -0.442689 -0.706814
    outer loop
      vertex 28.3346 29.9189 5.69
      vertex 27.2028 30.9032 4.19
      vertex 28.5834 30.229 5.69
    endloop
  endfacet
  facet normal -0.629364 0.326337 -0.70527
    outer loop
      vertex 21.5142 34.9211 4.19039
      vertex 21.5192 34.9299 4.19
      vertex 21.5164 34.9245 4.19
    endloop
  endfacet
  facet normal -0.628437 0.32473 -0.706836
    outer loop
      vertex 20.0326 35.3181 5.69
      vertex 21.5057 34.9039 4.19
      vertex 21.3914 34.6827 4.19
    endloop
  endfacet
  facet normal -0.628107 0.325557 -0.70675
    outer loop
      vertex 21.5142 34.9211 4.19039
      vertex 20.0326 35.3181 5.69
      vertex 21.5192 34.9299 4.19
    endloop
  endfacet
  facet normal -0.627825 0.326285 -0.706664
    outer loop
      vertex 21.5057 34.9039 4.19
      vertex 20.0326 35.3181 5.69
      vertex 21.5142 34.9211 4.19039
    endloop
  endfacet
  facet normal 0.287085 0.646498 -0.706839
    outer loop
      vertex 26.0491 36.3661 4.19
      vertex 26.7695 37.6862 5.69
      vertex 26.1072 36.3403 4.19
    endloop
  endfacet
  facet normal 0.287297 0.646394 -0.706849
    outer loop
      vertex 26.0158 36.3837 4.19256
      vertex 26.7695 37.6862 5.69
      vertex 26.0491 36.3661 4.19
    endloop
  endfacet
  facet normal 0.286933 0.64658 -0.706827
    outer loop
      vertex 25.9642 36.4038 4.19
      vertex 26.7695 37.6862 5.69
      vertex 26.0158 36.3837 4.19256
    endloop
  endfacet
  facet normal 0.286764 0.64667 -0.706813
    outer loop
      vertex 26.7695 37.6862 5.69
      vertex 25.9642 36.4038 4.19
      vertex 25.8528 36.4532 4.19
    endloop
  endfacet
  facet normal 0.127231 0.699768 -0.702949
    outer loop
      vertex 25.2569 36.6303 4.192
      vertex 25.3212 36.6166 4.19
      vertex 25.2816 36.6238 4.19
    endloop
  endfacet
  facet normal 0.126323 0.696068 -0.706776
    outer loop
      vertex 25.2569 36.6303 4.192
      vertex 25.2555 38.1516 5.69
      vertex 25.3212 36.6166 4.19
    endloop
  endfacet
  facet normal 0.12637 0.696063 -0.706772
    outer loop
      vertex 25.2022 36.6382 4.19
      vertex 25.2555 38.1516 5.69
      vertex 25.2569 36.6303 4.192
    endloop
  endfacet
  facet normal 0.125912 0.696113 -0.706805
    outer loop
      vertex 25.2555 38.1516 5.69
      vertex 25.2022 36.6382 4.19
      vertex 25.0474 36.6662 4.19
    endloop
  endfacet
  facet normal -0.261029 0.657467 -0.706825
    outer loop
      vertex 23.1425 36.3993 4.19
      vertex 22.5342 37.7704 5.69
      vertex 22.9037 37.9171 5.69
    endloop
  endfacet
  facet normal 0 0 -1
    outer loop
      vertex 22.0142 30.8 4.19
      vertex 22.2488 30.5752 4.19
      vertex 22.213 30.6052 4.19
    endloop
  endfacet
  facet normal 0 0 -1
    outer loop
      vertex 22.2488 30.5752 4.19
      vertex 22.0142 30.8 4.19
      vertex 21.9962 30.8208 4.19
    endloop
  endfacet
  facet normal 0 0 -1
    outer loop
      vertex 22.6536 30.2659 4.19
      vertex 22.9146 30.1128 4.19
      vertex 22.8928 30.1236 4.19
    endloop
  endfacet
  facet normal 0 0 -1
    outer loop
      vertex 22.9146 30.1128 4.19
      vertex 22.6536 30.2659 4.19
      vertex 22.6128 30.2948 4.19
    endloop
  endfacet
  facet normal 0 0 -1
    outer loop
      vertex 26.3619 36.201 4.19
      vertex 26.1072 36.3403 4.19
      vertex 26.3518 36.2076 4.19
    endloop
  endfacet
  facet normal -0 -0 -1
    outer loop
      vertex 26.1072 36.3403 4.19
      vertex 26.3619 36.201 4.19
      vertex 26.0491 36.3661 4.19
    endloop
  endfacet
  facet normal 0 0 -1
    outer loop
      vertex 27.5332 31.3505 4.19
      vertex 27.6892 31.6318 4.19
      vertex 27.6708 31.5925 4.19
    endloop
  endfacet
  facet normal 0 0 -1
    outer loop
      vertex 27.6892 31.6318 4.19
      vertex 27.5332 31.3505 4.19
      vertex 27.516 31.3252 4.19
    endloop
  endfacet
  facet normal 0 0 -1
    outer loop
      vertex 21.5164 34.9245 4.19
      vertex 21.6662 35.1661 4.19
      vertex 21.7082 35.2229 4.19
    endloop
  endfacet
  facet normal 0 0 -1
    outer loop
      vertex 21.6662 35.1661 4.19
      vertex 21.5164 34.9245 4.19
      vertex 21.5192 34.9299 4.19
    endloop
  endfacet
  facet normal 0 0 -1
    outer loop
      vertex 24.8269 36.6881 4.19
      vertex 24.4922 36.6993 4.19
      vertex 24.7705 36.6938 4.19
    endloop
  endfacet
  facet normal 0 -0 -1
    outer loop
      vertex 24.4922 36.6993 4.19
      vertex 24.8269 36.6881 4.19
      vertex 24.4741 36.6982 4.19
    endloop
  endfacet
  facet normal -0 0 -1
    outer loop
      vertex 25.8528 29.9468 4.19
      vertex 25.693 29.8906 4.19
      vertex 25.9642 29.9962 4.19
    endloop
  endfacet
  facet normal -0 0 -1
    outer loop
      vertex 26.5851 30.3441 4.19
      vertex 26.3958 30.221 4.19
      vertex 26.6586 30.4006 4.19
    endloop
  endfacet
  facet normal 0 0 -1
    outer loop
      vertex 24.4922 29.7007 4.19
      vertex 24.8269 29.7119 4.19
      vertex 24.7705 29.7062 4.19
    endloop
  endfacet
  facet normal 0 0 -1
    outer loop
      vertex 24.8269 29.7119 4.19
      vertex 24.4922 29.7007 4.19
      vertex 24.4741 29.7018 4.19
    endloop
  endfacet
  facet normal 0 0 -1
    outer loop
      vertex 21.0646 33.0609 4.19
      vertex 21.0675 33.376 4.19
      vertex 21.0675 33.024 4.19
    endloop
  endfacet
  facet normal 0 0 -1
    outer loop
      vertex 21.0675 33.376 4.19
      vertex 21.0646 33.0609 4.19
      vertex 21.0646 33.3391 4.19
    endloop
  endfacet
  facet normal 0 0 -1
    outer loop
      vertex 25.6222 36.5343 4.19
      vertex 25.3212 36.6166 4.19
      vertex 25.5903 36.5455 4.19
    endloop
  endfacet
  facet normal -0 -0 -1
    outer loop
      vertex 25.3212 36.6166 4.19
      vertex 25.6222 36.5343 4.19
      vertex 25.2816 36.6238 4.19
    endloop
  endfacet
  facet normal 0 0 -1
    outer loop
      vertex 28.0618 33.2 4.19
      vertex 28.0415 33.5552 4.19
      vertex 28.0507 33.4781 4.19
    endloop
  endfacet
  facet normal -0 0 -1
    outer loop
      vertex 28.0507 32.9219 4.19
      vertex 28.0415 32.8448 4.19
      vertex 28.0618 33.2 4.19
    endloop
  endfacet
  facet normal 0 0 -1
    outer loop
      vertex 26.6586 35.9994 4.19
      vertex 26.3958 36.179 4.19
      vertex 26.5851 36.0559 4.19
    endloop
  endfacet
  facet normal 0 0 -1
    outer loop
      vertex 21.2013 34.1761 4.19
      vertex 21.1308 33.8913 4.19
      vertex 21.1965 34.1618 4.19
    endloop
  endfacet
  facet normal 0 -0 -1
    outer loop
      vertex 21.1308 33.8913 4.19
      vertex 21.2013 34.1761 4.19
      vertex 21.1212 33.832 4.19
    endloop
  endfacet
  facet normal 0 0 -1
    outer loop
      vertex 25.3212 29.7834 4.19
      vertex 25.6222 29.8657 4.19
      vertex 25.5903 29.8545 4.19
    endloop
  endfacet
  facet normal 0 0 -1
    outer loop
      vertex 25.6222 29.8657 4.19
      vertex 25.3212 29.7834 4.19
      vertex 25.2816 29.7762 4.19
    endloop
  endfacet
  facet normal -0 0 -1
    outer loop
      vertex 28.0176 32.6456 4.19
      vertex 27.9785 32.4513 4.19
      vertex 28.0301 32.7495 4.19
    endloop
  endfacet
  facet normal 0 0 -1
    outer loop
      vertex 21.0867 32.7834 4.19
      vertex 21.0737 32.9461 4.19
      vertex 21.1067 32.6587 4.19
    endloop
  endfacet
  facet normal 0 0 -1
    outer loop
      vertex 23.4011 29.8981 4.19
      vertex 23.6701 29.8156 4.19
      vertex 23.6671 29.8163 4.19
    endloop
  endfacet
  facet normal 0 0 -1
    outer loop
      vertex 23.6701 29.8156 4.19
      vertex 23.4011 29.8981 4.19
      vertex 23.3323 29.9254 4.19
    endloop
  endfacet
  facet normal 0 0 -1
    outer loop
      vertex 27.0053 30.6946 4.19
      vertex 27.2028 30.9032 4.19
      vertex 27.0119 30.7006 4.19
    endloop
  endfacet
  facet normal -0 0 -1
    outer loop
      vertex 27.2028 30.9032 4.19
      vertex 27.0053 30.6946 4.19
      vertex 27.2447 30.9555 4.19
    endloop
  endfacet
  facet normal 0 0 -1
    outer loop
      vertex 22.9146 36.2872 4.19
      vertex 22.6536 36.1341 4.19
      vertex 22.8928 36.2764 4.19
    endloop
  endfacet
  facet normal 0 -0 -1
    outer loop
      vertex 22.6536 36.1341 4.19
      vertex 22.9146 36.2872 4.19
      vertex 22.6128 36.1052 4.19
    endloop
  endfacet
  facet normal -0 0 -1
    outer loop
      vertex 26.8056 30.5139 4.19
      vertex 26.7352 30.4597 4.19
      vertex 26.9812 30.6728 4.19
    endloop
  endfacet
  facet normal -0 0 -1
    outer loop
      vertex 27.3769 31.1203 4.19
      vertex 27.3035 31.0288 4.19
      vertex 27.4758 31.2659 4.19
    endloop
  endfacet
  facet normal 0 0 -1
    outer loop
      vertex 26.1072 30.0597 4.19
      vertex 26.3619 30.199 4.19
      vertex 26.3518 30.1924 4.19
    endloop
  endfacet
  facet normal 0 0 -1
    outer loop
      vertex 26.3619 30.199 4.19
      vertex 26.1072 30.0597 4.19
      vertex 26.0491 30.0339 4.19
    endloop
  endfacet
  facet normal -0 0 -1
    outer loop
      vertex 25.0474 29.7338 4.19
      vertex 24.9169 29.7208 4.19
      vertex 25.2022 29.7618 4.19
    endloop
  endfacet
  facet normal -0 0 -1
    outer loop
      vertex 27.7887 31.8446 4.19
      vertex 27.7244 31.7072 4.19
      vertex 27.8363 31.9719 4.19
    endloop
  endfacet
  facet normal 0 0 -1
    outer loop
      vertex 25.9642 36.4038 4.19
      vertex 25.693 36.5094 4.19
      vertex 25.8528 36.4532 4.19
    endloop
  endfacet
  facet normal 0 0 -1
    outer loop
      vertex 27.6892 34.7682 4.19
      vertex 27.5332 35.0495 4.19
      vertex 27.6708 34.8075 4.19
    endloop
  endfacet
  facet normal -0 -0 -1
    outer loop
      vertex 27.5332 35.0495 4.19
      vertex 27.6892 34.7682 4.19
      vertex 27.516 35.0748 4.19
    endloop
  endfacet
  facet normal 0 0 -1
    outer loop
      vertex 22.5416 36.0547 4.19
      vertex 22.3143 35.8795 4.19
      vertex 22.4265 35.9732 4.19
    endloop
  endfacet
  facet normal 0 0 -1
    outer loop
      vertex 21.9516 35.528 4.19
      vertex 21.7645 35.2991 4.19
      vertex 21.8316 35.39 4.19
    endloop
  endfacet
  facet normal 0 0 -1
    outer loop
      vertex 21.321 34.5151 4.19
      vertex 21.2161 34.2211 4.19
      vertex 21.2836 34.4261 4.19
    endloop
  endfacet
  facet normal 0 0 -1
    outer loop
      vertex 21.2836 31.9739 4.19
      vertex 21.2161 32.1789 4.19
      vertex 21.321 31.8849 4.19
    endloop
  endfacet
  facet normal 0 0 -1
    outer loop
      vertex 22.4265 30.4268 4.19
      vertex 22.3143 30.5205 4.19
      vertex 22.5416 30.3453 4.19
    endloop
  endfacet
  facet normal 0 0 -1
    outer loop
      vertex 27.0053 35.7054 4.19
      vertex 27.2028 35.4968 4.19
      vertex 27.2447 35.4445 4.19
    endloop
  endfacet
  facet normal 0 0 -1
    outer loop
      vertex 27.2028 35.4968 4.19
      vertex 27.0053 35.7054 4.19
      vertex 27.0119 35.6994 4.19
    endloop
  endfacet
  facet normal 0 0 -1
    outer loop
      vertex 21.5057 34.9039 4.19
      vertex 21.3584 34.6042 4.19
      vertex 21.3914 34.6827 4.19
    endloop
  endfacet
  facet normal 0 0 -1
    outer loop
      vertex 21.3914 31.7173 4.19
      vertex 21.3584 31.7958 4.19
      vertex 21.5057 31.4961 4.19
    endloop
  endfacet
  facet normal 0 0 -1
    outer loop
      vertex 27.9668 34.0063 4.19
      vertex 27.8862 34.2948 4.19
      vertex 27.9626 34.0272 4.19
    endloop
  endfacet
  facet normal -0 -0 -1
    outer loop
      vertex 27.8862 34.2948 4.19
      vertex 27.9668 34.0063 4.19
      vertex 27.8675 34.3448 4.19
    endloop
  endfacet
  facet normal 0 0 -1
    outer loop
      vertex 21.5164 31.4755 4.19
      vertex 21.6662 31.2339 4.19
      vertex 21.5192 31.4701 4.19
    endloop
  endfacet
  facet normal 0 0 -1
    outer loop
      vertex 21.6662 31.2339 4.19
      vertex 21.5164 31.4755 4.19
      vertex 21.7082 31.1771 4.19
    endloop
  endfacet
  facet normal 0 0 -1
    outer loop
      vertex 21.1067 33.7413 4.19
      vertex 21.0737 33.4539 4.19
      vertex 21.0867 33.6166 4.19
    endloop
  endfacet
  facet normal 0 0 -1
    outer loop
      vertex 27.4758 35.1341 4.19
      vertex 27.3035 35.3712 4.19
      vertex 27.3769 35.2797 4.19
    endloop
  endfacet
  facet normal 0 0 -1
    outer loop
      vertex 27.8862 32.1052 4.19
      vertex 27.9668 32.3937 4.19
      vertex 27.9626 32.3728 4.19
    endloop
  endfacet
  facet normal 0 0 -1
    outer loop
      vertex 27.9668 32.3937 4.19
      vertex 27.8862 32.1052 4.19
      vertex 27.8675 32.0552 4.19
    endloop
  endfacet
  facet normal 0 0 -1
    outer loop
      vertex 21.1308 32.5087 4.19
      vertex 21.2013 32.2239 4.19
      vertex 21.1965 32.2382 4.19
    endloop
  endfacet
  facet normal 0 0 -1
    outer loop
      vertex 21.2013 32.2239 4.19
      vertex 21.1308 32.5087 4.19
      vertex 21.1212 32.568 4.19
    endloop
  endfacet
  facet normal 0 0 -1
    outer loop
      vertex 22.2488 35.8248 4.19
      vertex 22.0142 35.6 4.19
      vertex 22.213 35.7948 4.19
    endloop
  endfacet
  facet normal 0 -0 -1
    outer loop
      vertex 22.0142 35.6 4.19
      vertex 22.2488 35.8248 4.19
      vertex 21.9962 35.5792 4.19
    endloop
  endfacet
  facet normal 0 0 -1
    outer loop
      vertex 21.8316 31.01 4.19
      vertex 21.7645 31.1009 4.19
      vertex 21.9516 30.872 4.19
    endloop
  endfacet
  facet normal 0 0 -1
    outer loop
      vertex 27.8363 34.4281 4.19
      vertex 27.7244 34.6928 4.19
      vertex 27.7887 34.5555 4.19
    endloop
  endfacet
  facet normal 0 0 -1
    outer loop
      vertex 25.2022 36.6382 4.19
      vertex 24.9169 36.6792 4.19
      vertex 25.0474 36.6662 4.19
    endloop
  endfacet
  facet normal 0 0 -1
    outer loop
      vertex 24.2144 29.7173 4.19
      vertex 24.1148 29.7312 4.19
      vertex 24.4207 29.705 4.19
    endloop
  endfacet
  facet normal 0 0 -1
    outer loop
      vertex 26.9812 35.7272 4.19
      vertex 26.7352 35.9403 4.19
      vertex 26.8056 35.8861 4.19
    endloop
  endfacet
  facet normal 0 0 -1
    outer loop
      vertex 23.6701 36.5844 4.19
      vertex 23.4011 36.5019 4.19
      vertex 23.6671 36.5837 4.19
    endloop
  endfacet
  facet normal 0 -0 -1
    outer loop
      vertex 23.4011 36.5019 4.19
      vertex 23.6701 36.5844 4.19
      vertex 23.3323 36.4746 4.19
    endloop
  endfacet
  facet normal 0 0 -1
    outer loop
      vertex 24.0194 36.6554 4.19
      vertex 23.6823 36.5871 4.19
      vertex 23.9388 36.6441 4.19
    endloop
  endfacet
  facet normal 0 0 -1
    outer loop
      vertex 28.0301 33.6505 4.19
      vertex 27.9785 33.9487 4.19
      vertex 28.0176 33.7544 4.19
    endloop
  endfacet
  facet normal 0 0 -1
    outer loop
      vertex 24.4207 36.695 4.19
      vertex 24.1148 36.6688 4.19
      vertex 24.2144 36.6827 4.19
    endloop
  endfacet
  facet normal 0 0 -1
    outer loop
      vertex 23.9388 29.7559 4.19
      vertex 23.6823 29.8129 4.19
      vertex 24.0194 29.7446 4.19
    endloop
  endfacet
  facet normal 0 0 -1
    outer loop
      vertex 23.1425 30.0007 4.19
      vertex 22.9717 30.0847 4.19
      vertex 23.2436 29.9606 4.19
    endloop
  endfacet
  facet normal 0 0 -1
    outer loop
      vertex 23.2436 36.4394 4.19
      vertex 22.9717 36.3153 4.19
      vertex 23.1425 36.3993 4.19
    endloop
  endfacet
  facet normal -0.45354 -0.54286 -0.706827
    outer loop
      vertex 21.5114 29.2383 5.69
      vertex 21.2063 29.4932 5.69
      vertex 22.213 30.6052 4.19
    endloop
  endfacet
  facet normal -0.495191 -0.505155 -0.706827
    outer loop
      vertex 21.2063 29.4932 5.69
      vertex 20.9224 29.7715 5.69
      vertex 22.213 30.6052 4.19
    endloop
  endfacet
  facet normal -0.628343 0.324938 -0.706824
    outer loop
      vertex 21.5192 34.9299 4.19
      vertex 20.0326 35.3181 5.69
      vertex 20.2152 35.6712 5.69
    endloop
  endfacet
  facet normal -0.0977727 -0.700587 -0.706837
    outer loop
      vertex 24.0655 28.2247 5.69
      vertex 24.1148 29.7312 4.19
      vertex 24.2144 29.7173 4.19
    endloop
  endfacet
  facet normal -0.0983577 -0.700537 -0.706805
    outer loop
      vertex 24.0655 28.2247 5.69
      vertex 24.0637 29.7356 4.19275
      vertex 24.1148 29.7312 4.19
    endloop
  endfacet
  facet normal -0.0984443 -0.700531 -0.706799
    outer loop
      vertex 24.0655 28.2247 5.69
      vertex 24.0194 29.7446 4.19
      vertex 24.0637 29.7356 4.19275
    endloop
  endfacet
  facet normal -0.0982151 -0.700543 -0.706819
    outer loop
      vertex 24.0194 29.7446 4.19
      vertex 24.0655 28.2247 5.69
      vertex 23.9388 29.7559 4.19
    endloop
  endfacet
  facet normal 0.286836 0.646627 -0.706823
    outer loop
      vertex 26.7695 37.6862 5.69
      vertex 25.8528 36.4532 4.19
      vertex 26.4061 37.8474 5.69
    endloop
  endfacet
  facet normal -0.0421648 0.706127 -0.706829
    outer loop
      vertex 24.2144 36.6827 4.19
      vertex 24.0655 38.1753 5.69
      vertex 24.4624 38.199 5.69
    endloop
  endfacet
  facet normal 0.476308 -0.523291 -0.70661
    outer loop
      vertex 27.0011 30.69 4.19057
      vertex 27.0119 30.7006 4.19
      vertex 27.7673 29.3627 5.69
    endloop
  endfacet
  facet normal 0.472119 -0.519331 -0.71232
    outer loop
      vertex 27.0119 30.7006 4.19
      vertex 27.0011 30.69 4.19057
      vertex 27.0053 30.6946 4.19
    endloop
  endfacet
  facet normal 0.473995 -0.524974 -0.706917
    outer loop
      vertex 27.7673 29.3627 5.69
      vertex 26.9812 30.6728 4.19
      vertex 27.0011 30.69 4.19057
    endloop
  endfacet
  facet normal 0.474625 -0.524507 -0.70684
    outer loop
      vertex 26.9812 30.6728 4.19
      vertex 27.7673 29.3627 5.69
      vertex 26.8056 30.5139 4.19
    endloop
  endfacet
  facet normal -0.0421648 -0.706127 -0.706829
    outer loop
      vertex 24.4624 28.201 5.69
      vertex 24.0655 28.2247 5.69
      vertex 24.2144 29.7173 4.19
    endloop
  endfacet
  facet normal -0.698433 -0.112105 -0.706841
    outer loop
      vertex 19.6603 32.2124 5.69
      vertex 19.5973 32.6049 5.69
      vertex 21.1308 32.5087 4.19
    endloop
  endfacet
  facet normal 0.287085 -0.646498 -0.706839
    outer loop
      vertex 26.7695 28.7138 5.69
      vertex 26.0491 30.0339 4.19
      vertex 26.1072 30.0597 4.19
    endloop
  endfacet
  facet normal 0.287297 -0.646394 -0.706849
    outer loop
      vertex 26.7695 28.7138 5.69
      vertex 26.0158 30.0163 4.19256
      vertex 26.0491 30.0339 4.19
    endloop
  endfacet
  facet normal 0.286933 -0.64658 -0.706827
    outer loop
      vertex 26.7695 28.7138 5.69
      vertex 25.9642 29.9962 4.19
      vertex 26.0158 30.0163 4.19256
    endloop
  endfacet
  facet normal 0.286764 -0.64667 -0.706813
    outer loop
      vertex 25.9642 29.9962 4.19
      vertex 26.7695 28.7138 5.69
      vertex 25.8528 29.9468 4.19
    endloop
  endfacet
  facet normal 0.585227 -0.397363 -0.706832
    outer loop
      vertex 27.5062 31.3078 4.19165
      vertex 27.5332 31.3505 4.19
      vertex 28.5834 30.229 5.69
    endloop
  endfacet
  facet normal 0.579799 -0.394172 -0.713065
    outer loop
      vertex 27.5332 31.3505 4.19
      vertex 27.5062 31.3078 4.19165
      vertex 27.516 31.3252 4.19
    endloop
  endfacet
  facet normal 0.585534 -0.396993 -0.706786
    outer loop
      vertex 28.5834 30.229 5.69
      vertex 27.4758 31.2659 4.19
      vertex 27.5062 31.3078 4.19165
    endloop
  endfacet
  facet normal 0.585152 -0.39747 -0.706834
    outer loop
      vertex 27.4758 31.2659 4.19
      vertex 28.5834 30.229 5.69
      vertex 27.3769 31.1203 4.19
    endloop
  endfacet
  facet normal 0.585246 -0.397341 -0.706829
    outer loop
      vertex 28.5834 30.229 5.69
      vertex 27.5332 31.3505 4.19
      vertex 28.8067 30.5579 5.69
    endloop
  endfacet
  facet normal 0.337322 0.621771 -0.706834
    outer loop
      vertex 26.3518 36.2076 4.19
      vertex 26.1072 36.3403 4.19
      vertex 26.7695 37.6862 5.69
    endloop
  endfacet
  facet normal 0.551784 0.442633 -0.706831
    outer loop
      vertex 27.3035 35.3712 4.19
      vertex 28.5834 36.171 5.69
      vertex 27.3769 35.2797 4.19
    endloop
  endfacet
  facet normal 0.551746 0.442687 -0.706827
    outer loop
      vertex 27.2713 35.4155 4.19261
      vertex 28.5834 36.171 5.69
      vertex 27.3035 35.3712 4.19
    endloop
  endfacet
  facet normal 0.551838 0.442553 -0.70684
    outer loop
      vertex 27.2447 35.4445 4.19
      vertex 28.5834 36.171 5.69
      vertex 27.2713 35.4155 4.19261
    endloop
  endfacet
  facet normal 0.552032 0.442259 -0.706871
    outer loop
      vertex 28.5834 36.171 5.69
      vertex 27.2447 35.4445 4.19
      vertex 27.2028 35.4968 4.19
    endloop
  endfacet
  facet normal 0.431517 -0.560494 -0.706852
    outer loop
      vertex 27.4523 29.1201 5.69
      vertex 26.7352 30.4597 4.19
      vertex 26.8056 30.5139 4.19
    endloop
  endfacet
  facet normal 0.432653 -0.559759 -0.706739
    outer loop
      vertex 27.4523 29.1201 5.69
      vertex 26.6991 30.4283 4.19277
      vertex 26.7352 30.4597 4.19
    endloop
  endfacet
  facet normal 0.43165 -0.56043 -0.706821
    outer loop
      vertex 27.4523 29.1201 5.69
      vertex 26.6586 30.4006 4.19
      vertex 26.6991 30.4283 4.19277
    endloop
  endfacet
  facet normal 0.4311 -0.560811 -0.706855
    outer loop
      vertex 26.6586 30.4006 4.19
      vertex 27.4523 29.1201 5.69
      vertex 26.5851 30.3441 4.19
    endloop
  endfacet
  facet normal 0.680206 -0.194199 -0.706829
    outer loop
      vertex 29.4201 32.0183 5.69
      vertex 27.8862 32.1052 4.19
      vertex 27.9626 32.3728 4.19
    endloop
  endfacet
  facet normal -0.408905 0.577235 -0.706822
    outer loop
      vertex 22.4265 35.9732 4.19
      vertex 21.5114 37.1617 5.69
      vertex 21.8358 37.3915 5.69
    endloop
  endfacet
  facet normal 0.431621 0.560431 -0.706839
    outer loop
      vertex 27.7673 37.0373 5.69
      vertex 26.8056 35.8861 4.19
      vertex 27.4523 37.2799 5.69
    endloop
  endfacet
  facet normal 0.431621 -0.560431 -0.706839
    outer loop
      vertex 27.4523 29.1201 5.69
      vertex 26.8056 30.5139 4.19
      vertex 27.7673 29.3627 5.69
    endloop
  endfacet
  facet normal -0.698433 0.112105 -0.706841
    outer loop
      vertex 21.1308 33.8913 4.19
      vertex 19.5973 33.7951 5.69
      vertex 19.6603 34.1876 5.69
    endloop
  endfacet
  facet normal 0.0702828 0.703896 -0.706818
    outer loop
      vertex 25.2555 38.1516 5.69
      vertex 24.7705 36.6938 4.19
      vertex 24.8599 38.1911 5.69
    endloop
  endfacet
  facet normal 0.125804 0.696102 -0.706834
    outer loop
      vertex 25.3212 36.6166 4.19
      vertex 25.2555 38.1516 5.69
      vertex 25.6467 38.0809 5.69
    endloop
  endfacet
  facet normal 0.180697 0.683905 -0.70684
    outer loop
      vertex 25.5903 36.5455 4.19
      vertex 25.3212 36.6166 4.19
      vertex 25.6467 38.0809 5.69
    endloop
  endfacet
  facet normal 0.662557 -0.247836 -0.70682
    outer loop
      vertex 29.1716 31.2636 5.69
      vertex 27.8862 32.1052 4.19
      vertex 29.3109 31.636 5.69
    endloop
  endfacet
  facet normal 0.472119 0.519331 -0.71232
    outer loop
      vertex 27.0011 35.71 4.19057
      vertex 27.0119 35.6994 4.19
      vertex 27.0053 35.7054 4.19
    endloop
  endfacet
  facet normal 0.476308 0.523291 -0.70661
    outer loop
      vertex 27.0119 35.6994 4.19
      vertex 27.0011 35.71 4.19057
      vertex 27.7673 37.0373 5.69
    endloop
  endfacet
  facet normal 0.473995 0.524974 -0.706917
    outer loop
      vertex 26.9812 35.7272 4.19
      vertex 27.7673 37.0373 5.69
      vertex 27.0011 35.71 4.19057
    endloop
  endfacet
  facet normal 0.474625 0.524507 -0.70684
    outer loop
      vertex 27.7673 37.0373 5.69
      vertex 26.9812 35.7272 4.19
      vertex 26.8056 35.8861 4.19
    endloop
  endfacet
  facet normal 0.431517 0.560494 -0.706852
    outer loop
      vertex 26.7352 35.9403 4.19
      vertex 27.4523 37.2799 5.69
      vertex 26.8056 35.8861 4.19
    endloop
  endfacet
  facet normal 0.432653 0.559759 -0.706739
    outer loop
      vertex 26.6991 35.9717 4.19277
      vertex 27.4523 37.2799 5.69
      vertex 26.7352 35.9403 4.19
    endloop
  endfacet
  facet normal 0.43165 0.56043 -0.706821
    outer loop
      vertex 26.6586 35.9994 4.19
      vertex 27.4523 37.2799 5.69
      vertex 26.6991 35.9717 4.19277
    endloop
  endfacet
  facet normal 0.4311 0.560811 -0.706855
    outer loop
      vertex 27.4523 37.2799 5.69
      vertex 26.6586 35.9994 4.19
      vertex 26.5851 36.0559 4.19
    endloop
  endfacet
  facet normal 0.693422 -0.139859 -0.706828
    outer loop
      vertex 29.4201 32.0183 5.69
      vertex 27.9626 32.3728 4.19
      vertex 29.4987 32.408 5.69
    endloop
  endfacet
  facet normal 0.702353 -0.0841684 -0.706835
    outer loop
      vertex 29.4987 32.408 5.69
      vertex 28.0176 32.6456 4.19
      vertex 29.546 32.8027 5.69
    endloop
  endfacet
  facet normal 0.662666 -0.247622 -0.706793
    outer loop
      vertex 27.8583 32.0238 4.19236
      vertex 27.8862 32.1052 4.19
      vertex 29.1716 31.2636 5.69
    endloop
  endfacet
  facet normal 0.659162 -0.246527 -0.710443
    outer loop
      vertex 27.8862 32.1052 4.19
      vertex 27.8583 32.0238 4.19236
      vertex 27.8675 32.0552 4.19
    endloop
  endfacet
  facet normal 0.662219 -0.248566 -0.706881
    outer loop
      vertex 29.1716 31.2636 5.69
      vertex 27.8363 31.9719 4.19
      vertex 27.8583 32.0238 4.19236
    endloop
  endfacet
  facet normal 0.662585 -0.247754 -0.706823
    outer loop
      vertex 27.8363 31.9719 4.19
      vertex 29.1716 31.2636 5.69
      vertex 27.7887 31.8446 4.19
    endloop
  endfacet
  facet normal 0.706812 -0.0282115 -0.706839
    outer loop
      vertex 29.546 32.8027 5.69
      vertex 28.0507 32.9219 4.19
      vertex 28.0618 33.2 4.19
    endloop
  endfacet
  facet normal -0.0977727 0.700587 -0.706837
    outer loop
      vertex 24.1148 36.6688 4.19
      vertex 24.0655 38.1753 5.69
      vertex 24.2144 36.6827 4.19
    endloop
  endfacet
  facet normal -0.0983577 0.700537 -0.706805
    outer loop
      vertex 24.0637 36.6644 4.19275
      vertex 24.0655 38.1753 5.69
      vertex 24.1148 36.6688 4.19
    endloop
  endfacet
  facet normal -0.0984443 0.700531 -0.706799
    outer loop
      vertex 24.0194 36.6554 4.19
      vertex 24.0655 38.1753 5.69
      vertex 24.0637 36.6644 4.19275
    endloop
  endfacet
  facet normal -0.0982151 0.700543 -0.706819
    outer loop
      vertex 24.0655 38.1753 5.69
      vertex 24.0194 36.6554 4.19
      vertex 23.9388 36.6441 4.19
    endloop
  endfacet
  facet normal -0.67195 0.221137 -0.706811
    outer loop
      vertex 21.1965 34.1618 4.19
      vertex 19.7543 34.5739 5.69
      vertex 19.8786 34.9516 5.69
    endloop
  endfacet
  facet normal 0.659162 0.246527 -0.710443
    outer loop
      vertex 27.8583 34.3762 4.19236
      vertex 27.8862 34.2948 4.19
      vertex 27.8675 34.3448 4.19
    endloop
  endfacet
  facet normal 0.662666 0.247622 -0.706793
    outer loop
      vertex 27.8862 34.2948 4.19
      vertex 27.8583 34.3762 4.19236
      vertex 29.1716 35.1364 5.69
    endloop
  endfacet
  facet normal 0.662219 0.248566 -0.706881
    outer loop
      vertex 27.8363 34.4281 4.19
      vertex 29.1716 35.1364 5.69
      vertex 27.8583 34.3762 4.19236
    endloop
  endfacet
  facet normal 0.66266 0.247587 -0.706811
    outer loop
      vertex 29.1716 35.1364 5.69
      vertex 27.8363 34.4281 4.19
      vertex 27.7887 34.5555 4.19
    endloop
  endfacet
  facet normal 0.680206 0.194199 -0.706829
    outer loop
      vertex 27.9626 34.0272 4.19
      vertex 27.8862 34.2948 4.19
      vertex 29.4201 34.3817 5.69
    endloop
  endfacet
  facet normal 0.702386 0.0838125 -0.706845
    outer loop
      vertex 28.0415 33.5552 4.19
      vertex 29.546 33.5973 5.69
      vertex 28.0507 33.4781 4.19
    endloop
  endfacet
  facet normal 0.702373 0.0839847 -0.706837
    outer loop
      vertex 28.039 33.599 4.19272
      vertex 29.546 33.5973 5.69
      vertex 28.0415 33.5552 4.19
    endloop
  endfacet
  facet normal 0.702369 0.0840485 -0.706833
    outer loop
      vertex 28.0301 33.6505 4.19
      vertex 29.546 33.5973 5.69
      vertex 28.039 33.599 4.19272
    endloop
  endfacet
  facet normal 0.70235 0.0844984 -0.706798
    outer loop
      vertex 29.546 33.5973 5.69
      vertex 28.0301 33.6505 4.19
      vertex 28.0176 33.7544 4.19
    endloop
  endfacet
  facet normal 0.706812 0.0282115 -0.706839
    outer loop
      vertex 28.0618 33.2 4.19
      vertex 28.0507 33.4781 4.19
      vertex 29.546 33.5973 5.69
    endloop
  endfacet
  facet normal -0.600578 -0.373772 -0.706824
    outer loop
      vertex 21.6662 31.2339 4.19
      vertex 20.4253 30.3912 5.69
      vertex 21.5192 31.4701 4.19
    endloop
  endfacet
  facet normal -0.716303 -0.115961 -0.688086
    outer loop
      vertex 21.1308 32.5087 4.19
      vertex 21.1131 32.6032 4.1925
      vertex 21.1212 32.568 4.19
    endloop
  endfacet
  facet normal -0.698412 -0.112376 -0.706819
    outer loop
      vertex 19.5973 32.6049 5.69
      vertex 21.1067 32.6587 4.19
      vertex 21.1131 32.6032 4.1925
    endloop
  endfacet
  facet normal -0.698446 -0.11202 -0.706841
    outer loop
      vertex 21.1067 32.6587 4.19
      vertex 19.5973 32.6049 5.69
      vertex 21.0867 32.7834 4.19
    endloop
  endfacet
  facet normal -0.698432 -0.112118 -0.70684
    outer loop
      vertex 19.5973 32.6049 5.69
      vertex 21.1131 32.6032 4.1925
      vertex 21.1308 32.5087 4.19
    endloop
  endfacet
  facet normal -0.0417325 0.686689 -0.725752
    outer loop
      vertex 24.4619 36.6986 4.19108
      vertex 24.4922 36.6993 4.19
      vertex 24.4741 36.6982 4.19
    endloop
  endfacet
  facet normal -0.0415081 0.706156 -0.706839
    outer loop
      vertex 24.4922 36.6993 4.19
      vertex 24.4619 36.6986 4.19108
      vertex 24.4624 38.199 5.69
    endloop
  endfacet
  facet normal -0.0431711 0.706106 -0.706789
    outer loop
      vertex 24.4207 36.695 4.19
      vertex 24.4624 38.199 5.69
      vertex 24.4619 36.6986 4.19108
    endloop
  endfacet
  facet normal -0.0421004 0.706123 -0.706836
    outer loop
      vertex 24.4624 38.199 5.69
      vertex 24.4207 36.695 4.19
      vertex 24.2144 36.6827 4.19
    endloop
  endfacet
  facet normal -0.652146 -0.274026 -0.706835
    outer loop
      vertex 20.0326 31.0819 5.69
      vertex 19.8786 31.4484 5.69
      vertex 21.3914 31.7173 4.19
    endloop
  endfacet
  facet normal -0.153454 -0.690541 -0.706828
    outer loop
      vertex 23.2837 28.3661 5.69
      vertex 23.6823 29.8129 4.19
      vertex 23.9388 29.7559 4.19
    endloop
  endfacet
  facet normal -0.180664 -0.774274 -0.606515
    outer loop
      vertex 23.672 29.815 4.1902
      vertex 23.6671 29.8163 4.19
      vertex 23.6701 29.8156 4.19
    endloop
  endfacet
  facet normal -0.154298 -0.69033 -0.70685
    outer loop
      vertex 23.672 29.815 4.1902
      vertex 23.2837 28.3661 5.69
      vertex 23.6671 29.8163 4.19
    endloop
  endfacet
  facet normal -0.154464 -0.690289 -0.706853
    outer loop
      vertex 23.6823 29.8129 4.19
      vertex 23.2837 28.3661 5.69
      vertex 23.672 29.815 4.1902
    endloop
  endfacet
  facet normal -0.600585 0.373764 -0.706823
    outer loop
      vertex 21.5192 34.9299 4.19
      vertex 20.2152 35.6712 5.69
      vertex 20.4253 36.0088 5.69
    endloop
  endfacet
  facet normal -0.687319 -0.167248 -0.706839
    outer loop
      vertex 19.7543 31.8261 5.69
      vertex 19.6603 32.2124 5.69
      vertex 21.1308 32.5087 4.19
    endloop
  endfacet
  facet normal -0.709665 0.0557731 -0.702328
    outer loop
      vertex 21.0675 33.376 4.19
      vertex 21.0646 33.3391 4.19
      vertex 21.0675 33.3998 4.19189
    endloop
  endfacet
  facet normal -0.705156 0.0561195 -0.706827
    outer loop
      vertex 19.5973 33.7951 5.69
      vertex 21.0737 33.4539 4.19
      vertex 21.0675 33.3998 4.19189
    endloop
  endfacet
  facet normal -0.705122 0.0563404 -0.706844
    outer loop
      vertex 21.0737 33.4539 4.19
      vertex 19.5973 33.7951 5.69
      vertex 21.0867 33.6166 4.19
    endloop
  endfacet
  facet normal -0.705229 0.0557001 -0.706788
    outer loop
      vertex 19.5973 33.7951 5.69
      vertex 21.0675 33.3998 4.19189
      vertex 21.0646 33.3391 4.19
    endloop
  endfacet
  facet normal -0.4951 0.505266 -0.706811
    outer loop
      vertex 22.0142 35.6 4.19
      vertex 20.9224 36.6285 5.69
      vertex 22.213 35.7948 4.19
    endloop
  endfacet
  facet normal -0.0980447 0.700548 -0.706838
    outer loop
      vertex 23.9388 36.6441 4.19
      vertex 23.6718 38.1202 5.69
      vertex 24.0655 38.1753 5.69
    endloop
  endfacet
  facet normal -0.652146 0.274026 -0.706835
    outer loop
      vertex 21.3914 34.6827 4.19
      vertex 19.8786 34.9516 5.69
      vertex 20.0326 35.3181 5.69
    endloop
  endfacet
  facet normal -0.652392 0.273277 -0.706898
    outer loop
      vertex 19.8786 34.9516 5.69
      vertex 21.3584 34.6042 4.19
      vertex 21.3379 34.5624 4.19276
    endloop
  endfacet
  facet normal -0.652134 0.274043 -0.706839
    outer loop
      vertex 19.8786 34.9516 5.69
      vertex 21.321 34.5151 4.19
      vertex 21.2836 34.4261 4.19
    endloop
  endfacet
  facet normal -0.652113 0.274137 -0.706822
    outer loop
      vertex 21.3584 34.6042 4.19
      vertex 19.8786 34.9516 5.69
      vertex 21.3914 34.6827 4.19
    endloop
  endfacet
  facet normal -0.652069 0.274224 -0.706829
    outer loop
      vertex 21.321 34.5151 4.19
      vertex 19.8786 34.9516 5.69
      vertex 21.3379 34.5624 4.19276
    endloop
  endfacet
  facet normal -0.312191 -0.634788 -0.706811
    outer loop
      vertex 22.1775 28.8051 5.69
      vertex 22.9717 30.0847 4.19
      vertex 23.1425 30.0007 4.19
    endloop
  endfacet
  facet normal -0.327024 -0.660104 -0.676253
    outer loop
      vertex 22.9285 30.1045 4.19138
      vertex 22.8928 30.1236 4.19
      vertex 22.9146 30.1128 4.19
    endloop
  endfacet
  facet normal -0.312265 -0.634726 -0.706833
    outer loop
      vertex 22.9285 30.1045 4.19138
      vertex 22.1775 28.8051 5.69
      vertex 22.8928 30.1236 4.19
    endloop
  endfacet
  facet normal -0.313254 -0.634197 -0.70687
    outer loop
      vertex 22.9717 30.0847 4.19
      vertex 22.1775 28.8051 5.69
      vertex 22.9285 30.1045 4.19138
    endloop
  endfacet
  facet normal 0.180697 -0.683905 -0.70684
    outer loop
      vertex 25.6467 28.3191 5.69
      vertex 25.3212 29.7834 4.19
      vertex 25.5903 29.8545 4.19
    endloop
  endfacet
  facet normal -0.45354 0.54286 -0.706827
    outer loop
      vertex 22.213 35.7948 4.19
      vertex 21.2063 36.9068 5.69
      vertex 21.5114 37.1617 5.69
    endloop
  endfacet
  facet normal -0.361823 0.607841 -0.706833
    outer loop
      vertex 22.8928 36.2764 4.19
      vertex 21.8358 37.3915 5.69
      vertex 22.1775 37.5949 5.69
    endloop
  endfacet
  facet normal 0.38563 -0.593012 -0.706843
    outer loop
      vertex 27.4523 29.1201 5.69
      vertex 26.3958 30.221 4.19
      vertex 26.5851 30.3441 4.19
    endloop
  endfacet
  facet normal 0.38575 -0.592916 -0.706857
    outer loop
      vertex 27.4523 29.1201 5.69
      vertex 26.3692 30.2028 4.19075
      vertex 26.3958 30.221 4.19
    endloop
  endfacet
  facet normal 0.385145 -0.593407 -0.706775
    outer loop
      vertex 26.3518 30.1924 4.19
      vertex 26.3692 30.2028 4.19075
      vertex 27.4523 29.1201 5.69
    endloop
  endfacet
  facet normal 0.371098 -0.567893 -0.7347
    outer loop
      vertex 26.3692 30.2028 4.19075
      vertex 26.3518 30.1924 4.19
      vertex 26.3619 30.199 4.19
    endloop
  endfacet
  facet normal 0.234691 0.667323 -0.706824
    outer loop
      vertex 25.693 36.5094 4.19
      vertex 26.4061 37.8474 5.69
      vertex 25.8528 36.4532 4.19
    endloop
  endfacet
  facet normal 0.234478 0.667417 -0.706806
    outer loop
      vertex 25.6434 36.5287 4.19177
      vertex 26.4061 37.8474 5.69
      vertex 25.693 36.5094 4.19
    endloop
  endfacet
  facet normal 0.236293 0.673014 -0.70087
    outer loop
      vertex 25.5903 36.5455 4.19
      vertex 25.6434 36.5287 4.19177
      vertex 25.6222 36.5343 4.19
    endloop
  endfacet
  facet normal 0.23469 0.667319 -0.706828
    outer loop
      vertex 25.6434 36.5287 4.19177
      vertex 25.5903 36.5455 4.19
      vertex 26.4061 37.8474 5.69
    endloop
  endfacet
  facet normal -0.153545 -0.690509 -0.706838
    outer loop
      vertex 23.6718 28.2798 5.69
      vertex 23.2837 28.3661 5.69
      vertex 23.9388 29.7559 4.19
    endloop
  endfacet
  facet normal -0.0980447 -0.700548 -0.706838
    outer loop
      vertex 24.0655 28.2247 5.69
      vertex 23.6718 28.2798 5.69
      vertex 23.9388 29.7559 4.19
    endloop
  endfacet
  facet normal -0.154464 0.690289 -0.706853
    outer loop
      vertex 23.2837 38.0339 5.69
      vertex 23.6823 36.5871 4.19
      vertex 23.672 36.585 4.1902
    endloop
  endfacet
  facet normal -0.180664 0.774274 -0.606515
    outer loop
      vertex 23.6671 36.5837 4.19
      vertex 23.672 36.585 4.1902
      vertex 23.6701 36.5844 4.19
    endloop
  endfacet
  facet normal -0.153454 0.690541 -0.706828
    outer loop
      vertex 23.6823 36.5871 4.19
      vertex 23.2837 38.0339 5.69
      vertex 23.9388 36.6441 4.19
    endloop
  endfacet
  facet normal -0.154298 0.69033 -0.70685
    outer loop
      vertex 23.2837 38.0339 5.69
      vertex 23.672 36.585 4.1902
      vertex 23.6671 36.5837 4.19
    endloop
  endfacet
  facet normal 0.0702828 -0.703896 -0.706818
    outer loop
      vertex 24.8599 28.2089 5.69
      vertex 24.7705 29.7062 4.19
      vertex 25.2555 28.2484 5.69
    endloop
  endfacet
  facet normal 0.337322 -0.621771 -0.706834
    outer loop
      vertex 26.7695 28.7138 5.69
      vertex 26.1072 30.0597 4.19
      vertex 26.3518 30.1924 4.19
    endloop
  endfacet
  facet normal 0.38558 -0.593049 -0.706838
    outer loop
      vertex 27.119 28.9034 5.69
      vertex 26.3518 30.1924 4.19
      vertex 27.4523 29.1201 5.69
    endloop
  endfacet
  facet normal -0.260897 -0.6575 -0.706843
    outer loop
      vertex 22.9037 28.4829 5.69
      vertex 23.3323 29.9254 4.19
      vertex 23.4011 29.8981 4.19
    endloop
  endfacet
  facet normal -0.260932 -0.657488 -0.706841
    outer loop
      vertex 22.9037 28.4829 5.69
      vertex 23.2436 29.9606 4.19
      vertex 23.292 29.9385 4.19269
    endloop
  endfacet
  facet normal -0.2608 -0.657529 -0.706851
    outer loop
      vertex 23.2436 29.9606 4.19
      vertex 22.9037 28.4829 5.69
      vertex 23.1425 30.0007 4.19
    endloop
  endfacet
  facet normal -0.260908 -0.657496 -0.706842
    outer loop
      vertex 23.3323 29.9254 4.19
      vertex 22.9037 28.4829 5.69
      vertex 23.292 29.9385 4.19269
    endloop
  endfacet
  facet normal -0.261029 -0.657467 -0.706825
    outer loop
      vertex 22.9037 28.4829 5.69
      vertex 22.5342 28.6296 5.69
      vertex 23.1425 30.0007 4.19
    endloop
  endfacet
  facet normal -0.629364 -0.326337 -0.70527
    outer loop
      vertex 21.5192 31.4701 4.19
      vertex 21.5142 31.4789 4.19039
      vertex 21.5164 31.4755 4.19
    endloop
  endfacet
  facet normal -0.627825 -0.326285 -0.706664
    outer loop
      vertex 20.0326 31.0819 5.69
      vertex 21.5057 31.4961 4.19
      vertex 21.5142 31.4789 4.19039
    endloop
  endfacet
  facet normal -0.628437 -0.32473 -0.706836
    outer loop
      vertex 21.5057 31.4961 4.19
      vertex 20.0326 31.0819 5.69
      vertex 21.3914 31.7173 4.19
    endloop
  endfacet
  facet normal -0.628107 -0.325557 -0.70675
    outer loop
      vertex 20.0326 31.0819 5.69
      vertex 21.5142 31.4789 4.19039
      vertex 21.5192 31.4701 4.19
    endloop
  endfacet
  facet normal -0.600585 -0.373764 -0.706823
    outer loop
      vertex 20.4253 30.3912 5.69
      vertex 20.2152 30.7288 5.69
      vertex 21.5192 31.4701 4.19
    endloop
  endfacet
  facet normal -0.533776 0.464207 -0.70682
    outer loop
      vertex 21.8316 35.39 4.19
      vertex 20.6615 36.3285 5.69
      vertex 20.9224 36.6285 5.69
    endloop
  endfacet
  facet normal -0.56895 0.42035 -0.706826
    outer loop
      vertex 21.6662 35.1661 4.19
      vertex 20.4253 36.0088 5.69
      vertex 20.6615 36.3285 5.69
    endloop
  endfacet
  facet normal -0.361672 0.607955 -0.706812
    outer loop
      vertex 22.6536 36.1341 4.19
      vertex 21.8358 37.3915 5.69
      vertex 22.8928 36.2764 4.19
    endloop
  endfacet
  facet normal -0.20792 0.676121 -0.706844
    outer loop
      vertex 23.4011 36.5019 4.19
      vertex 22.9037 37.9171 5.69
      vertex 23.6671 36.5837 4.19
    endloop
  endfacet
  facet normal -0.260908 0.657496 -0.706842
    outer loop
      vertex 22.9037 37.9171 5.69
      vertex 23.3323 36.4746 4.19
      vertex 23.292 36.4615 4.19269
    endloop
  endfacet
  facet normal -0.2608 0.657529 -0.706851
    outer loop
      vertex 22.9037 37.9171 5.69
      vertex 23.2436 36.4394 4.19
      vertex 23.1425 36.3993 4.19
    endloop
  endfacet
  facet normal -0.260897 0.6575 -0.706843
    outer loop
      vertex 23.3323 36.4746 4.19
      vertex 22.9037 37.9171 5.69
      vertex 23.4011 36.5019 4.19
    endloop
  endfacet
  facet normal -0.260932 0.657488 -0.706841
    outer loop
      vertex 23.2436 36.4394 4.19
      vertex 22.9037 37.9171 5.69
      vertex 23.292 36.4615 4.19269
    endloop
  endfacet
  facet normal 0.985394 -0.170291 0
    outer loop
      vertex 68.9065 32.7495 4.19
      vertex 68.9154 32.801 2.5
      vertex 68.9154 32.801 4.19272
    endloop
  endfacet
  facet normal 0.985357 -0.170504 -6.68691e-06
    outer loop
      vertex 68.8549 32.4513 4.19
      vertex 68.9154 32.801 2.5
      vertex 68.9065 32.7495 4.19
    endloop
  endfacet
  facet normal 0.98503 -0.17238 0
    outer loop
      vertex 68.8472 32.4073 2.5
      vertex 68.8549 32.4513 4.19
      vertex 68.8472 32.4073 4.19123
    endloop
  endfacet
  facet normal 0.985325 -0.170686 -4.5449e-05
    outer loop
      vertex 68.8549 32.4513 4.19
      vertex 68.8472 32.4073 2.5
      vertex 68.9154 32.801 2.5
    endloop
  endfacet
  facet normal 0.998371 -0.0570578 0
    outer loop
      vertex 68.9179 32.8448 4.19
      vertex 68.9382 33.2 2.5
      vertex 68.9382 33.2 4.19
    endloop
  endfacet
  facet normal 0.998375 -0.0569849 0
    outer loop
      vertex 68.9154 32.801 2.5
      vertex 68.9179 32.8448 4.19
      vertex 68.9154 32.801 4.19272
    endloop
  endfacet
  facet normal 0.998371 -0.0570498 1.68786e-06
    outer loop
      vertex 68.9179 32.8448 4.19
      vertex 68.9154 32.801 2.5
      vertex 68.9382 33.2 2.5
    endloop
  endfacet
  facet normal 0.870699 -0.491817 0
    outer loop
      vertex 68.5656 31.6318 4.19
      vertex 68.5791 31.6557 2.5
      vertex 68.5791 31.6557 4.1921
    endloop
  endfacet
  facet normal 0.870679 -0.491851 -6.38532e-07
    outer loop
      vertex 68.3924 31.3252 4.19
      vertex 68.5791 31.6557 2.5
      vertex 68.5656 31.6318 4.19
    endloop
  endfacet
  facet normal 0.871308 -0.490737 0
    outer loop
      vertex 68.3826 31.3078 2.5
      vertex 68.3924 31.3252 4.19
      vertex 68.3826 31.3078 4.19165
    endloop
  endfacet
  facet normal 0.870712 -0.491793 1.43354e-05
    outer loop
      vertex 68.3924 31.3252 4.19
      vertex 68.3826 31.3078 2.5
      vertex 68.5791 31.6557 2.5
    endloop
  endfacet
  facet normal -0.993417 0.114556 0
    outer loop
      vertex 61.9895 33.7968 2.5
      vertex 61.9831 33.7413 4.19
      vertex 61.9895 33.7968 4.1925
    endloop
  endfacet
  facet normal -0.993472 0.114073 -1.6077e-05
    outer loop
      vertex 61.9895 33.7968 2.5
      vertex 61.9501 33.4539 4.19
      vertex 61.9831 33.7413 4.19
    endloop
  endfacet
  facet normal -0.993468 0.114111 -8.23287e-06
    outer loop
      vertex 61.9439 33.3998 2.5
      vertex 61.9501 33.4539 4.19
      vertex 61.9895 33.7968 2.5
    endloop
  endfacet
  facet normal -0.993497 0.113857 0
    outer loop
      vertex 61.9501 33.4539 4.19
      vertex 61.9439 33.3998 2.5
      vertex 61.9439 33.3998 4.19189
    endloop
  endfacet
  facet normal 0.654755 0.755841 1.72534e-05
    outer loop
      vertex 67.8576 35.7272 4.19
      vertex 67.8775 35.71 2.5
      vertex 67.6116 35.9403 4.19
    endloop
  endfacet
  facet normal 0.653917 0.756566 -0
    outer loop
      vertex 67.8775 35.71 2.5
      vertex 67.8576 35.7272 4.19
      vertex 67.8775 35.71 4.19057
    endloop
  endfacet
  facet normal 0.654883 0.75573 5.24619e-05
    outer loop
      vertex 67.5755 35.9717 2.5
      vertex 67.6116 35.9403 4.19
      vertex 67.8775 35.71 2.5
    endloop
  endfacet
  facet normal 0.656282 0.754516 0
    outer loop
      vertex 67.6116 35.9403 4.19
      vertex 67.5755 35.9717 2.5
      vertex 67.5755 35.9717 4.19277
    endloop
  endfacet
  facet normal 0.736943 -0.675955 0
    outer loop
      vertex 68.1211 30.9555 4.19
      vertex 68.1477 30.9845 2.5
      vertex 68.1477 30.9845 4.19261
    endloop
  endfacet
  facet normal 0.736814 -0.676095 9.12409e-06
    outer loop
      vertex 67.8775 30.69 2.5
      vertex 68.1211 30.9555 4.19
      vertex 67.8817 30.6946 4.19
    endloop
  endfacet
  facet normal 0.738485 -0.674269 0
    outer loop
      vertex 67.8775 30.69 2.5
      vertex 67.8817 30.6946 4.19
      vertex 67.8775 30.69 4.19057
    endloop
  endfacet
  facet normal 0.736853 -0.676053 -3.10905e-06
    outer loop
      vertex 68.1211 30.9555 4.19
      vertex 67.8775 30.69 2.5
      vertex 68.1477 30.9845 2.5
    endloop
  endfacet
  facet normal -0.309086 -0.951034 -1.9696e-05
    outer loop
      vertex 64.5484 29.815 2.5
      vertex 64.2086 29.9254 4.19
      vertex 64.1684 29.9385 2.5
    endloop
  endfacet
  facet normal -0.309835 -0.95079 0
    outer loop
      vertex 64.1684 29.9385 2.5
      vertex 64.2086 29.9254 4.19
      vertex 64.1684 29.9385 4.19269
    endloop
  endfacet
  facet normal -0.309042 -0.951049 -9.79276e-06
    outer loop
      vertex 64.2086 29.9254 4.19
      vertex 64.5484 29.815 2.5
      vertex 64.5465 29.8156 4.19
    endloop
  endfacet
  facet normal -0.301131 -0.953583 0
    outer loop
      vertex 64.5465 29.8156 4.19
      vertex 64.5484 29.815 2.5
      vertex 64.5484 29.815 4.1902
    endloop
  endfacet
  facet normal -0.896502 0.443039 0
    outer loop
      vertex 62.3906 34.9211 2.5
      vertex 62.3821 34.9039 4.19
      vertex 62.3906 34.9211 4.19039
    endloop
  endfacet
  facet normal -0.897461 0.441094 -2.46119e-05
    outer loop
      vertex 62.3906 34.9211 2.5
      vertex 62.2348 34.6042 4.19
      vertex 62.3821 34.9039 4.19
    endloop
  endfacet
  facet normal -0.897459 0.441098 -2.36725e-05
    outer loop
      vertex 62.2143 34.5624 2.5
      vertex 62.2348 34.6042 4.19
      vertex 62.3906 34.9211 2.5
    endloop
  endfacet
  facet normal -0.897837 0.440327 0
    outer loop
      vertex 62.2348 34.6042 4.19
      vertex 62.2143 34.5624 2.5
      vertex 62.2143 34.5624 4.19276
    endloop
  endfacet
  facet normal -0.897837 -0.440327 0
    outer loop
      vertex 62.2143 31.8376 2.5
      vertex 62.2348 31.7958 4.19
      vertex 62.2143 31.8376 4.19276
    endloop
  endfacet
  facet normal -0.897459 -0.441098 -2.36725e-05
    outer loop
      vertex 62.3906 31.4789 2.5
      vertex 62.2348 31.7958 4.19
      vertex 62.2143 31.8376 2.5
    endloop
  endfacet
  facet normal -0.897461 -0.441094 -2.46119e-05
    outer loop
      vertex 62.2348 31.7958 4.19
      vertex 62.3906 31.4789 2.5
      vertex 62.3821 31.4961 4.19
    endloop
  endfacet
  facet normal -0.896502 -0.443039 0
    outer loop
      vertex 62.3821 31.4961 4.19
      vertex 62.3906 31.4789 2.5
      vertex 62.3906 31.4789 4.19039
    endloop
  endfacet
  facet normal 0.466726 -0.884402 1.39047e-05
    outer loop
      vertex 67.2456 30.2028 2.5
      vertex 66.9255 30.0339 4.19
      vertex 66.8922 30.0163 2.5
    endloop
  endfacet
  facet normal 0.467278 -0.884111 0
    outer loop
      vertex 66.8922 30.0163 2.5
      vertex 66.9255 30.0339 4.19
      vertex 66.8922 30.0163 4.19256
    endloop
  endfacet
  facet normal 0.466783 -0.884372 2.77541e-05
    outer loop
      vertex 66.9255 30.0339 4.19
      vertex 67.2456 30.2028 2.5
      vertex 67.2383 30.199 4.19
    endloop
  endfacet
  facet normal 0.461735 -0.887018 0
    outer loop
      vertex 67.2383 30.199 4.19
      vertex 67.2456 30.2028 2.5
      vertex 67.2456 30.2028 4.19075
    endloop
  endfacet
  facet normal 0.871308 0.490737 0
    outer loop
      vertex 68.3924 35.0748 4.19
      vertex 68.3826 35.0922 2.5
      vertex 68.3826 35.0922 4.19165
    endloop
  endfacet
  facet normal 0.870679 0.491851 1.51231e-05
    outer loop
      vertex 68.5656 34.7682 4.19
      vertex 68.3826 35.0922 2.5
      vertex 68.3924 35.0748 4.19
    endloop
  endfacet
  facet normal 0.870699 0.491817 -0
    outer loop
      vertex 68.5791 34.7443 2.5
      vertex 68.5656 34.7682 4.19
      vertex 68.5791 34.7443 4.1921
    endloop
  endfacet
  facet normal 0.870712 0.491793 4.44278e-07
    outer loop
      vertex 68.5656 34.7682 4.19
      vertex 68.5791 34.7443 2.5
      vertex 68.3826 35.0922 2.5
    endloop
  endfacet
  facet normal 0.466783 0.884372 2.77541e-05
    outer loop
      vertex 67.2383 36.201 4.19
      vertex 67.2456 36.1972 2.5
      vertex 66.9255 36.3661 4.19
    endloop
  endfacet
  facet normal 0.461735 0.887018 -0
    outer loop
      vertex 67.2456 36.1972 2.5
      vertex 67.2383 36.201 4.19
      vertex 67.2456 36.1972 4.19075
    endloop
  endfacet
  facet normal 0.466726 0.884402 1.39047e-05
    outer loop
      vertex 66.8922 36.3837 2.5
      vertex 66.9255 36.3661 4.19
      vertex 67.2456 36.1972 2.5
    endloop
  endfacet
  facet normal 0.467278 0.884111 0
    outer loop
      vertex 66.9255 36.3661 4.19
      vertex 66.8922 36.3837 2.5
      vertex 66.8922 36.3837 4.19256
    endloop
  endfacet
  facet normal -0.773793 -0.633439 0
    outer loop
      vertex 62.6066 31.1428 2.5
      vertex 62.6409 31.1009 4.19
      vertex 62.6066 31.1428 4.19266
    endloop
  endfacet
  facet normal -0.774259 -0.632869 2.35776e-05
    outer loop
      vertex 62.6066 31.1428 2.5
      vertex 62.828 30.872 4.19
      vertex 62.6409 31.1009 4.19
    endloop
  endfacet
  facet normal -0.774136 -0.63302 -1.66409e-05
    outer loop
      vertex 62.8596 30.8334 2.5
      vertex 62.828 30.872 4.19
      vertex 62.6066 31.1428 2.5
    endloop
  endfacet
  facet normal -0.773779 -0.633456 0
    outer loop
      vertex 62.828 30.872 4.19
      vertex 62.8596 30.8334 2.5
      vertex 62.8596 30.8334 4.19152
    endloop
  endfacet
  facet normal 0.98503 0.17238 0
    outer loop
      vertex 68.8549 33.9487 4.19
      vertex 68.8472 33.9927 2.5
      vertex 68.8472 33.9927 4.19123
    endloop
  endfacet
  facet normal 0.985357 0.170504 -5.03278e-05
    outer loop
      vertex 68.9065 33.6505 4.19
      vertex 68.8472 33.9927 2.5
      vertex 68.8549 33.9487 4.19
    endloop
  endfacet
  facet normal 0.985394 0.170291 -0
    outer loop
      vertex 68.9154 33.599 2.5
      vertex 68.9065 33.6505 4.19
      vertex 68.9154 33.599 4.19272
    endloop
  endfacet
  facet normal 0.985325 0.170686 -1.23952e-05
    outer loop
      vertex 68.9065 33.6505 4.19
      vertex 68.9154 33.599 2.5
      vertex 68.8472 33.9927 2.5
    endloop
  endfacet
  facet normal -0.0853365 0.996352 4.20149e-05
    outer loop
      vertex 65.2971 36.695 4.19
      vertex 65.3383 36.6986 2.5
      vertex 64.9912 36.6688 4.19
    endloop
  endfacet
  facet normal -0.087047 0.996204 0
    outer loop
      vertex 65.3383 36.6986 2.5
      vertex 65.2971 36.695 4.19
      vertex 65.3383 36.6986 4.19108
    endloop
  endfacet
  facet normal -0.0855715 0.996332 -6.60315e-06
    outer loop
      vertex 64.9401 36.6644 2.5
      vertex 64.9912 36.6688 4.19
      vertex 65.3383 36.6986 2.5
    endloop
  endfacet
  facet normal -0.0857882 0.996313 0
    outer loop
      vertex 64.9912 36.6688 4.19
      vertex 64.9401 36.6644 2.5
      vertex 64.9401 36.6644 4.19275
    endloop
  endfacet
  facet normal -0.610485 0.792028 2.14637e-05
    outer loop
      vertex 63.418 36.0547 4.19
      vertex 63.4627 36.0892 2.5
      vertex 63.1907 35.8795 4.19
    endloop
  endfacet
  facet normal -0.610994 0.791635 0
    outer loop
      vertex 63.4627 36.0892 2.5
      vertex 63.418 36.0547 4.19
      vertex 63.4627 36.0892 4.19229
    endloop
  endfacet
  facet normal -0.610714 0.791851 -3.72324e-05
    outer loop
      vertex 63.1462 35.8451 2.5
      vertex 63.1907 35.8795 4.19
      vertex 63.4627 36.0892 2.5
    endloop
  endfacet
  facet normal -0.611599 0.791168 0
    outer loop
      vertex 63.1907 35.8795 4.19
      vertex 63.1462 35.8451 2.5
      vertex 63.1462 35.8451 4.1922
    endloop
  endfacet
  facet normal 0.0286164 -0.99959 3.00096e-05
    outer loop
      vertex 65.3505 29.7018 4.19
      vertex 65.3383 29.7014 2.5
      vertex 65.7033 29.7119 4.19
    endloop
  endfacet
  facet normal 0.0327693 -0.999463 0
    outer loop
      vertex 65.3383 29.7014 2.5
      vertex 65.3505 29.7018 4.19
      vertex 65.3383 29.7014 4.19108
    endloop
  endfacet
  facet normal 0.0285312 -0.999593 4.84257e-05
    outer loop
      vertex 65.7377 29.7128 2.5
      vertex 65.7033 29.7119 4.19
      vertex 65.3383 29.7014 2.5
    endloop
  endfacet
  facet normal 0.0261538 -0.999658 0
    outer loop
      vertex 65.7033 29.7119 4.19
      vertex 65.7377 29.7128 2.5
      vertex 65.7377 29.7128 4.19244
    endloop
  endfacet
  facet normal 0.738485 0.674269 0
    outer loop
      vertex 67.8817 35.7054 4.19
      vertex 67.8775 35.71 2.5
      vertex 67.8775 35.71 4.19057
    endloop
  endfacet
  facet normal 0.736814 0.676095 9.12409e-06
    outer loop
      vertex 68.1211 35.4445 4.19
      vertex 67.8775 35.71 2.5
      vertex 67.8817 35.7054 4.19
    endloop
  endfacet
  facet normal 0.736943 0.675955 -0
    outer loop
      vertex 68.1477 35.4155 2.5
      vertex 68.1211 35.4445 4.19
      vertex 68.1477 35.4155 4.19261
    endloop
  endfacet
  facet normal 0.736853 0.676053 -3.10905e-06
    outer loop
      vertex 68.1211 35.4445 4.19
      vertex 68.1477 35.4155 2.5
      vertex 67.8775 35.71 2.5
    endloop
  endfacet
  facet normal 0.959366 -0.282166 0
    outer loop
      vertex 68.8432 32.3937 4.19
      vertex 68.8472 32.4073 2.5
      vertex 68.8472 32.4073 4.19123
    endloop
  endfacet
  facet normal 0.959564 -0.281491 5.90434e-06
    outer loop
      vertex 68.7439 32.0552 4.19
      vertex 68.8472 32.4073 2.5
      vertex 68.8432 32.3937 4.19
    endloop
  endfacet
  facet normal 0.959657 -0.281173 0
    outer loop
      vertex 68.7347 32.0238 2.5
      vertex 68.7439 32.0552 4.19
      vertex 68.7347 32.0238 4.19236
    endloop
  endfacet
  facet normal 0.959564 -0.281489 6.36635e-06
    outer loop
      vertex 68.7439 32.0552 4.19
      vertex 68.7347 32.0238 2.5
      vertex 68.8472 32.4073 2.5
    endloop
  endfacet
  facet normal 0.920698 -0.390276 0
    outer loop
      vertex 68.7127 31.9719 4.19
      vertex 68.7347 32.0238 2.5
      vertex 68.7347 32.0238 4.19236
    endloop
  endfacet
  facet normal 0.921078 -0.389379 3.25116e-05
    outer loop
      vertex 68.6008 31.7072 4.19
      vertex 68.7347 32.0238 2.5
      vertex 68.7127 31.9719 4.19
    endloop
  endfacet
  facet normal 0.921534 -0.388297 0
    outer loop
      vertex 68.5791 31.6557 2.5
      vertex 68.6008 31.7072 4.19
      vertex 68.5791 31.6557 4.1921
    endloop
  endfacet
  facet normal 0.921088 -0.389354 3.79487e-05
    outer loop
      vertex 68.6008 31.7072 4.19
      vertex 68.5791 31.6557 2.5
      vertex 68.7347 32.0238 2.5
    endloop
  endfacet
  facet normal -0.941697 0.336463 0
    outer loop
      vertex 62.2143 34.5624 2.5
      vertex 62.1974 34.5151 4.19
      vertex 62.2143 34.5624 4.19276
    endloop
  endfacet
  facet normal -0.941843 0.336052 -1.29469e-05
    outer loop
      vertex 62.2143 34.5624 2.5
      vertex 62.0925 34.2211 4.19
      vertex 62.1974 34.5151 4.19
    endloop
  endfacet
  facet normal -0.941816 0.33613 4.81314e-06
    outer loop
      vertex 62.08 34.1861 2.5
      vertex 62.0925 34.2211 4.19
      vertex 62.2143 34.5624 2.5
    endloop
  endfacet
  facet normal -0.941742 0.336336 0
    outer loop
      vertex 62.0925 34.2211 4.19
      vertex 62.08 34.1861 2.5
      vertex 62.08 34.1861 4.19092
    endloop
  endfacet
  facet normal 0.564233 -0.825615 1.04101e-05
    outer loop
      vertex 67.2722 30.221 4.19
      vertex 67.2456 30.2028 2.5
      vertex 67.535 30.4006 4.19
    endloop
  endfacet
  facet normal 0.564684 -0.825307 0
    outer loop
      vertex 67.2456 30.2028 2.5
      vertex 67.2722 30.221 4.19
      vertex 67.2456 30.2028 4.19075
    endloop
  endfacet
  facet normal 0.564307 -0.825565 -8.11452e-06
    outer loop
      vertex 67.5755 30.4283 2.5
      vertex 67.535 30.4006 4.19
      vertex 67.2456 30.2028 2.5
    endloop
  endfacet
  facet normal 0.564538 -0.825407 0
    outer loop
      vertex 67.535 30.4006 4.19
      vertex 67.5755 30.4283 2.5
      vertex 67.5755 30.4283 4.19277
    endloop
  endfacet
  facet normal -0.309042 0.951049 -9.79276e-06
    outer loop
      vertex 64.5465 36.5844 4.19
      vertex 64.5484 36.585 2.5
      vertex 64.2086 36.4746 4.19
    endloop
  endfacet
  facet normal -0.301131 0.953583 0
    outer loop
      vertex 64.5484 36.585 2.5
      vertex 64.5465 36.5844 4.19
      vertex 64.5484 36.585 4.1902
    endloop
  endfacet
  facet normal -0.309086 0.951034 -1.9696e-05
    outer loop
      vertex 64.1684 36.4615 2.5
      vertex 64.2086 36.4746 4.19
      vertex 64.5484 36.585 2.5
    endloop
  endfacet
  facet normal -0.309835 0.95079 0
    outer loop
      vertex 64.2086 36.4746 4.19
      vertex 64.1684 36.4615 2.5
      vertex 64.1684 36.4615 4.19269
    endloop
  endfacet
  facet normal -0.697103 -0.716971 1.68622e-05
    outer loop
      vertex 62.8726 30.8208 4.19
      vertex 62.8596 30.8334 2.5
      vertex 63.1252 30.5752 4.19
    endloop
  endfacet
  facet normal -0.695973 -0.718068 0
    outer loop
      vertex 62.8596 30.8334 2.5
      vertex 62.8726 30.8208 4.19
      vertex 62.8596 30.8334 4.19152
    endloop
  endfacet
  facet normal -0.6969 -0.717169 -4.51901e-05
    outer loop
      vertex 63.1462 30.5549 2.5
      vertex 63.1252 30.5752 4.19
      vertex 62.8596 30.8334 2.5
    endloop
  endfacet
  facet normal -0.695022 -0.718988 0
    outer loop
      vertex 63.1252 30.5752 4.19
      vertex 63.1462 30.5549 2.5
      vertex 63.1462 30.5549 4.1922
    endloop
  endfacet
  facet normal 0.654755 -0.755841 5.72508e-05
    outer loop
      vertex 67.6116 30.4597 4.19
      vertex 67.5755 30.4283 2.5
      vertex 67.8576 30.6728 4.19
    endloop
  endfacet
  facet normal 0.656282 -0.754516 0
    outer loop
      vertex 67.5755 30.4283 2.5
      vertex 67.6116 30.4597 4.19
      vertex 67.5755 30.4283 4.19277
    endloop
  endfacet
  facet normal 0.654883 -0.75573 1.98861e-05
    outer loop
      vertex 67.8775 30.69 2.5
      vertex 67.8576 30.6728 4.19
      vertex 67.5755 30.4283 2.5
    endloop
  endfacet
  facet normal 0.653917 -0.756566 0
    outer loop
      vertex 67.8576 30.6728 4.19
      vertex 67.8775 30.69 2.5
      vertex 67.8775 30.69 4.19057
    endloop
  endfacet
  facet normal 0.998375 0.0569849 0
    outer loop
      vertex 68.9179 33.5552 4.19
      vertex 68.9154 33.599 2.5
      vertex 68.9154 33.599 4.19272
    endloop
  endfacet
  facet normal 0.998371 0.0570578 -0
    outer loop
      vertex 68.9382 33.2 2.5
      vertex 68.9179 33.5552 4.19
      vertex 68.9382 33.2 4.19
    endloop
  endfacet
  facet normal 0.998371 0.0570498 1.68786e-06
    outer loop
      vertex 68.9179 33.5552 4.19
      vertex 68.9382 33.2 2.5
      vertex 68.9154 33.599 2.5
    endloop
  endfacet
  facet normal 0.362844 0.93185 -4.39161e-06
    outer loop
      vertex 66.8406 36.4038 4.19
      vertex 66.8922 36.3837 2.5
      vertex 66.5694 36.5094 4.19
    endloop
  endfacet
  facet normal 0.362969 0.931801 -0
    outer loop
      vertex 66.8922 36.3837 2.5
      vertex 66.8406 36.4038 4.19
      vertex 66.8922 36.3837 4.19256
    endloop
  endfacet
  facet normal 0.362833 0.931854 -6.92943e-06
    outer loop
      vertex 66.5198 36.5287 2.5
      vertex 66.5694 36.5094 4.19
      vertex 66.8922 36.3837 2.5
    endloop
  endfacet
  facet normal 0.362628 0.931934 0
    outer loop
      vertex 66.5694 36.5094 4.19
      vertex 66.5198 36.5287 2.5
      vertex 66.5198 36.5287 4.19177
    endloop
  endfacet
  facet normal -0.773779 0.633456 0
    outer loop
      vertex 62.8596 35.5666 2.5
      vertex 62.828 35.528 4.19
      vertex 62.8596 35.5666 4.19152
    endloop
  endfacet
  facet normal -0.774259 0.632869 -2.23767e-05
    outer loop
      vertex 62.8596 35.5666 2.5
      vertex 62.6409 35.2991 4.19
      vertex 62.828 35.528 4.19
    endloop
  endfacet
  facet normal -0.774136 0.63302 1.73515e-05
    outer loop
      vertex 62.6066 35.2572 2.5
      vertex 62.6409 35.2991 4.19
      vertex 62.8596 35.5666 2.5
    endloop
  endfacet
  facet normal -0.773793 0.633439 0
    outer loop
      vertex 62.6409 35.2991 4.19
      vertex 62.6066 35.2572 2.5
      vertex 62.6066 35.2572 4.19266
    endloop
  endfacet
  facet normal -0.198576 -0.980086 -7.60398e-06
    outer loop
      vertex 64.5587 29.8129 4.19
      vertex 64.5484 29.815 2.5
      vertex 64.8958 29.7446 4.19
    endloop
  endfacet
  facet normal -0.199774 -0.979842 0
    outer loop
      vertex 64.5484 29.815 2.5
      vertex 64.5587 29.8129 4.19
      vertex 64.5484 29.815 4.1902
    endloop
  endfacet
  facet normal -0.198666 -0.980067 1.16665e-05
    outer loop
      vertex 64.9401 29.7356 2.5
      vertex 64.8958 29.7446 4.19
      vertex 64.5484 29.815 2.5
    endloop
  endfacet
  facet normal -0.199093 -0.979981 0
    outer loop
      vertex 64.8958 29.7446 4.19
      vertex 64.9401 29.7356 2.5
      vertex 64.9401 29.7356 4.19275
    endloop
  endfacet
  facet normal -0.993497 -0.113857 0
    outer loop
      vertex 61.9439 33.0002 2.5
      vertex 61.9501 32.9461 4.19
      vertex 61.9439 33.0002 4.19189
    endloop
  endfacet
  facet normal -0.993472 -0.114073 -6.99533e-06
    outer loop
      vertex 61.9439 33.0002 2.5
      vertex 61.9831 32.6587 4.19
      vertex 61.9501 32.9461 4.19
    endloop
  endfacet
  facet normal -0.993468 -0.114111 -1.48073e-05
    outer loop
      vertex 61.9895 32.6032 2.5
      vertex 61.9831 32.6587 4.19
      vertex 61.9439 33.0002 2.5
    endloop
  endfacet
  facet normal -0.993417 -0.114556 0
    outer loop
      vertex 61.9831 32.6587 4.19
      vertex 61.9895 32.6032 2.5
      vertex 61.9895 32.6032 4.1925
    endloop
  endfacet
  facet normal 0.142247 -0.989831 5.74818e-06
    outer loop
      vertex 65.7933 29.7208 4.19
      vertex 65.7377 29.7128 2.5
      vertex 66.0786 29.7618 4.19
    endloop
  endfacet
  facet normal 0.142418 -0.989807 0
    outer loop
      vertex 65.7377 29.7128 2.5
      vertex 65.7933 29.7208 4.19
      vertex 65.7377 29.7128 4.19244
    endloop
  endfacet
  facet normal 0.142367 -0.989814 -1.89653e-05
    outer loop
      vertex 66.1333 29.7697 2.5
      vertex 66.0786 29.7618 4.19
      vertex 65.7377 29.7128 2.5
    endloop
  endfacet
  facet normal 0.142941 -0.989731 0
    outer loop
      vertex 66.0786 29.7618 4.19
      vertex 66.1333 29.7697 2.5
      vertex 66.1333 29.7697 4.192
    endloop
  endfacet
  facet normal 0.564233 0.825615 -1.07075e-05
    outer loop
      vertex 67.535 35.9994 4.19
      vertex 67.5755 35.9717 2.5
      vertex 67.2722 36.179 4.19
    endloop
  endfacet
  facet normal 0.564538 0.825407 -0
    outer loop
      vertex 67.5755 35.9717 2.5
      vertex 67.535 35.9994 4.19
      vertex 67.5755 35.9717 4.19277
    endloop
  endfacet
  facet normal 0.564307 0.825565 8.70682e-06
    outer loop
      vertex 67.2456 36.1972 2.5
      vertex 67.2722 36.179 4.19
      vertex 67.5755 35.9717 2.5
    endloop
  endfacet
  facet normal 0.564684 0.825307 0
    outer loop
      vertex 67.2722 36.179 4.19
      vertex 67.2456 36.1972 2.5
      vertex 67.2456 36.1972 4.19075
    endloop
  endfacet
  facet normal -0.841736 0.539889 0
    outer loop
      vertex 62.6066 35.2572 2.5
      vertex 62.5846 35.2229 4.19
      vertex 62.6066 35.2572 4.19266
    endloop
  endfacet
  facet normal -0.841252 0.540644 2.16234e-05
    outer loop
      vertex 62.3906 34.9211 2.5
      vertex 62.5846 35.2229 4.19
      vertex 62.6066 35.2572 2.5
    endloop
  endfacet
  facet normal -0.841215 0.540701 7.27291e-06
    outer loop
      vertex 62.5846 35.2229 4.19
      vertex 62.3906 34.9211 2.5
      vertex 62.3928 34.9245 4.19
    endloop
  endfacet
  facet normal -0.83957 0.543251 0
    outer loop
      vertex 62.3928 34.9245 4.19
      vertex 62.3906 34.9211 2.5
      vertex 62.3906 34.9211 4.19039
    endloop
  endfacet
  facet normal 0.142247 0.989831 -2.29311e-05
    outer loop
      vertex 66.0786 36.6382 4.19
      vertex 66.1333 36.6303 2.5
      vertex 65.7933 36.6792 4.19
    endloop
  endfacet
  facet normal 0.142941 0.989731 -0
    outer loop
      vertex 66.1333 36.6303 2.5
      vertex 66.0786 36.6382 4.19
      vertex 66.1333 36.6303 4.192
    endloop
  endfacet
  facet normal 0.142367 0.989814 1.71739e-06
    outer loop
      vertex 65.7377 36.6872 2.5
      vertex 65.7933 36.6792 4.19
      vertex 66.1333 36.6303 2.5
    endloop
  endfacet
  facet normal 0.142418 0.989807 0
    outer loop
      vertex 65.7933 36.6792 4.19
      vertex 65.7377 36.6872 2.5
      vertex 65.7377 36.6872 4.19244
    endloop
  endfacet
  facet normal 0.921534 0.388297 0
    outer loop
      vertex 68.6008 34.6928 4.19
      vertex 68.5791 34.7443 2.5
      vertex 68.5791 34.7443 4.1921
    endloop
  endfacet
  facet normal 0.921078 0.389379 3.88327e-05
    outer loop
      vertex 68.7127 34.4281 4.19
      vertex 68.5791 34.7443 2.5
      vertex 68.6008 34.6928 4.19
    endloop
  endfacet
  facet normal 0.920698 0.390276 -0
    outer loop
      vertex 68.7347 34.3762 2.5
      vertex 68.7127 34.4281 4.19
      vertex 68.7347 34.3762 4.19236
    endloop
  endfacet
  facet normal 0.921088 0.389354 3.34032e-05
    outer loop
      vertex 68.7127 34.4281 4.19
      vertex 68.7347 34.3762 2.5
      vertex 68.5791 34.7443 2.5
    endloop
  endfacet
  facet normal -0.974555 0.224148 0
    outer loop
      vertex 62.08 34.1861 2.5
      vertex 62.0777 34.1761 4.19
      vertex 62.08 34.1861 4.19092
    endloop
  endfacet
  facet normal -0.97396 0.22672 1.60281e-05
    outer loop
      vertex 62.08 34.1861 2.5
      vertex 61.9976 33.832 4.19
      vertex 62.0777 34.1761 4.19
    endloop
  endfacet
  facet normal -0.974027 0.226431 -4.77748e-05
    outer loop
      vertex 61.9895 33.7968 2.5
      vertex 61.9976 33.832 4.19
      vertex 62.08 34.1861 2.5
    endloop
  endfacet
  facet normal -0.974531 0.224253 0
    outer loop
      vertex 61.9976 33.832 4.19
      vertex 61.9895 33.7968 2.5
      vertex 61.9895 33.7968 4.1925
    endloop
  endfacet
  facet normal 0.0285312 0.999593 4.84257e-05
    outer loop
      vertex 65.3383 36.6986 2.5
      vertex 65.7033 36.6881 4.19
      vertex 65.7377 36.6872 2.5
    endloop
  endfacet
  facet normal 0.0261538 0.999658 -0
    outer loop
      vertex 65.7377 36.6872 2.5
      vertex 65.7033 36.6881 4.19
      vertex 65.7377 36.6872 4.19244
    endloop
  endfacet
  facet normal 0.0286164 0.99959 3.00096e-05
    outer loop
      vertex 65.7033 36.6881 4.19
      vertex 65.3383 36.6986 2.5
      vertex 65.3505 36.6982 4.19
    endloop
  endfacet
  facet normal 0.0327693 0.999463 0
    outer loop
      vertex 65.3505 36.6982 4.19
      vertex 65.3383 36.6986 2.5
      vertex 65.3383 36.6986 4.19108
    endloop
  endfacet
  facet normal -0.415214 -0.909724 -4.45447e-05
    outer loop
      vertex 63.8481 30.0847 4.19
      vertex 63.8049 30.1045 2.5
      vertex 64.12 29.9606 4.19
    endloop
  endfacet
  facet normal -0.416655 -0.909065 0
    outer loop
      vertex 63.8049 30.1045 2.5
      vertex 63.8481 30.0847 4.19
      vertex 63.8049 30.1045 4.19138
    endloop
  endfacet
  facet normal -0.415405 -0.909637 -1.55477e-06
    outer loop
      vertex 64.1684 29.9385 2.5
      vertex 64.12 29.9606 4.19
      vertex 63.8049 30.1045 2.5
    endloop
  endfacet
  facet normal -0.41536 -0.909657 0
    outer loop
      vertex 64.12 29.9606 4.19
      vertex 64.1684 29.9385 2.5
      vertex 64.1684 29.9385 4.19269
    endloop
  endfacet
  facet normal 0.959657 0.281173 0
    outer loop
      vertex 68.7439 34.3448 4.19
      vertex 68.7347 34.3762 2.5
      vertex 68.7347 34.3762 4.19236
    endloop
  endfacet
  facet normal 0.959564 0.281491 5.90434e-06
    outer loop
      vertex 68.8472 33.9927 2.5
      vertex 68.7439 34.3448 4.19
      vertex 68.8432 34.0063 4.19
    endloop
  endfacet
  facet normal 0.959366 0.282166 -0
    outer loop
      vertex 68.8472 33.9927 2.5
      vertex 68.8432 34.0063 4.19
      vertex 68.8472 33.9927 4.19123
    endloop
  endfacet
  facet normal 0.959564 0.281489 6.36635e-06
    outer loop
      vertex 68.7439 34.3448 4.19
      vertex 68.8472 33.9927 2.5
      vertex 68.7347 34.3762 2.5
    endloop
  endfacet
  facet normal -0.610485 -0.792028 -4.68449e-05
    outer loop
      vertex 63.1907 30.5205 4.19
      vertex 63.1462 30.5549 2.5
      vertex 63.418 30.3453 4.19
    endloop
  endfacet
  facet normal -0.611599 -0.791168 0
    outer loop
      vertex 63.1462 30.5549 2.5
      vertex 63.1907 30.5205 4.19
      vertex 63.1462 30.5549 4.1922
    endloop
  endfacet
  facet normal -0.610714 -0.791851 1.18137e-05
    outer loop
      vertex 63.4627 30.3108 2.5
      vertex 63.418 30.3453 4.19
      vertex 63.1462 30.5549 2.5
    endloop
  endfacet
  facet normal -0.610994 -0.791635 0
    outer loop
      vertex 63.418 30.3453 4.19
      vertex 63.4627 30.3108 2.5
      vertex 63.4627 30.3108 4.19229
    endloop
  endfacet
  facet normal -1 0 0
    outer loop
      vertex 61.9439 33.3998 2.5
      vertex 61.9439 33.376 4.19
      vertex 61.9439 33.3998 4.19189
    endloop
  endfacet
  facet normal -1 0 0
    outer loop
      vertex 61.9439 33.3998 2.5
      vertex 61.9439 33.024 4.19
      vertex 61.9439 33.376 4.19
    endloop
  endfacet
  facet normal -1 0 0
    outer loop
      vertex 61.9439 33.0002 2.5
      vertex 61.9439 33.024 4.19
      vertex 61.9439 33.3998 2.5
    endloop
  endfacet
  facet normal -1 -0 0
    outer loop
      vertex 61.9439 33.024 4.19
      vertex 61.9439 33.0002 2.5
      vertex 61.9439 33.0002 4.19189
    endloop
  endfacet
  facet normal 0.362844 -0.93185 -7.31934e-06
    outer loop
      vertex 66.5694 29.8906 4.19
      vertex 66.5198 29.8713 2.5
      vertex 66.8406 29.9962 4.19
    endloop
  endfacet
  facet normal 0.362628 -0.931934 0
    outer loop
      vertex 66.5198 29.8713 2.5
      vertex 66.5694 29.8906 4.19
      vertex 66.5198 29.8713 4.19177
    endloop
  endfacet
  facet normal 0.362833 -0.931854 -4.7973e-06
    outer loop
      vertex 66.8922 30.0163 2.5
      vertex 66.8406 29.9962 4.19
      vertex 66.5198 29.8713 2.5
    endloop
  endfacet
  facet normal 0.362969 -0.931801 0
    outer loop
      vertex 66.8406 29.9962 4.19
      vertex 66.8922 30.0163 2.5
      vertex 66.8922 30.0163 4.19256
    endloop
  endfacet
  facet normal -0.941742 -0.336336 0
    outer loop
      vertex 62.08 32.2139 2.5
      vertex 62.0925 32.1789 4.19
      vertex 62.08 32.2139 4.19092
    endloop
  endfacet
  facet normal -0.941843 -0.336052 6.63457e-06
    outer loop
      vertex 62.08 32.2139 2.5
      vertex 62.1974 31.8849 4.19
      vertex 62.0925 32.1789 4.19
    endloop
  endfacet
  facet normal -0.941816 -0.33613 -1.04852e-05
    outer loop
      vertex 62.2143 31.8376 2.5
      vertex 62.1974 31.8849 4.19
      vertex 62.08 32.2139 2.5
    endloop
  endfacet
  facet normal -0.941697 -0.336463 0
    outer loop
      vertex 62.1974 31.8849 4.19
      vertex 62.2143 31.8376 2.5
      vertex 62.2143 31.8376 4.19276
    endloop
  endfacet
  facet normal 0.809404 -0.587252 0
    outer loop
      vertex 68.3522 31.2659 4.19
      vertex 68.3826 31.3078 2.5
      vertex 68.3826 31.3078 4.19165
    endloop
  endfacet
  facet normal 0.808957 -0.587867 -2.32775e-05
    outer loop
      vertex 68.1799 31.0288 4.19
      vertex 68.3826 31.3078 2.5
      vertex 68.3522 31.2659 4.19
    endloop
  endfacet
  facet normal 0.808894 -0.587955 0
    outer loop
      vertex 68.1477 30.9845 2.5
      vertex 68.1799 31.0288 4.19
      vertex 68.1477 30.9845 4.19261
    endloop
  endfacet
  facet normal 0.809007 -0.5878 -6.20403e-06
    outer loop
      vertex 68.1799 31.0288 4.19
      vertex 68.1477 30.9845 2.5
      vertex 68.3826 31.3078 2.5
    endloop
  endfacet
  facet normal -0.415214 0.909724 5.0484e-06
    outer loop
      vertex 64.12 36.4394 4.19
      vertex 64.1684 36.4615 2.5
      vertex 63.8481 36.3153 4.19
    endloop
  endfacet
  facet normal -0.41536 0.909657 0
    outer loop
      vertex 64.1684 36.4615 2.5
      vertex 64.12 36.4394 4.19
      vertex 64.1684 36.4615 4.19269
    endloop
  endfacet
  facet normal -0.415405 0.909637 -3.86471e-05
    outer loop
      vertex 63.8049 36.2955 2.5
      vertex 63.8481 36.3153 4.19
      vertex 64.1684 36.4615 2.5
    endloop
  endfacet
  facet normal -0.416655 0.909065 0
    outer loop
      vertex 63.8481 36.3153 4.19
      vertex 63.8049 36.2955 2.5
      vertex 63.8049 36.2955 4.19138
    endloop
  endfacet
  facet normal -0.516414 0.856339 -4.17389e-05
    outer loop
      vertex 63.791 36.2872 4.19
      vertex 63.8049 36.2955 2.5
      vertex 63.4892 36.1052 4.19
    endloop
  endfacet
  facet normal -0.512678 0.858581 0
    outer loop
      vertex 63.8049 36.2955 2.5
      vertex 63.791 36.2872 4.19
      vertex 63.8049 36.2955 4.19138
    endloop
  endfacet
  facet normal -0.516298 0.856409 -1.22171e-05
    outer loop
      vertex 63.4627 36.0892 2.5
      vertex 63.4892 36.1052 4.19
      vertex 63.8049 36.2955 2.5
    endloop
  endfacet
  facet normal -0.516869 0.856064 0
    outer loop
      vertex 63.4892 36.1052 4.19
      vertex 63.4627 36.0892 2.5
      vertex 63.4627 36.0892 4.19229
    endloop
  endfacet
  facet normal -0.0853365 -0.996352 -1.37608e-05
    outer loop
      vertex 64.9912 29.7312 4.19
      vertex 64.9401 29.7356 2.5
      vertex 65.2971 29.705 4.19
    endloop
  endfacet
  facet normal -0.0857882 -0.996313 0
    outer loop
      vertex 64.9401 29.7356 2.5
      vertex 64.9912 29.7312 4.19
      vertex 64.9401 29.7356 4.19275
    endloop
  endfacet
  facet normal -0.0855715 -0.996332 3.62433e-05
    outer loop
      vertex 65.3383 29.7014 2.5
      vertex 65.2971 29.705 4.19
      vertex 64.9401 29.7356 2.5
    endloop
  endfacet
  facet normal -0.087047 -0.996204 0
    outer loop
      vertex 65.2971 29.705 4.19
      vertex 65.3383 29.7014 2.5
      vertex 65.3383 29.7014 4.19108
    endloop
  endfacet
  facet normal -0.516414 -0.856339 -9.73796e-06
    outer loop
      vertex 63.4892 30.2948 4.19
      vertex 63.4627 30.3108 2.5
      vertex 63.791 30.1128 4.19
    endloop
  endfacet
  facet normal -0.516869 -0.856064 0
    outer loop
      vertex 63.4627 30.3108 2.5
      vertex 63.4892 30.2948 4.19
      vertex 63.4627 30.3108 4.19229
    endloop
  endfacet
  facet normal -0.516298 -0.856409 -4.04423e-05
    outer loop
      vertex 63.8049 30.1045 2.5
      vertex 63.791 30.1128 4.19
      vertex 63.4627 30.3108 2.5
    endloop
  endfacet
  facet normal -0.512678 -0.858581 0
    outer loop
      vertex 63.791 30.1128 4.19
      vertex 63.8049 30.1045 2.5
      vertex 63.8049 30.1045 4.19138
    endloop
  endfacet
  facet normal -0.697103 0.716971 -5.00829e-05
    outer loop
      vertex 63.1252 35.8248 4.19
      vertex 63.1462 35.8451 2.5
      vertex 62.8726 35.5792 4.19
    endloop
  endfacet
  facet normal -0.695022 0.718988 0
    outer loop
      vertex 63.1462 35.8451 2.5
      vertex 63.1252 35.8248 4.19
      vertex 63.1462 35.8451 4.1922
    endloop
  endfacet
  facet normal -0.6969 0.717169 1.38295e-05
    outer loop
      vertex 62.8596 35.5666 2.5
      vertex 62.8726 35.5792 4.19
      vertex 63.1462 35.8451 2.5
    endloop
  endfacet
  facet normal -0.695973 0.718068 0
    outer loop
      vertex 62.8726 35.5792 4.19
      vertex 62.8596 35.5666 2.5
      vertex 62.8596 35.5666 4.19152
    endloop
  endfacet
  facet normal -0.974531 -0.224253 0
    outer loop
      vertex 61.9895 32.6032 2.5
      vertex 61.9976 32.568 4.19
      vertex 61.9895 32.6032 4.1925
    endloop
  endfacet
  facet normal -0.974027 -0.226431 -4.77748e-05
    outer loop
      vertex 62.08 32.2139 2.5
      vertex 61.9976 32.568 4.19
      vertex 61.9895 32.6032 2.5
    endloop
  endfacet
  facet normal -0.97396 -0.22672 1.60281e-05
    outer loop
      vertex 61.9976 32.568 4.19
      vertex 62.08 32.2139 2.5
      vertex 62.0777 32.2239 4.19
    endloop
  endfacet
  facet normal -0.974555 -0.224148 0
    outer loop
      vertex 62.0777 32.2239 4.19
      vertex 62.08 32.2139 2.5
      vertex 62.08 32.2139 4.19092
    endloop
  endfacet
  facet normal 0.808894 0.587955 0
    outer loop
      vertex 68.1799 35.3712 4.19
      vertex 68.1477 35.4155 2.5
      vertex 68.1477 35.4155 4.19261
    endloop
  endfacet
  facet normal 0.808957 0.587867 -3.49264e-06
    outer loop
      vertex 68.3522 35.1341 4.19
      vertex 68.1477 35.4155 2.5
      vertex 68.1799 35.3712 4.19
    endloop
  endfacet
  facet normal 0.809404 0.587252 -0
    outer loop
      vertex 68.3826 35.0922 2.5
      vertex 68.3522 35.1341 4.19
      vertex 68.3826 35.0922 4.19165
    endloop
  endfacet
  facet normal 0.809007 0.5878 -2.07146e-05
    outer loop
      vertex 68.3522 35.1341 4.19
      vertex 68.3826 35.0922 2.5
      vertex 68.1477 35.4155 2.5
    endloop
  endfacet
  facet normal -0.198666 0.980067 1.16665e-05
    outer loop
      vertex 64.5484 36.585 2.5
      vertex 64.8958 36.6554 4.19
      vertex 64.9401 36.6644 2.5
    endloop
  endfacet
  facet normal -0.199093 0.979981 0
    outer loop
      vertex 64.9401 36.6644 2.5
      vertex 64.8958 36.6554 4.19
      vertex 64.9401 36.6644 4.19275
    endloop
  endfacet
  facet normal -0.198576 0.980086 -7.60398e-06
    outer loop
      vertex 64.8958 36.6554 4.19
      vertex 64.5484 36.585 2.5
      vertex 64.5587 36.5871 4.19
    endloop
  endfacet
  facet normal -0.199774 0.979842 0
    outer loop
      vertex 64.5587 36.5871 4.19
      vertex 64.5484 36.585 2.5
      vertex 64.5484 36.585 4.1902
    endloop
  endfacet
  facet normal 0.254144 0.967166 -1.67351e-05
    outer loop
      vertex 66.4986 36.5343 4.19
      vertex 66.5198 36.5287 2.5
      vertex 66.158 36.6238 4.19
    endloop
  endfacet
  facet normal 0.255391 0.966838 -0
    outer loop
      vertex 66.5198 36.5287 2.5
      vertex 66.4986 36.5343 4.19
      vertex 66.5198 36.5287 4.19177
    endloop
  endfacet
  facet normal 0.254235 0.967143 4.04219e-06
    outer loop
      vertex 66.1333 36.6303 2.5
      vertex 66.158 36.6238 4.19
      vertex 66.5198 36.5287 2.5
    endloop
  endfacet
  facet normal 0.254493 0.967075 0
    outer loop
      vertex 66.158 36.6238 4.19
      vertex 66.1333 36.6303 2.5
      vertex 66.1333 36.6303 4.192
    endloop
  endfacet
  facet normal 0 0 1
    outer loop
      vertex 66.9382 33.2 5.69
      vertex 70.4382 33.2 5.69
      vertex 70.4224 33.5973 5.69
    endloop
  endfacet
  facet normal 0 0 1
    outer loop
      vertex 66.9382 33.2 5.69
      vertex 70.4224 33.5973 5.69
      vertex 70.3751 33.992 5.69
    endloop
  endfacet
  facet normal 0 0 1
    outer loop
      vertex 70.4382 33.2 5.69
      vertex 66.9382 33.2 5.69
      vertex 70.4224 32.8027 5.69
    endloop
  endfacet
  facet normal 0 0 1
    outer loop
      vertex 66.8871 33.5882 5.69
      vertex 70.3751 33.992 5.69
      vertex 70.2965 34.3817 5.69
    endloop
  endfacet
  facet normal 0 0 1
    outer loop
      vertex 70.4224 32.8027 5.69
      vertex 66.9382 33.2 5.69
      vertex 70.3751 32.408 5.69
    endloop
  endfacet
  facet normal 0 0 1
    outer loop
      vertex 66.8871 33.5882 5.69
      vertex 70.2965 34.3817 5.69
      vertex 70.1873 34.764 5.69
    endloop
  endfacet
  facet normal -0 0 1
    outer loop
      vertex 66.8871 32.8118 5.69
      vertex 70.3751 32.408 5.69
      vertex 66.9382 33.2 5.69
    endloop
  endfacet
  facet normal 0 0 1
    outer loop
      vertex 66.8871 33.5882 5.69
      vertex 70.1873 34.764 5.69
      vertex 70.048 35.1364 5.69
    endloop
  endfacet
  facet normal 0 0 1
    outer loop
      vertex 70.3751 32.408 5.69
      vertex 66.8871 32.8118 5.69
      vertex 70.2965 32.0183 5.69
    endloop
  endfacet
  facet normal 0 0 1
    outer loop
      vertex 66.7372 33.95 5.69
      vertex 70.048 35.1364 5.69
      vertex 69.8796 35.4965 5.69
    endloop
  endfacet
  facet normal 0 0 1
    outer loop
      vertex 70.2965 32.0183 5.69
      vertex 66.8871 32.8118 5.69
      vertex 70.1873 31.636 5.69
    endloop
  endfacet
  facet normal 0 0 1
    outer loop
      vertex 66.7372 33.95 5.69
      vertex 69.8796 35.4965 5.69
      vertex 69.6831 35.8421 5.69
    endloop
  endfacet
  facet normal 0 0 1
    outer loop
      vertex 70.1873 31.636 5.69
      vertex 66.8871 32.8118 5.69
      vertex 70.048 31.2636 5.69
    endloop
  endfacet
  facet normal 0 0 1
    outer loop
      vertex 66.7372 33.95 5.69
      vertex 69.6831 35.8421 5.69
      vertex 69.4598 36.171 5.69
    endloop
  endfacet
  facet normal -0 0 1
    outer loop
      vertex 66.7372 32.45 5.69
      vertex 70.048 31.2636 5.69
      vertex 66.8871 32.8118 5.69
    endloop
  endfacet
  facet normal 0 0 1
    outer loop
      vertex 66.4989 34.2607 5.69
      vertex 69.4598 36.171 5.69
      vertex 69.211 36.4811 5.69
    endloop
  endfacet
  facet normal 0 0 1
    outer loop
      vertex 70.048 31.2636 5.69
      vertex 66.7372 32.45 5.69
      vertex 69.8796 30.9035 5.69
    endloop
  endfacet
  facet normal 0 0 1
    outer loop
      vertex 66.4989 34.2607 5.69
      vertex 69.211 36.4811 5.69
      vertex 68.9384 36.7705 5.69
    endloop
  endfacet
  facet normal 0 0 1
    outer loop
      vertex 69.8796 30.9035 5.69
      vertex 66.7372 32.45 5.69
      vertex 69.6831 30.5579 5.69
    endloop
  endfacet
  facet normal 0 0 1
    outer loop
      vertex 66.4989 34.2607 5.69
      vertex 68.9384 36.7705 5.69
      vertex 68.6437 37.0373 5.69
    endloop
  endfacet
  facet normal 0 0 1
    outer loop
      vertex 69.6831 30.5579 5.69
      vertex 66.7372 32.45 5.69
      vertex 69.4598 30.229 5.69
    endloop
  endfacet
  facet normal 0 0 1
    outer loop
      vertex 66.4989 34.2607 5.69
      vertex 68.6437 37.0373 5.69
      vertex 68.3287 37.2799 5.69
    endloop
  endfacet
  facet normal -0 0 1
    outer loop
      vertex 66.4989 32.1393 5.69
      vertex 69.4598 30.229 5.69
      vertex 66.7372 32.45 5.69
    endloop
  endfacet
  facet normal 0 0 1
    outer loop
      vertex 66.1882 34.499 5.69
      vertex 68.3287 37.2799 5.69
      vertex 67.9954 37.4966 5.69
    endloop
  endfacet
  facet normal 0 0 1
    outer loop
      vertex 69.4598 30.229 5.69
      vertex 66.4989 32.1393 5.69
      vertex 69.211 29.9189 5.69
    endloop
  endfacet
  facet normal 0 0 1
    outer loop
      vertex 66.1882 34.499 5.69
      vertex 67.9954 37.4966 5.69
      vertex 67.6459 37.6862 5.69
    endloop
  endfacet
  facet normal 0 0 1
    outer loop
      vertex 69.211 29.9189 5.69
      vertex 66.4989 32.1393 5.69
      vertex 68.9384 29.6295 5.69
    endloop
  endfacet
  facet normal 0 0 1
    outer loop
      vertex 66.1882 34.499 5.69
      vertex 67.6459 37.6862 5.69
      vertex 67.2825 37.8474 5.69
    endloop
  endfacet
  facet normal 0 0 1
    outer loop
      vertex 68.9384 29.6295 5.69
      vertex 66.4989 32.1393 5.69
      vertex 68.6437 29.3627 5.69
    endloop
  endfacet
  facet normal 0 0 1
    outer loop
      vertex 68.6437 29.3627 5.69
      vertex 66.4989 32.1393 5.69
      vertex 68.3287 29.1201 5.69
    endloop
  endfacet
  facet normal 0 0 1
    outer loop
      vertex 65.8264 34.6489 5.69
      vertex 67.2825 37.8474 5.69
      vertex 66.9074 37.9793 5.69
    endloop
  endfacet
  facet normal 0 0 1
    outer loop
      vertex 70.3751 33.992 5.69
      vertex 66.8871 33.5882 5.69
      vertex 66.9382 33.2 5.69
    endloop
  endfacet
  facet normal 0 0 1
    outer loop
      vertex 70.048 35.1364 5.69
      vertex 66.7372 33.95 5.69
      vertex 66.8871 33.5882 5.69
    endloop
  endfacet
  facet normal 0 0 1
    outer loop
      vertex 65.8264 34.6489 5.69
      vertex 66.9074 37.9793 5.69
      vertex 66.5231 38.0809 5.69
    endloop
  endfacet
  facet normal 0 0 1
    outer loop
      vertex 69.4598 36.171 5.69
      vertex 66.4989 34.2607 5.69
      vertex 66.7372 33.95 5.69
    endloop
  endfacet
  facet normal 0 0 1
    outer loop
      vertex 68.3287 37.2799 5.69
      vertex 66.1882 34.499 5.69
      vertex 66.4989 34.2607 5.69
    endloop
  endfacet
  facet normal 0 0 1
    outer loop
      vertex 65.8264 34.6489 5.69
      vertex 66.5231 38.0809 5.69
      vertex 66.1319 38.1516 5.69
    endloop
  endfacet
  facet normal 0 0 1
    outer loop
      vertex 67.2825 37.8474 5.69
      vertex 65.8264 34.6489 5.69
      vertex 66.1882 34.499 5.69
    endloop
  endfacet
  facet normal 0 0 1
    outer loop
      vertex 65.4382 34.7 5.69
      vertex 66.1319 38.1516 5.69
      vertex 65.7363 38.1911 5.69
    endloop
  endfacet
  facet normal 0 0 1
    outer loop
      vertex 66.1319 38.1516 5.69
      vertex 65.4382 34.7 5.69
      vertex 65.8264 34.6489 5.69
    endloop
  endfacet
  facet normal 0 0 1
    outer loop
      vertex 65.3388 38.199 5.69
      vertex 65.4382 34.7 5.69
      vertex 65.7363 38.1911 5.69
    endloop
  endfacet
  facet normal -0 0 1
    outer loop
      vertex 64.9419 38.1753 5.69
      vertex 65.4382 34.7 5.69
      vertex 65.3388 38.199 5.69
    endloop
  endfacet
  facet normal 0 0 1
    outer loop
      vertex 65.4382 34.7 5.69
      vertex 64.9419 38.1753 5.69
      vertex 65.05 34.6489 5.69
    endloop
  endfacet
  facet normal -0 0 1
    outer loop
      vertex 64.5482 38.1202 5.69
      vertex 65.05 34.6489 5.69
      vertex 64.9419 38.1753 5.69
    endloop
  endfacet
  facet normal -0 0 1
    outer loop
      vertex 64.1601 38.0339 5.69
      vertex 65.05 34.6489 5.69
      vertex 64.5482 38.1202 5.69
    endloop
  endfacet
  facet normal -0 0 1
    outer loop
      vertex 63.7801 37.9171 5.69
      vertex 65.05 34.6489 5.69
      vertex 64.1601 38.0339 5.69
    endloop
  endfacet
  facet normal -0 0 1
    outer loop
      vertex 63.4106 37.7704 5.69
      vertex 65.05 34.6489 5.69
      vertex 63.7801 37.9171 5.69
    endloop
  endfacet
  facet normal 0 0 1
    outer loop
      vertex 65.05 34.6489 5.69
      vertex 63.4106 37.7704 5.69
      vertex 64.6882 34.499 5.69
    endloop
  endfacet
  facet normal -0 0 1
    outer loop
      vertex 63.0539 37.5949 5.69
      vertex 64.6882 34.499 5.69
      vertex 63.4106 37.7704 5.69
    endloop
  endfacet
  facet normal -0 0 1
    outer loop
      vertex 62.7122 37.3915 5.69
      vertex 64.6882 34.499 5.69
      vertex 63.0539 37.5949 5.69
    endloop
  endfacet
  facet normal -0 0 1
    outer loop
      vertex 62.3878 37.1617 5.69
      vertex 64.6882 34.499 5.69
      vertex 62.7122 37.3915 5.69
    endloop
  endfacet
  facet normal -0 0 1
    outer loop
      vertex 66.1882 31.901 5.69
      vertex 68.3287 29.1201 5.69
      vertex 66.4989 32.1393 5.69
    endloop
  endfacet
  facet normal 0 0 1
    outer loop
      vertex 68.3287 29.1201 5.69
      vertex 66.1882 31.901 5.69
      vertex 67.9954 28.9034 5.69
    endloop
  endfacet
  facet normal 0 0 1
    outer loop
      vertex 67.9954 28.9034 5.69
      vertex 66.1882 31.901 5.69
      vertex 67.6459 28.7138 5.69
    endloop
  endfacet
  facet normal 0 0 1
    outer loop
      vertex 67.6459 28.7138 5.69
      vertex 66.1882 31.901 5.69
      vertex 67.2825 28.5526 5.69
    endloop
  endfacet
  facet normal -0 0 1
    outer loop
      vertex 65.8264 31.7511 5.69
      vertex 67.2825 28.5526 5.69
      vertex 66.1882 31.901 5.69
    endloop
  endfacet
  facet normal 0 0 1
    outer loop
      vertex 67.2825 28.5526 5.69
      vertex 65.8264 31.7511 5.69
      vertex 66.9074 28.4207 5.69
    endloop
  endfacet
  facet normal 0 0 1
    outer loop
      vertex 66.9074 28.4207 5.69
      vertex 65.8264 31.7511 5.69
      vertex 66.5231 28.3191 5.69
    endloop
  endfacet
  facet normal 0 0 1
    outer loop
      vertex 66.5231 28.3191 5.69
      vertex 65.8264 31.7511 5.69
      vertex 66.1319 28.2484 5.69
    endloop
  endfacet
  facet normal -0 0 1
    outer loop
      vertex 65.4382 31.7 5.69
      vertex 66.1319 28.2484 5.69
      vertex 65.8264 31.7511 5.69
    endloop
  endfacet
  facet normal 0 0 1
    outer loop
      vertex 66.1319 28.2484 5.69
      vertex 65.4382 31.7 5.69
      vertex 65.7363 28.2089 5.69
    endloop
  endfacet
  facet normal 0 0 1
    outer loop
      vertex 65.4382 31.7 5.69
      vertex 65.3388 28.201 5.69
      vertex 65.7363 28.2089 5.69
    endloop
  endfacet
  facet normal 0 0 1
    outer loop
      vertex 64.9419 28.2247 5.69
      vertex 65.4382 31.7 5.69
      vertex 65.05 31.7511 5.69
    endloop
  endfacet
  facet normal 0 0 1
    outer loop
      vertex 65.4382 31.7 5.69
      vertex 64.9419 28.2247 5.69
      vertex 65.3388 28.201 5.69
    endloop
  endfacet
  facet normal 0 0 1
    outer loop
      vertex 63.4106 28.6296 5.69
      vertex 65.05 31.7511 5.69
      vertex 64.6882 31.901 5.69
    endloop
  endfacet
  facet normal 0 0 1
    outer loop
      vertex 65.05 31.7511 5.69
      vertex 64.5482 28.2798 5.69
      vertex 64.9419 28.2247 5.69
    endloop
  endfacet
  facet normal 0 0 1
    outer loop
      vertex 62.3878 29.2383 5.69
      vertex 64.6882 31.901 5.69
      vertex 64.3775 32.1393 5.69
    endloop
  endfacet
  facet normal 0 0 1
    outer loop
      vertex 65.05 31.7511 5.69
      vertex 64.1601 28.3661 5.69
      vertex 64.5482 28.2798 5.69
    endloop
  endfacet
  facet normal 0 0 1
    outer loop
      vertex 61.5379 30.0715 5.69
      vertex 64.3775 32.1393 5.69
      vertex 64.1392 32.45 5.69
    endloop
  endfacet
  facet normal 0 0 1
    outer loop
      vertex 60.909 31.0819 5.69
      vertex 64.1392 32.45 5.69
      vertex 63.9893 32.8118 5.69
    endloop
  endfacet
  facet normal 0 0 1
    outer loop
      vertex 60.4737 32.6049 5.69
      vertex 63.9893 32.8118 5.69
      vertex 63.9382 33.2 5.69
    endloop
  endfacet
  facet normal 0 0 1
    outer loop
      vertex 65.05 31.7511 5.69
      vertex 63.7801 28.4829 5.69
      vertex 64.1601 28.3661 5.69
    endloop
  endfacet
  facet normal 0 0 1
    outer loop
      vertex 64.6882 34.499 5.69
      vertex 62.3878 37.1617 5.69
      vertex 64.3775 34.2607 5.69
    endloop
  endfacet
  facet normal -0 0 1
    outer loop
      vertex 62.0827 36.9068 5.69
      vertex 64.3775 34.2607 5.69
      vertex 62.3878 37.1617 5.69
    endloop
  endfacet
  facet normal 0 0 1
    outer loop
      vertex 65.05 31.7511 5.69
      vertex 63.4106 28.6296 5.69
      vertex 63.7801 28.4829 5.69
    endloop
  endfacet
  facet normal -0 0 1
    outer loop
      vertex 61.7988 36.6285 5.69
      vertex 64.3775 34.2607 5.69
      vertex 62.0827 36.9068 5.69
    endloop
  endfacet
  facet normal 0 0 1
    outer loop
      vertex 64.6882 31.901 5.69
      vertex 63.0539 28.8051 5.69
      vertex 63.4106 28.6296 5.69
    endloop
  endfacet
  facet normal -0 0 1
    outer loop
      vertex 61.5379 36.3285 5.69
      vertex 64.3775 34.2607 5.69
      vertex 61.7988 36.6285 5.69
    endloop
  endfacet
  facet normal 0 0 1
    outer loop
      vertex 64.6882 31.901 5.69
      vertex 62.7122 29.0085 5.69
      vertex 63.0539 28.8051 5.69
    endloop
  endfacet
  facet normal 0 0 1
    outer loop
      vertex 64.3775 34.2607 5.69
      vertex 61.5379 36.3285 5.69
      vertex 64.1392 33.95 5.69
    endloop
  endfacet
  facet normal 0 0 1
    outer loop
      vertex 64.6882 31.901 5.69
      vertex 62.3878 29.2383 5.69
      vertex 62.7122 29.0085 5.69
    endloop
  endfacet
  facet normal -0 0 1
    outer loop
      vertex 61.3017 36.0088 5.69
      vertex 64.1392 33.95 5.69
      vertex 61.5379 36.3285 5.69
    endloop
  endfacet
  facet normal 0 0 1
    outer loop
      vertex 64.3775 32.1393 5.69
      vertex 62.0827 29.4932 5.69
      vertex 62.3878 29.2383 5.69
    endloop
  endfacet
  facet normal -0 0 1
    outer loop
      vertex 61.0916 35.6712 5.69
      vertex 64.1392 33.95 5.69
      vertex 61.3017 36.0088 5.69
    endloop
  endfacet
  facet normal 0 0 1
    outer loop
      vertex 64.3775 32.1393 5.69
      vertex 61.7988 29.7715 5.69
      vertex 62.0827 29.4932 5.69
    endloop
  endfacet
  facet normal -0 0 1
    outer loop
      vertex 60.909 35.3181 5.69
      vertex 64.1392 33.95 5.69
      vertex 61.0916 35.6712 5.69
    endloop
  endfacet
  facet normal 0 0 1
    outer loop
      vertex 64.3775 32.1393 5.69
      vertex 61.5379 30.0715 5.69
      vertex 61.7988 29.7715 5.69
    endloop
  endfacet
  facet normal 0 0 1
    outer loop
      vertex 64.1392 33.95 5.69
      vertex 60.909 35.3181 5.69
      vertex 63.9893 33.5882 5.69
    endloop
  endfacet
  facet normal 0 0 1
    outer loop
      vertex 64.1392 32.45 5.69
      vertex 61.3017 30.3912 5.69
      vertex 61.5379 30.0715 5.69
    endloop
  endfacet
  facet normal -0 0 1
    outer loop
      vertex 60.755 34.9516 5.69
      vertex 63.9893 33.5882 5.69
      vertex 60.909 35.3181 5.69
    endloop
  endfacet
  facet normal 0 0 1
    outer loop
      vertex 64.1392 32.45 5.69
      vertex 61.0916 30.7288 5.69
      vertex 61.3017 30.3912 5.69
    endloop
  endfacet
  facet normal -0 0 1
    outer loop
      vertex 60.6307 34.5739 5.69
      vertex 63.9893 33.5882 5.69
      vertex 60.755 34.9516 5.69
    endloop
  endfacet
  facet normal 0 0 1
    outer loop
      vertex 64.1392 32.45 5.69
      vertex 60.909 31.0819 5.69
      vertex 61.0916 30.7288 5.69
    endloop
  endfacet
  facet normal -0 0 1
    outer loop
      vertex 60.5367 34.1876 5.69
      vertex 63.9893 33.5882 5.69
      vertex 60.6307 34.5739 5.69
    endloop
  endfacet
  facet normal 0 0 1
    outer loop
      vertex 63.9893 32.8118 5.69
      vertex 60.755 31.4484 5.69
      vertex 60.909 31.0819 5.69
    endloop
  endfacet
  facet normal -0 0 1
    outer loop
      vertex 60.4737 33.7951 5.69
      vertex 63.9893 33.5882 5.69
      vertex 60.5367 34.1876 5.69
    endloop
  endfacet
  facet normal 0 0 1
    outer loop
      vertex 63.9893 32.8118 5.69
      vertex 60.6307 31.8261 5.69
      vertex 60.755 31.4484 5.69
    endloop
  endfacet
  facet normal 0 0 1
    outer loop
      vertex 63.9893 33.5882 5.69
      vertex 60.4737 33.7951 5.69
      vertex 63.9382 33.2 5.69
    endloop
  endfacet
  facet normal 0 0 1
    outer loop
      vertex 63.9893 32.8118 5.69
      vertex 60.5367 32.2124 5.69
      vertex 60.6307 31.8261 5.69
    endloop
  endfacet
  facet normal -0 0 1
    outer loop
      vertex 60.4422 33.3988 5.69
      vertex 63.9382 33.2 5.69
      vertex 60.4737 33.7951 5.69
    endloop
  endfacet
  facet normal 0 0 1
    outer loop
      vertex 63.9893 32.8118 5.69
      vertex 60.4737 32.6049 5.69
      vertex 60.5367 32.2124 5.69
    endloop
  endfacet
  facet normal 0 0 1
    outer loop
      vertex 60.4422 33.0012 5.69
      vertex 63.9382 33.2 5.69
      vertex 60.4422 33.3988 5.69
    endloop
  endfacet
  facet normal 0 0 1
    outer loop
      vertex 63.9382 33.2 5.69
      vertex 60.4422 33.0012 5.69
      vertex 60.4737 32.6049 5.69
    endloop
  endfacet
  facet normal -0.83957 -0.543251 0
    outer loop
      vertex 62.3906 31.4789 2.5
      vertex 62.3928 31.4755 4.19
      vertex 62.3906 31.4789 4.19039
    endloop
  endfacet
  facet normal -0.841215 -0.540701 7.27291e-06
    outer loop
      vertex 62.3906 31.4789 2.5
      vertex 62.5846 31.1771 4.19
      vertex 62.3928 31.4755 4.19
    endloop
  endfacet
  facet normal -0.841252 -0.540644 2.16234e-05
    outer loop
      vertex 62.6066 31.1428 2.5
      vertex 62.5846 31.1771 4.19
      vertex 62.3906 31.4789 2.5
    endloop
  endfacet
  facet normal -0.841736 -0.539889 0
    outer loop
      vertex 62.5846 31.1771 4.19
      vertex 62.6066 31.1428 2.5
      vertex 62.6066 31.1428 4.19266
    endloop
  endfacet
  facet normal 0.254144 -0.967166 5.46076e-06
    outer loop
      vertex 66.158 29.7762 4.19
      vertex 66.1333 29.7697 2.5
      vertex 66.4986 29.8657 4.19
    endloop
  endfacet
  facet normal 0.254493 -0.967075 0
    outer loop
      vertex 66.1333 29.7697 2.5
      vertex 66.158 29.7762 4.19
      vertex 66.1333 29.7697 4.192
    endloop
  endfacet
  facet normal 0.254235 -0.967143 -1.55173e-05
    outer loop
      vertex 66.5198 29.8713 2.5
      vertex 66.4986 29.8657 4.19
      vertex 66.1333 29.7697 2.5
    endloop
  endfacet
  facet normal 0.255391 -0.966838 0
    outer loop
      vertex 66.4986 29.8657 4.19
      vertex 66.5198 29.8713 2.5
      vertex 66.5198 29.8713 4.19177
    endloop
  endfacet
  facet normal 0.706827 -0.0281094 -0.706827
    outer loop
      vertex 70.4224 32.8027 5.69
      vertex 68.9382 33.2 4.19
      vertex 70.4382 33.2 5.69
    endloop
  endfacet
  facet normal -0.4951 -0.505266 -0.706811
    outer loop
      vertex 63.0894 30.6052 4.19
      vertex 61.7988 29.7715 5.69
      vertex 62.8906 30.8 4.19
    endloop
  endfacet
  facet normal 0.514922 -0.485031 -0.706824
    outer loop
      vertex 68.9384 29.6295 5.69
      vertex 67.8883 30.7006 4.19
      vertex 69.211 29.9189 5.69
    endloop
  endfacet
  facet normal 0.337308 -0.621777 -0.706836
    outer loop
      vertex 67.6459 28.7138 5.69
      vertex 67.2282 30.1924 4.19
      vertex 67.9954 28.9034 5.69
    endloop
  endfacet
  facet normal -0.361823 -0.607841 -0.706833
    outer loop
      vertex 63.0539 28.8051 5.69
      vertex 62.7122 29.0085 5.69
      vertex 63.7692 30.1236 4.19
    endloop
  endfacet
  facet normal -0.361672 -0.607955 -0.706812
    outer loop
      vertex 63.7692 30.1236 4.19
      vertex 62.7122 29.0085 5.69
      vertex 63.53 30.2659 4.19
    endloop
  endfacet
  facet normal 0.38563 0.593012 -0.706843
    outer loop
      vertex 67.2722 36.179 4.19
      vertex 68.3287 37.2799 5.69
      vertex 67.4615 36.0559 4.19
    endloop
  endfacet
  facet normal 0.38575 0.592916 -0.706857
    outer loop
      vertex 67.2456 36.1972 4.19075
      vertex 68.3287 37.2799 5.69
      vertex 67.2722 36.179 4.19
    endloop
  endfacet
  facet normal 0.371098 0.567893 -0.7347
    outer loop
      vertex 67.2282 36.2076 4.19
      vertex 67.2456 36.1972 4.19075
      vertex 67.2383 36.201 4.19
    endloop
  endfacet
  facet normal 0.385145 0.593407 -0.706775
    outer loop
      vertex 67.2456 36.1972 4.19075
      vertex 67.2282 36.2076 4.19
      vertex 68.3287 37.2799 5.69
    endloop
  endfacet
  facet normal -0.523376 -0.452922 -0.721761
    outer loop
      vertex 62.8906 30.8 4.19
      vertex 62.8596 30.8334 4.19152
      vertex 62.8726 30.8208 4.19
    endloop
  endfacet
  facet normal -0.533452 -0.464546 -0.706842
    outer loop
      vertex 61.7988 29.7715 5.69
      vertex 62.828 30.872 4.19
      vertex 62.8596 30.8334 4.19152
    endloop
  endfacet
  facet normal -0.533806 -0.46418 -0.706815
    outer loop
      vertex 62.828 30.872 4.19
      vertex 61.7988 29.7715 5.69
      vertex 62.708 31.01 4.19
    endloop
  endfacet
  facet normal -0.534248 -0.463693 -0.706801
    outer loop
      vertex 61.7988 29.7715 5.69
      vertex 62.8596 30.8334 4.19152
      vertex 62.8906 30.8 4.19
    endloop
  endfacet
  facet normal 0.614932 -0.349647 -0.706828
    outer loop
      vertex 69.8796 30.9035 5.69
      vertex 68.4096 31.3505 4.19
      vertex 68.5472 31.5925 4.19
    endloop
  endfacet
  facet normal 0.0701229 0.703926 -0.706803
    outer loop
      vertex 65.7933 36.6792 4.19
      vertex 66.1319 38.1516 5.69
      vertex 65.9238 36.6662 4.19
    endloop
  endfacet
  facet normal 0.0702627 0.703903 -0.706812
    outer loop
      vertex 65.7377 36.6872 4.19244
      vertex 66.1319 38.1516 5.69
      vertex 65.7933 36.6792 4.19
    endloop
  endfacet
  facet normal 0.0693241 0.685944 -0.724344
    outer loop
      vertex 65.6469 36.6938 4.19
      vertex 65.7377 36.6872 4.19244
      vertex 65.7033 36.6881 4.19
    endloop
  endfacet
  facet normal 0.0701595 0.703922 -0.706803
    outer loop
      vertex 65.7377 36.6872 4.19244
      vertex 65.6469 36.6938 4.19
      vertex 66.1319 38.1516 5.69
    endloop
  endfacet
  facet normal 0.640781 -0.29966 -0.706826
    outer loop
      vertex 69.8796 30.9035 5.69
      vertex 68.6651 31.8446 4.19
      vertex 70.048 31.2636 5.69
    endloop
  endfacet
  facet normal -0.20783 -0.676161 -0.706833
    outer loop
      vertex 64.1601 28.3661 5.69
      vertex 63.7801 28.4829 5.69
      vertex 64.5435 29.8163 4.19
    endloop
  endfacet
  facet normal 0.234691 -0.667323 -0.706824
    outer loop
      vertex 67.2825 28.5526 5.69
      vertex 66.5694 29.8906 4.19
      vertex 66.7292 29.9468 4.19
    endloop
  endfacet
  facet normal 0.234478 -0.667417 -0.706806
    outer loop
      vertex 67.2825 28.5526 5.69
      vertex 66.5198 29.8713 4.19177
      vertex 66.5694 29.8906 4.19
    endloop
  endfacet
  facet normal 0.23469 -0.667319 -0.706828
    outer loop
      vertex 66.4667 29.8545 4.19
      vertex 66.5198 29.8713 4.19177
      vertex 67.2825 28.5526 5.69
    endloop
  endfacet
  facet normal 0.236293 -0.673014 -0.70087
    outer loop
      vertex 66.5198 29.8713 4.19177
      vertex 66.4667 29.8545 4.19
      vertex 66.4986 29.8657 4.19
    endloop
  endfacet
  facet normal -0.312291 -0.634724 -0.706824
    outer loop
      vertex 63.4106 28.6296 5.69
      vertex 63.0539 28.8051 5.69
      vertex 64.0189 30.0007 4.19
    endloop
  endfacet
  facet normal 0.706827 0.0281094 -0.706827
    outer loop
      vertex 70.4382 33.2 5.69
      vertex 68.9382 33.2 4.19
      vertex 70.4224 33.5973 5.69
    endloop
  endfacet
  facet normal -0.20783 0.676161 -0.706833
    outer loop
      vertex 64.5435 36.5837 4.19
      vertex 63.7801 37.9171 5.69
      vertex 64.1601 38.0339 5.69
    endloop
  endfacet
  facet normal 0.68019 -0.194289 -0.706819
    outer loop
      vertex 70.1873 31.636 5.69
      vertex 68.7626 32.1052 4.19
      vertex 70.2965 32.0183 5.69
    endloop
  endfacet
  facet normal 0.55176 0.442689 -0.706814
    outer loop
      vertex 69.4598 36.171 5.69
      vertex 68.0792 35.4968 4.19
      vertex 69.211 36.4811 5.69
    endloop
  endfacet
  facet normal 0.585246 0.397341 -0.706829
    outer loop
      vertex 69.6831 35.8421 5.69
      vertex 68.4096 35.0495 4.19
      vertex 69.4598 36.171 5.69
    endloop
  endfacet
  facet normal -0.705161 -0.0560499 -0.706828
    outer loop
      vertex 60.4737 32.6049 5.69
      vertex 60.4422 33.0012 5.69
      vertex 61.941 33.0609 4.19
    endloop
  endfacet
  facet normal 0.234661 -0.667333 -0.706825
    outer loop
      vertex 66.9074 28.4207 5.69
      vertex 66.4667 29.8545 4.19
      vertex 67.2825 28.5526 5.69
    endloop
  endfacet
  facet normal -0.705161 0.0560499 -0.706828
    outer loop
      vertex 61.941 33.3391 4.19
      vertex 60.4422 33.3988 5.69
      vertex 60.4737 33.7951 5.69
    endloop
  endfacet
  facet normal 0.180804 -0.683889 -0.706827
    outer loop
      vertex 66.5231 28.3191 5.69
      vertex 66.4667 29.8545 4.19
      vertex 66.9074 28.4207 5.69
    endloop
  endfacet
  facet normal -0.687423 0.166964 -0.706805
    outer loop
      vertex 62.0072 33.8913 4.19
      vertex 60.6307 34.5739 5.69
      vertex 62.0729 34.1618 4.19
    endloop
  endfacet
  facet normal 0.0139774 -0.707258 -0.706818
    outer loop
      vertex 65.7363 28.2089 5.69
      vertex 65.3686 29.7007 4.19
      vertex 65.6469 29.7062 4.19
    endloop
  endfacet
  facet normal 0.614936 -0.349638 -0.706829
    outer loop
      vertex 69.6831 30.5579 5.69
      vertex 68.4096 31.3505 4.19
      vertex 69.8796 30.9035 5.69
    endloop
  endfacet
  facet normal 0.127231 -0.699768 -0.702949
    outer loop
      vertex 66.1976 29.7834 4.19
      vertex 66.1333 29.7697 4.192
      vertex 66.158 29.7762 4.19
    endloop
  endfacet
  facet normal 0.126323 -0.696068 -0.706776
    outer loop
      vertex 66.1319 28.2484 5.69
      vertex 66.1333 29.7697 4.192
      vertex 66.1976 29.7834 4.19
    endloop
  endfacet
  facet normal 0.12637 -0.696063 -0.706772
    outer loop
      vertex 66.1319 28.2484 5.69
      vertex 66.0786 29.7618 4.19
      vertex 66.1333 29.7697 4.192
    endloop
  endfacet
  facet normal 0.125912 -0.696113 -0.706805
    outer loop
      vertex 66.0786 29.7618 4.19
      vertex 66.1319 28.2484 5.69
      vertex 65.9238 29.7338 4.19
    endloop
  endfacet
  facet normal 0.0139774 0.707258 -0.706818
    outer loop
      vertex 65.6469 36.6938 4.19
      vertex 65.3686 36.6993 4.19
      vertex 65.7363 38.1911 5.69
    endloop
  endfacet
  facet normal 0.693472 -0.139551 -0.706839
    outer loop
      vertex 70.3751 32.408 5.69
      vertex 68.8549 32.4513 4.19
      vertex 68.894 32.6456 4.19
    endloop
  endfacet
  facet normal 0.693298 -0.141083 -0.706707
    outer loop
      vertex 70.3751 32.408 5.69
      vertex 68.8472 32.4073 4.19123
      vertex 68.8549 32.4513 4.19
    endloop
  endfacet
  facet normal 0.693443 -0.139617 -0.706855
    outer loop
      vertex 68.839 32.3728 4.19
      vertex 68.8472 32.4073 4.19123
      vertex 70.3751 32.408 5.69
    endloop
  endfacet
  facet normal 0.689831 -0.138626 -0.710574
    outer loop
      vertex 68.8472 32.4073 4.19123
      vertex 68.839 32.3728 4.19
      vertex 68.8432 32.3937 4.19
    endloop
  endfacet
  facet normal 0.234661 0.667333 -0.706825
    outer loop
      vertex 67.2825 37.8474 5.69
      vertex 66.4667 36.5455 4.19
      vertex 66.9074 37.9793 5.69
    endloop
  endfacet
  facet normal -0.705122 -0.0563404 -0.706844
    outer loop
      vertex 60.4737 32.6049 5.69
      vertex 61.9501 32.9461 4.19
      vertex 61.9631 32.7834 4.19
    endloop
  endfacet
  facet normal -0.709665 -0.0557731 -0.702328
    outer loop
      vertex 61.9439 33.0002 4.19189
      vertex 61.941 33.0609 4.19
      vertex 61.9439 33.024 4.19
    endloop
  endfacet
  facet normal -0.705229 -0.0557001 -0.706788
    outer loop
      vertex 61.9439 33.0002 4.19189
      vertex 60.4737 32.6049 5.69
      vertex 61.941 33.0609 4.19
    endloop
  endfacet
  facet normal -0.705156 -0.0561195 -0.706827
    outer loop
      vertex 61.9501 32.9461 4.19
      vertex 60.4737 32.6049 5.69
      vertex 61.9439 33.0002 4.19189
    endloop
  endfacet
  facet normal 0.38558 0.593049 -0.706838
    outer loop
      vertex 68.3287 37.2799 5.69
      vertex 67.2282 36.2076 4.19
      vertex 67.9954 37.4966 5.69
    endloop
  endfacet
  facet normal -0.20792 -0.676121 -0.706844
    outer loop
      vertex 64.5435 29.8163 4.19
      vertex 63.7801 28.4829 5.69
      vertex 64.2775 29.8981 4.19
    endloop
  endfacet
  facet normal 0.64079 0.299664 -0.706816
    outer loop
      vertex 70.048 35.1364 5.69
      vertex 68.6651 34.5555 4.19
      vertex 69.8796 35.4965 5.69
    endloop
  endfacet
  facet normal 0.514854 -0.485122 -0.706811
    outer loop
      vertex 69.211 29.9189 5.69
      vertex 67.8883 30.7006 4.19
      vertex 68.0792 30.9032 4.19
    endloop
  endfacet
  facet normal 0.47476 -0.524407 -0.706825
    outer loop
      vertex 68.6437 29.3627 5.69
      vertex 67.8883 30.7006 4.19
      vertex 68.9384 29.6295 5.69
    endloop
  endfacet
  facet normal -0.56895 -0.42035 -0.706826
    outer loop
      vertex 61.5379 30.0715 5.69
      vertex 61.3017 30.3912 5.69
      vertex 62.5426 31.2339 4.19
    endloop
  endfacet
  facet normal -0.313254 0.634197 -0.70687
    outer loop
      vertex 63.0539 37.5949 5.69
      vertex 63.8481 36.3153 4.19
      vertex 63.8049 36.2955 4.19138
    endloop
  endfacet
  facet normal -0.327024 0.660104 -0.676253
    outer loop
      vertex 63.7692 36.2764 4.19
      vertex 63.8049 36.2955 4.19138
      vertex 63.791 36.2872 4.19
    endloop
  endfacet
  facet normal -0.312191 0.634788 -0.706811
    outer loop
      vertex 63.8481 36.3153 4.19
      vertex 63.0539 37.5949 5.69
      vertex 64.0189 36.3993 4.19
    endloop
  endfacet
  facet normal -0.312265 0.634726 -0.706833
    outer loop
      vertex 63.0539 37.5949 5.69
      vertex 63.8049 36.2955 4.19138
      vertex 63.7692 36.2764 4.19
    endloop
  endfacet
  facet normal 0.551784 -0.442633 -0.706831
    outer loop
      vertex 69.4598 30.229 5.69
      vertex 68.1799 31.0288 4.19
      vertex 68.2533 31.1203 4.19
    endloop
  endfacet
  facet normal 0.551746 -0.442687 -0.706827
    outer loop
      vertex 69.4598 30.229 5.69
      vertex 68.1477 30.9845 4.19261
      vertex 68.1799 31.0288 4.19
    endloop
  endfacet
  facet normal 0.551838 -0.442553 -0.70684
    outer loop
      vertex 69.4598 30.229 5.69
      vertex 68.1211 30.9555 4.19
      vertex 68.1477 30.9845 4.19261
    endloop
  endfacet
  facet normal 0.552032 -0.442259 -0.706871
    outer loop
      vertex 68.1211 30.9555 4.19
      vertex 69.4598 30.229 5.69
      vertex 68.0792 30.9032 4.19
    endloop
  endfacet
  facet normal 0.014056 -0.707247 -0.706827
    outer loop
      vertex 65.7363 28.2089 5.69
      vertex 65.3388 28.201 5.69
      vertex 65.3686 29.7007 4.19
    endloop
  endfacet
  facet normal 0.47476 0.524407 -0.706825
    outer loop
      vertex 68.9384 36.7705 5.69
      vertex 67.8883 35.6994 4.19
      vertex 68.6437 37.0373 5.69
    endloop
  endfacet
  facet normal 0.0701229 -0.703926 -0.706803
    outer loop
      vertex 66.1319 28.2484 5.69
      vertex 65.7933 29.7208 4.19
      vertex 65.9238 29.7338 4.19
    endloop
  endfacet
  facet normal 0.0702627 -0.703903 -0.706812
    outer loop
      vertex 66.1319 28.2484 5.69
      vertex 65.7377 29.7128 4.19244
      vertex 65.7933 29.7208 4.19
    endloop
  endfacet
  facet normal 0.0701595 -0.703922 -0.706803
    outer loop
      vertex 65.6469 29.7062 4.19
      vertex 65.7377 29.7128 4.19244
      vertex 66.1319 28.2484 5.69
    endloop
  endfacet
  facet normal 0.0693241 -0.685944 -0.724344
    outer loop
      vertex 65.7377 29.7128 4.19244
      vertex 65.6469 29.7062 4.19
      vertex 65.7033 29.7119 4.19
    endloop
  endfacet
  facet normal -0.671832 0.22136 -0.706853
    outer loop
      vertex 60.755 34.9516 5.69
      vertex 62.0925 34.2211 4.19
      vertex 62.08 34.1861 4.19092
    endloop
  endfacet
  facet normal -0.641265 0.21525 -0.73651
    outer loop
      vertex 62.0729 34.1618 4.19
      vertex 62.08 34.1861 4.19092
      vertex 62.0777 34.1761 4.19
    endloop
  endfacet
  facet normal -0.671888 0.221231 -0.70684
    outer loop
      vertex 62.0925 34.2211 4.19
      vertex 60.755 34.9516 5.69
      vertex 62.16 34.4261 4.19
    endloop
  endfacet
  facet normal -0.671155 0.222867 -0.707023
    outer loop
      vertex 60.755 34.9516 5.69
      vertex 62.08 34.1861 4.19092
      vertex 62.0729 34.1618 4.19
    endloop
  endfacet
  facet normal -0.533776 -0.464207 -0.70682
    outer loop
      vertex 61.7988 29.7715 5.69
      vertex 61.5379 30.0715 5.69
      vertex 62.708 31.01 4.19
    endloop
  endfacet
  facet normal -0.600578 0.373772 -0.706824
    outer loop
      vertex 62.3956 34.9299 4.19
      vertex 61.3017 36.0088 5.69
      vertex 62.5426 35.1661 4.19
    endloop
  endfacet
  facet normal 0.640681 -0.299824 -0.706848
    outer loop
      vertex 69.8796 30.9035 5.69
      vertex 68.6008 31.7072 4.19
      vertex 68.6651 31.8446 4.19
    endloop
  endfacet
  facet normal 0.641145 -0.298973 -0.706787
    outer loop
      vertex 69.8796 30.9035 5.69
      vertex 68.5791 31.6557 4.1921
      vertex 68.6008 31.7072 4.19
    endloop
  endfacet
  facet normal 0.640668 -0.299888 -0.706832
    outer loop
      vertex 68.5472 31.5925 4.19
      vertex 68.5791 31.6557 4.1921
      vertex 69.8796 30.9035 5.69
    endloop
  endfacet
  facet normal 0.641581 -0.300384 -0.705793
    outer loop
      vertex 68.5791 31.6557 4.1921
      vertex 68.5472 31.5925 4.19
      vertex 68.5656 31.6318 4.19
    endloop
  endfacet
  facet normal 0.514922 0.485031 -0.706824
    outer loop
      vertex 69.211 36.4811 5.69
      vertex 67.8883 35.6994 4.19
      vertex 68.9384 36.7705 5.69
    endloop
  endfacet
  facet normal -0.495191 0.505155 -0.706827
    outer loop
      vertex 63.0894 35.7948 4.19
      vertex 61.7988 36.6285 5.69
      vertex 62.0827 36.9068 5.69
    endloop
  endfacet
  facet normal -0.0415081 -0.706156 -0.706839
    outer loop
      vertex 65.3383 29.7014 4.19108
      vertex 65.3686 29.7007 4.19
      vertex 65.3388 28.201 5.69
    endloop
  endfacet
  facet normal -0.0417325 -0.686689 -0.725752
    outer loop
      vertex 65.3686 29.7007 4.19
      vertex 65.3383 29.7014 4.19108
      vertex 65.3505 29.7018 4.19
    endloop
  endfacet
  facet normal -0.0431711 -0.706106 -0.706789
    outer loop
      vertex 65.3388 28.201 5.69
      vertex 65.2971 29.705 4.19
      vertex 65.3383 29.7014 4.19108
    endloop
  endfacet
  facet normal -0.0421004 -0.706123 -0.706836
    outer loop
      vertex 65.2971 29.705 4.19
      vertex 65.3388 28.201 5.69
      vertex 65.0908 29.7173 4.19
    endloop
  endfacet
  facet normal -0.67195 -0.221137 -0.706811
    outer loop
      vertex 60.755 31.4484 5.69
      vertex 60.6307 31.8261 5.69
      vertex 62.0729 32.2382 4.19
    endloop
  endfacet
  facet normal 0.614932 0.349647 -0.706828
    outer loop
      vertex 68.5472 34.8075 4.19
      vertex 68.4096 35.0495 4.19
      vertex 69.8796 35.4965 5.69
    endloop
  endfacet
  facet normal -0.523376 0.452922 -0.721761
    outer loop
      vertex 62.8596 35.5666 4.19152
      vertex 62.8906 35.6 4.19
      vertex 62.8726 35.5792 4.19
    endloop
  endfacet
  facet normal -0.533806 0.46418 -0.706815
    outer loop
      vertex 61.7988 36.6285 5.69
      vertex 62.828 35.528 4.19
      vertex 62.708 35.39 4.19
    endloop
  endfacet
  facet normal -0.534248 0.463693 -0.706801
    outer loop
      vertex 62.8596 35.5666 4.19152
      vertex 61.7988 36.6285 5.69
      vertex 62.8906 35.6 4.19
    endloop
  endfacet
  facet normal -0.533452 0.464546 -0.706842
    outer loop
      vertex 62.828 35.528 4.19
      vertex 61.7988 36.6285 5.69
      vertex 62.8596 35.5666 4.19152
    endloop
  endfacet
  facet normal -0.70739 0 -0.706824
    outer loop
      vertex 61.941 33.0609 4.19
      vertex 60.4422 33.3988 5.69
      vertex 61.941 33.3391 4.19
    endloop
  endfacet
  facet normal -0.70739 -0 -0.706824
    outer loop
      vertex 60.4422 33.3988 5.69
      vertex 61.941 33.0609 4.19
      vertex 60.4422 33.0012 5.69
    endloop
  endfacet
  facet normal -0.671888 -0.221231 -0.70684
    outer loop
      vertex 60.755 31.4484 5.69
      vertex 62.0925 32.1789 4.19
      vertex 62.16 31.9739 4.19
    endloop
  endfacet
  facet normal -0.641265 -0.21525 -0.73651
    outer loop
      vertex 62.08 32.2139 4.19092
      vertex 62.0729 32.2382 4.19
      vertex 62.0777 32.2239 4.19
    endloop
  endfacet
  facet normal -0.671155 -0.222867 -0.707023
    outer loop
      vertex 62.08 32.2139 4.19092
      vertex 60.755 31.4484 5.69
      vertex 62.0729 32.2382 4.19
    endloop
  endfacet
  facet normal -0.671832 -0.22136 -0.706853
    outer loop
      vertex 62.0925 32.1789 4.19
      vertex 60.755 31.4484 5.69
      vertex 62.08 32.2139 4.19092
    endloop
  endfacet
  facet normal -0.41131 0.580673 -0.702597
    outer loop
      vertex 63.4627 36.0892 4.19229
      vertex 63.53 36.1341 4.19
      vertex 63.4892 36.1052 4.19
    endloop
  endfacet
  facet normal -0.408778 0.577305 -0.706838
    outer loop
      vertex 62.7122 37.3915 5.69
      vertex 63.418 36.0547 4.19
      vertex 63.3029 35.9732 4.19
    endloop
  endfacet
  facet normal -0.409083 0.57712 -0.706812
    outer loop
      vertex 63.4627 36.0892 4.19229
      vertex 62.7122 37.3915 5.69
      vertex 63.53 36.1341 4.19
    endloop
  endfacet
  facet normal -0.409173 0.577062 -0.706807
    outer loop
      vertex 63.418 36.0547 4.19
      vertex 62.7122 37.3915 5.69
      vertex 63.4627 36.0892 4.19229
    endloop
  endfacet
  facet normal -0.687319 0.167248 -0.706839
    outer loop
      vertex 62.0072 33.8913 4.19
      vertex 60.5367 34.1876 5.69
      vertex 60.6307 34.5739 5.69
    endloop
  endfacet
  facet normal 0.514854 0.485122 -0.706811
    outer loop
      vertex 68.0792 35.4968 4.19
      vertex 67.8883 35.6994 4.19
      vertex 69.211 36.4811 5.69
    endloop
  endfacet
  facet normal 0.180804 0.683889 -0.706827
    outer loop
      vertex 66.9074 37.9793 5.69
      vertex 66.4667 36.5455 4.19
      vertex 66.5231 38.0809 5.69
    endloop
  endfacet
  facet normal -0.652113 -0.274137 -0.706822
    outer loop
      vertex 60.755 31.4484 5.69
      vertex 62.2348 31.7958 4.19
      vertex 62.2678 31.7173 4.19
    endloop
  endfacet
  facet normal -0.652069 -0.274224 -0.706829
    outer loop
      vertex 60.755 31.4484 5.69
      vertex 62.1974 31.8849 4.19
      vertex 62.2143 31.8376 4.19276
    endloop
  endfacet
  facet normal -0.652134 -0.274043 -0.706839
    outer loop
      vertex 62.1974 31.8849 4.19
      vertex 60.755 31.4484 5.69
      vertex 62.16 31.9739 4.19
    endloop
  endfacet
  facet normal -0.652392 -0.273277 -0.706898
    outer loop
      vertex 62.2348 31.7958 4.19
      vertex 60.755 31.4484 5.69
      vertex 62.2143 31.8376 4.19276
    endloop
  endfacet
  facet normal -0.408905 -0.577235 -0.706822
    outer loop
      vertex 62.7122 29.0085 5.69
      vertex 62.3878 29.2383 5.69
      vertex 63.3029 30.4268 4.19
    endloop
  endfacet
  facet normal 0.286836 -0.646627 -0.706823
    outer loop
      vertex 67.2825 28.5526 5.69
      vertex 66.7292 29.9468 4.19
      vertex 67.6459 28.7138 5.69
    endloop
  endfacet
  facet normal 0.68019 0.194289 -0.706819
    outer loop
      vertex 70.2965 34.3817 5.69
      vertex 68.7626 34.2948 4.19
      vertex 70.1873 34.764 5.69
    endloop
  endfacet
  facet normal -0.312291 0.634724 -0.706824
    outer loop
      vertex 64.0189 36.3993 4.19
      vertex 63.0539 37.5949 5.69
      vertex 63.4106 37.7704 5.69
    endloop
  endfacet
  facet normal -0.568683 0.420659 -0.706856
    outer loop
      vertex 61.5379 36.3285 5.69
      vertex 62.6409 35.2991 4.19
      vertex 62.6066 35.2572 4.19266
    endloop
  endfacet
  facet normal -0.563895 0.416965 -0.712856
    outer loop
      vertex 62.5426 35.1661 4.19
      vertex 62.6066 35.2572 4.19266
      vertex 62.5846 35.2229 4.19
    endloop
  endfacet
  facet normal -0.569133 0.420119 -0.706816
    outer loop
      vertex 62.6409 35.2991 4.19
      vertex 61.5379 36.3285 5.69
      vertex 62.708 35.39 4.19
    endloop
  endfacet
  facet normal -0.568955 0.420344 -0.706825
    outer loop
      vertex 61.5379 36.3285 5.69
      vertex 62.6066 35.2572 4.19266
      vertex 62.5426 35.1661 4.19
    endloop
  endfacet
  facet normal 0.662557 0.247836 -0.70682
    outer loop
      vertex 70.1873 34.764 5.69
      vertex 68.7626 34.2948 4.19
      vertex 70.048 35.1364 5.69
    endloop
  endfacet
  facet normal -0.45343 -0.542955 -0.706824
    outer loop
      vertex 62.3878 29.2383 5.69
      vertex 63.1907 30.5205 4.19
      vertex 63.3029 30.4268 4.19
    endloop
  endfacet
  facet normal -0.467653 -0.558066 -0.685466
    outer loop
      vertex 63.1462 30.5549 4.1922
      vertex 63.0894 30.6052 4.19
      vertex 63.1252 30.5752 4.19
    endloop
  endfacet
  facet normal -0.453426 -0.542936 -0.706842
    outer loop
      vertex 63.1462 30.5549 4.1922
      vertex 62.3878 29.2383 5.69
      vertex 63.0894 30.6052 4.19
    endloop
  endfacet
  facet normal -0.45422 -0.542382 -0.706757
    outer loop
      vertex 63.1907 30.5205 4.19
      vertex 62.3878 29.2383 5.69
      vertex 63.1462 30.5549 4.1922
    endloop
  endfacet
  facet normal 0.640586 0.299998 -0.70686
    outer loop
      vertex 68.6008 34.6928 4.19
      vertex 69.8796 35.4965 5.69
      vertex 68.6651 34.5555 4.19
    endloop
  endfacet
  facet normal 0.641145 0.298973 -0.706787
    outer loop
      vertex 68.5791 34.7443 4.1921
      vertex 69.8796 35.4965 5.69
      vertex 68.6008 34.6928 4.19
    endloop
  endfacet
  facet normal 0.641581 0.300384 -0.705793
    outer loop
      vertex 68.5472 34.8075 4.19
      vertex 68.5791 34.7443 4.1921
      vertex 68.5656 34.7682 4.19
    endloop
  endfacet
  facet normal 0.640668 0.299888 -0.706832
    outer loop
      vertex 68.5791 34.7443 4.1921
      vertex 68.5472 34.8075 4.19
      vertex 69.8796 35.4965 5.69
    endloop
  endfacet
  facet normal 0.337308 0.621777 -0.706836
    outer loop
      vertex 67.9954 37.4966 5.69
      vertex 67.2282 36.2076 4.19
      vertex 67.6459 37.6862 5.69
    endloop
  endfacet
  facet normal 0.693472 0.139551 -0.706839
    outer loop
      vertex 68.8549 33.9487 4.19
      vertex 70.3751 33.992 5.69
      vertex 68.894 33.7544 4.19
    endloop
  endfacet
  facet normal 0.693298 0.141083 -0.706707
    outer loop
      vertex 68.8472 33.9927 4.19123
      vertex 70.3751 33.992 5.69
      vertex 68.8549 33.9487 4.19
    endloop
  endfacet
  facet normal 0.689831 0.138626 -0.710574
    outer loop
      vertex 68.839 34.0272 4.19
      vertex 68.8472 33.9927 4.19123
      vertex 68.8432 34.0063 4.19
    endloop
  endfacet
  facet normal 0.693443 0.139617 -0.706855
    outer loop
      vertex 68.8472 33.9927 4.19123
      vertex 68.839 34.0272 4.19
      vertex 70.3751 33.992 5.69
    endloop
  endfacet
  facet normal 0.125804 -0.696102 -0.706834
    outer loop
      vertex 66.5231 28.3191 5.69
      vertex 66.1319 28.2484 5.69
      vertex 66.1976 29.7834 4.19
    endloop
  endfacet
  facet normal 0.693422 0.139859 -0.706828
    outer loop
      vertex 70.3751 33.992 5.69
      vertex 68.839 34.0272 4.19
      vertex 70.2965 34.3817 5.69
    endloop
  endfacet
  facet normal -0.716303 0.115961 -0.688086
    outer loop
      vertex 61.9895 33.7968 4.1925
      vertex 62.0072 33.8913 4.19
      vertex 61.9976 33.832 4.19
    endloop
  endfacet
  facet normal -0.698446 0.11202 -0.706841
    outer loop
      vertex 60.4737 33.7951 5.69
      vertex 61.9831 33.7413 4.19
      vertex 61.9631 33.6166 4.19
    endloop
  endfacet
  facet normal -0.698432 0.112118 -0.70684
    outer loop
      vertex 61.9895 33.7968 4.1925
      vertex 60.4737 33.7951 5.69
      vertex 62.0072 33.8913 4.19
    endloop
  endfacet
  facet normal -0.698412 0.112376 -0.706819
    outer loop
      vertex 61.9831 33.7413 4.19
      vertex 60.4737 33.7951 5.69
      vertex 61.9895 33.7968 4.1925
    endloop
  endfacet
  facet normal 0.579799 0.394172 -0.713065
    outer loop
      vertex 68.3826 35.0922 4.19165
      vertex 68.4096 35.0495 4.19
      vertex 68.3924 35.0748 4.19
    endloop
  endfacet
  facet normal 0.585227 0.397363 -0.706832
    outer loop
      vertex 68.4096 35.0495 4.19
      vertex 68.3826 35.0922 4.19165
      vertex 69.4598 36.171 5.69
    endloop
  endfacet
  facet normal 0.585534 0.396993 -0.706786
    outer loop
      vertex 68.3522 35.1341 4.19
      vertex 69.4598 36.171 5.69
      vertex 68.3826 35.0922 4.19165
    endloop
  endfacet
  facet normal 0.585152 0.39747 -0.706834
    outer loop
      vertex 69.4598 36.171 5.69
      vertex 68.3522 35.1341 4.19
      vertex 68.2533 35.2797 4.19
    endloop
  endfacet
  facet normal 0.702386 -0.0838125 -0.706845
    outer loop
      vertex 70.4224 32.8027 5.69
      vertex 68.9179 32.8448 4.19
      vertex 68.9271 32.9219 4.19
    endloop
  endfacet
  facet normal 0.702373 -0.0839847 -0.706837
    outer loop
      vertex 70.4224 32.8027 5.69
      vertex 68.9154 32.801 4.19272
      vertex 68.9179 32.8448 4.19
    endloop
  endfacet
  facet normal 0.702369 -0.0840485 -0.706833
    outer loop
      vertex 70.4224 32.8027 5.69
      vertex 68.9065 32.7495 4.19
      vertex 68.9154 32.801 4.19272
    endloop
  endfacet
  facet normal 0.70235 -0.0844984 -0.706798
    outer loop
      vertex 68.9065 32.7495 4.19
      vertex 70.4224 32.8027 5.69
      vertex 68.894 32.6456 4.19
    endloop
  endfacet
  facet normal -0.687423 -0.166964 -0.706805
    outer loop
      vertex 62.0729 32.2382 4.19
      vertex 60.6307 31.8261 5.69
      vertex 62.0072 32.5087 4.19
    endloop
  endfacet
  facet normal -0.45422 0.542382 -0.706757
    outer loop
      vertex 62.3878 37.1617 5.69
      vertex 63.1907 35.8795 4.19
      vertex 63.1462 35.8451 4.1922
    endloop
  endfacet
  facet normal -0.467653 0.558066 -0.685466
    outer loop
      vertex 63.0894 35.7948 4.19
      vertex 63.1462 35.8451 4.1922
      vertex 63.1252 35.8248 4.19
    endloop
  endfacet
  facet normal -0.45343 0.542955 -0.706824
    outer loop
      vertex 63.1907 35.8795 4.19
      vertex 62.3878 37.1617 5.69
      vertex 63.3029 35.9732 4.19
    endloop
  endfacet
  facet normal -0.453426 0.542936 -0.706842
    outer loop
      vertex 62.3878 37.1617 5.69
      vertex 63.1462 35.8451 4.1922
      vertex 63.0894 35.7948 4.19
    endloop
  endfacet
  facet normal 0.702353 0.0841684 -0.706835
    outer loop
      vertex 70.4224 33.5973 5.69
      vertex 68.894 33.7544 4.19
      vertex 70.3751 33.992 5.69
    endloop
  endfacet
  facet normal -0.153545 0.690509 -0.706838
    outer loop
      vertex 64.8152 36.6441 4.19
      vertex 64.1601 38.0339 5.69
      vertex 64.5482 38.1202 5.69
    endloop
  endfacet
  facet normal -0.628343 -0.324938 -0.706824
    outer loop
      vertex 61.0916 30.7288 5.69
      vertex 60.909 31.0819 5.69
      vertex 62.3956 31.4701 4.19
    endloop
  endfacet
  facet normal -0.569133 -0.420119 -0.706816
    outer loop
      vertex 61.5379 30.0715 5.69
      vertex 62.6409 31.1009 4.19
      vertex 62.708 31.01 4.19
    endloop
  endfacet
  facet normal -0.563895 -0.416965 -0.712856
    outer loop
      vertex 62.6066 31.1428 4.19266
      vertex 62.5426 31.2339 4.19
      vertex 62.5846 31.1771 4.19
    endloop
  endfacet
  facet normal -0.568955 -0.420344 -0.706825
    outer loop
      vertex 62.6066 31.1428 4.19266
      vertex 61.5379 30.0715 5.69
      vertex 62.5426 31.2339 4.19
    endloop
  endfacet
  facet normal -0.568683 -0.420659 -0.706856
    outer loop
      vertex 62.6409 31.1009 4.19
      vertex 61.5379 30.0715 5.69
      vertex 62.6066 31.1428 4.19266
    endloop
  endfacet
  facet normal 0.614936 0.349638 -0.706829
    outer loop
      vertex 69.8796 35.4965 5.69
      vertex 68.4096 35.0495 4.19
      vertex 69.6831 35.8421 5.69
    endloop
  endfacet
  facet normal -0.41131 -0.580673 -0.702597
    outer loop
      vertex 63.53 30.2659 4.19
      vertex 63.4627 30.3108 4.19229
      vertex 63.4892 30.2948 4.19
    endloop
  endfacet
  facet normal -0.409173 -0.577062 -0.706807
    outer loop
      vertex 62.7122 29.0085 5.69
      vertex 63.418 30.3453 4.19
      vertex 63.4627 30.3108 4.19229
    endloop
  endfacet
  facet normal -0.408778 -0.577305 -0.706838
    outer loop
      vertex 63.418 30.3453 4.19
      vertex 62.7122 29.0085 5.69
      vertex 63.3029 30.4268 4.19
    endloop
  endfacet
  facet normal -0.409083 -0.57712 -0.706812
    outer loop
      vertex 62.7122 29.0085 5.69
      vertex 63.4627 30.3108 4.19229
      vertex 63.53 30.2659 4.19
    endloop
  endfacet
  facet normal 0.014056 0.707247 -0.706827
    outer loop
      vertex 65.3686 36.6993 4.19
      vertex 65.3388 38.199 5.69
      vertex 65.7363 38.1911 5.69
    endloop
  endfacet
  facet normal 0.55176 -0.442689 -0.706814
    outer loop
      vertex 69.211 29.9189 5.69
      vertex 68.0792 30.9032 4.19
      vertex 69.4598 30.229 5.69
    endloop
  endfacet
  facet normal -0.629364 0.326337 -0.70527
    outer loop
      vertex 62.3906 34.9211 4.19039
      vertex 62.3956 34.9299 4.19
      vertex 62.3928 34.9245 4.19
    endloop
  endfacet
  facet normal -0.628437 0.32473 -0.706836
    outer loop
      vertex 60.909 35.3181 5.69
      vertex 62.3821 34.9039 4.19
      vertex 62.2678 34.6827 4.19
    endloop
  endfacet
  facet normal -0.628107 0.325557 -0.70675
    outer loop
      vertex 62.3906 34.9211 4.19039
      vertex 60.909 35.3181 5.69
      vertex 62.3956 34.9299 4.19
    endloop
  endfacet
  facet normal -0.627825 0.326285 -0.706664
    outer loop
      vertex 62.3821 34.9039 4.19
      vertex 60.909 35.3181 5.69
      vertex 62.3906 34.9211 4.19039
    endloop
  endfacet
  facet normal 0.287085 0.646498 -0.706839
    outer loop
      vertex 66.9255 36.3661 4.19
      vertex 67.6459 37.6862 5.69
      vertex 66.9836 36.3403 4.19
    endloop
  endfacet
  facet normal 0.287297 0.646394 -0.706849
    outer loop
      vertex 66.8922 36.3837 4.19256
      vertex 67.6459 37.6862 5.69
      vertex 66.9255 36.3661 4.19
    endloop
  endfacet
  facet normal 0.286933 0.64658 -0.706827
    outer loop
      vertex 66.8406 36.4038 4.19
      vertex 67.6459 37.6862 5.69
      vertex 66.8922 36.3837 4.19256
    endloop
  endfacet
  facet normal 0.286764 0.64667 -0.706813
    outer loop
      vertex 67.6459 37.6862 5.69
      vertex 66.8406 36.4038 4.19
      vertex 66.7292 36.4532 4.19
    endloop
  endfacet
  facet normal 0.127231 0.699768 -0.702949
    outer loop
      vertex 66.1333 36.6303 4.192
      vertex 66.1976 36.6166 4.19
      vertex 66.158 36.6238 4.19
    endloop
  endfacet
  facet normal 0.126323 0.696068 -0.706776
    outer loop
      vertex 66.1333 36.6303 4.192
      vertex 66.1319 38.1516 5.69
      vertex 66.1976 36.6166 4.19
    endloop
  endfacet
  facet normal 0.12637 0.696063 -0.706772
    outer loop
      vertex 66.0786 36.6382 4.19
      vertex 66.1319 38.1516 5.69
      vertex 66.1333 36.6303 4.192
    endloop
  endfacet
  facet normal 0.125912 0.696113 -0.706805
    outer loop
      vertex 66.1319 38.1516 5.69
      vertex 66.0786 36.6382 4.19
      vertex 65.9238 36.6662 4.19
    endloop
  endfacet
  facet normal -0.261029 0.657467 -0.706825
    outer loop
      vertex 64.0189 36.3993 4.19
      vertex 63.4106 37.7704 5.69
      vertex 63.7801 37.9171 5.69
    endloop
  endfacet
  facet normal 0 0 -1
    outer loop
      vertex 62.8906 30.8 4.19
      vertex 63.1252 30.5752 4.19
      vertex 63.0894 30.6052 4.19
    endloop
  endfacet
  facet normal 0 0 -1
    outer loop
      vertex 63.1252 30.5752 4.19
      vertex 62.8906 30.8 4.19
      vertex 62.8726 30.8208 4.19
    endloop
  endfacet
  facet normal 0 0 -1
    outer loop
      vertex 63.53 30.2659 4.19
      vertex 63.791 30.1128 4.19
      vertex 63.7692 30.1236 4.19
    endloop
  endfacet
  facet normal 0 0 -1
    outer loop
      vertex 63.791 30.1128 4.19
      vertex 63.53 30.2659 4.19
      vertex 63.4892 30.2948 4.19
    endloop
  endfacet
  facet normal 0 0 -1
    outer loop
      vertex 67.2383 36.201 4.19
      vertex 66.9836 36.3403 4.19
      vertex 67.2282 36.2076 4.19
    endloop
  endfacet
  facet normal -0 -0 -1
    outer loop
      vertex 66.9836 36.3403 4.19
      vertex 67.2383 36.201 4.19
      vertex 66.9255 36.3661 4.19
    endloop
  endfacet
  facet normal 0 0 -1
    outer loop
      vertex 68.4096 31.3505 4.19
      vertex 68.5656 31.6318 4.19
      vertex 68.5472 31.5925 4.19
    endloop
  endfacet
  facet normal 0 0 -1
    outer loop
      vertex 68.5656 31.6318 4.19
      vertex 68.4096 31.3505 4.19
      vertex 68.3924 31.3252 4.19
    endloop
  endfacet
  facet normal 0 0 -1
    outer loop
      vertex 62.3928 34.9245 4.19
      vertex 62.5426 35.1661 4.19
      vertex 62.5846 35.2229 4.19
    endloop
  endfacet
  facet normal 0 0 -1
    outer loop
      vertex 62.5426 35.1661 4.19
      vertex 62.3928 34.9245 4.19
      vertex 62.3956 34.9299 4.19
    endloop
  endfacet
  facet normal 0 0 -1
    outer loop
      vertex 65.7033 36.6881 4.19
      vertex 65.3686 36.6993 4.19
      vertex 65.6469 36.6938 4.19
    endloop
  endfacet
  facet normal 0 -0 -1
    outer loop
      vertex 65.3686 36.6993 4.19
      vertex 65.7033 36.6881 4.19
      vertex 65.3505 36.6982 4.19
    endloop
  endfacet
  facet normal -0 0 -1
    outer loop
      vertex 66.7292 29.9468 4.19
      vertex 66.5694 29.8906 4.19
      vertex 66.8406 29.9962 4.19
    endloop
  endfacet
  facet normal -0 0 -1
    outer loop
      vertex 67.4615 30.3441 4.19
      vertex 67.2722 30.221 4.19
      vertex 67.535 30.4006 4.19
    endloop
  endfacet
  facet normal 0 0 -1
    outer loop
      vertex 65.3686 29.7007 4.19
      vertex 65.7033 29.7119 4.19
      vertex 65.6469 29.7062 4.19
    endloop
  endfacet
  facet normal 0 0 -1
    outer loop
      vertex 65.7033 29.7119 4.19
      vertex 65.3686 29.7007 4.19
      vertex 65.3505 29.7018 4.19
    endloop
  endfacet
  facet normal 0 0 -1
    outer loop
      vertex 61.941 33.0609 4.19
      vertex 61.9439 33.376 4.19
      vertex 61.9439 33.024 4.19
    endloop
  endfacet
  facet normal 0 0 -1
    outer loop
      vertex 61.9439 33.376 4.19
      vertex 61.941 33.0609 4.19
      vertex 61.941 33.3391 4.19
    endloop
  endfacet
  facet normal 0 0 -1
    outer loop
      vertex 66.4986 36.5343 4.19
      vertex 66.1976 36.6166 4.19
      vertex 66.4667 36.5455 4.19
    endloop
  endfacet
  facet normal -0 -0 -1
    outer loop
      vertex 66.1976 36.6166 4.19
      vertex 66.4986 36.5343 4.19
      vertex 66.158 36.6238 4.19
    endloop
  endfacet
  facet normal 0 0 -1
    outer loop
      vertex 68.9382 33.2 4.19
      vertex 68.9179 33.5552 4.19
      vertex 68.9271 33.4781 4.19
    endloop
  endfacet
  facet normal -0 0 -1
    outer loop
      vertex 68.9271 32.9219 4.19
      vertex 68.9179 32.8448 4.19
      vertex 68.9382 33.2 4.19
    endloop
  endfacet
  facet normal 0 0 -1
    outer loop
      vertex 67.535 35.9994 4.19
      vertex 67.2722 36.179 4.19
      vertex 67.4615 36.0559 4.19
    endloop
  endfacet
  facet normal 0 0 -1
    outer loop
      vertex 62.0777 34.1761 4.19
      vertex 62.0072 33.8913 4.19
      vertex 62.0729 34.1618 4.19
    endloop
  endfacet
  facet normal 0 -0 -1
    outer loop
      vertex 62.0072 33.8913 4.19
      vertex 62.0777 34.1761 4.19
      vertex 61.9976 33.832 4.19
    endloop
  endfacet
  facet normal 0 0 -1
    outer loop
      vertex 66.1976 29.7834 4.19
      vertex 66.4986 29.8657 4.19
      vertex 66.4667 29.8545 4.19
    endloop
  endfacet
  facet normal 0 0 -1
    outer loop
      vertex 66.4986 29.8657 4.19
      vertex 66.1976 29.7834 4.19
      vertex 66.158 29.7762 4.19
    endloop
  endfacet
  facet normal -0 0 -1
    outer loop
      vertex 68.894 32.6456 4.19
      vertex 68.8549 32.4513 4.19
      vertex 68.9065 32.7495 4.19
    endloop
  endfacet
  facet normal 0 0 -1
    outer loop
      vertex 61.9631 32.7834 4.19
      vertex 61.9501 32.9461 4.19
      vertex 61.9831 32.6587 4.19
    endloop
  endfacet
  facet normal 0 0 -1
    outer loop
      vertex 64.2775 29.8981 4.19
      vertex 64.5465 29.8156 4.19
      vertex 64.5435 29.8163 4.19
    endloop
  endfacet
  facet normal 0 0 -1
    outer loop
      vertex 64.5465 29.8156 4.19
      vertex 64.2775 29.8981 4.19
      vertex 64.2086 29.9254 4.19
    endloop
  endfacet
  facet normal 0 0 -1
    outer loop
      vertex 67.8817 30.6946 4.19
      vertex 68.0792 30.9032 4.19
      vertex 67.8883 30.7006 4.19
    endloop
  endfacet
  facet normal -0 0 -1
    outer loop
      vertex 68.0792 30.9032 4.19
      vertex 67.8817 30.6946 4.19
      vertex 68.1211 30.9555 4.19
    endloop
  endfacet
  facet normal 0 0 -1
    outer loop
      vertex 63.791 36.2872 4.19
      vertex 63.53 36.1341 4.19
      vertex 63.7692 36.2764 4.19
    endloop
  endfacet
  facet normal 0 -0 -1
    outer loop
      vertex 63.53 36.1341 4.19
      vertex 63.791 36.2872 4.19
      vertex 63.4892 36.1052 4.19
    endloop
  endfacet
  facet normal -0 0 -1
    outer loop
      vertex 67.682 30.5139 4.19
      vertex 67.6116 30.4597 4.19
      vertex 67.8576 30.6728 4.19
    endloop
  endfacet
  facet normal -0 0 -1
    outer loop
      vertex 68.2533 31.1203 4.19
      vertex 68.1799 31.0288 4.19
      vertex 68.3522 31.2659 4.19
    endloop
  endfacet
  facet normal 0 0 -1
    outer loop
      vertex 66.9836 30.0597 4.19
      vertex 67.2383 30.199 4.19
      vertex 67.2282 30.1924 4.19
    endloop
  endfacet
  facet normal 0 0 -1
    outer loop
      vertex 67.2383 30.199 4.19
      vertex 66.9836 30.0597 4.19
      vertex 66.9255 30.0339 4.19
    endloop
  endfacet
  facet normal -0 0 -1
    outer loop
      vertex 65.9238 29.7338 4.19
      vertex 65.7933 29.7208 4.19
      vertex 66.0786 29.7618 4.19
    endloop
  endfacet
  facet normal -0 0 -1
    outer loop
      vertex 68.6651 31.8446 4.19
      vertex 68.6008 31.7072 4.19
      vertex 68.7127 31.9719 4.19
    endloop
  endfacet
  facet normal 0 0 -1
    outer loop
      vertex 66.8406 36.4038 4.19
      vertex 66.5694 36.5094 4.19
      vertex 66.7292 36.4532 4.19
    endloop
  endfacet
  facet normal 0 0 -1
    outer loop
      vertex 68.5656 34.7682 4.19
      vertex 68.4096 35.0495 4.19
      vertex 68.5472 34.8075 4.19
    endloop
  endfacet
  facet normal -0 -0 -1
    outer loop
      vertex 68.4096 35.0495 4.19
      vertex 68.5656 34.7682 4.19
      vertex 68.3924 35.0748 4.19
    endloop
  endfacet
  facet normal 0 0 -1
    outer loop
      vertex 63.418 36.0547 4.19
      vertex 63.1907 35.8795 4.19
      vertex 63.3029 35.9732 4.19
    endloop
  endfacet
  facet normal 0 0 -1
    outer loop
      vertex 62.828 35.528 4.19
      vertex 62.6409 35.2991 4.19
      vertex 62.708 35.39 4.19
    endloop
  endfacet
  facet normal 0 0 -1
    outer loop
      vertex 62.1974 34.5151 4.19
      vertex 62.0925 34.2211 4.19
      vertex 62.16 34.4261 4.19
    endloop
  endfacet
  facet normal 0 0 -1
    outer loop
      vertex 62.16 31.9739 4.19
      vertex 62.0925 32.1789 4.19
      vertex 62.1974 31.8849 4.19
    endloop
  endfacet
  facet normal 0 0 -1
    outer loop
      vertex 63.3029 30.4268 4.19
      vertex 63.1907 30.5205 4.19
      vertex 63.418 30.3453 4.19
    endloop
  endfacet
  facet normal 0 0 -1
    outer loop
      vertex 67.8817 35.7054 4.19
      vertex 68.0792 35.4968 4.19
      vertex 68.1211 35.4445 4.19
    endloop
  endfacet
  facet normal 0 0 -1
    outer loop
      vertex 68.0792 35.4968 4.19
      vertex 67.8817 35.7054 4.19
      vertex 67.8883 35.6994 4.19
    endloop
  endfacet
  facet normal 0 0 -1
    outer loop
      vertex 62.3821 34.9039 4.19
      vertex 62.2348 34.6042 4.19
      vertex 62.2678 34.6827 4.19
    endloop
  endfacet
  facet normal 0 0 -1
    outer loop
      vertex 62.2678 31.7173 4.19
      vertex 62.2348 31.7958 4.19
      vertex 62.3821 31.4961 4.19
    endloop
  endfacet
  facet normal 0 0 -1
    outer loop
      vertex 68.8432 34.0063 4.19
      vertex 68.7626 34.2948 4.19
      vertex 68.839 34.0272 4.19
    endloop
  endfacet
  facet normal -0 -0 -1
    outer loop
      vertex 68.7626 34.2948 4.19
      vertex 68.8432 34.0063 4.19
      vertex 68.7439 34.3448 4.19
    endloop
  endfacet
  facet normal 0 0 -1
    outer loop
      vertex 62.3928 31.4755 4.19
      vertex 62.5426 31.2339 4.19
      vertex 62.3956 31.4701 4.19
    endloop
  endfacet
  facet normal 0 0 -1
    outer loop
      vertex 62.5426 31.2339 4.19
      vertex 62.3928 31.4755 4.19
      vertex 62.5846 31.1771 4.19
    endloop
  endfacet
  facet normal 0 0 -1
    outer loop
      vertex 61.9831 33.7413 4.19
      vertex 61.9501 33.4539 4.19
      vertex 61.9631 33.6166 4.19
    endloop
  endfacet
  facet normal 0 0 -1
    outer loop
      vertex 68.3522 35.1341 4.19
      vertex 68.1799 35.3712 4.19
      vertex 68.2533 35.2797 4.19
    endloop
  endfacet
  facet normal 0 0 -1
    outer loop
      vertex 68.7626 32.1052 4.19
      vertex 68.8432 32.3937 4.19
      vertex 68.839 32.3728 4.19
    endloop
  endfacet
  facet normal 0 0 -1
    outer loop
      vertex 68.8432 32.3937 4.19
      vertex 68.7626 32.1052 4.19
      vertex 68.7439 32.0552 4.19
    endloop
  endfacet
  facet normal 0 0 -1
    outer loop
      vertex 62.0072 32.5087 4.19
      vertex 62.0777 32.2239 4.19
      vertex 62.0729 32.2382 4.19
    endloop
  endfacet
  facet normal 0 0 -1
    outer loop
      vertex 62.0777 32.2239 4.19
      vertex 62.0072 32.5087 4.19
      vertex 61.9976 32.568 4.19
    endloop
  endfacet
  facet normal 0 0 -1
    outer loop
      vertex 63.1252 35.8248 4.19
      vertex 62.8906 35.6 4.19
      vertex 63.0894 35.7948 4.19
    endloop
  endfacet
  facet normal 0 -0 -1
    outer loop
      vertex 62.8906 35.6 4.19
      vertex 63.1252 35.8248 4.19
      vertex 62.8726 35.5792 4.19
    endloop
  endfacet
  facet normal 0 0 -1
    outer loop
      vertex 62.708 31.01 4.19
      vertex 62.6409 31.1009 4.19
      vertex 62.828 30.872 4.19
    endloop
  endfacet
  facet normal 0 0 -1
    outer loop
      vertex 68.7127 34.4281 4.19
      vertex 68.6008 34.6928 4.19
      vertex 68.6651 34.5555 4.19
    endloop
  endfacet
  facet normal 0 0 -1
    outer loop
      vertex 66.0786 36.6382 4.19
      vertex 65.7933 36.6792 4.19
      vertex 65.9238 36.6662 4.19
    endloop
  endfacet
  facet normal 0 0 -1
    outer loop
      vertex 65.0908 29.7173 4.19
      vertex 64.9912 29.7312 4.19
      vertex 65.2971 29.705 4.19
    endloop
  endfacet
  facet normal 0 0 -1
    outer loop
      vertex 67.8576 35.7272 4.19
      vertex 67.6116 35.9403 4.19
      vertex 67.682 35.8861 4.19
    endloop
  endfacet
  facet normal 0 0 -1
    outer loop
      vertex 64.5465 36.5844 4.19
      vertex 64.2775 36.5019 4.19
      vertex 64.5435 36.5837 4.19
    endloop
  endfacet
  facet normal 0 -0 -1
    outer loop
      vertex 64.2775 36.5019 4.19
      vertex 64.5465 36.5844 4.19
      vertex 64.2086 36.4746 4.19
    endloop
  endfacet
  facet normal 0 0 -1
    outer loop
      vertex 64.8958 36.6554 4.19
      vertex 64.5587 36.5871 4.19
      vertex 64.8152 36.6441 4.19
    endloop
  endfacet
  facet normal 0 0 -1
    outer loop
      vertex 68.9065 33.6505 4.19
      vertex 68.8549 33.9487 4.19
      vertex 68.894 33.7544 4.19
    endloop
  endfacet
  facet normal 0 0 -1
    outer loop
      vertex 65.2971 36.695 4.19
      vertex 64.9912 36.6688 4.19
      vertex 65.0908 36.6827 4.19
    endloop
  endfacet
  facet normal 0 0 -1
    outer loop
      vertex 64.8152 29.7559 4.19
      vertex 64.5587 29.8129 4.19
      vertex 64.8958 29.7446 4.19
    endloop
  endfacet
  facet normal 0 0 -1
    outer loop
      vertex 64.0189 30.0007 4.19
      vertex 63.8481 30.0847 4.19
      vertex 64.12 29.9606 4.19
    endloop
  endfacet
  facet normal 0 0 -1
    outer loop
      vertex 64.12 36.4394 4.19
      vertex 63.8481 36.3153 4.19
      vertex 64.0189 36.3993 4.19
    endloop
  endfacet
  facet normal -0.45354 -0.54286 -0.706827
    outer loop
      vertex 62.3878 29.2383 5.69
      vertex 62.0827 29.4932 5.69
      vertex 63.0894 30.6052 4.19
    endloop
  endfacet
  facet normal -0.495191 -0.505155 -0.706827
    outer loop
      vertex 62.0827 29.4932 5.69
      vertex 61.7988 29.7715 5.69
      vertex 63.0894 30.6052 4.19
    endloop
  endfacet
  facet normal -0.628343 0.324938 -0.706824
    outer loop
      vertex 62.3956 34.9299 4.19
      vertex 60.909 35.3181 5.69
      vertex 61.0916 35.6712 5.69
    endloop
  endfacet
  facet normal -0.0977727 -0.700587 -0.706837
    outer loop
      vertex 64.9419 28.2247 5.69
      vertex 64.9912 29.7312 4.19
      vertex 65.0908 29.7173 4.19
    endloop
  endfacet
  facet normal -0.0983577 -0.700537 -0.706805
    outer loop
      vertex 64.9419 28.2247 5.69
      vertex 64.9401 29.7356 4.19275
      vertex 64.9912 29.7312 4.19
    endloop
  endfacet
  facet normal -0.0984443 -0.700531 -0.706799
    outer loop
      vertex 64.9419 28.2247 5.69
      vertex 64.8958 29.7446 4.19
      vertex 64.9401 29.7356 4.19275
    endloop
  endfacet
  facet normal -0.0982151 -0.700543 -0.706819
    outer loop
      vertex 64.8958 29.7446 4.19
      vertex 64.9419 28.2247 5.69
      vertex 64.8152 29.7559 4.19
    endloop
  endfacet
  facet normal 0.286836 0.646627 -0.706823
    outer loop
      vertex 67.6459 37.6862 5.69
      vertex 66.7292 36.4532 4.19
      vertex 67.2825 37.8474 5.69
    endloop
  endfacet
  facet normal -0.0421648 0.706127 -0.706829
    outer loop
      vertex 65.0908 36.6827 4.19
      vertex 64.9419 38.1753 5.69
      vertex 65.3388 38.199 5.69
    endloop
  endfacet
  facet normal 0.476308 -0.523291 -0.70661
    outer loop
      vertex 67.8775 30.69 4.19057
      vertex 67.8883 30.7006 4.19
      vertex 68.6437 29.3627 5.69
    endloop
  endfacet
  facet normal 0.472119 -0.519331 -0.71232
    outer loop
      vertex 67.8883 30.7006 4.19
      vertex 67.8775 30.69 4.19057
      vertex 67.8817 30.6946 4.19
    endloop
  endfacet
  facet normal 0.473995 -0.524974 -0.706917
    outer loop
      vertex 68.6437 29.3627 5.69
      vertex 67.8576 30.6728 4.19
      vertex 67.8775 30.69 4.19057
    endloop
  endfacet
  facet normal 0.474625 -0.524507 -0.70684
    outer loop
      vertex 67.8576 30.6728 4.19
      vertex 68.6437 29.3627 5.69
      vertex 67.682 30.5139 4.19
    endloop
  endfacet
  facet normal -0.0421648 -0.706127 -0.706829
    outer loop
      vertex 65.3388 28.201 5.69
      vertex 64.9419 28.2247 5.69
      vertex 65.0908 29.7173 4.19
    endloop
  endfacet
  facet normal -0.698433 -0.112105 -0.706841
    outer loop
      vertex 60.5367 32.2124 5.69
      vertex 60.4737 32.6049 5.69
      vertex 62.0072 32.5087 4.19
    endloop
  endfacet
  facet normal 0.287085 -0.646498 -0.706839
    outer loop
      vertex 67.6459 28.7138 5.69
      vertex 66.9255 30.0339 4.19
      vertex 66.9836 30.0597 4.19
    endloop
  endfacet
  facet normal 0.287297 -0.646394 -0.706849
    outer loop
      vertex 67.6459 28.7138 5.69
      vertex 66.8922 30.0163 4.19256
      vertex 66.9255 30.0339 4.19
    endloop
  endfacet
  facet normal 0.286933 -0.64658 -0.706827
    outer loop
      vertex 67.6459 28.7138 5.69
      vertex 66.8406 29.9962 4.19
      vertex 66.8922 30.0163 4.19256
    endloop
  endfacet
  facet normal 0.286764 -0.64667 -0.706813
    outer loop
      vertex 66.8406 29.9962 4.19
      vertex 67.6459 28.7138 5.69
      vertex 66.7292 29.9468 4.19
    endloop
  endfacet
  facet normal 0.585227 -0.397363 -0.706832
    outer loop
      vertex 68.3826 31.3078 4.19165
      vertex 68.4096 31.3505 4.19
      vertex 69.4598 30.229 5.69
    endloop
  endfacet
  facet normal 0.579799 -0.394172 -0.713065
    outer loop
      vertex 68.4096 31.3505 4.19
      vertex 68.3826 31.3078 4.19165
      vertex 68.3924 31.3252 4.19
    endloop
  endfacet
  facet normal 0.585534 -0.396993 -0.706786
    outer loop
      vertex 69.4598 30.229 5.69
      vertex 68.3522 31.2659 4.19
      vertex 68.3826 31.3078 4.19165
    endloop
  endfacet
  facet normal 0.585152 -0.39747 -0.706834
    outer loop
      vertex 68.3522 31.2659 4.19
      vertex 69.4598 30.229 5.69
      vertex 68.2533 31.1203 4.19
    endloop
  endfacet
  facet normal 0.585246 -0.397341 -0.706829
    outer loop
      vertex 69.4598 30.229 5.69
      vertex 68.4096 31.3505 4.19
      vertex 69.6831 30.5579 5.69
    endloop
  endfacet
  facet normal 0.337322 0.621771 -0.706834
    outer loop
      vertex 67.2282 36.2076 4.19
      vertex 66.9836 36.3403 4.19
      vertex 67.6459 37.6862 5.69
    endloop
  endfacet
  facet normal 0.551784 0.442633 -0.706831
    outer loop
      vertex 68.1799 35.3712 4.19
      vertex 69.4598 36.171 5.69
      vertex 68.2533 35.2797 4.19
    endloop
  endfacet
  facet normal 0.551746 0.442687 -0.706827
    outer loop
      vertex 68.1477 35.4155 4.19261
      vertex 69.4598 36.171 5.69
      vertex 68.1799 35.3712 4.19
    endloop
  endfacet
  facet normal 0.551838 0.442553 -0.70684
    outer loop
      vertex 68.1211 35.4445 4.19
      vertex 69.4598 36.171 5.69
      vertex 68.1477 35.4155 4.19261
    endloop
  endfacet
  facet normal 0.552032 0.442259 -0.706871
    outer loop
      vertex 69.4598 36.171 5.69
      vertex 68.1211 35.4445 4.19
      vertex 68.0792 35.4968 4.19
    endloop
  endfacet
  facet normal 0.431517 -0.560494 -0.706852
    outer loop
      vertex 68.3287 29.1201 5.69
      vertex 67.6116 30.4597 4.19
      vertex 67.682 30.5139 4.19
    endloop
  endfacet
  facet normal 0.432653 -0.559759 -0.706739
    outer loop
      vertex 68.3287 29.1201 5.69
      vertex 67.5755 30.4283 4.19277
      vertex 67.6116 30.4597 4.19
    endloop
  endfacet
  facet normal 0.43165 -0.56043 -0.706821
    outer loop
      vertex 68.3287 29.1201 5.69
      vertex 67.535 30.4006 4.19
      vertex 67.5755 30.4283 4.19277
    endloop
  endfacet
  facet normal 0.4311 -0.560811 -0.706855
    outer loop
      vertex 67.535 30.4006 4.19
      vertex 68.3287 29.1201 5.69
      vertex 67.4615 30.3441 4.19
    endloop
  endfacet
  facet normal 0.680206 -0.194199 -0.706829
    outer loop
      vertex 70.2965 32.0183 5.69
      vertex 68.7626 32.1052 4.19
      vertex 68.839 32.3728 4.19
    endloop
  endfacet
  facet normal -0.408905 0.577235 -0.706822
    outer loop
      vertex 63.3029 35.9732 4.19
      vertex 62.3878 37.1617 5.69
      vertex 62.7122 37.3915 5.69
    endloop
  endfacet
  facet normal 0.431621 0.560431 -0.706839
    outer loop
      vertex 68.6437 37.0373 5.69
      vertex 67.682 35.8861 4.19
      vertex 68.3287 37.2799 5.69
    endloop
  endfacet
  facet normal 0.431621 -0.560431 -0.706839
    outer loop
      vertex 68.3287 29.1201 5.69
      vertex 67.682 30.5139 4.19
      vertex 68.6437 29.3627 5.69
    endloop
  endfacet
  facet normal -0.698433 0.112105 -0.706841
    outer loop
      vertex 62.0072 33.8913 4.19
      vertex 60.4737 33.7951 5.69
      vertex 60.5367 34.1876 5.69
    endloop
  endfacet
  facet normal 0.0702828 0.703896 -0.706818
    outer loop
      vertex 66.1319 38.1516 5.69
      vertex 65.6469 36.6938 4.19
      vertex 65.7363 38.1911 5.69
    endloop
  endfacet
  facet normal 0.125804 0.696102 -0.706834
    outer loop
      vertex 66.1976 36.6166 4.19
      vertex 66.1319 38.1516 5.69
      vertex 66.5231 38.0809 5.69
    endloop
  endfacet
  facet normal 0.180697 0.683905 -0.70684
    outer loop
      vertex 66.4667 36.5455 4.19
      vertex 66.1976 36.6166 4.19
      vertex 66.5231 38.0809 5.69
    endloop
  endfacet
  facet normal 0.662557 -0.247836 -0.70682
    outer loop
      vertex 70.048 31.2636 5.69
      vertex 68.7626 32.1052 4.19
      vertex 70.1873 31.636 5.69
    endloop
  endfacet
  facet normal 0.472119 0.519331 -0.71232
    outer loop
      vertex 67.8775 35.71 4.19057
      vertex 67.8883 35.6994 4.19
      vertex 67.8817 35.7054 4.19
    endloop
  endfacet
  facet normal 0.476308 0.523291 -0.70661
    outer loop
      vertex 67.8883 35.6994 4.19
      vertex 67.8775 35.71 4.19057
      vertex 68.6437 37.0373 5.69
    endloop
  endfacet
  facet normal 0.473995 0.524974 -0.706917
    outer loop
      vertex 67.8576 35.7272 4.19
      vertex 68.6437 37.0373 5.69
      vertex 67.8775 35.71 4.19057
    endloop
  endfacet
  facet normal 0.474625 0.524507 -0.70684
    outer loop
      vertex 68.6437 37.0373 5.69
      vertex 67.8576 35.7272 4.19
      vertex 67.682 35.8861 4.19
    endloop
  endfacet
  facet normal 0.431517 0.560494 -0.706852
    outer loop
      vertex 67.6116 35.9403 4.19
      vertex 68.3287 37.2799 5.69
      vertex 67.682 35.8861 4.19
    endloop
  endfacet
  facet normal 0.432653 0.559759 -0.706739
    outer loop
      vertex 67.5755 35.9717 4.19277
      vertex 68.3287 37.2799 5.69
      vertex 67.6116 35.9403 4.19
    endloop
  endfacet
  facet normal 0.43165 0.56043 -0.706821
    outer loop
      vertex 67.535 35.9994 4.19
      vertex 68.3287 37.2799 5.69
      vertex 67.5755 35.9717 4.19277
    endloop
  endfacet
  facet normal 0.4311 0.560811 -0.706855
    outer loop
      vertex 68.3287 37.2799 5.69
      vertex 67.535 35.9994 4.19
      vertex 67.4615 36.0559 4.19
    endloop
  endfacet
  facet normal 0.693422 -0.139859 -0.706828
    outer loop
      vertex 70.2965 32.0183 5.69
      vertex 68.839 32.3728 4.19
      vertex 70.3751 32.408 5.69
    endloop
  endfacet
  facet normal 0.702353 -0.0841684 -0.706835
    outer loop
      vertex 70.3751 32.408 5.69
      vertex 68.894 32.6456 4.19
      vertex 70.4224 32.8027 5.69
    endloop
  endfacet
  facet normal 0.662666 -0.247622 -0.706793
    outer loop
      vertex 68.7347 32.0238 4.19236
      vertex 68.7626 32.1052 4.19
      vertex 70.048 31.2636 5.69
    endloop
  endfacet
  facet normal 0.659162 -0.246527 -0.710443
    outer loop
      vertex 68.7626 32.1052 4.19
      vertex 68.7347 32.0238 4.19236
      vertex 68.7439 32.0552 4.19
    endloop
  endfacet
  facet normal 0.662219 -0.248566 -0.706881
    outer loop
      vertex 70.048 31.2636 5.69
      vertex 68.7127 31.9719 4.19
      vertex 68.7347 32.0238 4.19236
    endloop
  endfacet
  facet normal 0.662585 -0.247754 -0.706823
    outer loop
      vertex 68.7127 31.9719 4.19
      vertex 70.048 31.2636 5.69
      vertex 68.6651 31.8446 4.19
    endloop
  endfacet
  facet normal 0.706812 -0.0282115 -0.706839
    outer loop
      vertex 70.4224 32.8027 5.69
      vertex 68.9271 32.9219 4.19
      vertex 68.9382 33.2 4.19
    endloop
  endfacet
  facet normal -0.0977727 0.700587 -0.706837
    outer loop
      vertex 64.9912 36.6688 4.19
      vertex 64.9419 38.1753 5.69
      vertex 65.0908 36.6827 4.19
    endloop
  endfacet
  facet normal -0.0983577 0.700537 -0.706805
    outer loop
      vertex 64.9401 36.6644 4.19275
      vertex 64.9419 38.1753 5.69
      vertex 64.9912 36.6688 4.19
    endloop
  endfacet
  facet normal -0.0984443 0.700531 -0.706799
    outer loop
      vertex 64.8958 36.6554 4.19
      vertex 64.9419 38.1753 5.69
      vertex 64.9401 36.6644 4.19275
    endloop
  endfacet
  facet normal -0.0982151 0.700543 -0.706819
    outer loop
      vertex 64.9419 38.1753 5.69
      vertex 64.8958 36.6554 4.19
      vertex 64.8152 36.6441 4.19
    endloop
  endfacet
  facet normal -0.67195 0.221137 -0.706811
    outer loop
      vertex 62.0729 34.1618 4.19
      vertex 60.6307 34.5739 5.69
      vertex 60.755 34.9516 5.69
    endloop
  endfacet
  facet normal 0.659162 0.246527 -0.710443
    outer loop
      vertex 68.7347 34.3762 4.19236
      vertex 68.7626 34.2948 4.19
      vertex 68.7439 34.3448 4.19
    endloop
  endfacet
  facet normal 0.662666 0.247622 -0.706793
    outer loop
      vertex 68.7626 34.2948 4.19
      vertex 68.7347 34.3762 4.19236
      vertex 70.048 35.1364 5.69
    endloop
  endfacet
  facet normal 0.662219 0.248566 -0.706881
    outer loop
      vertex 68.7127 34.4281 4.19
      vertex 70.048 35.1364 5.69
      vertex 68.7347 34.3762 4.19236
    endloop
  endfacet
  facet normal 0.66266 0.247587 -0.706811
    outer loop
      vertex 70.048 35.1364 5.69
      vertex 68.7127 34.4281 4.19
      vertex 68.6651 34.5555 4.19
    endloop
  endfacet
  facet normal 0.680206 0.194199 -0.706829
    outer loop
      vertex 68.839 34.0272 4.19
      vertex 68.7626 34.2948 4.19
      vertex 70.2965 34.3817 5.69
    endloop
  endfacet
  facet normal 0.702386 0.0838125 -0.706845
    outer loop
      vertex 68.9179 33.5552 4.19
      vertex 70.4224 33.5973 5.69
      vertex 68.9271 33.4781 4.19
    endloop
  endfacet
  facet normal 0.702373 0.0839847 -0.706837
    outer loop
      vertex 68.9154 33.599 4.19272
      vertex 70.4224 33.5973 5.69
      vertex 68.9179 33.5552 4.19
    endloop
  endfacet
  facet normal 0.702369 0.0840485 -0.706833
    outer loop
      vertex 68.9065 33.6505 4.19
      vertex 70.4224 33.5973 5.69
      vertex 68.9154 33.599 4.19272
    endloop
  endfacet
  facet normal 0.70235 0.0844984 -0.706798
    outer loop
      vertex 70.4224 33.5973 5.69
      vertex 68.9065 33.6505 4.19
      vertex 68.894 33.7544 4.19
    endloop
  endfacet
  facet normal 0.706812 0.0282115 -0.706839
    outer loop
      vertex 68.9382 33.2 4.19
      vertex 68.9271 33.4781 4.19
      vertex 70.4224 33.5973 5.69
    endloop
  endfacet
  facet normal -0.600578 -0.373772 -0.706824
    outer loop
      vertex 62.5426 31.2339 4.19
      vertex 61.3017 30.3912 5.69
      vertex 62.3956 31.4701 4.19
    endloop
  endfacet
  facet normal -0.716303 -0.115961 -0.688086
    outer loop
      vertex 62.0072 32.5087 4.19
      vertex 61.9895 32.6032 4.1925
      vertex 61.9976 32.568 4.19
    endloop
  endfacet
  facet normal -0.698412 -0.112376 -0.706819
    outer loop
      vertex 60.4737 32.6049 5.69
      vertex 61.9831 32.6587 4.19
      vertex 61.9895 32.6032 4.1925
    endloop
  endfacet
  facet normal -0.698446 -0.11202 -0.706841
    outer loop
      vertex 61.9831 32.6587 4.19
      vertex 60.4737 32.6049 5.69
      vertex 61.9631 32.7834 4.19
    endloop
  endfacet
  facet normal -0.698432 -0.112118 -0.70684
    outer loop
      vertex 60.4737 32.6049 5.69
      vertex 61.9895 32.6032 4.1925
      vertex 62.0072 32.5087 4.19
    endloop
  endfacet
  facet normal -0.0417325 0.686689 -0.725752
    outer loop
      vertex 65.3383 36.6986 4.19108
      vertex 65.3686 36.6993 4.19
      vertex 65.3505 36.6982 4.19
    endloop
  endfacet
  facet normal -0.0415081 0.706156 -0.706839
    outer loop
      vertex 65.3686 36.6993 4.19
      vertex 65.3383 36.6986 4.19108
      vertex 65.3388 38.199 5.69
    endloop
  endfacet
  facet normal -0.0431711 0.706106 -0.706789
    outer loop
      vertex 65.2971 36.695 4.19
      vertex 65.3388 38.199 5.69
      vertex 65.3383 36.6986 4.19108
    endloop
  endfacet
  facet normal -0.0421004 0.706123 -0.706836
    outer loop
      vertex 65.3388 38.199 5.69
      vertex 65.2971 36.695 4.19
      vertex 65.0908 36.6827 4.19
    endloop
  endfacet
  facet normal -0.652146 -0.274026 -0.706835
    outer loop
      vertex 60.909 31.0819 5.69
      vertex 60.755 31.4484 5.69
      vertex 62.2678 31.7173 4.19
    endloop
  endfacet
  facet normal -0.153454 -0.690541 -0.706828
    outer loop
      vertex 64.1601 28.3661 5.69
      vertex 64.5587 29.8129 4.19
      vertex 64.8152 29.7559 4.19
    endloop
  endfacet
  facet normal -0.180664 -0.774274 -0.606515
    outer loop
      vertex 64.5484 29.815 4.1902
      vertex 64.5435 29.8163 4.19
      vertex 64.5465 29.8156 4.19
    endloop
  endfacet
  facet normal -0.154298 -0.69033 -0.70685
    outer loop
      vertex 64.5484 29.815 4.1902
      vertex 64.1601 28.3661 5.69
      vertex 64.5435 29.8163 4.19
    endloop
  endfacet
  facet normal -0.154464 -0.690289 -0.706853
    outer loop
      vertex 64.5587 29.8129 4.19
      vertex 64.1601 28.3661 5.69
      vertex 64.5484 29.815 4.1902
    endloop
  endfacet
  facet normal -0.600585 0.373764 -0.706823
    outer loop
      vertex 62.3956 34.9299 4.19
      vertex 61.0916 35.6712 5.69
      vertex 61.3017 36.0088 5.69
    endloop
  endfacet
  facet normal -0.687319 -0.167248 -0.706839
    outer loop
      vertex 60.6307 31.8261 5.69
      vertex 60.5367 32.2124 5.69
      vertex 62.0072 32.5087 4.19
    endloop
  endfacet
  facet normal -0.709665 0.0557731 -0.702328
    outer loop
      vertex 61.9439 33.376 4.19
      vertex 61.941 33.3391 4.19
      vertex 61.9439 33.3998 4.19189
    endloop
  endfacet
  facet normal -0.705156 0.0561195 -0.706827
    outer loop
      vertex 60.4737 33.7951 5.69
      vertex 61.9501 33.4539 4.19
      vertex 61.9439 33.3998 4.19189
    endloop
  endfacet
  facet normal -0.705122 0.0563404 -0.706844
    outer loop
      vertex 61.9501 33.4539 4.19
      vertex 60.4737 33.7951 5.69
      vertex 61.9631 33.6166 4.19
    endloop
  endfacet
  facet normal -0.705229 0.0557001 -0.706788
    outer loop
      vertex 60.4737 33.7951 5.69
      vertex 61.9439 33.3998 4.19189
      vertex 61.941 33.3391 4.19
    endloop
  endfacet
  facet normal -0.4951 0.505266 -0.706811
    outer loop
      vertex 62.8906 35.6 4.19
      vertex 61.7988 36.6285 5.69
      vertex 63.0894 35.7948 4.19
    endloop
  endfacet
  facet normal -0.0980447 0.700548 -0.706838
    outer loop
      vertex 64.8152 36.6441 4.19
      vertex 64.5482 38.1202 5.69
      vertex 64.9419 38.1753 5.69
    endloop
  endfacet
  facet normal -0.652146 0.274026 -0.706835
    outer loop
      vertex 62.2678 34.6827 4.19
      vertex 60.755 34.9516 5.69
      vertex 60.909 35.3181 5.69
    endloop
  endfacet
  facet normal -0.652392 0.273277 -0.706898
    outer loop
      vertex 60.755 34.9516 5.69
      vertex 62.2348 34.6042 4.19
      vertex 62.2143 34.5624 4.19276
    endloop
  endfacet
  facet normal -0.652134 0.274043 -0.706839
    outer loop
      vertex 60.755 34.9516 5.69
      vertex 62.1974 34.5151 4.19
      vertex 62.16 34.4261 4.19
    endloop
  endfacet
  facet normal -0.652113 0.274137 -0.706822
    outer loop
      vertex 62.2348 34.6042 4.19
      vertex 60.755 34.9516 5.69
      vertex 62.2678 34.6827 4.19
    endloop
  endfacet
  facet normal -0.652069 0.274224 -0.706829
    outer loop
      vertex 62.1974 34.5151 4.19
      vertex 60.755 34.9516 5.69
      vertex 62.2143 34.5624 4.19276
    endloop
  endfacet
  facet normal -0.312191 -0.634788 -0.706811
    outer loop
      vertex 63.0539 28.8051 5.69
      vertex 63.8481 30.0847 4.19
      vertex 64.0189 30.0007 4.19
    endloop
  endfacet
  facet normal -0.327024 -0.660104 -0.676253
    outer loop
      vertex 63.8049 30.1045 4.19138
      vertex 63.7692 30.1236 4.19
      vertex 63.791 30.1128 4.19
    endloop
  endfacet
  facet normal -0.312265 -0.634726 -0.706833
    outer loop
      vertex 63.8049 30.1045 4.19138
      vertex 63.0539 28.8051 5.69
      vertex 63.7692 30.1236 4.19
    endloop
  endfacet
  facet normal -0.313254 -0.634197 -0.70687
    outer loop
      vertex 63.8481 30.0847 4.19
      vertex 63.0539 28.8051 5.69
      vertex 63.8049 30.1045 4.19138
    endloop
  endfacet
  facet normal 0.180697 -0.683905 -0.70684
    outer loop
      vertex 66.5231 28.3191 5.69
      vertex 66.1976 29.7834 4.19
      vertex 66.4667 29.8545 4.19
    endloop
  endfacet
  facet normal -0.45354 0.54286 -0.706827
    outer loop
      vertex 63.0894 35.7948 4.19
      vertex 62.0827 36.9068 5.69
      vertex 62.3878 37.1617 5.69
    endloop
  endfacet
  facet normal -0.361823 0.607841 -0.706833
    outer loop
      vertex 63.7692 36.2764 4.19
      vertex 62.7122 37.3915 5.69
      vertex 63.0539 37.5949 5.69
    endloop
  endfacet
  facet normal 0.38563 -0.593012 -0.706843
    outer loop
      vertex 68.3287 29.1201 5.69
      vertex 67.2722 30.221 4.19
      vertex 67.4615 30.3441 4.19
    endloop
  endfacet
  facet normal 0.38575 -0.592916 -0.706857
    outer loop
      vertex 68.3287 29.1201 5.69
      vertex 67.2456 30.2028 4.19075
      vertex 67.2722 30.221 4.19
    endloop
  endfacet
  facet normal 0.385145 -0.593407 -0.706775
    outer loop
      vertex 67.2282 30.1924 4.19
      vertex 67.2456 30.2028 4.19075
      vertex 68.3287 29.1201 5.69
    endloop
  endfacet
  facet normal 0.371098 -0.567893 -0.7347
    outer loop
      vertex 67.2456 30.2028 4.19075
      vertex 67.2282 30.1924 4.19
      vertex 67.2383 30.199 4.19
    endloop
  endfacet
  facet normal 0.234691 0.667323 -0.706824
    outer loop
      vertex 66.5694 36.5094 4.19
      vertex 67.2825 37.8474 5.69
      vertex 66.7292 36.4532 4.19
    endloop
  endfacet
  facet normal 0.234478 0.667417 -0.706806
    outer loop
      vertex 66.5198 36.5287 4.19177
      vertex 67.2825 37.8474 5.69
      vertex 66.5694 36.5094 4.19
    endloop
  endfacet
  facet normal 0.236293 0.673014 -0.70087
    outer loop
      vertex 66.4667 36.5455 4.19
      vertex 66.5198 36.5287 4.19177
      vertex 66.4986 36.5343 4.19
    endloop
  endfacet
  facet normal 0.23469 0.667319 -0.706828
    outer loop
      vertex 66.5198 36.5287 4.19177
      vertex 66.4667 36.5455 4.19
      vertex 67.2825 37.8474 5.69
    endloop
  endfacet
  facet normal -0.153545 -0.690509 -0.706838
    outer loop
      vertex 64.5482 28.2798 5.69
      vertex 64.1601 28.3661 5.69
      vertex 64.8152 29.7559 4.19
    endloop
  endfacet
  facet normal -0.0980447 -0.700548 -0.706838
    outer loop
      vertex 64.9419 28.2247 5.69
      vertex 64.5482 28.2798 5.69
      vertex 64.8152 29.7559 4.19
    endloop
  endfacet
  facet normal -0.154464 0.690289 -0.706853
    outer loop
      vertex 64.1601 38.0339 5.69
      vertex 64.5587 36.5871 4.19
      vertex 64.5484 36.585 4.1902
    endloop
  endfacet
  facet normal -0.180664 0.774274 -0.606515
    outer loop
      vertex 64.5435 36.5837 4.19
      vertex 64.5484 36.585 4.1902
      vertex 64.5465 36.5844 4.19
    endloop
  endfacet
  facet normal -0.153454 0.690541 -0.706828
    outer loop
      vertex 64.5587 36.5871 4.19
      vertex 64.1601 38.0339 5.69
      vertex 64.8152 36.6441 4.19
    endloop
  endfacet
  facet normal -0.154298 0.69033 -0.70685
    outer loop
      vertex 64.1601 38.0339 5.69
      vertex 64.5484 36.585 4.1902
      vertex 64.5435 36.5837 4.19
    endloop
  endfacet
  facet normal 0.0702828 -0.703896 -0.706818
    outer loop
      vertex 65.7363 28.2089 5.69
      vertex 65.6469 29.7062 4.19
      vertex 66.1319 28.2484 5.69
    endloop
  endfacet
  facet normal 0.337322 -0.621771 -0.706834
    outer loop
      vertex 67.6459 28.7138 5.69
      vertex 66.9836 30.0597 4.19
      vertex 67.2282 30.1924 4.19
    endloop
  endfacet
  facet normal 0.38558 -0.593049 -0.706838
    outer loop
      vertex 67.9954 28.9034 5.69
      vertex 67.2282 30.1924 4.19
      vertex 68.3287 29.1201 5.69
    endloop
  endfacet
  facet normal -0.260568 -0.657623 -0.70685
    outer loop
      vertex 63.7801 28.4829 5.69
      vertex 64.2086 29.9254 4.19
      vertex 64.2775 29.8981 4.19
    endloop
  endfacet
  facet normal -0.260932 -0.657488 -0.706841
    outer loop
      vertex 63.7801 28.4829 5.69
      vertex 64.12 29.9606 4.19
      vertex 64.1684 29.9385 4.19269
    endloop
  endfacet
  facet normal -0.2608 -0.657529 -0.706851
    outer loop
      vertex 64.12 29.9606 4.19
      vertex 63.7801 28.4829 5.69
      vertex 64.0189 30.0007 4.19
    endloop
  endfacet
  facet normal -0.261492 -0.657303 -0.706806
    outer loop
      vertex 64.2086 29.9254 4.19
      vertex 63.7801 28.4829 5.69
      vertex 64.1684 29.9385 4.19269
    endloop
  endfacet
  facet normal -0.261029 -0.657467 -0.706825
    outer loop
      vertex 63.7801 28.4829 5.69
      vertex 63.4106 28.6296 5.69
      vertex 64.0189 30.0007 4.19
    endloop
  endfacet
  facet normal -0.629364 -0.326337 -0.70527
    outer loop
      vertex 62.3956 31.4701 4.19
      vertex 62.3906 31.4789 4.19039
      vertex 62.3928 31.4755 4.19
    endloop
  endfacet
  facet normal -0.627825 -0.326285 -0.706664
    outer loop
      vertex 60.909 31.0819 5.69
      vertex 62.3821 31.4961 4.19
      vertex 62.3906 31.4789 4.19039
    endloop
  endfacet
  facet normal -0.628437 -0.32473 -0.706836
    outer loop
      vertex 62.3821 31.4961 4.19
      vertex 60.909 31.0819 5.69
      vertex 62.2678 31.7173 4.19
    endloop
  endfacet
  facet normal -0.628107 -0.325557 -0.70675
    outer loop
      vertex 60.909 31.0819 5.69
      vertex 62.3906 31.4789 4.19039
      vertex 62.3956 31.4701 4.19
    endloop
  endfacet
  facet normal -0.600585 -0.373764 -0.706823
    outer loop
      vertex 61.3017 30.3912 5.69
      vertex 61.0916 30.7288 5.69
      vertex 62.3956 31.4701 4.19
    endloop
  endfacet
  facet normal -0.533776 0.464207 -0.70682
    outer loop
      vertex 62.708 35.39 4.19
      vertex 61.5379 36.3285 5.69
      vertex 61.7988 36.6285 5.69
    endloop
  endfacet
  facet normal -0.56895 0.42035 -0.706826
    outer loop
      vertex 62.5426 35.1661 4.19
      vertex 61.3017 36.0088 5.69
      vertex 61.5379 36.3285 5.69
    endloop
  endfacet
  facet normal -0.361672 0.607955 -0.706812
    outer loop
      vertex 63.53 36.1341 4.19
      vertex 62.7122 37.3915 5.69
      vertex 63.7692 36.2764 4.19
    endloop
  endfacet
  facet normal -0.20792 0.676121 -0.706844
    outer loop
      vertex 64.2775 36.5019 4.19
      vertex 63.7801 37.9171 5.69
      vertex 64.5435 36.5837 4.19
    endloop
  endfacet
  facet normal -0.261492 0.657303 -0.706806
    outer loop
      vertex 63.7801 37.9171 5.69
      vertex 64.2086 36.4746 4.19
      vertex 64.1684 36.4615 4.19269
    endloop
  endfacet
  facet normal -0.2608 0.657529 -0.706851
    outer loop
      vertex 63.7801 37.9171 5.69
      vertex 64.12 36.4394 4.19
      vertex 64.0189 36.3993 4.19
    endloop
  endfacet
  facet normal -0.260568 0.657623 -0.70685
    outer loop
      vertex 64.2086 36.4746 4.19
      vertex 63.7801 37.9171 5.69
      vertex 64.2775 36.5019 4.19
    endloop
  endfacet
  facet normal -0.260932 0.657488 -0.706841
    outer loop
      vertex 64.12 36.4394 4.19
      vertex 63.7801 37.9171 5.69
      vertex 64.1684 36.4615 4.19269
    endloop
  endfacet
  facet normal 1 -0 0
    outer loop
      vertex 114.4 12.65 10.5
      vertex 114.4 21.35 2.5
      vertex 114.4 21.35 10.5
    endloop
  endfacet
  facet normal 1 0 0
    outer loop
      vertex 114.4 21.35 2.5
      vertex 114.4 12.65 10.5
      vertex 114.4 12.65 2.5
    endloop
  endfacet
  facet normal 0 1 -0
    outer loop
      vertex 95.2 21.35 2.5
      vertex 85.6 21.35 10.5
      vertex 95.2 21.35 10.5
    endloop
  endfacet
  facet normal 0 1 0
    outer loop
      vertex 85.6 21.35 10.5
      vertex 95.2 21.35 2.5
      vertex 85.6 21.35 2.5
    endloop
  endfacet
  facet normal 0 1 -0
    outer loop
      vertex 114.4 21.35 2.5
      vertex 104.8 21.35 10.5
      vertex 114.4 21.35 10.5
    endloop
  endfacet
  facet normal 0 1 0
    outer loop
      vertex 104.8 21.35 10.5
      vertex 114.4 21.35 2.5
      vertex 104.8 21.35 2.5
    endloop
  endfacet
  facet normal 0 -1 0
    outer loop
      vertex 85.6 12.65 2.5
      vertex 114.4 12.65 10.5
      vertex 85.6 12.65 10.5
    endloop
  endfacet
  facet normal 0 -1 -0
    outer loop
      vertex 114.4 12.65 10.5
      vertex 85.6 12.65 2.5
      vertex 114.4 12.65 2.5
    endloop
  endfacet
  facet normal -1 0 0
    outer loop
      vertex 85.6 12.65 2.5
      vertex 85.6 21.35 10.5
      vertex 85.6 21.35 2.5
    endloop
  endfacet
  facet normal -1 -0 0
    outer loop
      vertex 85.6 21.35 10.5
      vertex 85.6 12.65 2.5
      vertex 85.6 12.65 10.5
    endloop
  endfacet
  facet normal 0 0 1
    outer loop
      vertex 95.2 21.35 10.5
      vertex 88.8 18.15 10.5
      vertex 95.2 18.15 10.5
    endloop
  endfacet
  facet normal 0 0 1
    outer loop
      vertex 88.8 18.15 10.5
      vertex 85.6 21.35 10.5
      vertex 88.8 15.85 10.5
    endloop
  endfacet
  facet normal -0 0 1
    outer loop
      vertex 85.6 21.35 10.5
      vertex 88.8 18.15 10.5
      vertex 95.2 21.35 10.5
    endloop
  endfacet
  facet normal 0 0 1
    outer loop
      vertex 114.4 21.35 10.5
      vertex 111.2 18.15 10.5
      vertex 114.4 12.65 10.5
    endloop
  endfacet
  facet normal -0 0 1
    outer loop
      vertex 104.8 21.35 10.5
      vertex 111.2 18.15 10.5
      vertex 114.4 21.35 10.5
    endloop
  endfacet
  facet normal 0 0 1
    outer loop
      vertex 111.2 18.15 10.5
      vertex 104.8 21.35 10.5
      vertex 104.8 18.15 10.5
    endloop
  endfacet
  facet normal -0 0 1
    outer loop
      vertex 111.2 15.85 10.5
      vertex 114.4 12.65 10.5
      vertex 111.2 18.15 10.5
    endloop
  endfacet
  facet normal -0 0 1
    outer loop
      vertex 88.8 15.85 10.5
      vertex 114.4 12.65 10.5
      vertex 111.2 15.85 10.5
    endloop
  endfacet
  facet normal 0 0 1
    outer loop
      vertex 88.8 15.85 10.5
      vertex 85.6 12.65 10.5
      vertex 114.4 12.65 10.5
    endloop
  endfacet
  facet normal 0 0 1
    outer loop
      vertex 85.6 12.65 10.5
      vertex 88.8 15.85 10.5
      vertex 85.6 21.35 10.5
    endloop
  endfacet
  facet normal 1 -0 0
    outer loop
      vertex 115.02 35.85 10.5
      vertex 115.02 44.15 2.5
      vertex 115.02 44.15 10.5
    endloop
  endfacet
  facet normal 1 0 0
    outer loop
      vertex 115.02 44.15 2.5
      vertex 115.02 35.85 10.5
      vertex 115.02 35.85 2.5
    endloop
  endfacet
  facet normal 0 1 -0
    outer loop
      vertex 115.02 44.15 2.5
      vertex 92.98 44.15 10.5
      vertex 115.02 44.15 10.5
    endloop
  endfacet
  facet normal 0 1 0
    outer loop
      vertex 92.98 44.15 10.5
      vertex 115.02 44.15 2.5
      vertex 92.98 44.15 2.5
    endloop
  endfacet
  facet normal 0 -1 0
    outer loop
      vertex 92.98 35.85 2.5
      vertex 115.02 35.85 10.5
      vertex 92.98 35.85 10.5
    endloop
  endfacet
  facet normal 0 -1 -0
    outer loop
      vertex 115.02 35.85 10.5
      vertex 92.98 35.85 2.5
      vertex 115.02 35.85 2.5
    endloop
  endfacet
  facet normal -1 0 0
    outer loop
      vertex 92.98 35.85 2.5
      vertex 92.98 44.15 10.5
      vertex 92.98 44.15 2.5
    endloop
  endfacet
  facet normal -1 -0 0
    outer loop
      vertex 92.98 44.15 10.5
      vertex 92.98 35.85 2.5
      vertex 92.98 35.85 10.5
    endloop
  endfacet
  facet normal 0 0 1
    outer loop
      vertex 115.02 44.15 10.5
      vertex 111.82 40.95 10.5
      vertex 115.02 35.85 10.5
    endloop
  endfacet
  facet normal 0 0 1
    outer loop
      vertex 115.02 44.15 10.5
      vertex 96.18 40.95 10.5
      vertex 111.82 40.95 10.5
    endloop
  endfacet
  facet normal 0 0 1
    outer loop
      vertex 96.18 40.95 10.5
      vertex 92.98 44.15 10.5
      vertex 96.18 39.05 10.5
    endloop
  endfacet
  facet normal -0 0 1
    outer loop
      vertex 92.98 44.15 10.5
      vertex 96.18 40.95 10.5
      vertex 115.02 44.15 10.5
    endloop
  endfacet
  facet normal -0 0 1
    outer loop
      vertex 111.82 39.05 10.5
      vertex 115.02 35.85 10.5
      vertex 111.82 40.95 10.5
    endloop
  endfacet
  facet normal -0 0 1
    outer loop
      vertex 96.18 39.05 10.5
      vertex 115.02 35.85 10.5
      vertex 111.82 39.05 10.5
    endloop
  endfacet
  facet normal 0 0 1
    outer loop
      vertex 96.18 39.05 10.5
      vertex 92.98 35.85 10.5
      vertex 115.02 35.85 10.5
    endloop
  endfacet
  facet normal 0 0 1
    outer loop
      vertex 92.98 35.85 10.5
      vertex 96.18 39.05 10.5
      vertex 92.98 44.15 10.5
    endloop
  endfacet
  facet normal 0 -1 0
    outer loop
      vertex 35.7345 30.75 0
      vertex 54.2655 30.75 2.5
      vertex 35.7345 30.75 2.5
    endloop
  endfacet
  facet normal 0 -1 -0
    outer loop
      vertex 54.2655 30.75 2.5
      vertex 35.7345 30.75 0
      vertex 54.2655 30.75 0
    endloop
  endfacet
  facet normal 0 1 -0
    outer loop
      vertex 49.985 28.75 0
      vertex 40.015 28.75 2.5
      vertex 49.985 28.75 2.5
    endloop
  endfacet
  facet normal 0 1 0
    outer loop
      vertex 40.015 28.75 2.5
      vertex 49.985 28.75 0
      vertex 40.015 28.75 0
    endloop
  endfacet
  facet normal 0 -1 0
    outer loop
      vertex 31.8336 34.25 0
      vertex 58.1664 34.25 2.5
      vertex 31.8336 34.25 2.5
    endloop
  endfacet
  facet normal 0 -1 -0
    outer loop
      vertex 58.1664 34.25 2.5
      vertex 31.8336 34.25 0
      vertex 58.1664 34.25 0
    endloop
  endfacet
  facet normal 0 1 -0
    outer loop
      vertex 56.2412 32.25 0
      vertex 33.7588 32.25 2.5
      vertex 56.2412 32.25 2.5
    endloop
  endfacet
  facet normal 0 1 0
    outer loop
      vertex 33.7588 32.25 2.5
      vertex 56.2412 32.25 0
      vertex 33.7588 32.25 0
    endloop
  endfacet
  facet normal 0 -1 0
    outer loop
      vertex 29.6262 37.75 0
      vertex 60.3738 37.75 2.5
      vertex 29.6262 37.75 2.5
    endloop
  endfacet
  facet normal 0 -1 -0
    outer loop
      vertex 60.3738 37.75 2.5
      vertex 29.6262 37.75 0
      vertex 60.3738 37.75 0
    endloop
  endfacet
  facet normal 0 1 -0
    outer loop
      vertex 59.2601 35.75 0
      vertex 30.7399 35.75 2.5
      vertex 59.2601 35.75 2.5
    endloop
  endfacet
  facet normal 0 1 0
    outer loop
      vertex 30.7399 35.75 2.5
      vertex 59.2601 35.75 0
      vertex 30.7399 35.75 0
    endloop
  endfacet
  facet normal 0 -1 0
    outer loop
      vertex 28.4212 41.25 0
      vertex 61.5788 41.25 2.5
      vertex 28.4212 41.25 2.5
    endloop
  endfacet
  facet normal 0 -1 -0
    outer loop
      vertex 61.5788 41.25 2.5
      vertex 28.4212 41.25 0
      vertex 61.5788 41.25 0
    endloop
  endfacet
  facet normal 0 1 -0
    outer loop
      vertex 60.9969 39.25 0
      vertex 29.0031 39.25 2.5
      vertex 60.9969 39.25 2.5
    endloop
  endfacet
  facet normal 0 1 0
    outer loop
      vertex 29.0031 39.25 2.5
      vertex 60.9969 39.25 0
      vertex 29.0031 39.25 0
    endloop
  endfacet
  facet normal 0 -1 0
    outer loop
      vertex 28.0044 44.75 0
      vertex 61.9956 44.75 2.5
      vertex 28.0044 44.75 2.5
    endloop
  endfacet
  facet normal 0 -1 -0
    outer loop
      vertex 61.9956 44.75 2.5
      vertex 28.0044 44.75 0
      vertex 61.9956 44.75 0
    endloop
  endfacet
  facet normal 0 1 -0
    outer loop
      vertex 61.8488 42.75 0
      vertex 28.1512 42.75 2.5
      vertex 61.8488 42.75 2.5
    endloop
  endfacet
  facet normal 0 1 0
    outer loop
      vertex 28.1512 42.75 2.5
      vertex 61.8488 42.75 0
      vertex 28.1512 42.75 0
    endloop
  endfacet
  facet normal 0 -1 0
    outer loop
      vertex 28.3162 48.25 0
      vertex 61.6838 48.25 2.5
      vertex 28.3162 48.25 2.5
    endloop
  endfacet
  facet normal 0 -1 -0
    outer loop
      vertex 61.6838 48.25 2.5
      vertex 28.3162 48.25 0
      vertex 61.6838 48.25 0
    endloop
  endfacet
  facet normal 0 1 -0
    outer loop
      vertex 61.953 46.25 0
      vertex 28.047 46.25 2.5
      vertex 61.953 46.25 2.5
    endloop
  endfacet
  facet normal 0 1 0
    outer loop
      vertex 28.047 46.25 2.5
      vertex 61.953 46.25 0
      vertex 28.047 46.25 0
    endloop
  endfacet
  facet normal 0 -1 0
    outer loop
      vertex 29.3999 51.75 0
      vertex 60.6001 51.75 2.5
      vertex 29.3999 51.75 2.5
    endloop
  endfacet
  facet normal 0 -1 -0
    outer loop
      vertex 60.6001 51.75 2.5
      vertex 29.3999 51.75 0
      vertex 60.6001 51.75 0
    endloop
  endfacet
  facet normal 0 1 -0
    outer loop
      vertex 61.3218 49.75 0
      vertex 28.6782 49.75 2.5
      vertex 61.3218 49.75 2.5
    endloop
  endfacet
  facet normal 0 1 0
    outer loop
      vertex 28.6782 49.75 2.5
      vertex 61.3218 49.75 0
      vertex 28.6782 49.75 0
    endloop
  endfacet
  facet normal 0 -1 0
    outer loop
      vertex 31.4409 55.25 0
      vertex 58.5591 55.25 2.5
      vertex 31.4409 55.25 2.5
    endloop
  endfacet
  facet normal 0 -1 -0
    outer loop
      vertex 58.5591 55.25 2.5
      vertex 31.4409 55.25 0
      vertex 58.5591 55.25 0
    endloop
  endfacet
  facet normal 0 1 -0
    outer loop
      vertex 59.861 53.25 0
      vertex 30.139 53.25 2.5
      vertex 59.861 53.25 2.5
    endloop
  endfacet
  facet normal 0 1 0
    outer loop
      vertex 30.139 53.25 2.5
      vertex 59.861 53.25 0
      vertex 30.139 53.25 0
    endloop
  endfacet
  facet normal 0 -1 0
    outer loop
      vertex 35.0033 58.75 0
      vertex 54.9967 58.75 2.5
      vertex 35.0033 58.75 2.5
    endloop
  endfacet
  facet normal 0 -1 -0
    outer loop
      vertex 54.9967 58.75 2.5
      vertex 35.0033 58.75 0
      vertex 54.9967 58.75 0
    endloop
  endfacet
  facet normal 0 1 -0
    outer loop
      vertex 57.284 56.75 0
      vertex 32.716 56.75 2.5
      vertex 57.284 56.75 2.5
    endloop
  endfacet
  facet normal 0 1 0
    outer loop
      vertex 32.716 56.75 2.5
      vertex 57.284 56.75 0
      vertex 32.716 56.75 0
    endloop
  endfacet
  facet normal 0 1 -0
    outer loop
      vertex 52.5102 60.25 0
      vertex 37.4898 60.25 2.5
      vertex 52.5102 60.25 2.5
    endloop
  endfacet
  facet normal 0 1 0
    outer loop
      vertex 37.4898 60.25 2.5
      vertex 52.5102 60.25 0
      vertex 37.4898 60.25 0
    endloop
  endfacet
  facet normal 0.515041 0.857166 -0
    outer loop
      vertex 36.5 30.2776 0
      vertex 35.9914 30.5832 2.5
      vertex 36.5 30.2776 2.5
    endloop
  endfacet
  facet normal 0.515041 0.857166 0
    outer loop
      vertex 35.9914 30.5832 2.5
      vertex 36.5 30.2776 0
      vertex 35.9914 30.5832 0
    endloop
  endfacet
  facet normal 0.996196 -0.0871435 0
    outer loop
      vertex 28.047 46.25 2.5
      vertex 28.0931 46.777 0
      vertex 28.0931 46.777 2.5
    endloop
  endfacet
  facet normal 0.996196 -0.0871435 0
    outer loop
      vertex 28.0931 46.777 0
      vertex 28.047 46.25 2.5
      vertex 28.047 46.25 0
    endloop
  endfacet
  facet normal 0.956344 -0.292243 0
    outer loop
      vertex 28.6782 49.75 2.5
      vertex 28.832 50.2533 0
      vertex 28.832 50.2533 2.5
    endloop
  endfacet
  facet normal 0.956344 -0.292243 0
    outer loop
      vertex 28.832 50.2533 0
      vertex 28.6782 49.75 2.5
      vertex 28.6782 49.75 0
    endloop
  endfacet
  facet normal -0.945502 -0.325617 0
    outer loop
      vertex 61.168 50.2533 0
      vertex 60.9748 50.8143 2.5
      vertex 60.9748 50.8143 0
    endloop
  endfacet
  facet normal -0.945502 -0.325617 0
    outer loop
      vertex 60.9748 50.8143 2.5
      vertex 61.168 50.2533 0
      vertex 61.168 50.2533 2.5
    endloop
  endfacet
  facet normal -0.998635 0.0522404 0
    outer loop
      vertex 61.9586 43.8141 0
      vertex 61.9896 44.4067 2.5
      vertex 61.9896 44.4067 0
    endloop
  endfacet
  facet normal -0.998635 0.0522404 0
    outer loop
      vertex 61.9896 44.4067 2.5
      vertex 61.9586 43.8141 0
      vertex 61.9586 43.8141 2.5
    endloop
  endfacet
  facet normal -0.996196 -0.0871435 0
    outer loop
      vertex 61.953 46.25 0
      vertex 61.9069 46.777 2.5
      vertex 61.9069 46.777 0
    endloop
  endfacet
  facet normal -0.996196 -0.0871435 0
    outer loop
      vertex 61.9069 46.777 2.5
      vertex 61.953 46.25 0
      vertex 61.953 46.25 2.5
    endloop
  endfacet
  facet normal -0.629247 -0.777206 0
    outer loop
      vertex 55.4662 58.3962 0
      vertex 55.9274 58.0228 2.5
      vertex 55.4662 58.3962 2.5
    endloop
  endfacet
  facet normal -0.629247 -0.777206 -0
    outer loop
      vertex 55.9274 58.0228 2.5
      vertex 55.4662 58.3962 0
      vertex 55.9274 58.0228 0
    endloop
  endfacet
  facet normal -0.325617 0.945502 0
    outer loop
      vertex 50.8143 29.0252 0
      vertex 50.2533 28.832 2.5
      vertex 50.8143 29.0252 2.5
    endloop
  endfacet
  facet normal -0.325617 0.945502 0
    outer loop
      vertex 50.2533 28.832 2.5
      vertex 50.8143 29.0252 0
      vertex 50.2533 28.832 0
    endloop
  endfacet
  facet normal -0.945476 0.325691 0
    outer loop
      vertex 60.9969 39.25 0
      vertex 61.168 39.7467 2.5
      vertex 61.168 39.7467 0
    endloop
  endfacet
  facet normal -0.945476 0.325691 0
    outer loop
      vertex 61.168 39.7467 2.5
      vertex 60.9969 39.25 0
      vertex 60.9969 39.25 2.5
    endloop
  endfacet
  facet normal -0.874586 -0.48487 0
    outer loop
      vertex 59.861 53.25 0
      vertex 59.7224 53.5 2.5
      vertex 59.7224 53.5 0
    endloop
  endfacet
  facet normal -0.874586 -0.48487 0
    outer loop
      vertex 59.7224 53.5 2.5
      vertex 59.861 53.25 0
      vertex 59.861 53.25 2.5
    endloop
  endfacet
  facet normal -0.358426 0.933558 0
    outer loop
      vertex 51.3683 29.2379 0
      vertex 50.8143 29.0252 2.5
      vertex 51.3683 29.2379 2.5
    endloop
  endfacet
  facet normal -0.358426 0.933558 0
    outer loop
      vertex 50.8143 29.0252 2.5
      vertex 51.3683 29.2379 0
      vertex 50.8143 29.0252 0
    endloop
  endfacet
  facet normal -0.292214 -0.956353 0
    outer loop
      vertex 49.6858 61.3414 0
      vertex 50.2533 61.168 2.5
      vertex 49.6858 61.3414 2.5
    endloop
  endfacet
  facet normal -0.292214 -0.956353 -0
    outer loop
      vertex 50.2533 61.168 2.5
      vertex 49.6858 61.3414 0
      vertex 50.2533 61.168 0
    endloop
  endfacet
  facet normal -0.838678 -0.544627 0
    outer loop
      vertex 59.4168 54.0086 0
      vertex 59.0936 54.5063 2.5
      vertex 59.0936 54.5063 0
    endloop
  endfacet
  facet normal -0.838678 -0.544627 0
    outer loop
      vertex 59.0936 54.5063 2.5
      vertex 59.4168 54.0086 0
      vertex 59.4168 54.0086 2.5
    endloop
  endfacet
  facet normal 0.358426 0.933558 -0
    outer loop
      vertex 39.1857 29.0252 0
      vertex 38.6317 29.2379 2.5
      vertex 39.1857 29.0252 2.5
    endloop
  endfacet
  facet normal 0.358426 0.933558 0
    outer loop
      vertex 38.6317 29.2379 2.5
      vertex 39.1857 29.0252 0
      vertex 38.6317 29.2379 0
    endloop
  endfacet
  facet normal 0.777265 0.629173 0
    outer loop
      vertex 31.9772 34.0726 2.5
      vertex 31.8336 34.25 0
      vertex 31.8336 34.25 2.5
    endloop
  endfacet
  facet normal 0.777265 0.629173 0
    outer loop
      vertex 31.8336 34.25 0
      vertex 31.9772 34.0726 2.5
      vertex 31.9772 34.0726 0
    endloop
  endfacet
  facet normal -0.819153 -0.573575 0
    outer loop
      vertex 59.0936 54.5063 0
      vertex 58.7533 54.9923 2.5
      vertex 58.7533 54.9923 0
    endloop
  endfacet
  facet normal -0.819153 -0.573575 0
    outer loop
      vertex 58.7533 54.9923 2.5
      vertex 59.0936 54.5063 0
      vertex 59.0936 54.5063 2.5
    endloop
  endfacet
  facet normal -0.731384 -0.681966 0
    outer loop
      vertex 57.284 56.75 0
      vertex 57.2288 56.8092 2.5
      vertex 57.2288 56.8092 0
    endloop
  endfacet
  facet normal -0.731384 -0.681966 0
    outer loop
      vertex 57.2288 56.8092 2.5
      vertex 57.284 56.75 0
      vertex 57.284 56.75 2.5
    endloop
  endfacet
  facet normal 0.98767 -0.156551 0
    outer loop
      vertex 28.1654 47.3659 2.5
      vertex 28.2583 47.952 0
      vertex 28.2583 47.952 2.5
    endloop
  endfacet
  facet normal 0.98767 -0.156551 0
    outer loop
      vertex 28.2583 47.952 0
      vertex 28.1654 47.3659 2.5
      vertex 28.1654 47.3659 0
    endloop
  endfacet
  facet normal -0.87461 0.484827 0
    outer loop
      vertex 59.7224 36.5 0
      vertex 60.0101 37.019 2.5
      vertex 60.0101 37.019 0
    endloop
  endfacet
  facet normal -0.87461 0.484827 0
    outer loop
      vertex 60.0101 37.019 2.5
      vertex 59.7224 36.5 0
      vertex 59.7224 36.5 2.5
    endloop
  endfacet
  facet normal -0.981643 -0.190729 0
    outer loop
      vertex 61.7417 47.952 0
      vertex 61.6838 48.25 2.5
      vertex 61.6838 48.25 0
    endloop
  endfacet
  facet normal -0.981643 -0.190729 0
    outer loop
      vertex 61.6838 48.25 2.5
      vertex 61.7417 47.952 0
      vertex 61.7417 47.952 2.5
    endloop
  endfacet
  facet normal 0.707107 -0.707107 0
    outer loop
      vertex 32.7712 56.8092 2.5
      vertex 33.1908 57.2288 0
      vertex 33.1908 57.2288 2.5
    endloop
  endfacet
  facet normal 0.707107 -0.707107 0
    outer loop
      vertex 33.1908 57.2288 0
      vertex 32.7712 56.8092 2.5
      vertex 32.7712 56.8092 0
    endloop
  endfacet
  facet normal 0.454009 0.890997 -0
    outer loop
      vertex 37.5477 29.7205 0
      vertex 37.019 29.9899 2.5
      vertex 37.5477 29.7205 2.5
    endloop
  endfacet
  facet normal 0.454009 0.890997 0
    outer loop
      vertex 37.019 29.9899 2.5
      vertex 37.5477 29.7205 0
      vertex 37.019 29.9899 0
    endloop
  endfacet
  facet normal -0.258879 -0.96591 0
    outer loop
      vertex 49.1127 61.495 0
      vertex 49.6858 61.3414 2.5
      vertex 49.1127 61.495 2.5
    endloop
  endfacet
  facet normal -0.258879 -0.96591 -0
    outer loop
      vertex 49.6858 61.3414 2.5
      vertex 49.1127 61.495 0
      vertex 49.6858 61.3414 0
    endloop
  endfacet
  facet normal -0.996197 0.0871314 0
    outer loop
      vertex 61.9069 43.223 0
      vertex 61.9586 43.8141 2.5
      vertex 61.9586 43.8141 0
    endloop
  endfacet
  facet normal -0.996197 0.0871314 0
    outer loop
      vertex 61.9586 43.8141 2.5
      vertex 61.9069 43.223 0
      vertex 61.9069 43.223 2.5
    endloop
  endfacet
  facet normal 0.656109 0.754666 -0
    outer loop
      vertex 33.7588 32.25 0
      vertex 33.6248 32.3665 2.5
      vertex 33.7588 32.25 2.5
    endloop
  endfacet
  facet normal 0.656109 0.754666 0
    outer loop
      vertex 33.6248 32.3665 2.5
      vertex 33.7588 32.25 0
      vertex 33.6248 32.3665 0
    endloop
  endfacet
  facet normal 0.890997 0.454009 0
    outer loop
      vertex 29.9899 37.019 2.5
      vertex 29.7205 37.5477 0
      vertex 29.7205 37.5477 2.5
    endloop
  endfacet
  facet normal 0.890997 0.454009 0
    outer loop
      vertex 29.7205 37.5477 0
      vertex 29.9899 37.019 2.5
      vertex 29.9899 37.019 0
    endloop
  endfacet
  facet normal 0.629247 -0.777206 0
    outer loop
      vertex 34.0726 58.0228 0
      vertex 34.5338 58.3962 2.5
      vertex 34.0726 58.0228 2.5
    endloop
  endfacet
  facet normal 0.629247 -0.777206 0
    outer loop
      vertex 34.5338 58.3962 2.5
      vertex 34.0726 58.0228 0
      vertex 34.5338 58.3962 0
    endloop
  endfacet
  facet normal -0.515041 0.857166 0
    outer loop
      vertex 54.0086 30.5832 0
      vertex 53.5 30.2776 2.5
      vertex 54.0086 30.5832 2.5
    endloop
  endfacet
  facet normal -0.515041 0.857166 0
    outer loop
      vertex 53.5 30.2776 2.5
      vertex 54.0086 30.5832 0
      vertex 53.5 30.2776 0
    endloop
  endfacet
  facet normal -0.96591 0.258879 0
    outer loop
      vertex 61.3414 40.3142 0
      vertex 61.495 40.8873 2.5
      vertex 61.495 40.8873 0
    endloop
  endfacet
  facet normal -0.96591 0.258879 0
    outer loop
      vertex 61.495 40.8873 2.5
      vertex 61.3414 40.3142 0
      vertex 61.3414 40.3142 2.5
    endloop
  endfacet
  facet normal 0.956353 0.292214 0
    outer loop
      vertex 28.832 39.7467 2.5
      vertex 28.6586 40.3142 0
      vertex 28.6586 40.3142 2.5
    endloop
  endfacet
  facet normal 0.956353 0.292214 0
    outer loop
      vertex 28.6586 40.3142 0
      vertex 28.832 39.7467 2.5
      vertex 28.832 39.7467 0
    endloop
  endfacet
  facet normal -0.956344 -0.292243 0
    outer loop
      vertex 61.3218 49.75 0
      vertex 61.168 50.2533 2.5
      vertex 61.168 50.2533 0
    endloop
  endfacet
  facet normal -0.956344 -0.292243 0
    outer loop
      vertex 61.168 50.2533 2.5
      vertex 61.3218 49.75 0
      vertex 61.3218 49.75 2.5
    endloop
  endfacet
  facet normal 0.390662 0.920534 -0
    outer loop
      vertex 38.6317 29.2379 0
      vertex 38.0855 29.4697 2.5
      vertex 38.6317 29.2379 2.5
    endloop
  endfacet
  facet normal 0.390662 0.920534 0
    outer loop
      vertex 38.0855 29.4697 2.5
      vertex 38.6317 29.2379 0
      vertex 38.0855 29.4697 0
    endloop
  endfacet
  facet normal -0.890997 0.454009 0
    outer loop
      vertex 60.0101 37.019 0
      vertex 60.2795 37.5477 2.5
      vertex 60.2795 37.5477 0
    endloop
  endfacet
  facet normal -0.890997 0.454009 0
    outer loop
      vertex 60.2795 37.5477 2.5
      vertex 60.0101 37.019 0
      vertex 60.0101 37.019 2.5
    endloop
  endfacet
  facet normal -0.999847 0.0174748 0
    outer loop
      vertex 61.9896 44.4067 0
      vertex 61.9956 44.75 2.5
      vertex 61.9956 44.75 0
    endloop
  endfacet
  facet normal -0.999847 0.0174748 0
    outer loop
      vertex 61.9956 44.75 2.5
      vertex 61.9896 44.4067 0
      vertex 61.9896 44.4067 2.5
    endloop
  endfacet
  facet normal -0.121856 -0.992548 0
    outer loop
      vertex 46.777 61.9069 0
      vertex 47.3659 61.8346 2.5
      vertex 46.777 61.9069 2.5
    endloop
  endfacet
  facet normal -0.121856 -0.992548 -0
    outer loop
      vertex 47.3659 61.8346 2.5
      vertex 46.777 61.9069 0
      vertex 47.3659 61.8346 0
    endloop
  endfacet
  facet normal -0.390662 -0.920534 0
    outer loop
      vertex 51.3683 60.7621 0
      vertex 51.9145 60.5303 2.5
      vertex 51.3683 60.7621 2.5
    endloop
  endfacet
  facet normal -0.390662 -0.920534 -0
    outer loop
      vertex 51.9145 60.5303 2.5
      vertex 51.3683 60.7621 0
      vertex 51.9145 60.5303 0
    endloop
  endfacet
  facet normal 0.981643 -0.190729 0
    outer loop
      vertex 28.2583 47.952 2.5
      vertex 28.3162 48.25 0
      vertex 28.3162 48.25 2.5
    endloop
  endfacet
  facet normal 0.981643 -0.190729 0
    outer loop
      vertex 28.3162 48.25 0
      vertex 28.2583 47.952 2.5
      vertex 28.2583 47.952 0
    endloop
  endfacet
  facet normal 0.945476 0.325691 0
    outer loop
      vertex 29.0031 39.25 2.5
      vertex 28.832 39.7467 0
      vertex 28.832 39.7467 2.5
    endloop
  endfacet
  facet normal 0.945476 0.325691 0
    outer loop
      vertex 28.832 39.7467 0
      vertex 29.0031 39.25 2.5
      vertex 29.0031 39.25 0
    endloop
  endfacet
  facet normal -0.857166 -0.515041 0
    outer loop
      vertex 59.7224 53.5 0
      vertex 59.4168 54.0086 2.5
      vertex 59.4168 54.0086 0
    endloop
  endfacet
  facet normal -0.857166 -0.515041 0
    outer loop
      vertex 59.4168 54.0086 2.5
      vertex 59.7224 53.5 0
      vertex 59.7224 53.5 2.5
    endloop
  endfacet
  facet normal 0.87461 0.484827 0
    outer loop
      vertex 30.2776 36.5 2.5
      vertex 29.9899 37.019 0
      vertex 29.9899 37.019 2.5
    endloop
  endfacet
  facet normal 0.87461 0.484827 0
    outer loop
      vertex 29.9899 37.019 0
      vertex 30.2776 36.5 2.5
      vertex 30.2776 36.5 0
    endloop
  endfacet
  facet normal -0.292282 0.956332 0
    outer loop
      vertex 50.2533 28.832 0
      vertex 49.985 28.75 2.5
      vertex 50.2533 28.832 2.5
    endloop
  endfacet
  facet normal -0.292282 0.956332 0
    outer loop
      vertex 49.985 28.75 2.5
      vertex 50.2533 28.832 0
      vertex 49.985 28.75 0
    endloop
  endfacet
  facet normal 0.999847 0.0174748 0
    outer loop
      vertex 28.0104 44.4067 2.5
      vertex 28.0044 44.75 0
      vertex 28.0044 44.75 2.5
    endloop
  endfacet
  facet normal 0.999847 0.0174748 0
    outer loop
      vertex 28.0044 44.75 0
      vertex 28.0104 44.4067 2.5
      vertex 28.0104 44.4067 0
    endloop
  endfacet
  facet normal 0.933558 -0.358426 0
    outer loop
      vertex 29.0252 50.8143 2.5
      vertex 29.2379 51.3683 0
      vertex 29.2379 51.3683 2.5
    endloop
  endfacet
  facet normal 0.933558 -0.358426 0
    outer loop
      vertex 29.2379 51.3683 0
      vertex 29.0252 50.8143 2.5
      vertex 29.0252 50.8143 0
    endloop
  endfacet
  facet normal -0.325617 -0.945502 0
    outer loop
      vertex 50.2533 61.168 0
      vertex 50.8143 60.9748 2.5
      vertex 50.2533 61.168 2.5
    endloop
  endfacet
  facet normal -0.325617 -0.945502 -0
    outer loop
      vertex 50.8143 60.9748 2.5
      vertex 50.2533 61.168 0
      vertex 50.8143 60.9748 0
    endloop
  endfacet
  facet normal -0.731363 0.681988 0
    outer loop
      vertex 57.2288 33.1908 0
      vertex 57.6335 33.6248 2.5
      vertex 57.6335 33.6248 0
    endloop
  endfacet
  facet normal -0.731363 0.681988 0
    outer loop
      vertex 57.6335 33.6248 2.5
      vertex 57.2288 33.1908 0
      vertex 57.2288 33.1908 2.5
    endloop
  endfacet
  facet normal 0.0871314 -0.996197 0
    outer loop
      vertex 43.223 61.9069 0
      vertex 43.8141 61.9586 2.5
      vertex 43.223 61.9069 2.5
    endloop
  endfacet
  facet normal 0.0871314 -0.996197 0
    outer loop
      vertex 43.8141 61.9586 2.5
      vertex 43.223 61.9069 0
      vertex 43.8141 61.9586 0
    endloop
  endfacet
  facet normal -0.956353 0.292214 0
    outer loop
      vertex 61.168 39.7467 0
      vertex 61.3414 40.3142 2.5
      vertex 61.3414 40.3142 0
    endloop
  endfacet
  facet normal -0.956353 0.292214 0
    outer loop
      vertex 61.3414 40.3142 2.5
      vertex 61.168 39.7467 0
      vertex 61.168 39.7467 2.5
    endloop
  endfacet
  facet normal -0.99254 0.121917 0
    outer loop
      vertex 61.8488 42.75 0
      vertex 61.9069 43.223 2.5
      vertex 61.9069 43.223 0
    endloop
  endfacet
  facet normal -0.99254 0.121917 0
    outer loop
      vertex 61.9069 43.223 2.5
      vertex 61.8488 42.75 0
      vertex 61.8488 42.75 2.5
    endloop
  endfacet
  facet normal -0.933558 -0.358426 0
    outer loop
      vertex 60.9748 50.8143 0
      vertex 60.7621 51.3683 2.5
      vertex 60.7621 51.3683 0
    endloop
  endfacet
  facet normal -0.933558 -0.358426 0
    outer loop
      vertex 60.7621 51.3683 2.5
      vertex 60.9748 50.8143 0
      vertex 60.9748 50.8143 2.5
    endloop
  endfacet
  facet normal -0.656091 -0.754682 0
    outer loop
      vertex 55.9274 58.0228 0
      vertex 56.3752 57.6335 2.5
      vertex 55.9274 58.0228 2.5
    endloop
  endfacet
  facet normal -0.656091 -0.754682 -0
    outer loop
      vertex 56.3752 57.6335 2.5
      vertex 55.9274 58.0228 0
      vertex 56.3752 57.6335 0
    endloop
  endfacet
  facet normal 0.857166 0.515041 0
    outer loop
      vertex 30.5832 35.9914 2.5
      vertex 30.2776 36.5 0
      vertex 30.2776 36.5 2.5
    endloop
  endfacet
  facet normal 0.857166 0.515041 0
    outer loop
      vertex 30.2776 36.5 0
      vertex 30.5832 35.9914 2.5
      vertex 30.5832 35.9914 0
    endloop
  endfacet
  facet normal -0.484827 0.87461 0
    outer loop
      vertex 53.5 30.2776 0
      vertex 52.981 29.9899 2.5
      vertex 53.5 30.2776 2.5
    endloop
  endfacet
  facet normal -0.484827 0.87461 0
    outer loop
      vertex 52.981 29.9899 2.5
      vertex 53.5 30.2776 0
      vertex 52.981 29.9899 0
    endloop
  endfacet
  facet normal 0.819153 -0.573575 0
    outer loop
      vertex 30.9064 54.5063 2.5
      vertex 31.2467 54.9923 0
      vertex 31.2467 54.9923 2.5
    endloop
  endfacet
  facet normal 0.819153 -0.573575 0
    outer loop
      vertex 31.2467 54.9923 0
      vertex 30.9064 54.5063 2.5
      vertex 30.9064 54.5063 0
    endloop
  endfacet
  facet normal 0.292282 0.956332 -0
    outer loop
      vertex 40.015 28.75 0
      vertex 39.7467 28.832 2.5
      vertex 40.015 28.75 2.5
    endloop
  endfacet
  facet normal 0.292282 0.956332 0
    outer loop
      vertex 39.7467 28.832 2.5
      vertex 40.015 28.75 0
      vertex 39.7467 28.832 0
    endloop
  endfacet
  facet normal -0.390662 0.920534 0
    outer loop
      vertex 51.9145 29.4697 0
      vertex 51.3683 29.2379 2.5
      vertex 51.9145 29.4697 2.5
    endloop
  endfacet
  facet normal -0.390662 0.920534 0
    outer loop
      vertex 51.3683 29.2379 2.5
      vertex 51.9145 29.4697 0
      vertex 51.3683 29.2379 0
    endloop
  endfacet
  facet normal -0.974332 0.225115 0
    outer loop
      vertex 61.495 40.8873 0
      vertex 61.5788 41.25 2.5
      vertex 61.5788 41.25 0
    endloop
  endfacet
  facet normal -0.974332 0.225115 0
    outer loop
      vertex 61.5788 41.25 2.5
      vertex 61.495 40.8873 0
      vertex 61.495 40.8873 2.5
    endloop
  endfacet
  facet normal 0.681988 0.731363 -0
    outer loop
      vertex 33.6248 32.3665 0
      vertex 33.1908 32.7712 2.5
      vertex 33.6248 32.3665 2.5
    endloop
  endfacet
  facet normal 0.681988 0.731363 0
    outer loop
      vertex 33.1908 32.7712 2.5
      vertex 33.6248 32.3665 0
      vertex 33.1908 32.7712 0
    endloop
  endfacet
  facet normal 0.325617 0.945502 -0
    outer loop
      vertex 39.7467 28.832 0
      vertex 39.1857 29.0252 2.5
      vertex 39.7467 28.832 2.5
    endloop
  endfacet
  facet normal 0.325617 0.945502 0
    outer loop
      vertex 39.1857 29.0252 2.5
      vertex 39.7467 28.832 0
      vertex 39.1857 29.0252 0
    endloop
  endfacet
  facet normal 0.422646 0.906295 -0
    outer loop
      vertex 38.0855 29.4697 0
      vertex 37.5477 29.7205 2.5
      vertex 38.0855 29.4697 2.5
    endloop
  endfacet
  facet normal 0.422646 0.906295 0
    outer loop
      vertex 37.5477 29.7205 2.5
      vertex 38.0855 29.4697 0
      vertex 37.5477 29.7205 0
    endloop
  endfacet
  facet normal -0.190766 -0.981636 0
    outer loop
      vertex 47.952 61.7417 0
      vertex 48.5345 61.6285 2.5
      vertex 47.952 61.7417 2.5
    endloop
  endfacet
  facet normal -0.190766 -0.981636 -0
    outer loop
      vertex 48.5345 61.6285 2.5
      vertex 47.952 61.7417 0
      vertex 48.5345 61.6285 0
    endloop
  endfacet
  facet normal -0.754682 0.656091 0
    outer loop
      vertex 57.6335 33.6248 0
      vertex 58.0228 34.0726 2.5
      vertex 58.0228 34.0726 0
    endloop
  endfacet
  facet normal -0.754682 0.656091 0
    outer loop
      vertex 58.0228 34.0726 2.5
      vertex 57.6335 33.6248 0
      vertex 57.6335 33.6248 2.5
    endloop
  endfacet
  facet normal -0.777265 0.629173 0
    outer loop
      vertex 58.0228 34.0726 0
      vertex 58.1664 34.25 2.5
      vertex 58.1664 34.25 0
    endloop
  endfacet
  facet normal -0.777265 0.629173 0
    outer loop
      vertex 58.1664 34.25 2.5
      vertex 58.0228 34.0726 0
      vertex 58.0228 34.0726 2.5
    endloop
  endfacet
  facet normal 0.156551 -0.98767 0
    outer loop
      vertex 42.048 61.7417 0
      vertex 42.6341 61.8346 2.5
      vertex 42.048 61.7417 2.5
    endloop
  endfacet
  facet normal 0.156551 -0.98767 0
    outer loop
      vertex 42.6341 61.8346 2.5
      vertex 42.048 61.7417 0
      vertex 42.6341 61.8346 0
    endloop
  endfacet
  facet normal 0.974332 0.225115 0
    outer loop
      vertex 28.505 40.8873 2.5
      vertex 28.4212 41.25 0
      vertex 28.4212 41.25 2.5
    endloop
  endfacet
  facet normal 0.974332 0.225115 0
    outer loop
      vertex 28.4212 41.25 0
      vertex 28.505 40.8873 2.5
      vertex 28.505 40.8873 0
    endloop
  endfacet
  facet normal -0.358426 -0.933558 0
    outer loop
      vertex 50.8143 60.9748 0
      vertex 51.3683 60.7621 2.5
      vertex 50.8143 60.9748 2.5
    endloop
  endfacet
  facet normal -0.358426 -0.933558 -0
    outer loop
      vertex 51.3683 60.7621 2.5
      vertex 50.8143 60.9748 0
      vertex 51.3683 60.7621 0
    endloop
  endfacet
  facet normal -0.156551 -0.98767 0
    outer loop
      vertex 47.3659 61.8346 0
      vertex 47.952 61.7417 2.5
      vertex 47.3659 61.8346 2.5
    endloop
  endfacet
  facet normal -0.156551 -0.98767 -0
    outer loop
      vertex 47.952 61.7417 2.5
      vertex 47.3659 61.8346 0
      vertex 47.952 61.7417 0
    endloop
  endfacet
  facet normal -0.0871314 -0.996197 0
    outer loop
      vertex 46.1859 61.9586 0
      vertex 46.777 61.9069 2.5
      vertex 46.1859 61.9586 2.5
    endloop
  endfacet
  facet normal -0.0871314 -0.996197 -0
    outer loop
      vertex 46.777 61.9069 2.5
      vertex 46.1859 61.9586 0
      vertex 46.777 61.9069 0
    endloop
  endfacet
  facet normal 0.996197 0.0871314 0
    outer loop
      vertex 28.0931 43.223 2.5
      vertex 28.0414 43.8141 0
      vertex 28.0414 43.8141 2.5
    endloop
  endfacet
  facet normal 0.996197 0.0871314 0
    outer loop
      vertex 28.0414 43.8141 0
      vertex 28.0931 43.223 2.5
      vertex 28.0931 43.223 0
    endloop
  endfacet
  facet normal -0.857166 0.515041 0
    outer loop
      vertex 59.4168 35.9914 0
      vertex 59.7224 36.5 2.5
      vertex 59.7224 36.5 0
    endloop
  endfacet
  facet normal -0.857166 0.515041 0
    outer loop
      vertex 59.7224 36.5 2.5
      vertex 59.4168 35.9914 0
      vertex 59.4168 35.9914 2.5
    endloop
  endfacet
  facet normal 0.681988 -0.731363 0
    outer loop
      vertex 33.1908 57.2288 0
      vertex 33.6248 57.6335 2.5
      vertex 33.1908 57.2288 2.5
    endloop
  endfacet
  facet normal 0.681988 -0.731363 0
    outer loop
      vertex 33.6248 57.6335 2.5
      vertex 33.1908 57.2288 0
      vertex 33.6248 57.6335 0
    endloop
  endfacet
  facet normal -0.656109 0.754666 0
    outer loop
      vertex 56.3752 32.3665 0
      vertex 56.2412 32.25 2.5
      vertex 56.3752 32.3665 2.5
    endloop
  endfacet
  facet normal -0.656109 0.754666 0
    outer loop
      vertex 56.2412 32.25 2.5
      vertex 56.3752 32.3665 0
      vertex 56.2412 32.25 0
    endloop
  endfacet
  facet normal -0.920524 -0.390686 0
    outer loop
      vertex 60.7621 51.3683 0
      vertex 60.6001 51.75 2.5
      vertex 60.6001 51.75 0
    endloop
  endfacet
  facet normal -0.920524 -0.390686 0
    outer loop
      vertex 60.6001 51.75 2.5
      vertex 60.7621 51.3683 0
      vertex 60.7621 51.3683 2.5
    endloop
  endfacet
  facet normal -0.798622 -0.601833 0
    outer loop
      vertex 58.7533 54.9923 0
      vertex 58.5591 55.25 2.5
      vertex 58.5591 55.25 0
    endloop
  endfacet
  facet normal -0.798622 -0.601833 0
    outer loop
      vertex 58.5591 55.25 2.5
      vertex 58.7533 54.9923 0
      vertex 58.7533 54.9923 2.5
    endloop
  endfacet
  facet normal 0.0522404 -0.998635 0
    outer loop
      vertex 43.8141 61.9586 0
      vertex 44.4067 61.9896 2.5
      vertex 43.8141 61.9586 2.5
    endloop
  endfacet
  facet normal 0.0522404 -0.998635 0
    outer loop
      vertex 44.4067 61.9896 2.5
      vertex 43.8141 61.9586 0
      vertex 44.4067 61.9896 0
    endloop
  endfacet
  facet normal -0.707107 0.707107 0
    outer loop
      vertex 56.8092 32.7712 0
      vertex 57.2288 33.1908 2.5
      vertex 57.2288 33.1908 0
    endloop
  endfacet
  facet normal -0.707107 0.707107 0
    outer loop
      vertex 57.2288 33.1908 2.5
      vertex 56.8092 32.7712 0
      vertex 56.8092 32.7712 2.5
    endloop
  endfacet
  facet normal -0.0522404 -0.998635 0
    outer loop
      vertex 45.5933 61.9896 0
      vertex 46.1859 61.9586 2.5
      vertex 45.5933 61.9896 2.5
    endloop
  endfacet
  facet normal -0.0522404 -0.998635 -0
    outer loop
      vertex 46.1859 61.9586 2.5
      vertex 45.5933 61.9896 0
      vertex 46.1859 61.9586 0
    endloop
  endfacet
  facet normal -0.601822 -0.79863 0
    outer loop
      vertex 54.9967 58.75 0
      vertex 55.4662 58.3962 2.5
      vertex 54.9967 58.75 2.5
    endloop
  endfacet
  facet normal -0.601822 -0.79863 -0
    outer loop
      vertex 55.4662 58.3962 2.5
      vertex 54.9967 58.75 0
      vertex 55.4662 58.3962 0
    endloop
  endfacet
  facet normal -0.906366 0.422493 0
    outer loop
      vertex 60.2795 37.5477 0
      vertex 60.3738 37.75 2.5
      vertex 60.3738 37.75 0
    endloop
  endfacet
  facet normal -0.906366 0.422493 0
    outer loop
      vertex 60.3738 37.75 2.5
      vertex 60.2795 37.5477 0
      vertex 60.2795 37.5477 2.5
    endloop
  endfacet
  facet normal 0.544564 0.838719 -0
    outer loop
      vertex 35.9914 30.5832 0
      vertex 35.7345 30.75 2.5
      vertex 35.9914 30.5832 2.5
    endloop
  endfacet
  facet normal 0.544564 0.838719 0
    outer loop
      vertex 35.7345 30.75 2.5
      vertex 35.9914 30.5832 0
      vertex 35.7345 30.75 0
    endloop
  endfacet
  facet normal -0.544564 0.838719 0
    outer loop
      vertex 54.2655 30.75 0
      vertex 54.0086 30.5832 2.5
      vertex 54.2655 30.75 2.5
    endloop
  endfacet
  facet normal -0.544564 0.838719 0
    outer loop
      vertex 54.0086 30.5832 2.5
      vertex 54.2655 30.75 0
      vertex 54.0086 30.5832 0
    endloop
  endfacet
  facet normal 0.874586 -0.48487 0
    outer loop
      vertex 30.139 53.25 2.5
      vertex 30.2776 53.5 0
      vertex 30.2776 53.5 2.5
    endloop
  endfacet
  facet normal 0.874586 -0.48487 0
    outer loop
      vertex 30.2776 53.5 0
      vertex 30.139 53.25 2.5
      vertex 30.139 53.25 0
    endloop
  endfacet
  facet normal 0.707107 0.707107 0
    outer loop
      vertex 33.1908 32.7712 2.5
      vertex 32.7712 33.1908 0
      vertex 32.7712 33.1908 2.5
    endloop
  endfacet
  facet normal 0.707107 0.707107 0
    outer loop
      vertex 32.7712 33.1908 0
      vertex 33.1908 32.7712 2.5
      vertex 33.1908 32.7712 0
    endloop
  endfacet
  facet normal 0.325617 -0.945502 0
    outer loop
      vertex 39.1857 60.9748 0
      vertex 39.7467 61.168 2.5
      vertex 39.1857 60.9748 2.5
    endloop
  endfacet
  facet normal 0.325617 -0.945502 0
    outer loop
      vertex 39.7467 61.168 2.5
      vertex 39.1857 60.9748 0
      vertex 39.7467 61.168 0
    endloop
  endfacet
  facet normal -0.453972 -0.891016 0
    outer loop
      vertex 52.4523 60.2795 0
      vertex 52.5102 60.25 2.5
      vertex 52.4523 60.2795 2.5
    endloop
  endfacet
  facet normal -0.453972 -0.891016 -0
    outer loop
      vertex 52.5102 60.25 2.5
      vertex 52.4523 60.2795 0
      vertex 52.5102 60.25 0
    endloop
  endfacet
  facet normal -0.98767 -0.156551 0
    outer loop
      vertex 61.8346 47.3659 0
      vertex 61.7417 47.952 2.5
      vertex 61.7417 47.952 0
    endloop
  endfacet
  facet normal -0.98767 -0.156551 0
    outer loop
      vertex 61.7417 47.952 2.5
      vertex 61.8346 47.3659 0
      vertex 61.8346 47.3659 2.5
    endloop
  endfacet
  facet normal -0.992548 -0.121856 0
    outer loop
      vertex 61.9069 46.777 0
      vertex 61.8346 47.3659 2.5
      vertex 61.8346 47.3659 0
    endloop
  endfacet
  facet normal -0.992548 -0.121856 0
    outer loop
      vertex 61.8346 47.3659 2.5
      vertex 61.9069 46.777 0
      vertex 61.9069 46.777 2.5
    endloop
  endfacet
  facet normal 0.998635 0.0522404 0
    outer loop
      vertex 28.0414 43.8141 2.5
      vertex 28.0104 44.4067 0
      vertex 28.0104 44.4067 2.5
    endloop
  endfacet
  facet normal 0.998635 0.0522404 0
    outer loop
      vertex 28.0104 44.4067 0
      vertex 28.0414 43.8141 2.5
      vertex 28.0414 43.8141 0
    endloop
  endfacet
  facet normal 0.838777 0.544475 0
    outer loop
      vertex 30.7399 35.75 2.5
      vertex 30.5832 35.9914 0
      vertex 30.5832 35.9914 2.5
    endloop
  endfacet
  facet normal 0.838777 0.544475 0
    outer loop
      vertex 30.5832 35.9914 0
      vertex 30.7399 35.75 2.5
      vertex 30.7399 35.75 0
    endloop
  endfacet
  facet normal 0.99254 0.121917 0
    outer loop
      vertex 28.1512 42.75 2.5
      vertex 28.0931 43.223 0
      vertex 28.0931 43.223 2.5
    endloop
  endfacet
  facet normal 0.99254 0.121917 0
    outer loop
      vertex 28.0931 43.223 0
      vertex 28.1512 42.75 2.5
      vertex 28.1512 42.75 0
    endloop
  endfacet
  facet normal -0.422646 -0.906295 0
    outer loop
      vertex 51.9145 60.5303 0
      vertex 52.4523 60.2795 2.5
      vertex 51.9145 60.5303 2.5
    endloop
  endfacet
  facet normal -0.422646 -0.906295 -0
    outer loop
      vertex 52.4523 60.2795 2.5
      vertex 51.9145 60.5303 0
      vertex 52.4523 60.2795 0
    endloop
  endfacet
  facet normal 0.121856 -0.992548 0
    outer loop
      vertex 42.6341 61.8346 0
      vertex 43.223 61.9069 2.5
      vertex 42.6341 61.8346 2.5
    endloop
  endfacet
  facet normal 0.121856 -0.992548 0
    outer loop
      vertex 43.223 61.9069 2.5
      vertex 42.6341 61.8346 0
      vertex 43.223 61.9069 0
    endloop
  endfacet
  facet normal -0.838777 0.544475 0
    outer loop
      vertex 59.2601 35.75 0
      vertex 59.4168 35.9914 2.5
      vertex 59.4168 35.9914 0
    endloop
  endfacet
  facet normal -0.838777 0.544475 0
    outer loop
      vertex 59.4168 35.9914 2.5
      vertex 59.2601 35.75 0
      vertex 59.2601 35.75 2.5
    endloop
  endfacet
  facet normal 0.798622 -0.601833 0
    outer loop
      vertex 31.2467 54.9923 2.5
      vertex 31.4409 55.25 0
      vertex 31.4409 55.25 2.5
    endloop
  endfacet
  facet normal 0.798622 -0.601833 0
    outer loop
      vertex 31.4409 55.25 0
      vertex 31.2467 54.9923 2.5
      vertex 31.2467 54.9923 0
    endloop
  endfacet
  facet normal 0.656091 -0.754682 0
    outer loop
      vertex 33.6248 57.6335 0
      vertex 34.0726 58.0228 2.5
      vertex 33.6248 57.6335 2.5
    endloop
  endfacet
  facet normal 0.656091 -0.754682 0
    outer loop
      vertex 34.0726 58.0228 2.5
      vertex 33.6248 57.6335 0
      vertex 34.0726 58.0228 0
    endloop
  endfacet
  facet normal 0.731384 -0.681966 0
    outer loop
      vertex 32.716 56.75 2.5
      vertex 32.7712 56.8092 0
      vertex 32.7712 56.8092 2.5
    endloop
  endfacet
  facet normal 0.731384 -0.681966 0
    outer loop
      vertex 32.7712 56.8092 0
      vertex 32.716 56.75 2.5
      vertex 32.716 56.75 0
    endloop
  endfacet
  facet normal -0.0175264 -0.999846 0
    outer loop
      vertex 45 62 0
      vertex 45.5933 61.9896 2.5
      vertex 45 62 2.5
    endloop
  endfacet
  facet normal -0.0175264 -0.999846 -0
    outer loop
      vertex 45.5933 61.9896 2.5
      vertex 45 62 0
      vertex 45.5933 61.9896 0
    endloop
  endfacet
  facet normal 0.945502 -0.325617 0
    outer loop
      vertex 28.832 50.2533 2.5
      vertex 29.0252 50.8143 0
      vertex 29.0252 50.8143 2.5
    endloop
  endfacet
  facet normal 0.945502 -0.325617 0
    outer loop
      vertex 29.0252 50.8143 0
      vertex 28.832 50.2533 2.5
      vertex 28.832 50.2533 0
    endloop
  endfacet
  facet normal -0.681988 0.731363 0
    outer loop
      vertex 56.8092 32.7712 0
      vertex 56.3752 32.3665 2.5
      vertex 56.8092 32.7712 2.5
    endloop
  endfacet
  facet normal -0.681988 0.731363 0
    outer loop
      vertex 56.3752 32.3665 2.5
      vertex 56.8092 32.7712 0
      vertex 56.3752 32.3665 0
    endloop
  endfacet
  facet normal 0.731363 0.681988 0
    outer loop
      vertex 32.7712 33.1908 2.5
      vertex 32.3665 33.6248 0
      vertex 32.3665 33.6248 2.5
    endloop
  endfacet
  facet normal 0.731363 0.681988 0
    outer loop
      vertex 32.3665 33.6248 0
      vertex 32.7712 33.1908 2.5
      vertex 32.7712 33.1908 0
    endloop
  endfacet
  facet normal 0.992548 -0.121856 0
    outer loop
      vertex 28.0931 46.777 2.5
      vertex 28.1654 47.3659 0
      vertex 28.1654 47.3659 2.5
    endloop
  endfacet
  facet normal 0.992548 -0.121856 0
    outer loop
      vertex 28.1654 47.3659 0
      vertex 28.0931 46.777 2.5
      vertex 28.0931 46.777 0
    endloop
  endfacet
  facet normal 0.857166 -0.515041 0
    outer loop
      vertex 30.2776 53.5 2.5
      vertex 30.5832 54.0086 0
      vertex 30.5832 54.0086 2.5
    endloop
  endfacet
  facet normal 0.857166 -0.515041 0
    outer loop
      vertex 30.5832 54.0086 0
      vertex 30.2776 53.5 2.5
      vertex 30.2776 53.5 0
    endloop
  endfacet
  facet normal 0.906366 0.422493 0
    outer loop
      vertex 29.7205 37.5477 2.5
      vertex 29.6262 37.75 0
      vertex 29.6262 37.75 2.5
    endloop
  endfacet
  facet normal 0.906366 0.422493 0
    outer loop
      vertex 29.6262 37.75 0
      vertex 29.7205 37.5477 2.5
      vertex 29.7205 37.5477 0
    endloop
  endfacet
  facet normal 0.484827 0.87461 -0
    outer loop
      vertex 37.019 29.9899 0
      vertex 36.5 30.2776 2.5
      vertex 37.019 29.9899 2.5
    endloop
  endfacet
  facet normal 0.484827 0.87461 0
    outer loop
      vertex 36.5 30.2776 2.5
      vertex 37.019 29.9899 0
      vertex 36.5 30.2776 0
    endloop
  endfacet
  facet normal 0.0175264 -0.999846 0
    outer loop
      vertex 44.4067 61.9896 0
      vertex 45 62 2.5
      vertex 44.4067 61.9896 2.5
    endloop
  endfacet
  facet normal 0.0175264 -0.999846 0
    outer loop
      vertex 45 62 2.5
      vertex 44.4067 61.9896 0
      vertex 45 62 0
    endloop
  endfacet
  facet normal 0.920524 -0.390686 0
    outer loop
      vertex 29.2379 51.3683 2.5
      vertex 29.3999 51.75 0
      vertex 29.3999 51.75 2.5
    endloop
  endfacet
  facet normal 0.920524 -0.390686 0
    outer loop
      vertex 29.3999 51.75 0
      vertex 29.2379 51.3683 2.5
      vertex 29.2379 51.3683 0
    endloop
  endfacet
  facet normal 0.258879 -0.96591 0
    outer loop
      vertex 40.3142 61.3414 0
      vertex 40.8873 61.495 2.5
      vertex 40.3142 61.3414 2.5
    endloop
  endfacet
  facet normal 0.258879 -0.96591 0
    outer loop
      vertex 40.8873 61.495 2.5
      vertex 40.3142 61.3414 0
      vertex 40.8873 61.495 0
    endloop
  endfacet
  facet normal -0.454009 0.890997 0
    outer loop
      vertex 52.981 29.9899 0
      vertex 52.4523 29.7205 2.5
      vertex 52.981 29.9899 2.5
    endloop
  endfacet
  facet normal -0.454009 0.890997 0
    outer loop
      vertex 52.4523 29.7205 2.5
      vertex 52.981 29.9899 0
      vertex 52.4523 29.7205 0
    endloop
  endfacet
  facet normal -0.422646 0.906295 0
    outer loop
      vertex 52.4523 29.7205 0
      vertex 51.9145 29.4697 2.5
      vertex 52.4523 29.7205 2.5
    endloop
  endfacet
  facet normal -0.422646 0.906295 0
    outer loop
      vertex 51.9145 29.4697 2.5
      vertex 52.4523 29.7205 0
      vertex 51.9145 29.4697 0
    endloop
  endfacet
  facet normal -0.22497 -0.974366 0
    outer loop
      vertex 48.5345 61.6285 0
      vertex 49.1127 61.495 2.5
      vertex 48.5345 61.6285 2.5
    endloop
  endfacet
  facet normal -0.22497 -0.974366 -0
    outer loop
      vertex 49.1127 61.495 2.5
      vertex 48.5345 61.6285 0
      vertex 49.1127 61.495 0
    endloop
  endfacet
  facet normal 0.422646 -0.906295 0
    outer loop
      vertex 37.5477 60.2795 0
      vertex 38.0855 60.5303 2.5
      vertex 37.5477 60.2795 2.5
    endloop
  endfacet
  facet normal 0.422646 -0.906295 0
    outer loop
      vertex 38.0855 60.5303 2.5
      vertex 37.5477 60.2795 0
      vertex 38.0855 60.5303 0
    endloop
  endfacet
  facet normal 0.838678 -0.544627 0
    outer loop
      vertex 30.5832 54.0086 2.5
      vertex 30.9064 54.5063 0
      vertex 30.9064 54.5063 2.5
    endloop
  endfacet
  facet normal 0.838678 -0.544627 0
    outer loop
      vertex 30.9064 54.5063 0
      vertex 30.5832 54.0086 2.5
      vertex 30.5832 54.0086 0
    endloop
  endfacet
  facet normal 0.358426 -0.933558 0
    outer loop
      vertex 38.6317 60.7621 0
      vertex 39.1857 60.9748 2.5
      vertex 38.6317 60.7621 2.5
    endloop
  endfacet
  facet normal 0.358426 -0.933558 0
    outer loop
      vertex 39.1857 60.9748 2.5
      vertex 38.6317 60.7621 0
      vertex 39.1857 60.9748 0
    endloop
  endfacet
  facet normal 0.190766 -0.981636 0
    outer loop
      vertex 41.4655 61.6285 0
      vertex 42.048 61.7417 2.5
      vertex 41.4655 61.6285 2.5
    endloop
  endfacet
  facet normal 0.190766 -0.981636 0
    outer loop
      vertex 42.048 61.7417 2.5
      vertex 41.4655 61.6285 0
      vertex 42.048 61.7417 0
    endloop
  endfacet
  facet normal 0.96591 0.258879 0
    outer loop
      vertex 28.6586 40.3142 2.5
      vertex 28.505 40.8873 0
      vertex 28.505 40.8873 2.5
    endloop
  endfacet
  facet normal 0.96591 0.258879 0
    outer loop
      vertex 28.505 40.8873 0
      vertex 28.6586 40.3142 2.5
      vertex 28.6586 40.3142 0
    endloop
  endfacet
  facet normal 0.22497 -0.974366 0
    outer loop
      vertex 40.8873 61.495 0
      vertex 41.4655 61.6285 2.5
      vertex 40.8873 61.495 2.5
    endloop
  endfacet
  facet normal 0.22497 -0.974366 0
    outer loop
      vertex 41.4655 61.6285 2.5
      vertex 40.8873 61.495 0
      vertex 41.4655 61.6285 0
    endloop
  endfacet
  facet normal -0.681988 -0.731363 0
    outer loop
      vertex 56.3752 57.6335 0
      vertex 56.8092 57.2288 2.5
      vertex 56.3752 57.6335 2.5
    endloop
  endfacet
  facet normal -0.681988 -0.731363 -0
    outer loop
      vertex 56.8092 57.2288 2.5
      vertex 56.3752 57.6335 0
      vertex 56.8092 57.2288 0
    endloop
  endfacet
  facet normal 0.390662 -0.920534 0
    outer loop
      vertex 38.0855 60.5303 0
      vertex 38.6317 60.7621 2.5
      vertex 38.0855 60.5303 2.5
    endloop
  endfacet
  facet normal 0.390662 -0.920534 0
    outer loop
      vertex 38.6317 60.7621 2.5
      vertex 38.0855 60.5303 0
      vertex 38.6317 60.7621 0
    endloop
  endfacet
  facet normal 0.754682 0.656091 0
    outer loop
      vertex 32.3665 33.6248 2.5
      vertex 31.9772 34.0726 0
      vertex 31.9772 34.0726 2.5
    endloop
  endfacet
  facet normal 0.754682 0.656091 0
    outer loop
      vertex 31.9772 34.0726 0
      vertex 32.3665 33.6248 2.5
      vertex 32.3665 33.6248 0
    endloop
  endfacet
  facet normal 0.292214 -0.956353 0
    outer loop
      vertex 39.7467 61.168 0
      vertex 40.3142 61.3414 2.5
      vertex 39.7467 61.168 2.5
    endloop
  endfacet
  facet normal 0.292214 -0.956353 0
    outer loop
      vertex 40.3142 61.3414 2.5
      vertex 39.7467 61.168 0
      vertex 40.3142 61.3414 0
    endloop
  endfacet
  facet normal -0.707107 -0.707107 0
    outer loop
      vertex 57.2288 56.8092 0
      vertex 56.8092 57.2288 2.5
      vertex 56.8092 57.2288 0
    endloop
  endfacet
  facet normal -0.707107 -0.707107 0
    outer loop
      vertex 56.8092 57.2288 2.5
      vertex 57.2288 56.8092 0
      vertex 57.2288 56.8092 2.5
    endloop
  endfacet
  facet normal 0.453972 -0.891016 0
    outer loop
      vertex 37.4898 60.25 0
      vertex 37.5477 60.2795 2.5
      vertex 37.4898 60.25 2.5
    endloop
  endfacet
  facet normal 0.453972 -0.891016 0
    outer loop
      vertex 37.5477 60.2795 2.5
      vertex 37.4898 60.25 0
      vertex 37.5477 60.2795 0
    endloop
  endfacet
  facet normal 0.601822 -0.79863 0
    outer loop
      vertex 34.5338 58.3962 0
      vertex 35.0033 58.75 2.5
      vertex 34.5338 58.3962 2.5
    endloop
  endfacet
  facet normal 0.601822 -0.79863 0
    outer loop
      vertex 35.0033 58.75 2.5
      vertex 34.5338 58.3962 0
      vertex 35.0033 58.75 0
    endloop
  endfacet
  facet normal 0.608587 -0.793487 0
    outer loop
      vertex 43.9393 69.6607 0.8
      vertex 44.25 69.899 5.69
      vertex 43.9393 69.6607 5.69
    endloop
  endfacet
  facet normal 0.608587 -0.793487 0
    outer loop
      vertex 44.25 69.899 5.69
      vertex 43.9393 69.6607 0.8
      vertex 44.25 69.899 0.8
    endloop
  endfacet
  facet normal -0.991447 0.130507 0
    outer loop
      vertex 46.4489 68.2118 0.8
      vertex 46.5 68.6 5.69
      vertex 46.5 68.6 0.8
    endloop
  endfacet
  facet normal -0.991447 0.130507 0
    outer loop
      vertex 46.5 68.6 5.69
      vertex 46.4489 68.2118 0.8
      vertex 46.4489 68.2118 5.69
    endloop
  endfacet
  facet normal -0.608587 0.793487 0
    outer loop
      vertex 46.0607 67.5393 0.8
      vertex 45.75 67.301 5.69
      vertex 46.0607 67.5393 5.69
    endloop
  endfacet
  facet normal -0.608587 0.793487 0
    outer loop
      vertex 45.75 67.301 5.69
      vertex 46.0607 67.5393 0.8
      vertex 45.75 67.301 0.8
    endloop
  endfacet
  facet normal -0.923846 0.382765 0
    outer loop
      vertex 46.299 67.85 0.8
      vertex 46.4489 68.2118 5.69
      vertex 46.4489 68.2118 0.8
    endloop
  endfacet
  facet normal -0.923846 0.382765 0
    outer loop
      vertex 46.4489 68.2118 5.69
      vertex 46.299 67.85 0.8
      vertex 46.299 67.85 5.69
    endloop
  endfacet
  facet normal -0.382765 -0.923846 0
    outer loop
      vertex 45.3882 70.0489 0.8
      vertex 45.75 69.899 5.69
      vertex 45.3882 70.0489 5.69
    endloop
  endfacet
  facet normal -0.382765 -0.923846 -0
    outer loop
      vertex 45.75 69.899 5.69
      vertex 45.3882 70.0489 0.8
      vertex 45.75 69.899 0.8
    endloop
  endfacet
  facet normal 0.130507 -0.991447 0
    outer loop
      vertex 44.6118 70.0489 0.8
      vertex 45 70.1 5.69
      vertex 44.6118 70.0489 5.69
    endloop
  endfacet
  facet normal 0.130507 -0.991447 0
    outer loop
      vertex 45 70.1 5.69
      vertex 44.6118 70.0489 0.8
      vertex 45 70.1 0.8
    endloop
  endfacet
  facet normal 0 0 1
    outer loop
      vertex 46.4489 68.9882 0.8
      vertex 46.4489 68.2118 0.8
      vertex 46.5 68.6 0.8
    endloop
  endfacet
  facet normal 0 0 1
    outer loop
      vertex 46.299 69.35 0.8
      vertex 46.4489 68.2118 0.8
      vertex 46.4489 68.9882 0.8
    endloop
  endfacet
  facet normal 0 0 1
    outer loop
      vertex 46.299 69.35 0.8
      vertex 46.299 67.85 0.8
      vertex 46.4489 68.2118 0.8
    endloop
  endfacet
  facet normal 0 0 1
    outer loop
      vertex 46.0607 69.6607 0.8
      vertex 46.299 67.85 0.8
      vertex 46.299 69.35 0.8
    endloop
  endfacet
  facet normal 0 0 1
    outer loop
      vertex 46.0607 69.6607 0.8
      vertex 46.0607 67.5393 0.8
      vertex 46.299 67.85 0.8
    endloop
  endfacet
  facet normal 0 0 1
    outer loop
      vertex 45.75 69.899 0.8
      vertex 46.0607 67.5393 0.8
      vertex 46.0607 69.6607 0.8
    endloop
  endfacet
  facet normal 0 0 1
    outer loop
      vertex 45.75 69.899 0.8
      vertex 45.75 67.301 0.8
      vertex 46.0607 67.5393 0.8
    endloop
  endfacet
  facet normal 0 0 1
    outer loop
      vertex 45.3882 70.0489 0.8
      vertex 45.75 67.301 0.8
      vertex 45.75 69.899 0.8
    endloop
  endfacet
  facet normal 0 0 1
    outer loop
      vertex 45.3882 70.0489 0.8
      vertex 45.3882 67.1511 0.8
      vertex 45.75 67.301 0.8
    endloop
  endfacet
  facet normal 0 0 1
    outer loop
      vertex 45 70.1 0.8
      vertex 45.3882 67.1511 0.8
      vertex 45.3882 70.0489 0.8
    endloop
  endfacet
  facet normal 0 0 1
    outer loop
      vertex 45 70.1 0.8
      vertex 45 67.1 0.8
      vertex 45.3882 67.1511 0.8
    endloop
  endfacet
  facet normal -0 0 1
    outer loop
      vertex 44.6118 70.0489 0.8
      vertex 45 67.1 0.8
      vertex 45 70.1 0.8
    endloop
  endfacet
  facet normal 0 0 1
    outer loop
      vertex 44.6118 70.0489 0.8
      vertex 44.6118 67.1511 0.8
      vertex 45 67.1 0.8
    endloop
  endfacet
  facet normal -0 0 1
    outer loop
      vertex 44.25 69.899 0.8
      vertex 44.6118 67.1511 0.8
      vertex 44.6118 70.0489 0.8
    endloop
  endfacet
  facet normal 0 0 1
    outer loop
      vertex 44.25 69.899 0.8
      vertex 44.25 67.301 0.8
      vertex 44.6118 67.1511 0.8
    endloop
  endfacet
  facet normal -0 0 1
    outer loop
      vertex 43.9393 69.6607 0.8
      vertex 44.25 67.301 0.8
      vertex 44.25 69.899 0.8
    endloop
  endfacet
  facet normal 0 0 1
    outer loop
      vertex 43.9393 69.6607 0.8
      vertex 43.9393 67.5393 0.8
      vertex 44.25 67.301 0.8
    endloop
  endfacet
  facet normal -0 0 1
    outer loop
      vertex 43.701 69.35 0.8
      vertex 43.9393 67.5393 0.8
      vertex 43.9393 69.6607 0.8
    endloop
  endfacet
  facet normal 0 0 1
    outer loop
      vertex 43.701 69.35 0.8
      vertex 43.701 67.85 0.8
      vertex 43.9393 67.5393 0.8
    endloop
  endfacet
  facet normal -0 0 1
    outer loop
      vertex 43.5511 68.9882 0.8
      vertex 43.701 67.85 0.8
      vertex 43.701 69.35 0.8
    endloop
  endfacet
  facet normal 0 0 1
    outer loop
      vertex 43.5511 68.9882 0.8
      vertex 43.5511 68.2118 0.8
      vertex 43.701 67.85 0.8
    endloop
  endfacet
  facet normal 0 -0 1
    outer loop
      vertex 43.5511 68.2118 0.8
      vertex 43.5511 68.9882 0.8
      vertex 43.5 68.6 0.8
    endloop
  endfacet
  facet normal 0.991447 -0.130507 0
    outer loop
      vertex 43.5 68.6 5.69
      vertex 43.5511 68.9882 0.8
      vertex 43.5511 68.9882 5.69
    endloop
  endfacet
  facet normal 0.991447 -0.130507 0
    outer loop
      vertex 43.5511 68.9882 0.8
      vertex 43.5 68.6 5.69
      vertex 43.5 68.6 0.8
    endloop
  endfacet
  facet normal -0.793487 -0.608587 0
    outer loop
      vertex 46.299 69.35 0.8
      vertex 46.0607 69.6607 5.69
      vertex 46.0607 69.6607 0.8
    endloop
  endfacet
  facet normal -0.793487 -0.608587 0
    outer loop
      vertex 46.0607 69.6607 5.69
      vertex 46.299 69.35 0.8
      vertex 46.299 69.35 5.69
    endloop
  endfacet
  facet normal -0.130507 -0.991447 0
    outer loop
      vertex 45 70.1 0.8
      vertex 45.3882 70.0489 5.69
      vertex 45 70.1 5.69
    endloop
  endfacet
  facet normal -0.130507 -0.991447 -0
    outer loop
      vertex 45.3882 70.0489 5.69
      vertex 45 70.1 0.8
      vertex 45.3882 70.0489 0.8
    endloop
  endfacet
  facet normal 0.130507 0.991447 -0
    outer loop
      vertex 45 67.1 0.8
      vertex 44.6118 67.1511 5.69
      vertex 45 67.1 5.69
    endloop
  endfacet
  facet normal 0.130507 0.991447 0
    outer loop
      vertex 44.6118 67.1511 5.69
      vertex 45 67.1 0.8
      vertex 44.6118 67.1511 0.8
    endloop
  endfacet
  facet normal 0.382765 -0.923846 0
    outer loop
      vertex 44.25 69.899 0.8
      vertex 44.6118 70.0489 5.69
      vertex 44.25 69.899 5.69
    endloop
  endfacet
  facet normal 0.382765 -0.923846 0
    outer loop
      vertex 44.6118 70.0489 5.69
      vertex 44.25 69.899 0.8
      vertex 44.6118 70.0489 0.8
    endloop
  endfacet
  facet normal -0.608587 -0.793487 0
    outer loop
      vertex 45.75 69.899 0.8
      vertex 46.0607 69.6607 5.69
      vertex 45.75 69.899 5.69
    endloop
  endfacet
  facet normal -0.608587 -0.793487 -0
    outer loop
      vertex 46.0607 69.6607 5.69
      vertex 45.75 69.899 0.8
      vertex 46.0607 69.6607 0.8
    endloop
  endfacet
  facet normal -0.382765 0.923846 0
    outer loop
      vertex 45.75 67.301 0.8
      vertex 45.3882 67.1511 5.69
      vertex 45.75 67.301 5.69
    endloop
  endfacet
  facet normal -0.382765 0.923846 0
    outer loop
      vertex 45.3882 67.1511 5.69
      vertex 45.75 67.301 0.8
      vertex 45.3882 67.1511 0.8
    endloop
  endfacet
  facet normal 0.923846 -0.382765 0
    outer loop
      vertex 43.5511 68.9882 5.69
      vertex 43.701 69.35 0.8
      vertex 43.701 69.35 5.69
    endloop
  endfacet
  facet normal 0.923846 -0.382765 0
    outer loop
      vertex 43.701 69.35 0.8
      vertex 43.5511 68.9882 5.69
      vertex 43.5511 68.9882 0.8
    endloop
  endfacet
  facet normal 0.382765 0.923846 -0
    outer loop
      vertex 44.6118 67.1511 0.8
      vertex 44.25 67.301 5.69
      vertex 44.6118 67.1511 5.69
    endloop
  endfacet
  facet normal 0.382765 0.923846 0
    outer loop
      vertex 44.25 67.301 5.69
      vertex 44.6118 67.1511 0.8
      vertex 44.25 67.301 0.8
    endloop
  endfacet
  facet normal -0.923846 -0.382765 0
    outer loop
      vertex 46.4489 68.9882 0.8
      vertex 46.299 69.35 5.69
      vertex 46.299 69.35 0.8
    endloop
  endfacet
  facet normal -0.923846 -0.382765 0
    outer loop
      vertex 46.299 69.35 5.69
      vertex 46.4489 68.9882 0.8
      vertex 46.4489 68.9882 5.69
    endloop
  endfacet
  facet normal 0.793487 0.608587 0
    outer loop
      vertex 43.9393 67.5393 5.69
      vertex 43.701 67.85 0.8
      vertex 43.701 67.85 5.69
    endloop
  endfacet
  facet normal 0.793487 0.608587 0
    outer loop
      vertex 43.701 67.85 0.8
      vertex 43.9393 67.5393 5.69
      vertex 43.9393 67.5393 0.8
    endloop
  endfacet
  facet normal -0.793487 0.608587 0
    outer loop
      vertex 46.0607 67.5393 0.8
      vertex 46.299 67.85 5.69
      vertex 46.299 67.85 0.8
    endloop
  endfacet
  facet normal -0.793487 0.608587 0
    outer loop
      vertex 46.299 67.85 5.69
      vertex 46.0607 67.5393 0.8
      vertex 46.0607 67.5393 5.69
    endloop
  endfacet
  facet normal 0.608587 0.793487 -0
    outer loop
      vertex 44.25 67.301 0.8
      vertex 43.9393 67.5393 5.69
      vertex 44.25 67.301 5.69
    endloop
  endfacet
  facet normal 0.608587 0.793487 0
    outer loop
      vertex 43.9393 67.5393 5.69
      vertex 44.25 67.301 0.8
      vertex 43.9393 67.5393 0.8
    endloop
  endfacet
  facet normal 0.793487 -0.608587 0
    outer loop
      vertex 43.701 69.35 5.69
      vertex 43.9393 69.6607 0.8
      vertex 43.9393 69.6607 5.69
    endloop
  endfacet
  facet normal 0.793487 -0.608587 0
    outer loop
      vertex 43.9393 69.6607 0.8
      vertex 43.701 69.35 5.69
      vertex 43.701 69.35 0.8
    endloop
  endfacet
  facet normal 0.923846 0.382765 0
    outer loop
      vertex 43.701 67.85 5.69
      vertex 43.5511 68.2118 0.8
      vertex 43.5511 68.2118 5.69
    endloop
  endfacet
  facet normal 0.923846 0.382765 0
    outer loop
      vertex 43.5511 68.2118 0.8
      vertex 43.701 67.85 5.69
      vertex 43.701 67.85 0.8
    endloop
  endfacet
  facet normal -0.991447 -0.130507 0
    outer loop
      vertex 46.5 68.6 0.8
      vertex 46.4489 68.9882 5.69
      vertex 46.4489 68.9882 0.8
    endloop
  endfacet
  facet normal -0.991447 -0.130507 0
    outer loop
      vertex 46.4489 68.9882 5.69
      vertex 46.5 68.6 0.8
      vertex 46.5 68.6 5.69
    endloop
  endfacet
  facet normal 0.991447 0.130507 0
    outer loop
      vertex 43.5511 68.2118 5.69
      vertex 43.5 68.6 0.8
      vertex 43.5 68.6 5.69
    endloop
  endfacet
  facet normal 0.991447 0.130507 0
    outer loop
      vertex 43.5 68.6 0.8
      vertex 43.5511 68.2118 5.69
      vertex 43.5511 68.2118 0.8
    endloop
  endfacet
  facet normal -0.130507 0.991447 0
    outer loop
      vertex 45.3882 67.1511 0.8
      vertex 45 67.1 5.69
      vertex 45.3882 67.1511 5.69
    endloop
  endfacet
  facet normal -0.130507 0.991447 0
    outer loop
      vertex 45 67.1 5.69
      vertex 45.3882 67.1511 0.8
      vertex 45 67.1 0.8
    endloop
  endfacet
  facet normal 0.991447 -0.130507 0
    outer loop
      vertex 23.0618 33.2 5.69
      vertex 23.1129 33.5882 0.8
      vertex 23.1129 33.5882 5.69
    endloop
  endfacet
  facet normal 0.991447 -0.130507 0
    outer loop
      vertex 23.1129 33.5882 0.8
      vertex 23.0618 33.2 5.69
      vertex 23.0618 33.2 0.8
    endloop
  endfacet
  facet normal -0.923846 0.382765 0
    outer loop
      vertex 25.8608 32.45 0.8
      vertex 26.0107 32.8118 5.69
      vertex 26.0107 32.8118 0.8
    endloop
  endfacet
  facet normal -0.923846 0.382765 0
    outer loop
      vertex 26.0107 32.8118 5.69
      vertex 25.8608 32.45 0.8
      vertex 25.8608 32.45 5.69
    endloop
  endfacet
  facet normal 0.991447 0.130507 0
    outer loop
      vertex 23.1129 32.8118 5.69
      vertex 23.0618 33.2 0.8
      vertex 23.0618 33.2 5.69
    endloop
  endfacet
  facet normal 0.991447 0.130507 0
    outer loop
      vertex 23.0618 33.2 0.8
      vertex 23.1129 32.8118 5.69
      vertex 23.1129 32.8118 0.8
    endloop
  endfacet
  facet normal -0.130507 -0.991447 0
    outer loop
      vertex 24.5618 34.7 0.8
      vertex 24.95 34.6489 5.69
      vertex 24.5618 34.7 5.69
    endloop
  endfacet
  facet normal -0.130507 -0.991447 -0
    outer loop
      vertex 24.95 34.6489 5.69
      vertex 24.5618 34.7 0.8
      vertex 24.95 34.6489 0.8
    endloop
  endfacet
  facet normal 0.130507 0.991447 -0
    outer loop
      vertex 24.5618 31.7 0.8
      vertex 24.1736 31.7511 5.69
      vertex 24.5618 31.7 5.69
    endloop
  endfacet
  facet normal 0.130507 0.991447 0
    outer loop
      vertex 24.1736 31.7511 5.69
      vertex 24.5618 31.7 0.8
      vertex 24.1736 31.7511 0.8
    endloop
  endfacet
  facet normal 0.793487 0.608587 0
    outer loop
      vertex 23.5011 32.1393 5.69
      vertex 23.2628 32.45 0.8
      vertex 23.2628 32.45 5.69
    endloop
  endfacet
  facet normal 0.793487 0.608587 0
    outer loop
      vertex 23.2628 32.45 0.8
      vertex 23.5011 32.1393 5.69
      vertex 23.5011 32.1393 0.8
    endloop
  endfacet
  facet normal -0.991447 -0.130507 0
    outer loop
      vertex 26.0618 33.2 0.8
      vertex 26.0107 33.5882 5.69
      vertex 26.0107 33.5882 0.8
    endloop
  endfacet
  facet normal -0.991447 -0.130507 0
    outer loop
      vertex 26.0107 33.5882 5.69
      vertex 26.0618 33.2 0.8
      vertex 26.0618 33.2 5.69
    endloop
  endfacet
  facet normal -0.991447 0.130507 0
    outer loop
      vertex 26.0107 32.8118 0.8
      vertex 26.0618 33.2 5.69
      vertex 26.0618 33.2 0.8
    endloop
  endfacet
  facet normal -0.991447 0.130507 0
    outer loop
      vertex 26.0618 33.2 5.69
      vertex 26.0107 32.8118 0.8
      vertex 26.0107 32.8118 5.69
    endloop
  endfacet
  facet normal 0 0 1
    outer loop
      vertex 26.0107 33.5882 0.8
      vertex 26.0107 32.8118 0.8
      vertex 26.0618 33.2 0.8
    endloop
  endfacet
  facet normal 0 0 1
    outer loop
      vertex 25.8608 33.95 0.8
      vertex 26.0107 32.8118 0.8
      vertex 26.0107 33.5882 0.8
    endloop
  endfacet
  facet normal 0 0 1
    outer loop
      vertex 25.8608 33.95 0.8
      vertex 25.8608 32.45 0.8
      vertex 26.0107 32.8118 0.8
    endloop
  endfacet
  facet normal 0 0 1
    outer loop
      vertex 25.6225 34.2607 0.8
      vertex 25.8608 32.45 0.8
      vertex 25.8608 33.95 0.8
    endloop
  endfacet
  facet normal 0 0 1
    outer loop
      vertex 25.6225 34.2607 0.8
      vertex 25.6225 32.1393 0.8
      vertex 25.8608 32.45 0.8
    endloop
  endfacet
  facet normal 0 0 1
    outer loop
      vertex 25.3118 34.499 0.8
      vertex 25.6225 32.1393 0.8
      vertex 25.6225 34.2607 0.8
    endloop
  endfacet
  facet normal 0 0 1
    outer loop
      vertex 25.3118 34.499 0.8
      vertex 25.3118 31.901 0.8
      vertex 25.6225 32.1393 0.8
    endloop
  endfacet
  facet normal 0 0 1
    outer loop
      vertex 24.95 34.6489 0.8
      vertex 25.3118 31.901 0.8
      vertex 25.3118 34.499 0.8
    endloop
  endfacet
  facet normal 0 0 1
    outer loop
      vertex 24.95 34.6489 0.8
      vertex 24.95 31.7511 0.8
      vertex 25.3118 31.901 0.8
    endloop
  endfacet
  facet normal 0 0 1
    outer loop
      vertex 24.5618 34.7 0.8
      vertex 24.95 31.7511 0.8
      vertex 24.95 34.6489 0.8
    endloop
  endfacet
  facet normal 0 0 1
    outer loop
      vertex 24.5618 34.7 0.8
      vertex 24.5618 31.7 0.8
      vertex 24.95 31.7511 0.8
    endloop
  endfacet
  facet normal -0 0 1
    outer loop
      vertex 24.1736 34.6489 0.8
      vertex 24.5618 31.7 0.8
      vertex 24.5618 34.7 0.8
    endloop
  endfacet
  facet normal 0 0 1
    outer loop
      vertex 24.1736 34.6489 0.8
      vertex 24.1736 31.7511 0.8
      vertex 24.5618 31.7 0.8
    endloop
  endfacet
  facet normal -0 0 1
    outer loop
      vertex 23.8118 34.499 0.8
      vertex 24.1736 31.7511 0.8
      vertex 24.1736 34.6489 0.8
    endloop
  endfacet
  facet normal 0 0 1
    outer loop
      vertex 23.8118 34.499 0.8
      vertex 23.8118 31.901 0.8
      vertex 24.1736 31.7511 0.8
    endloop
  endfacet
  facet normal -0 0 1
    outer loop
      vertex 23.5011 34.2607 0.8
      vertex 23.8118 31.901 0.8
      vertex 23.8118 34.499 0.8
    endloop
  endfacet
  facet normal 0 0 1
    outer loop
      vertex 23.5011 34.2607 0.8
      vertex 23.5011 32.1393 0.8
      vertex 23.8118 31.901 0.8
    endloop
  endfacet
  facet normal -0 0 1
    outer loop
      vertex 23.2628 33.95 0.8
      vertex 23.5011 32.1393 0.8
      vertex 23.5011 34.2607 0.8
    endloop
  endfacet
  facet normal 0 0 1
    outer loop
      vertex 23.2628 33.95 0.8
      vertex 23.2628 32.45 0.8
      vertex 23.5011 32.1393 0.8
    endloop
  endfacet
  facet normal -0 0 1
    outer loop
      vertex 23.1129 33.5882 0.8
      vertex 23.2628 32.45 0.8
      vertex 23.2628 33.95 0.8
    endloop
  endfacet
  facet normal 0 0 1
    outer loop
      vertex 23.1129 33.5882 0.8
      vertex 23.1129 32.8118 0.8
      vertex 23.2628 32.45 0.8
    endloop
  endfacet
  facet normal 0 -0 1
    outer loop
      vertex 23.1129 32.8118 0.8
      vertex 23.1129 33.5882 0.8
      vertex 23.0618 33.2 0.8
    endloop
  endfacet
  facet normal -0.793487 0.608587 0
    outer loop
      vertex 25.6225 32.1393 0.8
      vertex 25.8608 32.45 5.69
      vertex 25.8608 32.45 0.8
    endloop
  endfacet
  facet normal -0.793487 0.608587 0
    outer loop
      vertex 25.8608 32.45 5.69
      vertex 25.6225 32.1393 0.8
      vertex 25.6225 32.1393 5.69
    endloop
  endfacet
  facet normal -0.793487 -0.608587 0
    outer loop
      vertex 25.8608 33.95 0.8
      vertex 25.6225 34.2607 5.69
      vertex 25.6225 34.2607 0.8
    endloop
  endfacet
  facet normal -0.793487 -0.608587 0
    outer loop
      vertex 25.6225 34.2607 5.69
      vertex 25.8608 33.95 0.8
      vertex 25.8608 33.95 5.69
    endloop
  endfacet
  facet normal 0.923846 0.382765 0
    outer loop
      vertex 23.2628 32.45 5.69
      vertex 23.1129 32.8118 0.8
      vertex 23.1129 32.8118 5.69
    endloop
  endfacet
  facet normal 0.923846 0.382765 0
    outer loop
      vertex 23.1129 32.8118 0.8
      vertex 23.2628 32.45 5.69
      vertex 23.2628 32.45 0.8
    endloop
  endfacet
  facet normal 0.608587 -0.793487 0
    outer loop
      vertex 23.5011 34.2607 0.8
      vertex 23.8118 34.499 5.69
      vertex 23.5011 34.2607 5.69
    endloop
  endfacet
  facet normal 0.608587 -0.793487 0
    outer loop
      vertex 23.8118 34.499 5.69
      vertex 23.5011 34.2607 0.8
      vertex 23.8118 34.499 0.8
    endloop
  endfacet
  facet normal 0.923846 -0.382765 0
    outer loop
      vertex 23.1129 33.5882 5.69
      vertex 23.2628 33.95 0.8
      vertex 23.2628 33.95 5.69
    endloop
  endfacet
  facet normal 0.923846 -0.382765 0
    outer loop
      vertex 23.2628 33.95 0.8
      vertex 23.1129 33.5882 5.69
      vertex 23.1129 33.5882 0.8
    endloop
  endfacet
  facet normal -0.130507 0.991447 0
    outer loop
      vertex 24.95 31.7511 0.8
      vertex 24.5618 31.7 5.69
      vertex 24.95 31.7511 5.69
    endloop
  endfacet
  facet normal -0.130507 0.991447 0
    outer loop
      vertex 24.5618 31.7 5.69
      vertex 24.95 31.7511 0.8
      vertex 24.5618 31.7 0.8
    endloop
  endfacet
  facet normal -0.382765 0.923846 0
    outer loop
      vertex 25.3118 31.901 0.8
      vertex 24.95 31.7511 5.69
      vertex 25.3118 31.901 5.69
    endloop
  endfacet
  facet normal -0.382765 0.923846 0
    outer loop
      vertex 24.95 31.7511 5.69
      vertex 25.3118 31.901 0.8
      vertex 24.95 31.7511 0.8
    endloop
  endfacet
  facet normal -0.923846 -0.382765 0
    outer loop
      vertex 26.0107 33.5882 0.8
      vertex 25.8608 33.95 5.69
      vertex 25.8608 33.95 0.8
    endloop
  endfacet
  facet normal -0.923846 -0.382765 0
    outer loop
      vertex 25.8608 33.95 5.69
      vertex 26.0107 33.5882 0.8
      vertex 26.0107 33.5882 5.69
    endloop
  endfacet
  facet normal 0.382765 -0.923846 0
    outer loop
      vertex 23.8118 34.499 0.8
      vertex 24.1736 34.6489 5.69
      vertex 23.8118 34.499 5.69
    endloop
  endfacet
  facet normal 0.382765 -0.923846 0
    outer loop
      vertex 24.1736 34.6489 5.69
      vertex 23.8118 34.499 0.8
      vertex 24.1736 34.6489 0.8
    endloop
  endfacet
  facet normal 0.382765 0.923846 -0
    outer loop
      vertex 24.1736 31.7511 0.8
      vertex 23.8118 31.901 5.69
      vertex 24.1736 31.7511 5.69
    endloop
  endfacet
  facet normal 0.382765 0.923846 0
    outer loop
      vertex 23.8118 31.901 5.69
      vertex 24.1736 31.7511 0.8
      vertex 23.8118 31.901 0.8
    endloop
  endfacet
  facet normal 0.130507 -0.991447 0
    outer loop
      vertex 24.1736 34.6489 0.8
      vertex 24.5618 34.7 5.69
      vertex 24.1736 34.6489 5.69
    endloop
  endfacet
  facet normal 0.130507 -0.991447 0
    outer loop
      vertex 24.5618 34.7 5.69
      vertex 24.1736 34.6489 0.8
      vertex 24.5618 34.7 0.8
    endloop
  endfacet
  facet normal -0.608587 -0.793487 0
    outer loop
      vertex 25.3118 34.499 0.8
      vertex 25.6225 34.2607 5.69
      vertex 25.3118 34.499 5.69
    endloop
  endfacet
  facet normal -0.608587 -0.793487 -0
    outer loop
      vertex 25.6225 34.2607 5.69
      vertex 25.3118 34.499 0.8
      vertex 25.6225 34.2607 0.8
    endloop
  endfacet
  facet normal 0.608587 0.793487 -0
    outer loop
      vertex 23.8118 31.901 0.8
      vertex 23.5011 32.1393 5.69
      vertex 23.8118 31.901 5.69
    endloop
  endfacet
  facet normal 0.608587 0.793487 0
    outer loop
      vertex 23.5011 32.1393 5.69
      vertex 23.8118 31.901 0.8
      vertex 23.5011 32.1393 0.8
    endloop
  endfacet
  facet normal -0.608587 0.793487 0
    outer loop
      vertex 25.6225 32.1393 0.8
      vertex 25.3118 31.901 5.69
      vertex 25.6225 32.1393 5.69
    endloop
  endfacet
  facet normal -0.608587 0.793487 0
    outer loop
      vertex 25.3118 31.901 5.69
      vertex 25.6225 32.1393 0.8
      vertex 25.3118 31.901 0.8
    endloop
  endfacet
  facet normal -0.382765 -0.923846 0
    outer loop
      vertex 24.95 34.6489 0.8
      vertex 25.3118 34.499 5.69
      vertex 24.95 34.6489 5.69
    endloop
  endfacet
  facet normal -0.382765 -0.923846 -0
    outer loop
      vertex 25.3118 34.499 5.69
      vertex 24.95 34.6489 0.8
      vertex 25.3118 34.499 0.8
    endloop
  endfacet
  facet normal 0.793487 -0.608587 0
    outer loop
      vertex 23.2628 33.95 5.69
      vertex 23.5011 34.2607 0.8
      vertex 23.5011 34.2607 5.69
    endloop
  endfacet
  facet normal 0.793487 -0.608587 0
    outer loop
      vertex 23.5011 34.2607 0.8
      vertex 23.2628 33.95 5.69
      vertex 23.2628 33.95 0.8
    endloop
  endfacet
  facet normal 0.991447 -0.130507 0
    outer loop
      vertex 63.9382 33.2 5.69
      vertex 63.9893 33.5882 0.8
      vertex 63.9893 33.5882 5.69
    endloop
  endfacet
  facet normal 0.991447 -0.130507 0
    outer loop
      vertex 63.9893 33.5882 0.8
      vertex 63.9382 33.2 5.69
      vertex 63.9382 33.2 0.8
    endloop
  endfacet
  facet normal -0.923846 0.382765 0
    outer loop
      vertex 66.7372 32.45 0.8
      vertex 66.8871 32.8118 5.69
      vertex 66.8871 32.8118 0.8
    endloop
  endfacet
  facet normal -0.923846 0.382765 0
    outer loop
      vertex 66.8871 32.8118 5.69
      vertex 66.7372 32.45 0.8
      vertex 66.7372 32.45 5.69
    endloop
  endfacet
  facet normal 0.991447 0.130507 0
    outer loop
      vertex 63.9893 32.8118 5.69
      vertex 63.9382 33.2 0.8
      vertex 63.9382 33.2 5.69
    endloop
  endfacet
  facet normal 0.991447 0.130507 0
    outer loop
      vertex 63.9382 33.2 0.8
      vertex 63.9893 32.8118 5.69
      vertex 63.9893 32.8118 0.8
    endloop
  endfacet
  facet normal -0.130507 -0.991447 0
    outer loop
      vertex 65.4382 34.7 0.8
      vertex 65.8264 34.6489 5.69
      vertex 65.4382 34.7 5.69
    endloop
  endfacet
  facet normal -0.130507 -0.991447 -0
    outer loop
      vertex 65.8264 34.6489 5.69
      vertex 65.4382 34.7 0.8
      vertex 65.8264 34.6489 0.8
    endloop
  endfacet
  facet normal 0.130507 0.991447 -0
    outer loop
      vertex 65.4382 31.7 0.8
      vertex 65.05 31.7511 5.69
      vertex 65.4382 31.7 5.69
    endloop
  endfacet
  facet normal 0.130507 0.991447 0
    outer loop
      vertex 65.05 31.7511 5.69
      vertex 65.4382 31.7 0.8
      vertex 65.05 31.7511 0.8
    endloop
  endfacet
  facet normal 0.793487 0.608587 0
    outer loop
      vertex 64.3775 32.1393 5.69
      vertex 64.1392 32.45 0.8
      vertex 64.1392 32.45 5.69
    endloop
  endfacet
  facet normal 0.793487 0.608587 0
    outer loop
      vertex 64.1392 32.45 0.8
      vertex 64.3775 32.1393 5.69
      vertex 64.3775 32.1393 0.8
    endloop
  endfacet
  facet normal -0.991447 -0.130507 0
    outer loop
      vertex 66.9382 33.2 0.8
      vertex 66.8871 33.5882 5.69
      vertex 66.8871 33.5882 0.8
    endloop
  endfacet
  facet normal -0.991447 -0.130507 0
    outer loop
      vertex 66.8871 33.5882 5.69
      vertex 66.9382 33.2 0.8
      vertex 66.9382 33.2 5.69
    endloop
  endfacet
  facet normal -0.991447 0.130507 0
    outer loop
      vertex 66.8871 32.8118 0.8
      vertex 66.9382 33.2 5.69
      vertex 66.9382 33.2 0.8
    endloop
  endfacet
  facet normal -0.991447 0.130507 0
    outer loop
      vertex 66.9382 33.2 5.69
      vertex 66.8871 32.8118 0.8
      vertex 66.8871 32.8118 5.69
    endloop
  endfacet
  facet normal 0 0 1
    outer loop
      vertex 66.8871 33.5882 0.8
      vertex 66.8871 32.8118 0.8
      vertex 66.9382 33.2 0.8
    endloop
  endfacet
  facet normal 0 0 1
    outer loop
      vertex 66.7372 33.95 0.8
      vertex 66.8871 32.8118 0.8
      vertex 66.8871 33.5882 0.8
    endloop
  endfacet
  facet normal 0 0 1
    outer loop
      vertex 66.7372 33.95 0.8
      vertex 66.7372 32.45 0.8
      vertex 66.8871 32.8118 0.8
    endloop
  endfacet
  facet normal 0 0 1
    outer loop
      vertex 66.4989 34.2607 0.8
      vertex 66.7372 32.45 0.8
      vertex 66.7372 33.95 0.8
    endloop
  endfacet
  facet normal 0 0 1
    outer loop
      vertex 66.4989 34.2607 0.8
      vertex 66.4989 32.1393 0.8
      vertex 66.7372 32.45 0.8
    endloop
  endfacet
  facet normal 0 0 1
    outer loop
      vertex 66.1882 34.499 0.8
      vertex 66.4989 32.1393 0.8
      vertex 66.4989 34.2607 0.8
    endloop
  endfacet
  facet normal 0 0 1
    outer loop
      vertex 66.1882 34.499 0.8
      vertex 66.1882 31.901 0.8
      vertex 66.4989 32.1393 0.8
    endloop
  endfacet
  facet normal 0 0 1
    outer loop
      vertex 65.8264 34.6489 0.8
      vertex 66.1882 31.901 0.8
      vertex 66.1882 34.499 0.8
    endloop
  endfacet
  facet normal 0 0 1
    outer loop
      vertex 65.8264 34.6489 0.8
      vertex 65.8264 31.7511 0.8
      vertex 66.1882 31.901 0.8
    endloop
  endfacet
  facet normal 0 0 1
    outer loop
      vertex 65.4382 34.7 0.8
      vertex 65.8264 31.7511 0.8
      vertex 65.8264 34.6489 0.8
    endloop
  endfacet
  facet normal 0 0 1
    outer loop
      vertex 65.4382 34.7 0.8
      vertex 65.4382 31.7 0.8
      vertex 65.8264 31.7511 0.8
    endloop
  endfacet
  facet normal -0 0 1
    outer loop
      vertex 65.05 34.6489 0.8
      vertex 65.4382 31.7 0.8
      vertex 65.4382 34.7 0.8
    endloop
  endfacet
  facet normal 0 0 1
    outer loop
      vertex 65.05 34.6489 0.8
      vertex 65.05 31.7511 0.8
      vertex 65.4382 31.7 0.8
    endloop
  endfacet
  facet normal -0 0 1
    outer loop
      vertex 64.6882 34.499 0.8
      vertex 65.05 31.7511 0.8
      vertex 65.05 34.6489 0.8
    endloop
  endfacet
  facet normal 0 0 1
    outer loop
      vertex 64.6882 34.499 0.8
      vertex 64.6882 31.901 0.8
      vertex 65.05 31.7511 0.8
    endloop
  endfacet
  facet normal -0 0 1
    outer loop
      vertex 64.3775 34.2607 0.8
      vertex 64.6882 31.901 0.8
      vertex 64.6882 34.499 0.8
    endloop
  endfacet
  facet normal 0 0 1
    outer loop
      vertex 64.3775 34.2607 0.8
      vertex 64.3775 32.1393 0.8
      vertex 64.6882 31.901 0.8
    endloop
  endfacet
  facet normal -0 0 1
    outer loop
      vertex 64.1392 33.95 0.8
      vertex 64.3775 32.1393 0.8
      vertex 64.3775 34.2607 0.8
    endloop
  endfacet
  facet normal 0 0 1
    outer loop
      vertex 64.1392 33.95 0.8
      vertex 64.1392 32.45 0.8
      vertex 64.3775 32.1393 0.8
    endloop
  endfacet
  facet normal -0 0 1
    outer loop
      vertex 63.9893 33.5882 0.8
      vertex 64.1392 32.45 0.8
      vertex 64.1392 33.95 0.8
    endloop
  endfacet
  facet normal 0 0 1
    outer loop
      vertex 63.9893 33.5882 0.8
      vertex 63.9893 32.8118 0.8
      vertex 64.1392 32.45 0.8
    endloop
  endfacet
  facet normal 0 -0 1
    outer loop
      vertex 63.9893 32.8118 0.8
      vertex 63.9893 33.5882 0.8
      vertex 63.9382 33.2 0.8
    endloop
  endfacet
  facet normal -0.793487 0.608587 0
    outer loop
      vertex 66.4989 32.1393 0.8
      vertex 66.7372 32.45 5.69
      vertex 66.7372 32.45 0.8
    endloop
  endfacet
  facet normal -0.793487 0.608587 0
    outer loop
      vertex 66.7372 32.45 5.69
      vertex 66.4989 32.1393 0.8
      vertex 66.4989 32.1393 5.69
    endloop
  endfacet
  facet normal -0.793487 -0.608587 0
    outer loop
      vertex 66.7372 33.95 0.8
      vertex 66.4989 34.2607 5.69
      vertex 66.4989 34.2607 0.8
    endloop
  endfacet
  facet normal -0.793487 -0.608587 0
    outer loop
      vertex 66.4989 34.2607 5.69
      vertex 66.7372 33.95 0.8
      vertex 66.7372 33.95 5.69
    endloop
  endfacet
  facet normal 0.923846 0.382765 0
    outer loop
      vertex 64.1392 32.45 5.69
      vertex 63.9893 32.8118 0.8
      vertex 63.9893 32.8118 5.69
    endloop
  endfacet
  facet normal 0.923846 0.382765 0
    outer loop
      vertex 63.9893 32.8118 0.8
      vertex 64.1392 32.45 5.69
      vertex 64.1392 32.45 0.8
    endloop
  endfacet
  facet normal 0.608587 -0.793487 0
    outer loop
      vertex 64.3775 34.2607 0.8
      vertex 64.6882 34.499 5.69
      vertex 64.3775 34.2607 5.69
    endloop
  endfacet
  facet normal 0.608587 -0.793487 0
    outer loop
      vertex 64.6882 34.499 5.69
      vertex 64.3775 34.2607 0.8
      vertex 64.6882 34.499 0.8
    endloop
  endfacet
  facet normal 0.923846 -0.382765 0
    outer loop
      vertex 63.9893 33.5882 5.69
      vertex 64.1392 33.95 0.8
      vertex 64.1392 33.95 5.69
    endloop
  endfacet
  facet normal 0.923846 -0.382765 0
    outer loop
      vertex 64.1392 33.95 0.8
      vertex 63.9893 33.5882 5.69
      vertex 63.9893 33.5882 0.8
    endloop
  endfacet
  facet normal -0.130507 0.991447 0
    outer loop
      vertex 65.8264 31.7511 0.8
      vertex 65.4382 31.7 5.69
      vertex 65.8264 31.7511 5.69
    endloop
  endfacet
  facet normal -0.130507 0.991447 0
    outer loop
      vertex 65.4382 31.7 5.69
      vertex 65.8264 31.7511 0.8
      vertex 65.4382 31.7 0.8
    endloop
  endfacet
  facet normal -0.382765 0.923846 0
    outer loop
      vertex 66.1882 31.901 0.8
      vertex 65.8264 31.7511 5.69
      vertex 66.1882 31.901 5.69
    endloop
  endfacet
  facet normal -0.382765 0.923846 0
    outer loop
      vertex 65.8264 31.7511 5.69
      vertex 66.1882 31.901 0.8
      vertex 65.8264 31.7511 0.8
    endloop
  endfacet
  facet normal 0.382765 -0.923846 0
    outer loop
      vertex 64.6882 34.499 0.8
      vertex 65.05 34.6489 5.69
      vertex 64.6882 34.499 5.69
    endloop
  endfacet
  facet normal 0.382765 -0.923846 0
    outer loop
      vertex 65.05 34.6489 5.69
      vertex 64.6882 34.499 0.8
      vertex 65.05 34.6489 0.8
    endloop
  endfacet
  facet normal 0.382765 0.923846 -0
    outer loop
      vertex 65.05 31.7511 0.8
      vertex 64.6882 31.901 5.69
      vertex 65.05 31.7511 5.69
    endloop
  endfacet
  facet normal 0.382765 0.923846 0
    outer loop
      vertex 64.6882 31.901 5.69
      vertex 65.05 31.7511 0.8
      vertex 64.6882 31.901 0.8
    endloop
  endfacet
  facet normal 0.130507 -0.991447 0
    outer loop
      vertex 65.05 34.6489 0.8
      vertex 65.4382 34.7 5.69
      vertex 65.05 34.6489 5.69
    endloop
  endfacet
  facet normal 0.130507 -0.991447 0
    outer loop
      vertex 65.4382 34.7 5.69
      vertex 65.05 34.6489 0.8
      vertex 65.4382 34.7 0.8
    endloop
  endfacet
  facet normal -0.608587 -0.793487 0
    outer loop
      vertex 66.1882 34.499 0.8
      vertex 66.4989 34.2607 5.69
      vertex 66.1882 34.499 5.69
    endloop
  endfacet
  facet normal -0.608587 -0.793487 -0
    outer loop
      vertex 66.4989 34.2607 5.69
      vertex 66.1882 34.499 0.8
      vertex 66.4989 34.2607 0.8
    endloop
  endfacet
  facet normal 0.793487 -0.608587 0
    outer loop
      vertex 64.1392 33.95 5.69
      vertex 64.3775 34.2607 0.8
      vertex 64.3775 34.2607 5.69
    endloop
  endfacet
  facet normal 0.793487 -0.608587 0
    outer loop
      vertex 64.3775 34.2607 0.8
      vertex 64.1392 33.95 5.69
      vertex 64.1392 33.95 0.8
    endloop
  endfacet
  facet normal 0.608587 0.793487 -0
    outer loop
      vertex 64.6882 31.901 0.8
      vertex 64.3775 32.1393 5.69
      vertex 64.6882 31.901 5.69
    endloop
  endfacet
  facet normal 0.608587 0.793487 0
    outer loop
      vertex 64.3775 32.1393 5.69
      vertex 64.6882 31.901 0.8
      vertex 64.3775 32.1393 0.8
    endloop
  endfacet
  facet normal -0.608587 0.793487 0
    outer loop
      vertex 66.4989 32.1393 0.8
      vertex 66.1882 31.901 5.69
      vertex 66.4989 32.1393 5.69
    endloop
  endfacet
  facet normal -0.608587 0.793487 0
    outer loop
      vertex 66.1882 31.901 5.69
      vertex 66.4989 32.1393 0.8
      vertex 66.1882 31.901 0.8
    endloop
  endfacet
  facet normal -0.382765 -0.923846 0
    outer loop
      vertex 65.8264 34.6489 0.8
      vertex 66.1882 34.499 5.69
      vertex 65.8264 34.6489 5.69
    endloop
  endfacet
  facet normal -0.382765 -0.923846 -0
    outer loop
      vertex 66.1882 34.499 5.69
      vertex 65.8264 34.6489 0.8
      vertex 66.1882 34.499 0.8
    endloop
  endfacet
  facet normal -0.923846 -0.382765 0
    outer loop
      vertex 66.8871 33.5882 0.8
      vertex 66.7372 33.95 5.69
      vertex 66.7372 33.95 0.8
    endloop
  endfacet
  facet normal -0.923846 -0.382765 0
    outer loop
      vertex 66.7372 33.95 5.69
      vertex 66.8871 33.5882 0.8
      vertex 66.8871 33.5882 5.69
    endloop
  endfacet
  facet normal -0.0580239 0 0.998315
    outer loop
      vertex 34.9012 0.999999 36.3029
      vertex 35.2952 0 36.3258
      vertex 35.2952 0.999999 36.3258
    endloop
  endfacet
  facet normal -0.0580239 0 0.998315
    outer loop
      vertex 35.2952 0 36.3258
      vertex 34.9012 0.999999 36.3029
      vertex 34.9012 0 36.3029
    endloop
  endfacet
  facet normal -0.939719 0 0.341946
    outer loop
      vertex 36.5192 0 37.237
      vertex 36.6542 0.999999 37.608
      vertex 36.5192 0.999999 37.237
    endloop
  endfacet
  facet normal -0.939719 0 0.341946
    outer loop
      vertex 36.6542 0.999999 37.608
      vertex 36.5192 0 37.237
      vertex 36.6542 0 37.608
    endloop
  endfacet
  facet normal -0.993244 0 0.116047
    outer loop
      vertex 36.6542 0 37.608
      vertex 36.7 0.999999 38
      vertex 36.6542 0.999999 37.608
    endloop
  endfacet
  facet normal -0.993244 0 0.116047
    outer loop
      vertex 36.7 0.999999 38
      vertex 36.6542 0 37.608
      vertex 36.7 0 38
    endloop
  endfacet
  facet normal -0.286813 0 -0.957987
    outer loop
      vertex 35.2952 0 39.6742
      vertex 35.6733 0.999999 39.561
      vertex 35.6733 0 39.561
    endloop
  endfacet
  facet normal -0.286813 0 -0.957987
    outer loop
      vertex 35.6733 0.999999 39.561
      vertex 35.2952 0 39.6742
      vertex 35.2952 0.999999 39.6742
    endloop
  endfacet
  facet normal 1 -0 0
    outer loop
      vertex 33.3115 0 38.1974
      vertex 33.3115 0.999999 37.8026
      vertex 33.3115 0.999999 38.1974
    endloop
  endfacet
  facet normal 1 0 0
    outer loop
      vertex 33.3115 0.999999 37.8026
      vertex 33.3115 0 38.1974
      vertex 33.3115 0 37.8026
    endloop
  endfacet
  facet normal -0.286813 0 0.957987
    outer loop
      vertex 35.2952 0.999999 36.3258
      vertex 35.6733 0 36.439
      vertex 35.6733 0.999999 36.439
    endloop
  endfacet
  facet normal -0.286813 0 0.957987
    outer loop
      vertex 35.6733 0 36.439
      vertex 35.2952 0.999999 36.3258
      vertex 35.2952 0 36.3258
    endloop
  endfacet
  facet normal 0.765994 -0 0.642847
    outer loop
      vertex 33.5797 0 37.0658
      vertex 33.8334 0.999999 36.7635
      vertex 33.5797 0.999999 37.0658
    endloop
  endfacet
  facet normal 0.765994 0 0.642847
    outer loop
      vertex 33.8334 0.999999 36.7635
      vertex 33.5797 0 37.0658
      vertex 33.8334 0 36.7635
    endloop
  endfacet
  facet normal -0.0580239 0 -0.998315
    outer loop
      vertex 34.9012 0 39.6971
      vertex 35.2952 0.999999 39.6742
      vertex 35.2952 0 39.6742
    endloop
  endfacet
  facet normal -0.0580239 0 -0.998315
    outer loop
      vertex 35.2952 0.999999 39.6742
      vertex 34.9012 0 39.6971
      vertex 34.9012 0.999999 39.6971
    endloop
  endfacet
  facet normal -0.993244 0 -0.116047
    outer loop
      vertex 36.7 0 38
      vertex 36.6542 0.999999 38.392
      vertex 36.7 0.999999 38
    endloop
  endfacet
  facet normal -0.993244 -0 -0.116047
    outer loop
      vertex 36.6542 0.999999 38.392
      vertex 36.7 0 38
      vertex 36.6542 0 38.392
    endloop
  endfacet
  facet normal -0.686289 0 -0.727329
    outer loop
      vertex 36.0152 0 39.3636
      vertex 36.3023 0.999999 39.0927
      vertex 36.3023 0 39.0927
    endloop
  endfacet
  facet normal -0.686289 0 -0.727329
    outer loop
      vertex 36.3023 0.999999 39.0927
      vertex 36.0152 0 39.3636
      vertex 36.0152 0.999999 39.3636
    endloop
  endfacet
  facet normal -0.835426 0 0.549603
    outer loop
      vertex 36.3023 0 36.9073
      vertex 36.5192 0.999999 37.237
      vertex 36.3023 0.999999 36.9073
    endloop
  endfacet
  facet normal -0.835426 0 0.549603
    outer loop
      vertex 36.5192 0.999999 37.237
      vertex 36.3023 0 36.9073
      vertex 36.5192 0 37.237
    endloop
  endfacet
  facet normal 0.173511 0 -0.984832
    outer loop
      vertex 34.5124 0 39.6286
      vertex 34.9012 0.999999 39.6971
      vertex 34.9012 0 39.6971
    endloop
  endfacet
  facet normal 0.173511 0 -0.984832
    outer loop
      vertex 34.9012 0.999999 39.6971
      vertex 34.5124 0 39.6286
      vertex 34.5124 0.999999 39.6286
    endloop
  endfacet
  facet normal 0.396242 0 0.918146
    outer loop
      vertex 34.15 0.999999 36.5278
      vertex 34.5124 0 36.3714
      vertex 34.5124 0.999999 36.3714
    endloop
  endfacet
  facet normal 0.396242 0 0.918146
    outer loop
      vertex 34.5124 0 36.3714
      vertex 34.15 0.999999 36.5278
      vertex 34.15 0 36.5278
    endloop
  endfacet
  facet normal 0.893615 -0 0.448834
    outer loop
      vertex 33.4025 0 37.4186
      vertex 33.5797 0.999999 37.0658
      vertex 33.4025 0.999999 37.4186
    endloop
  endfacet
  facet normal 0.893615 0 0.448834
    outer loop
      vertex 33.5797 0.999999 37.0658
      vertex 33.4025 0 37.4186
      vertex 33.5797 0 37.0658
    endloop
  endfacet
  facet normal 0.765994 0 -0.642847
    outer loop
      vertex 33.8334 0 39.2365
      vertex 33.5797 0.999999 38.9342
      vertex 33.8334 0.999999 39.2365
    endloop
  endfacet
  facet normal 0.765994 0 -0.642847
    outer loop
      vertex 33.5797 0.999999 38.9342
      vertex 33.8334 0 39.2365
      vertex 33.5797 0 38.9342
    endloop
  endfacet
  facet normal -0.939719 0 -0.341946
    outer loop
      vertex 36.6542 0 38.392
      vertex 36.5192 0.999999 38.763
      vertex 36.6542 0.999999 38.392
    endloop
  endfacet
  facet normal -0.939719 -0 -0.341946
    outer loop
      vertex 36.5192 0.999999 38.763
      vertex 36.6542 0 38.392
      vertex 36.5192 0 38.763
    endloop
  endfacet
  facet normal -0.835426 0 -0.549603
    outer loop
      vertex 36.5192 0 38.763
      vertex 36.3023 0.999999 39.0927
      vertex 36.5192 0.999999 38.763
    endloop
  endfacet
  facet normal -0.835426 -0 -0.549603
    outer loop
      vertex 36.3023 0.999999 39.0927
      vertex 36.5192 0 38.763
      vertex 36.3023 0 39.0927
    endloop
  endfacet
  facet normal 0.597159 0 -0.802123
    outer loop
      vertex 33.8334 0 39.2365
      vertex 34.15 0.999999 39.4722
      vertex 34.15 0 39.4722
    endloop
  endfacet
  facet normal 0.597159 0 -0.802123
    outer loop
      vertex 34.15 0.999999 39.4722
      vertex 33.8334 0 39.2365
      vertex 33.8334 0.999999 39.2365
    endloop
  endfacet
  facet normal 0.173511 0 0.984832
    outer loop
      vertex 34.5124 0.999999 36.3714
      vertex 34.9012 0 36.3029
      vertex 34.9012 0.999999 36.3029
    endloop
  endfacet
  facet normal 0.173511 0 0.984832
    outer loop
      vertex 34.9012 0 36.3029
      vertex 34.5124 0.999999 36.3714
      vertex 34.5124 0 36.3714
    endloop
  endfacet
  facet normal -0.500007 0 0.866021
    outer loop
      vertex 35.6733 0.999999 36.439
      vertex 36.0152 0 36.6364
      vertex 36.0152 0.999999 36.6364
    endloop
  endfacet
  facet normal -0.500007 0 0.866021
    outer loop
      vertex 36.0152 0 36.6364
      vertex 35.6733 0.999999 36.439
      vertex 35.6733 0 36.439
    endloop
  endfacet
  facet normal -0.686289 0 0.727329
    outer loop
      vertex 36.0152 0.999999 36.6364
      vertex 36.3023 0 36.9073
      vertex 36.3023 0.999999 36.9073
    endloop
  endfacet
  facet normal -0.686289 0 0.727329
    outer loop
      vertex 36.3023 0 36.9073
      vertex 36.0152 0.999999 36.6364
      vertex 36.0152 0 36.6364
    endloop
  endfacet
  facet normal 0.893615 0 -0.448834
    outer loop
      vertex 33.5797 0 38.9342
      vertex 33.4025 0.999999 38.5814
      vertex 33.5797 0.999999 38.9342
    endloop
  endfacet
  facet normal 0.893615 0 -0.448834
    outer loop
      vertex 33.4025 0.999999 38.5814
      vertex 33.5797 0 38.9342
      vertex 33.4025 0 38.5814
    endloop
  endfacet
  facet normal -0.500007 0 -0.866021
    outer loop
      vertex 35.6733 0 39.561
      vertex 36.0152 0.999999 39.3636
      vertex 36.0152 0 39.3636
    endloop
  endfacet
  facet normal -0.500007 0 -0.866021
    outer loop
      vertex 36.0152 0.999999 39.3636
      vertex 35.6733 0 39.561
      vertex 35.6733 0.999999 39.561
    endloop
  endfacet
  facet normal 0.597159 0 0.802123
    outer loop
      vertex 33.8334 0.999999 36.7635
      vertex 34.15 0 36.5278
      vertex 34.15 0.999999 36.5278
    endloop
  endfacet
  facet normal 0.597159 0 0.802123
    outer loop
      vertex 34.15 0 36.5278
      vertex 33.8334 0.999999 36.7635
      vertex 33.8334 0 36.7635
    endloop
  endfacet
  facet normal 0.97305 0 -0.230593
    outer loop
      vertex 33.4025 0 38.5814
      vertex 33.3115 0.999999 38.1974
      vertex 33.4025 0.999999 38.5814
    endloop
  endfacet
  facet normal 0.97305 0 -0.230593
    outer loop
      vertex 33.3115 0.999999 38.1974
      vertex 33.4025 0 38.5814
      vertex 33.3115 0 38.1974
    endloop
  endfacet
  facet normal 0.97305 -0 0.230593
    outer loop
      vertex 33.3115 0 37.8026
      vertex 33.4025 0.999999 37.4186
      vertex 33.3115 0.999999 37.8026
    endloop
  endfacet
  facet normal 0.97305 0 0.230593
    outer loop
      vertex 33.4025 0.999999 37.4186
      vertex 33.3115 0 37.8026
      vertex 33.4025 0 37.4186
    endloop
  endfacet
  facet normal 0.396242 0 -0.918146
    outer loop
      vertex 34.15 0 39.4722
      vertex 34.5124 0.999999 39.6286
      vertex 34.5124 0 39.6286
    endloop
  endfacet
  facet normal 0.396242 0 -0.918146
    outer loop
      vertex 34.5124 0.999999 39.6286
      vertex 34.15 0 39.4722
      vertex 34.15 0.999999 39.4722
    endloop
  endfacet
  facet normal -0.679955 0.704421 -0.203598
    outer loop
      vertex 38.0057 2.5 39.0682
      vertex 38.1052 2.5 38.7359
      vertex 36.6542 0.999999 38.392
    endloop
  endfacet
  facet normal -0.708584 0.704426 0.0411396
    outer loop
      vertex 38.1912 2.5 38
      vertex 38.1711 2.5 37.6538
      vertex 36.7 0.999999 38
    endloop
  endfacet
  facet normal -0.708599 0.704429 0.0408247
    outer loop
      vertex 36.6885 0.999999 37.8026
      vertex 38.1711 2.5 37.6538
      vertex 38.1697 2.5 37.6295
    endloop
  endfacet
  facet normal -0.708564 0.704439 0.041279
    outer loop
      vertex 38.1711 2.5 37.6538
      vertex 36.6885 0.999999 37.8026
      vertex 36.7 0.999999 38
    endloop
  endfacet
  facet normal 0.242905 0.70443 0.666915
    outer loop
      vertex 34.5124 0.999999 36.3714
      vertex 34.0847 2.5 34.9428
      vertex 33.7588 2.5 35.0615
    endloop
  endfacet
  facet normal 0.651689 0.704424 0.281225
    outer loop
      vertex 33.4808 0.999999 37.237
      vertex 32.1482 2.5 36.5678
      vertex 32.0108 2.5 36.8862
    endloop
  endfacet
  facet normal -0.708564 0.704439 -0.041279
    outer loop
      vertex 36.6885 0.999999 38.1974
      vertex 38.1711 2.5 38.3462
      vertex 36.7 0.999999 38
    endloop
  endfacet
  facet normal -0.708599 0.704429 -0.0408247
    outer loop
      vertex 38.1711 2.5 38.3462
      vertex 36.6885 0.999999 38.1974
      vertex 38.1697 2.5 38.3705
    endloop
  endfacet
  facet normal -0.61378 0.704363 -0.356577
    outer loop
      vertex 36.5192 0.999999 38.763
      vertex 37.8396 2.5 39.4532
      vertex 37.8518 2.5 39.4322
    endloop
  endfacet
  facet normal -0.614618 0.7044 -0.355057
    outer loop
      vertex 37.8396 2.5 39.4532
      vertex 36.5192 0.999999 38.763
      vertex 36.4203 0.999999 38.9342
    endloop
  endfacet
  facet normal 0.0822023 0.704426 0.705001
    outer loop
      vertex 34.47 2.5 34.8544
      vertex 34.7048 0.999999 36.3258
      vertex 34.9012 0.999999 36.3029
    endloop
  endfacet
  facet normal 0.0847909 0.704479 0.704642
    outer loop
      vertex 34.7048 0.999999 36.3258
      vertex 34.47 2.5 34.8544
      vertex 34.4459 2.5 34.8573
    endloop
  endfacet
  facet normal -0.516338 0.704433 0.487
    outer loop
      vertex 37.428 2.5 35.9311
      vertex 36.3023 0.999999 36.9073
      vertex 37.4446 2.5 35.9487
    endloop
  endfacet
  facet normal -0.516214 0.70443 0.487137
    outer loop
      vertex 36.3023 0.999999 36.9073
      vertex 37.428 2.5 35.9311
      vertex 36.1666 0.999999 36.7635
    endloop
  endfacet
  facet normal 0.708599 0.704429 -0.0408247
    outer loop
      vertex 33.3115 0.999999 38.1974
      vertex 31.8289 2.5 38.3462
      vertex 31.8303 2.5 38.3705
    endloop
  endfacet
  facet normal 0.708564 0.704439 -0.041279
    outer loop
      vertex 31.8289 2.5 38.3462
      vertex 33.3115 0.999999 38.1974
      vertex 33.3 0.999999 38
    endloop
  endfacet
  facet normal -0.65191 0.704452 -0.280643
    outer loop
      vertex 36.5975 0.999999 38.5814
      vertex 37.9892 2.5 39.1138
      vertex 37.9988 2.5 39.0915
    endloop
  endfacet
  facet normal -0.651758 0.704443 -0.281017
    outer loop
      vertex 37.9892 2.5 39.1138
      vertex 36.5975 0.999999 38.5814
      vertex 36.5192 0.999999 38.763
    endloop
  endfacet
  facet normal -0.242799 0.704419 -0.666965
    outer loop
      vertex 35.6733 0.999999 39.561
      vertex 36.2412 2.5 40.9385
      vertex 36.264 2.5 40.9302
    endloop
  endfacet
  facet normal -0.242795 0.704419 -0.666967
    outer loop
      vertex 36.2412 2.5 40.9385
      vertex 35.6733 0.999999 39.561
      vertex 35.4876 0.999999 39.6286
    endloop
  endfacet
  facet normal 0.516214 0.70443 0.487137
    outer loop
      vertex 32.572 2.5 35.9311
      vertex 33.6977 0.999999 36.9073
      vertex 33.8334 0.999999 36.7635
    endloop
  endfacet
  facet normal 0.516338 0.704433 0.487
    outer loop
      vertex 33.6977 0.999999 36.9073
      vertex 32.572 2.5 35.9311
      vertex 32.5554 2.5 35.9487
    endloop
  endfacet
  facet normal -0.699081 0.70441 -0.122851
    outer loop
      vertex 38.1094 2.5 38.712
      vertex 36.6542 0.999999 38.392
      vertex 38.1052 2.5 38.7359
    endloop
  endfacet
  facet normal -0.699011 0.704417 -0.123207
    outer loop
      vertex 36.6542 0.999999 38.392
      vertex 38.1094 2.5 38.712
      vertex 36.6885 0.999999 38.1974
    endloop
  endfacet
  facet normal -0.389875 0.704434 -0.593102
    outer loop
      vertex 36.6159 2.5 40.7503
      vertex 36.9057 2.5 40.5598
      vertex 36.0152 0.999999 39.3636
    endloop
  endfacet
  facet normal 0.698955 0.704436 0.123417
    outer loop
      vertex 33.3115 0.999999 37.8026
      vertex 31.8906 2.5 37.288
      vertex 31.8303 2.5 37.6295
    endloop
  endfacet
  facet normal 0.67997 0.704417 0.20356
    outer loop
      vertex 33.4025 0.999999 37.4186
      vertex 31.9943 2.5 36.9318
      vertex 33.3458 0.999999 37.608
    endloop
  endfacet
  facet normal 0.680614 0.704372 0.201555
    outer loop
      vertex 31.9943 2.5 36.9318
      vertex 33.4025 0.999999 37.4186
      vertex 32.0012 2.5 36.9085
    endloop
  endfacet
  facet normal 0.456279 0.704437 -0.543671
    outer loop
      vertex 33.9848 0.999999 39.3636
      vertex 32.81 2.5 40.3212
      vertex 33.0943 2.5 40.5598
    endloop
  endfacet
  facet normal 0.45635 0.704446 -0.543599
    outer loop
      vertex 32.81 2.5 40.3212
      vertex 33.9848 0.999999 39.3636
      vertex 33.8334 0.999999 39.2365
    endloop
  endfacet
  facet normal -0.163513 0.704429 -0.690683
    outer loop
      vertex 35.5778 2.5 41.1371
      vertex 35.9153 2.5 41.0572
      vertex 35.4876 0.999999 39.6286
    endloop
  endfacet
  facet normal -0.516296 0.704441 -0.487033
    outer loop
      vertex 37.19 2.5 40.3212
      vertex 37.428 2.5 40.0689
      vertex 36.1666 0.999999 39.2365
    endloop
  endfacet
  facet normal 0.163513 0.704429 0.690683
    outer loop
      vertex 34.5124 0.999999 36.3714
      vertex 34.4222 2.5 34.8629
      vertex 34.0847 2.5 34.9428
    endloop
  endfacet
  facet normal -0.680614 0.704372 -0.201555
    outer loop
      vertex 38.0057 2.5 39.0682
      vertex 36.5975 0.999999 38.5814
      vertex 37.9988 2.5 39.0915
    endloop
  endfacet
  facet normal -0.67997 0.704417 -0.20356
    outer loop
      vertex 36.5975 0.999999 38.5814
      vertex 38.0057 2.5 39.0682
      vertex 36.6542 0.999999 38.392
    endloop
  endfacet
  facet normal -0.569343 0.704423 -0.423835
    outer loop
      vertex 37.4591 2.5 40.0318
      vertex 37.6662 2.5 39.7536
      vertex 36.4203 0.999999 38.9342
    endloop
  endfacet
  facet normal -0.698955 0.704436 -0.123417
    outer loop
      vertex 38.1094 2.5 38.712
      vertex 38.1697 2.5 38.3705
      vertex 36.6885 0.999999 38.1974
    endloop
  endfacet
  facet normal -0.708584 0.704426 -0.0411396
    outer loop
      vertex 38.1711 2.5 38.3462
      vertex 38.1912 2.5 38
      vertex 36.7 0.999999 38
    endloop
  endfacet
  facet normal -0.651689 0.704424 -0.281225
    outer loop
      vertex 37.8518 2.5 39.4322
      vertex 37.9892 2.5 39.1138
      vertex 36.5192 0.999999 38.763
    endloop
  endfacet
  facet normal 0.45635 0.704446 0.543599
    outer loop
      vertex 33.9848 0.999999 36.6364
      vertex 32.81 2.5 35.6788
      vertex 33.8334 0.999999 36.7635
    endloop
  endfacet
  facet normal 0.456279 0.704437 0.543671
    outer loop
      vertex 32.81 2.5 35.6788
      vertex 33.9848 0.999999 36.6364
      vertex 33.0943 2.5 35.4402
    endloop
  endfacet
  facet normal -0.569577 0.704417 -0.423532
    outer loop
      vertex 37.4591 2.5 40.0318
      vertex 36.3023 0.999999 39.0927
      vertex 37.4446 2.5 40.0513
    endloop
  endfacet
  facet normal -0.569328 0.704425 -0.423853
    outer loop
      vertex 36.3023 0.999999 39.0927
      vertex 37.4591 2.5 40.0318
      vertex 36.4203 0.999999 38.9342
    endloop
  endfacet
  facet normal -0.163217 0.704424 -0.690759
    outer loop
      vertex 35.5778 2.5 41.1371
      vertex 35.2952 0.999999 39.6742
      vertex 35.5541 2.5 41.1427
    endloop
  endfacet
  facet normal -0.16369 0.704414 -0.690657
    outer loop
      vertex 35.2952 0.999999 39.6742
      vertex 35.5778 2.5 41.1371
      vertex 35.4876 0.999999 39.6286
    endloop
  endfacet
  facet normal 0.569343 0.704423 -0.423835
    outer loop
      vertex 32.5409 2.5 40.0318
      vertex 33.5797 0.999999 38.9342
      vertex 32.3338 2.5 39.7536
    endloop
  endfacet
  facet normal -0.389891 0.704433 0.593093
    outer loop
      vertex 36.6159 2.5 35.2497
      vertex 35.85 0.999999 36.5278
      vertex 36.0152 0.999999 36.6364
    endloop
  endfacet
  facet normal -0.391028 0.704404 0.592378
    outer loop
      vertex 35.85 0.999999 36.5278
      vertex 36.6159 2.5 35.2497
      vertex 36.5956 2.5 35.2363
    endloop
  endfacet
  facet normal 0.679955 0.704421 -0.203598
    outer loop
      vertex 31.9943 2.5 39.0682
      vertex 33.3458 0.999999 38.392
      vertex 31.8948 2.5 38.7359
    endloop
  endfacet
  facet normal 0.391028 0.704404 -0.592378
    outer loop
      vertex 34.15 0.999999 39.4722
      vertex 33.3841 2.5 40.7503
      vertex 33.4044 2.5 40.7637
    endloop
  endfacet
  facet normal 0.389891 0.704433 -0.593093
    outer loop
      vertex 33.3841 2.5 40.7503
      vertex 34.15 0.999999 39.4722
      vertex 33.9848 0.999999 39.3636
    endloop
  endfacet
  facet normal 0.699081 0.70441 -0.122851
    outer loop
      vertex 33.3458 0.999999 38.392
      vertex 31.8906 2.5 38.712
      vertex 31.8948 2.5 38.7359
    endloop
  endfacet
  facet normal 0.699011 0.704417 -0.123207
    outer loop
      vertex 31.8906 2.5 38.712
      vertex 33.3458 0.999999 38.392
      vertex 33.3115 0.999999 38.1974
    endloop
  endfacet
  facet normal -0.614721 0.704422 -0.354836
    outer loop
      vertex 37.6662 2.5 39.7536
      vertex 37.8396 2.5 39.4532
      vertex 36.4203 0.999999 38.9342
    endloop
  endfacet
  facet normal 0.242795 0.704419 -0.666967
    outer loop
      vertex 34.3267 0.999999 39.561
      vertex 33.7588 2.5 40.9385
      vertex 34.5124 0.999999 39.6286
    endloop
  endfacet
  facet normal 0.242799 0.704419 -0.666965
    outer loop
      vertex 33.7588 2.5 40.9385
      vertex 34.3267 0.999999 39.561
      vertex 33.736 2.5 40.9302
    endloop
  endfacet
  facet normal -0.65191 0.704452 0.280643
    outer loop
      vertex 37.9892 2.5 36.8862
      vertex 36.5975 0.999999 37.4186
      vertex 37.9988 2.5 36.9085
    endloop
  endfacet
  facet normal -0.651758 0.704443 0.281017
    outer loop
      vertex 36.5975 0.999999 37.4186
      vertex 37.9892 2.5 36.8862
      vertex 36.5192 0.999999 37.237
    endloop
  endfacet
  facet normal 0.163217 0.704424 -0.690759
    outer loop
      vertex 34.7048 0.999999 39.6742
      vertex 34.4222 2.5 41.1371
      vertex 34.4459 2.5 41.1427
    endloop
  endfacet
  facet normal 0.16369 0.704414 -0.690657
    outer loop
      vertex 34.4222 2.5 41.1371
      vertex 34.7048 0.999999 39.6742
      vertex 34.5124 0.999999 39.6286
    endloop
  endfacet
  facet normal 0.679955 0.704421 0.203598
    outer loop
      vertex 33.3458 0.999999 37.608
      vertex 31.9943 2.5 36.9318
      vertex 31.8948 2.5 37.2641
    endloop
  endfacet
  facet normal -0.082289 0.704434 -0.704983
    outer loop
      vertex 35.1856 2.5 41.1858
      vertex 35.53 2.5 41.1456
      vertex 35.0988 0.999999 39.6971
    endloop
  endfacet
  facet normal -0.516338 0.704433 -0.487
    outer loop
      vertex 36.3023 0.999999 39.0927
      vertex 37.428 2.5 40.0689
      vertex 37.4446 2.5 40.0513
    endloop
  endfacet
  facet normal -0.516214 0.70443 -0.487137
    outer loop
      vertex 37.428 2.5 40.0689
      vertex 36.3023 0.999999 39.0927
      vertex 36.1666 0.999999 39.2365
    endloop
  endfacet
  facet normal -0.242905 0.70443 -0.666915
    outer loop
      vertex 35.9153 2.5 41.0572
      vertex 36.2412 2.5 40.9385
      vertex 35.4876 0.999999 39.6286
    endloop
  endfacet
  facet normal -0.318495 0.704422 -0.634311
    outer loop
      vertex 36.5956 2.5 40.7637
      vertex 35.6733 0.999999 39.561
      vertex 36.264 2.5 40.9302
    endloop
  endfacet
  facet normal -0.318705 0.704446 -0.634179
    outer loop
      vertex 35.6733 0.999999 39.561
      vertex 36.5956 2.5 40.7637
      vertex 35.85 0.999999 39.4722
    endloop
  endfacet
  facet normal 0.698955 0.704436 -0.123417
    outer loop
      vertex 31.8906 2.5 38.712
      vertex 33.3115 0.999999 38.1974
      vertex 31.8303 2.5 38.3705
    endloop
  endfacet
  facet normal 0.082289 0.704434 0.704983
    outer loop
      vertex 34.9012 0.999999 36.3029
      vertex 34.8144 2.5 34.8142
      vertex 34.47 2.5 34.8544
    endloop
  endfacet
  facet normal 0.389875 0.704434 0.593102
    outer loop
      vertex 33.9848 0.999999 36.6364
      vertex 33.3841 2.5 35.2497
      vertex 33.0943 2.5 35.4402
    endloop
  endfacet
  facet normal -0.242905 0.70443 0.666915
    outer loop
      vertex 36.2412 2.5 35.0615
      vertex 35.9153 2.5 34.9428
      vertex 35.4876 0.999999 36.3714
    endloop
  endfacet
  facet normal 0.16369 0.704414 0.690657
    outer loop
      vertex 34.7048 0.999999 36.3258
      vertex 34.4222 2.5 34.8629
      vertex 34.5124 0.999999 36.3714
    endloop
  endfacet
  facet normal 0.163217 0.704424 0.690759
    outer loop
      vertex 34.4222 2.5 34.8629
      vertex 34.7048 0.999999 36.3258
      vertex 34.4459 2.5 34.8573
    endloop
  endfacet
  facet normal 0.651758 0.704443 -0.281017
    outer loop
      vertex 33.4025 0.999999 38.5814
      vertex 32.0108 2.5 39.1138
      vertex 33.4808 0.999999 38.763
    endloop
  endfacet
  facet normal 0.65191 0.704452 -0.280643
    outer loop
      vertex 32.0108 2.5 39.1138
      vertex 33.4025 0.999999 38.5814
      vertex 32.0012 2.5 39.0915
    endloop
  endfacet
  facet normal -0.614721 0.704422 0.354836
    outer loop
      vertex 37.8396 2.5 36.5468
      vertex 37.6662 2.5 36.2464
      vertex 36.4203 0.999999 37.0658
    endloop
  endfacet
  facet normal 0.614721 0.704422 -0.354836
    outer loop
      vertex 32.3338 2.5 39.7536
      vertex 33.5797 0.999999 38.9342
      vertex 32.1604 2.5 39.4532
    endloop
  endfacet
  facet normal 0.389875 0.704434 -0.593102
    outer loop
      vertex 33.3841 2.5 40.7503
      vertex 33.9848 0.999999 39.3636
      vertex 33.0943 2.5 40.5598
    endloop
  endfacet
  facet normal 0.163513 0.704429 -0.690683
    outer loop
      vertex 34.4222 2.5 41.1371
      vertex 34.5124 0.999999 39.6286
      vertex 34.0847 2.5 41.0572
    endloop
  endfacet
  facet normal 0.614618 0.7044 -0.355057
    outer loop
      vertex 33.4808 0.999999 38.763
      vertex 32.1604 2.5 39.4532
      vertex 33.5797 0.999999 38.9342
    endloop
  endfacet
  facet normal 0.61378 0.704363 -0.356577
    outer loop
      vertex 32.1604 2.5 39.4532
      vertex 33.4808 0.999999 38.763
      vertex 32.1482 2.5 39.4322
    endloop
  endfacet
  facet normal 0.651689 0.704424 -0.281225
    outer loop
      vertex 32.1482 2.5 39.4322
      vertex 33.4808 0.999999 38.763
      vertex 32.0108 2.5 39.1138
    endloop
  endfacet
  facet normal -0.456279 0.704437 -0.543671
    outer loop
      vertex 37.19 2.5 40.3212
      vertex 36.0152 0.999999 39.3636
      vertex 36.9057 2.5 40.5598
    endloop
  endfacet
  facet normal -0.45635 0.704446 -0.543599
    outer loop
      vertex 36.0152 0.999999 39.3636
      vertex 37.19 2.5 40.3212
      vertex 36.1666 0.999999 39.2365
    endloop
  endfacet
  facet normal -0.391028 0.704404 -0.592378
    outer loop
      vertex 36.6159 2.5 40.7503
      vertex 35.85 0.999999 39.4722
      vertex 36.5956 2.5 40.7637
    endloop
  endfacet
  facet normal -0.389891 0.704433 -0.593093
    outer loop
      vertex 35.85 0.999999 39.4722
      vertex 36.6159 2.5 40.7503
      vertex 36.0152 0.999999 39.3636
    endloop
  endfacet
  facet normal 0.516296 0.704441 -0.487033
    outer loop
      vertex 32.81 2.5 40.3212
      vertex 33.8334 0.999999 39.2365
      vertex 32.572 2.5 40.0689
    endloop
  endfacet
  facet normal 0.082289 0.704434 -0.704983
    outer loop
      vertex 34.8144 2.5 41.1858
      vertex 34.9012 0.999999 39.6971
      vertex 34.47 2.5 41.1456
    endloop
  endfacet
  facet normal 0.242905 0.70443 -0.666915
    outer loop
      vertex 34.0847 2.5 41.0572
      vertex 34.5124 0.999999 39.6286
      vertex 33.7588 2.5 40.9385
    endloop
  endfacet
  facet normal 0 0.704428 0.709775
    outer loop
      vertex 35.1856 2.5 34.8142
      vertex 34.9012 0.999999 36.3029
      vertex 35.0988 0.999999 36.3029
    endloop
  endfacet
  facet normal 0 0.704428 0.709775
    outer loop
      vertex 34.9012 0.999999 36.3029
      vertex 35.1856 2.5 34.8142
      vertex 34.8144 2.5 34.8142
    endloop
  endfacet
  facet normal 0.708584 0.704426 -0.0411396
    outer loop
      vertex 31.8289 2.5 38.3462
      vertex 33.3 0.999999 38
      vertex 31.8088 2.5 38
    endloop
  endfacet
  facet normal -0.16369 0.704414 0.690657
    outer loop
      vertex 35.5778 2.5 34.8629
      vertex 35.2952 0.999999 36.3258
      vertex 35.4876 0.999999 36.3714
    endloop
  endfacet
  facet normal -0.163217 0.704424 0.690759
    outer loop
      vertex 35.2952 0.999999 36.3258
      vertex 35.5778 2.5 34.8629
      vertex 35.5541 2.5 34.8573
    endloop
  endfacet
  facet normal 0.242795 0.704419 0.666967
    outer loop
      vertex 33.7588 2.5 35.0615
      vertex 34.3267 0.999999 36.439
      vertex 34.5124 0.999999 36.3714
    endloop
  endfacet
  facet normal 0.242799 0.704419 0.666965
    outer loop
      vertex 34.3267 0.999999 36.439
      vertex 33.7588 2.5 35.0615
      vertex 33.736 2.5 35.0698
    endloop
  endfacet
  facet normal 0.516214 0.70443 -0.487137
    outer loop
      vertex 33.6977 0.999999 39.0927
      vertex 32.572 2.5 40.0689
      vertex 33.8334 0.999999 39.2365
    endloop
  endfacet
  facet normal 0.516338 0.704433 -0.487
    outer loop
      vertex 32.572 2.5 40.0689
      vertex 33.6977 0.999999 39.0927
      vertex 32.5554 2.5 40.0513
    endloop
  endfacet
  facet normal -0.389875 0.704434 0.593102
    outer loop
      vertex 36.9057 2.5 35.4402
      vertex 36.6159 2.5 35.2497
      vertex 36.0152 0.999999 36.6364
    endloop
  endfacet
  facet normal 0.0822023 0.704426 -0.705001
    outer loop
      vertex 34.7048 0.999999 39.6742
      vertex 34.47 2.5 41.1456
      vertex 34.9012 0.999999 39.6971
    endloop
  endfacet
  facet normal 0.0847909 0.704479 -0.704642
    outer loop
      vertex 34.47 2.5 41.1456
      vertex 34.7048 0.999999 39.6742
      vertex 34.4459 2.5 41.1427
    endloop
  endfacet
  facet normal -0.163513 0.704429 0.690683
    outer loop
      vertex 35.9153 2.5 34.9428
      vertex 35.5778 2.5 34.8629
      vertex 35.4876 0.999999 36.3714
    endloop
  endfacet
  facet normal -0.61378 0.704363 0.356577
    outer loop
      vertex 37.8396 2.5 36.5468
      vertex 36.5192 0.999999 37.237
      vertex 37.8518 2.5 36.5678
    endloop
  endfacet
  facet normal -0.614618 0.7044 0.355057
    outer loop
      vertex 36.5192 0.999999 37.237
      vertex 37.8396 2.5 36.5468
      vertex 36.4203 0.999999 37.0658
    endloop
  endfacet
  facet normal 0.708564 0.704439 0.041279
    outer loop
      vertex 33.3115 0.999999 37.8026
      vertex 31.8289 2.5 37.6538
      vertex 33.3 0.999999 38
    endloop
  endfacet
  facet normal 0.708599 0.704429 0.0408247
    outer loop
      vertex 31.8289 2.5 37.6538
      vertex 33.3115 0.999999 37.8026
      vertex 31.8303 2.5 37.6295
    endloop
  endfacet
  facet normal 0 0.704428 -0.709775
    outer loop
      vertex 34.9012 0.999999 39.6971
      vertex 35.1856 2.5 41.1858
      vertex 35.0988 0.999999 39.6971
    endloop
  endfacet
  facet normal 0 0.704428 -0.709775
    outer loop
      vertex 35.1856 2.5 41.1858
      vertex 34.9012 0.999999 39.6971
      vertex 34.8144 2.5 41.1858
    endloop
  endfacet
  facet normal 0.569328 0.704425 0.423853
    outer loop
      vertex 33.6977 0.999999 36.9073
      vertex 32.5409 2.5 35.9682
      vertex 33.5797 0.999999 37.0658
    endloop
  endfacet
  facet normal 0.569577 0.704417 0.423532
    outer loop
      vertex 32.5409 2.5 35.9682
      vertex 33.6977 0.999999 36.9073
      vertex 32.5554 2.5 35.9487
    endloop
  endfacet
  facet normal 0.708584 0.704426 0.0411396
    outer loop
      vertex 33.3 0.999999 38
      vertex 31.8289 2.5 37.6538
      vertex 31.8088 2.5 38
    endloop
  endfacet
  facet normal 0.389891 0.704433 0.593093
    outer loop
      vertex 34.15 0.999999 36.5278
      vertex 33.3841 2.5 35.2497
      vertex 33.9848 0.999999 36.6364
    endloop
  endfacet
  facet normal 0.391028 0.704404 0.592378
    outer loop
      vertex 33.3841 2.5 35.2497
      vertex 34.15 0.999999 36.5278
      vertex 33.4044 2.5 35.2363
    endloop
  endfacet
  facet normal -0.45635 0.704446 0.543599
    outer loop
      vertex 37.19 2.5 35.6788
      vertex 36.0152 0.999999 36.6364
      vertex 36.1666 0.999999 36.7635
    endloop
  endfacet
  facet normal -0.456279 0.704437 0.543671
    outer loop
      vertex 36.0152 0.999999 36.6364
      vertex 37.19 2.5 35.6788
      vertex 36.9057 2.5 35.4402
    endloop
  endfacet
  facet normal 0.614721 0.704422 0.354836
    outer loop
      vertex 33.5797 0.999999 37.0658
      vertex 32.3338 2.5 36.2464
      vertex 32.1604 2.5 36.5468
    endloop
  endfacet
  facet normal 0.318495 0.704422 -0.634311
    outer loop
      vertex 34.3267 0.999999 39.561
      vertex 33.4044 2.5 40.7637
      vertex 33.736 2.5 40.9302
    endloop
  endfacet
  facet normal 0.318705 0.704446 -0.634179
    outer loop
      vertex 33.4044 2.5 40.7637
      vertex 34.3267 0.999999 39.561
      vertex 34.15 0.999999 39.4722
    endloop
  endfacet
  facet normal 0.614618 0.7044 0.355057
    outer loop
      vertex 32.1604 2.5 36.5468
      vertex 33.4808 0.999999 37.237
      vertex 33.5797 0.999999 37.0658
    endloop
  endfacet
  facet normal 0.61378 0.704363 0.356577
    outer loop
      vertex 33.4808 0.999999 37.237
      vertex 32.1604 2.5 36.5468
      vertex 32.1482 2.5 36.5678
    endloop
  endfacet
  facet normal 0.651758 0.704443 0.281017
    outer loop
      vertex 32.0108 2.5 36.8862
      vertex 33.4025 0.999999 37.4186
      vertex 33.4808 0.999999 37.237
    endloop
  endfacet
  facet normal 0.65191 0.704452 0.280643
    outer loop
      vertex 33.4025 0.999999 37.4186
      vertex 32.0108 2.5 36.8862
      vertex 32.0012 2.5 36.9085
    endloop
  endfacet
  facet normal -0.0847909 0.704479 -0.704642
    outer loop
      vertex 35.2952 0.999999 39.6742
      vertex 35.53 2.5 41.1456
      vertex 35.5541 2.5 41.1427
    endloop
  endfacet
  facet normal -0.0822023 0.704426 -0.705001
    outer loop
      vertex 35.53 2.5 41.1456
      vertex 35.2952 0.999999 39.6742
      vertex 35.0988 0.999999 39.6971
    endloop
  endfacet
  facet normal -0.569328 0.704425 0.423853
    outer loop
      vertex 37.4591 2.5 35.9682
      vertex 36.3023 0.999999 36.9073
      vertex 36.4203 0.999999 37.0658
    endloop
  endfacet
  facet normal -0.569577 0.704417 0.423532
    outer loop
      vertex 36.3023 0.999999 36.9073
      vertex 37.4591 2.5 35.9682
      vertex 37.4446 2.5 35.9487
    endloop
  endfacet
  facet normal 0.699011 0.704417 0.123207
    outer loop
      vertex 33.3458 0.999999 37.608
      vertex 31.8906 2.5 37.288
      vertex 33.3115 0.999999 37.8026
    endloop
  endfacet
  facet normal 0.699081 0.70441 0.122851
    outer loop
      vertex 31.8906 2.5 37.288
      vertex 33.3458 0.999999 37.608
      vertex 31.8948 2.5 37.2641
    endloop
  endfacet
  facet normal -0.242799 0.704419 0.666965
    outer loop
      vertex 36.2412 2.5 35.0615
      vertex 35.6733 0.999999 36.439
      vertex 36.264 2.5 35.0698
    endloop
  endfacet
  facet normal -0.242795 0.704419 0.666967
    outer loop
      vertex 35.6733 0.999999 36.439
      vertex 36.2412 2.5 35.0615
      vertex 35.4876 0.999999 36.3714
    endloop
  endfacet
  facet normal -0.516296 0.704441 0.487033
    outer loop
      vertex 37.428 2.5 35.9311
      vertex 37.19 2.5 35.6788
      vertex 36.1666 0.999999 36.7635
    endloop
  endfacet
  facet normal 0.569343 0.704423 0.423835
    outer loop
      vertex 33.5797 0.999999 37.0658
      vertex 32.5409 2.5 35.9682
      vertex 32.3338 2.5 36.2464
    endloop
  endfacet
  facet normal 0.516296 0.704441 0.487033
    outer loop
      vertex 33.8334 0.999999 36.7635
      vertex 32.81 2.5 35.6788
      vertex 32.572 2.5 35.9311
    endloop
  endfacet
  facet normal 0.680614 0.704372 -0.201555
    outer loop
      vertex 33.4025 0.999999 38.5814
      vertex 31.9943 2.5 39.0682
      vertex 32.0012 2.5 39.0915
    endloop
  endfacet
  facet normal 0.67997 0.704417 -0.20356
    outer loop
      vertex 31.9943 2.5 39.0682
      vertex 33.4025 0.999999 38.5814
      vertex 33.3458 0.999999 38.392
    endloop
  endfacet
  facet normal 0.569577 0.704417 -0.423532
    outer loop
      vertex 33.6977 0.999999 39.0927
      vertex 32.5409 2.5 40.0318
      vertex 32.5554 2.5 40.0513
    endloop
  endfacet
  facet normal 0.569328 0.704425 -0.423853
    outer loop
      vertex 32.5409 2.5 40.0318
      vertex 33.6977 0.999999 39.0927
      vertex 33.5797 0.999999 38.9342
    endloop
  endfacet
  facet normal 0.318705 0.704446 0.634179
    outer loop
      vertex 34.3267 0.999999 36.439
      vertex 33.4044 2.5 35.2363
      vertex 34.15 0.999999 36.5278
    endloop
  endfacet
  facet normal 0.318495 0.704422 0.634311
    outer loop
      vertex 33.4044 2.5 35.2363
      vertex 34.3267 0.999999 36.439
      vertex 33.736 2.5 35.0698
    endloop
  endfacet
  facet normal -0.651689 0.704424 0.281225
    outer loop
      vertex 37.9892 2.5 36.8862
      vertex 37.8518 2.5 36.5678
      vertex 36.5192 0.999999 37.237
    endloop
  endfacet
  facet normal -0.569343 0.704423 0.423835
    outer loop
      vertex 37.6662 2.5 36.2464
      vertex 37.4591 2.5 35.9682
      vertex 36.4203 0.999999 37.0658
    endloop
  endfacet
  facet normal -0 1 0
    outer loop
      vertex 33.9848 0.999999 39.3636
      vertex 34.15 0.999999 39.4722
      vertex 33.8334 0.999999 39.2365
    endloop
  endfacet
  facet normal -0 1 0
    outer loop
      vertex 33.4808 0.999999 38.763
      vertex 33.5797 0.999999 38.9342
      vertex 33.4025 0.999999 38.5814
    endloop
  endfacet
  facet normal 0 1 0
    outer loop
      vertex 36.7 0.999999 38
      vertex 36.6885 0.999999 37.8026
      vertex 36.6542 0.999999 37.608
    endloop
  endfacet
  facet normal 0 1 0
    outer loop
      vertex 36.6885 0.999999 38.1974
      vertex 36.7 0.999999 38
      vertex 36.6542 0.999999 38.392
    endloop
  endfacet
  facet normal 0 1 0
    outer loop
      vertex 36.0152 0.999999 36.6364
      vertex 35.85 0.999999 36.5278
      vertex 35.6733 0.999999 36.439
    endloop
  endfacet
  facet normal 0 1 0
    outer loop
      vertex 36.4203 0.999999 38.9342
      vertex 36.5192 0.999999 38.763
      vertex 36.3023 0.999999 39.0927
    endloop
  endfacet
  facet normal 0 1 0
    outer loop
      vertex 36.5975 0.999999 38.5814
      vertex 36.6542 0.999999 38.392
      vertex 36.5192 0.999999 38.763
    endloop
  endfacet
  facet normal 0 1 0
    outer loop
      vertex 34.9012 0.999999 36.3029
      vertex 34.7048 0.999999 36.3258
      vertex 34.5124 0.999999 36.3714
    endloop
  endfacet
  facet normal 0 1 0
    outer loop
      vertex 36.3023 0.999999 36.9073
      vertex 36.1666 0.999999 36.7635
      vertex 36.0152 0.999999 36.6364
    endloop
  endfacet
  facet normal 0 1 0
    outer loop
      vertex 35.0988 0.999999 39.6971
      vertex 35.2952 0.999999 39.6742
      vertex 34.9012 0.999999 39.6971
    endloop
  endfacet
  facet normal 0 1 0
    outer loop
      vertex 33.3115 0.999999 38.1974
      vertex 33.3115 0.999999 37.8026
      vertex 33.3 0.999999 38
    endloop
  endfacet
  facet normal -0 1 0
    outer loop
      vertex 33.3458 0.999999 38.392
      vertex 33.4025 0.999999 38.5814
      vertex 33.3115 0.999999 38.1974
    endloop
  endfacet
  facet normal 0 1 0
    outer loop
      vertex 35.4876 0.999999 39.6286
      vertex 35.6733 0.999999 39.561
      vertex 35.2952 0.999999 39.6742
    endloop
  endfacet
  facet normal 0 1 0
    outer loop
      vertex 35.85 0.999999 39.4722
      vertex 36.0152 0.999999 39.3636
      vertex 35.6733 0.999999 39.561
    endloop
  endfacet
  facet normal 0 1 0
    outer loop
      vertex 33.8334 0.999999 36.7635
      vertex 33.6977 0.999999 36.9073
      vertex 33.5797 0.999999 37.0658
    endloop
  endfacet
  facet normal 0 1 0
    outer loop
      vertex 34.15 0.999999 36.5278
      vertex 33.9848 0.999999 36.6364
      vertex 33.8334 0.999999 36.7635
    endloop
  endfacet
  facet normal 0 1 0
    outer loop
      vertex 33.4025 0.999999 37.4186
      vertex 33.3458 0.999999 37.608
      vertex 33.3115 0.999999 37.8026
    endloop
  endfacet
  facet normal -0 1 0
    outer loop
      vertex 34.7048 0.999999 39.6742
      vertex 34.9012 0.999999 39.6971
      vertex 34.5124 0.999999 39.6286
    endloop
  endfacet
  facet normal 0 1 0
    outer loop
      vertex 33.5797 0.999999 37.0658
      vertex 33.4808 0.999999 37.237
      vertex 33.4025 0.999999 37.4186
    endloop
  endfacet
  facet normal 0 1 0
    outer loop
      vertex 36.1666 0.999999 39.2365
      vertex 36.3023 0.999999 39.0927
      vertex 36.0152 0.999999 39.3636
    endloop
  endfacet
  facet normal -0 1 0
    outer loop
      vertex 34.3267 0.999999 39.561
      vertex 34.5124 0.999999 39.6286
      vertex 34.15 0.999999 39.4722
    endloop
  endfacet
  facet normal 0 1 0
    outer loop
      vertex 36.5192 0.999999 37.237
      vertex 36.4203 0.999999 37.0658
      vertex 36.3023 0.999999 36.9073
    endloop
  endfacet
  facet normal 0 1 0
    outer loop
      vertex 36.6542 0.999999 37.608
      vertex 36.5975 0.999999 37.4186
      vertex 36.5192 0.999999 37.237
    endloop
  endfacet
  facet normal 0 1 0
    outer loop
      vertex 34.5124 0.999999 36.3714
      vertex 34.3267 0.999999 36.439
      vertex 34.15 0.999999 36.5278
    endloop
  endfacet
  facet normal 0 1 0
    outer loop
      vertex 35.2952 0.999999 36.3258
      vertex 35.0988 0.999999 36.3029
      vertex 34.9012 0.999999 36.3029
    endloop
  endfacet
  facet normal 0 1 0
    outer loop
      vertex 35.6733 0.999999 36.439
      vertex 35.4876 0.999999 36.3714
      vertex 35.2952 0.999999 36.3258
    endloop
  endfacet
  facet normal -0 1 0
    outer loop
      vertex 33.6977 0.999999 39.0927
      vertex 33.8334 0.999999 39.2365
      vertex 33.5797 0.999999 38.9342
    endloop
  endfacet
  facet normal -0.318705 0.704446 0.634179
    outer loop
      vertex 36.5956 2.5 35.2363
      vertex 35.6733 0.999999 36.439
      vertex 35.85 0.999999 36.5278
    endloop
  endfacet
  facet normal -0.318495 0.704422 0.634311
    outer loop
      vertex 35.6733 0.999999 36.439
      vertex 36.5956 2.5 35.2363
      vertex 36.264 2.5 35.0698
    endloop
  endfacet
  facet normal -0.082289 0.704434 0.704983
    outer loop
      vertex 35.53 2.5 34.8544
      vertex 35.1856 2.5 34.8142
      vertex 35.0988 0.999999 36.3029
    endloop
  endfacet
  facet normal -0.699011 0.704417 0.123207
    outer loop
      vertex 38.1094 2.5 37.288
      vertex 36.6542 0.999999 37.608
      vertex 36.6885 0.999999 37.8026
    endloop
  endfacet
  facet normal -0.699081 0.70441 0.122851
    outer loop
      vertex 36.6542 0.999999 37.608
      vertex 38.1094 2.5 37.288
      vertex 38.1052 2.5 37.2641
    endloop
  endfacet
  facet normal -0.679955 0.704421 0.203598
    outer loop
      vertex 38.1052 2.5 37.2641
      vertex 38.0057 2.5 36.9318
      vertex 36.6542 0.999999 37.608
    endloop
  endfacet
  facet normal -0.0847909 0.704479 0.704642
    outer loop
      vertex 35.53 2.5 34.8544
      vertex 35.2952 0.999999 36.3258
      vertex 35.5541 2.5 34.8573
    endloop
  endfacet
  facet normal -0.0822023 0.704426 0.705001
    outer loop
      vertex 35.2952 0.999999 36.3258
      vertex 35.53 2.5 34.8544
      vertex 35.0988 0.999999 36.3029
    endloop
  endfacet
  facet normal -0.67997 0.704417 0.20356
    outer loop
      vertex 38.0057 2.5 36.9318
      vertex 36.5975 0.999999 37.4186
      vertex 36.6542 0.999999 37.608
    endloop
  endfacet
  facet normal -0.680614 0.704372 0.201555
    outer loop
      vertex 36.5975 0.999999 37.4186
      vertex 38.0057 2.5 36.9318
      vertex 37.9988 2.5 36.9085
    endloop
  endfacet
  facet normal -0.698955 0.704436 0.123417
    outer loop
      vertex 38.1697 2.5 37.6295
      vertex 38.1094 2.5 37.288
      vertex 36.6885 0.999999 37.8026
    endloop
  endfacet
  facet normal -0.0580239 0 0.998315
    outer loop
      vertex 34.9012 90 36.3029
      vertex 35.2952 89 36.3258
      vertex 35.2952 90 36.3258
    endloop
  endfacet
  facet normal -0.0580239 0 0.998315
    outer loop
      vertex 35.2952 89 36.3258
      vertex 34.9012 90 36.3029
      vertex 34.9012 89 36.3029
    endloop
  endfacet
  facet normal -0.939719 0 0.341946
    outer loop
      vertex 36.5192 89 37.237
      vertex 36.6542 90 37.608
      vertex 36.5192 90 37.237
    endloop
  endfacet
  facet normal -0.939719 0 0.341946
    outer loop
      vertex 36.6542 90 37.608
      vertex 36.5192 89 37.237
      vertex 36.6542 89 37.608
    endloop
  endfacet
  facet normal -0.993244 0 0.116047
    outer loop
      vertex 36.6542 89 37.608
      vertex 36.7 90 38
      vertex 36.6542 90 37.608
    endloop
  endfacet
  facet normal -0.993244 0 0.116047
    outer loop
      vertex 36.7 90 38
      vertex 36.6542 89 37.608
      vertex 36.7 89 38
    endloop
  endfacet
  facet normal -0.286813 0 -0.957987
    outer loop
      vertex 35.2952 89 39.6742
      vertex 35.6733 90 39.561
      vertex 35.6733 89 39.561
    endloop
  endfacet
  facet normal -0.286813 0 -0.957987
    outer loop
      vertex 35.6733 90 39.561
      vertex 35.2952 89 39.6742
      vertex 35.2952 90 39.6742
    endloop
  endfacet
  facet normal 1 -0 0
    outer loop
      vertex 33.3115 89 38.1974
      vertex 33.3115 90 37.8026
      vertex 33.3115 90 38.1974
    endloop
  endfacet
  facet normal 1 0 0
    outer loop
      vertex 33.3115 90 37.8026
      vertex 33.3115 89 38.1974
      vertex 33.3115 89 37.8026
    endloop
  endfacet
  facet normal -0.286813 0 0.957987
    outer loop
      vertex 35.2952 90 36.3258
      vertex 35.6733 89 36.439
      vertex 35.6733 90 36.439
    endloop
  endfacet
  facet normal -0.286813 0 0.957987
    outer loop
      vertex 35.6733 89 36.439
      vertex 35.2952 90 36.3258
      vertex 35.2952 89 36.3258
    endloop
  endfacet
  facet normal 0.765994 -0 0.642847
    outer loop
      vertex 33.5797 89 37.0658
      vertex 33.8334 90 36.7635
      vertex 33.5797 90 37.0658
    endloop
  endfacet
  facet normal 0.765994 0 0.642847
    outer loop
      vertex 33.8334 90 36.7635
      vertex 33.5797 89 37.0658
      vertex 33.8334 89 36.7635
    endloop
  endfacet
  facet normal -0.0580239 0 -0.998315
    outer loop
      vertex 34.9012 89 39.6971
      vertex 35.2952 90 39.6742
      vertex 35.2952 89 39.6742
    endloop
  endfacet
  facet normal -0.0580239 0 -0.998315
    outer loop
      vertex 35.2952 90 39.6742
      vertex 34.9012 89 39.6971
      vertex 34.9012 90 39.6971
    endloop
  endfacet
  facet normal -0.993244 0 -0.116047
    outer loop
      vertex 36.7 89 38
      vertex 36.6542 90 38.392
      vertex 36.7 90 38
    endloop
  endfacet
  facet normal -0.993244 -0 -0.116047
    outer loop
      vertex 36.6542 90 38.392
      vertex 36.7 89 38
      vertex 36.6542 89 38.392
    endloop
  endfacet
  facet normal -0.686289 0 -0.727329
    outer loop
      vertex 36.0152 89 39.3636
      vertex 36.3023 90 39.0927
      vertex 36.3023 89 39.0927
    endloop
  endfacet
  facet normal -0.686289 0 -0.727329
    outer loop
      vertex 36.3023 90 39.0927
      vertex 36.0152 89 39.3636
      vertex 36.0152 90 39.3636
    endloop
  endfacet
  facet normal -0.835426 0 0.549603
    outer loop
      vertex 36.3023 89 36.9073
      vertex 36.5192 90 37.237
      vertex 36.3023 90 36.9073
    endloop
  endfacet
  facet normal -0.835426 0 0.549603
    outer loop
      vertex 36.5192 90 37.237
      vertex 36.3023 89 36.9073
      vertex 36.5192 89 37.237
    endloop
  endfacet
  facet normal 0.173511 0 -0.984832
    outer loop
      vertex 34.5124 89 39.6286
      vertex 34.9012 90 39.6971
      vertex 34.9012 89 39.6971
    endloop
  endfacet
  facet normal 0.173511 0 -0.984832
    outer loop
      vertex 34.9012 90 39.6971
      vertex 34.5124 89 39.6286
      vertex 34.5124 90 39.6286
    endloop
  endfacet
  facet normal 0.396242 0 0.918146
    outer loop
      vertex 34.15 90 36.5278
      vertex 34.5124 89 36.3714
      vertex 34.5124 90 36.3714
    endloop
  endfacet
  facet normal 0.396242 0 0.918146
    outer loop
      vertex 34.5124 89 36.3714
      vertex 34.15 90 36.5278
      vertex 34.15 89 36.5278
    endloop
  endfacet
  facet normal 0.893615 -0 0.448834
    outer loop
      vertex 33.4025 89 37.4186
      vertex 33.5797 90 37.0658
      vertex 33.4025 90 37.4186
    endloop
  endfacet
  facet normal 0.893615 0 0.448834
    outer loop
      vertex 33.5797 90 37.0658
      vertex 33.4025 89 37.4186
      vertex 33.5797 89 37.0658
    endloop
  endfacet
  facet normal 0.765994 0 -0.642847
    outer loop
      vertex 33.8334 89 39.2365
      vertex 33.5797 90 38.9342
      vertex 33.8334 90 39.2365
    endloop
  endfacet
  facet normal 0.765994 0 -0.642847
    outer loop
      vertex 33.5797 90 38.9342
      vertex 33.8334 89 39.2365
      vertex 33.5797 89 38.9342
    endloop
  endfacet
  facet normal -0.939719 0 -0.341946
    outer loop
      vertex 36.6542 89 38.392
      vertex 36.5192 90 38.763
      vertex 36.6542 90 38.392
    endloop
  endfacet
  facet normal -0.939719 -0 -0.341946
    outer loop
      vertex 36.5192 90 38.763
      vertex 36.6542 89 38.392
      vertex 36.5192 89 38.763
    endloop
  endfacet
  facet normal -0.835426 0 -0.549603
    outer loop
      vertex 36.5192 89 38.763
      vertex 36.3023 90 39.0927
      vertex 36.5192 90 38.763
    endloop
  endfacet
  facet normal -0.835426 -0 -0.549603
    outer loop
      vertex 36.3023 90 39.0927
      vertex 36.5192 89 38.763
      vertex 36.3023 89 39.0927
    endloop
  endfacet
  facet normal 0.597159 0 -0.802123
    outer loop
      vertex 33.8334 89 39.2365
      vertex 34.15 90 39.4722
      vertex 34.15 89 39.4722
    endloop
  endfacet
  facet normal 0.597159 0 -0.802123
    outer loop
      vertex 34.15 90 39.4722
      vertex 33.8334 89 39.2365
      vertex 33.8334 90 39.2365
    endloop
  endfacet
  facet normal 0.173511 0 0.984832
    outer loop
      vertex 34.5124 90 36.3714
      vertex 34.9012 89 36.3029
      vertex 34.9012 90 36.3029
    endloop
  endfacet
  facet normal 0.173511 0 0.984832
    outer loop
      vertex 34.9012 89 36.3029
      vertex 34.5124 90 36.3714
      vertex 34.5124 89 36.3714
    endloop
  endfacet
  facet normal -0.500007 0 0.866021
    outer loop
      vertex 35.6733 90 36.439
      vertex 36.0152 89 36.6364
      vertex 36.0152 90 36.6364
    endloop
  endfacet
  facet normal -0.500007 0 0.866021
    outer loop
      vertex 36.0152 89 36.6364
      vertex 35.6733 90 36.439
      vertex 35.6733 89 36.439
    endloop
  endfacet
  facet normal -0.686289 0 0.727329
    outer loop
      vertex 36.0152 90 36.6364
      vertex 36.3023 89 36.9073
      vertex 36.3023 90 36.9073
    endloop
  endfacet
  facet normal -0.686289 0 0.727329
    outer loop
      vertex 36.3023 89 36.9073
      vertex 36.0152 90 36.6364
      vertex 36.0152 89 36.6364
    endloop
  endfacet
  facet normal 0.893615 0 -0.448834
    outer loop
      vertex 33.5797 89 38.9342
      vertex 33.4025 90 38.5814
      vertex 33.5797 90 38.9342
    endloop
  endfacet
  facet normal 0.893615 0 -0.448834
    outer loop
      vertex 33.4025 90 38.5814
      vertex 33.5797 89 38.9342
      vertex 33.4025 89 38.5814
    endloop
  endfacet
  facet normal -0.500007 0 -0.866021
    outer loop
      vertex 35.6733 89 39.561
      vertex 36.0152 90 39.3636
      vertex 36.0152 89 39.3636
    endloop
  endfacet
  facet normal -0.500007 0 -0.866021
    outer loop
      vertex 36.0152 90 39.3636
      vertex 35.6733 89 39.561
      vertex 35.6733 90 39.561
    endloop
  endfacet
  facet normal 0.597159 0 0.802123
    outer loop
      vertex 33.8334 90 36.7635
      vertex 34.15 89 36.5278
      vertex 34.15 90 36.5278
    endloop
  endfacet
  facet normal 0.597159 0 0.802123
    outer loop
      vertex 34.15 89 36.5278
      vertex 33.8334 90 36.7635
      vertex 33.8334 89 36.7635
    endloop
  endfacet
  facet normal 0.97305 0 -0.230593
    outer loop
      vertex 33.4025 89 38.5814
      vertex 33.3115 90 38.1974
      vertex 33.4025 90 38.5814
    endloop
  endfacet
  facet normal 0.97305 0 -0.230593
    outer loop
      vertex 33.3115 90 38.1974
      vertex 33.4025 89 38.5814
      vertex 33.3115 89 38.1974
    endloop
  endfacet
  facet normal 0.97305 -0 0.230593
    outer loop
      vertex 33.3115 89 37.8026
      vertex 33.4025 90 37.4186
      vertex 33.3115 90 37.8026
    endloop
  endfacet
  facet normal 0.97305 0 0.230593
    outer loop
      vertex 33.4025 90 37.4186
      vertex 33.3115 89 37.8026
      vertex 33.4025 89 37.4186
    endloop
  endfacet
  facet normal 0.396242 0 -0.918146
    outer loop
      vertex 34.15 89 39.4722
      vertex 34.5124 90 39.6286
      vertex 34.5124 89 39.6286
    endloop
  endfacet
  facet normal 0.396242 0 -0.918146
    outer loop
      vertex 34.5124 90 39.6286
      vertex 34.15 89 39.4722
      vertex 34.15 90 39.4722
    endloop
  endfacet
  facet normal -0.679955 -0.704421 -0.203598
    outer loop
      vertex 38.0057 87.5 39.0682
      vertex 36.6542 89 38.392
      vertex 38.1052 87.5 38.7359
    endloop
  endfacet
  facet normal -0.708584 -0.704427 0.0411396
    outer loop
      vertex 38.1912 87.5 38
      vertex 36.7 89 38
      vertex 38.1711 87.5 37.6538
    endloop
  endfacet
  facet normal -0.708599 -0.704429 0.0408246
    outer loop
      vertex 38.1711 87.5 37.6538
      vertex 36.6885 89 37.8026
      vertex 38.1697 87.5 37.6295
    endloop
  endfacet
  facet normal -0.708563 -0.704439 0.041279
    outer loop
      vertex 36.6885 89 37.8026
      vertex 38.1711 87.5 37.6538
      vertex 36.7 89 38
    endloop
  endfacet
  facet normal 0.242905 -0.70443 0.666915
    outer loop
      vertex 34.5124 89 36.3714
      vertex 33.7588 87.5 35.0615
      vertex 34.0847 87.5 34.9428
    endloop
  endfacet
  facet normal 0.651689 -0.704424 0.281225
    outer loop
      vertex 33.4808 89 37.237
      vertex 32.0108 87.5 36.8862
      vertex 32.1482 87.5 36.5678
    endloop
  endfacet
  facet normal -0.708563 -0.704439 -0.041279
    outer loop
      vertex 38.1711 87.5 38.3462
      vertex 36.6885 89 38.1974
      vertex 36.7 89 38
    endloop
  endfacet
  facet normal -0.708599 -0.704429 -0.0408246
    outer loop
      vertex 36.6885 89 38.1974
      vertex 38.1711 87.5 38.3462
      vertex 38.1697 87.5 38.3705
    endloop
  endfacet
  facet normal -0.614617 -0.704401 -0.355056
    outer loop
      vertex 36.5192 89 38.763
      vertex 37.8396 87.5 39.4532
      vertex 36.4203 89 38.9342
    endloop
  endfacet
  facet normal -0.61378 -0.704363 -0.356577
    outer loop
      vertex 37.8396 87.5 39.4532
      vertex 36.5192 89 38.763
      vertex 37.8518 87.5 39.4322
    endloop
  endfacet
  facet normal 0.0822022 -0.704426 0.705001
    outer loop
      vertex 34.7048 89 36.3258
      vertex 34.47 87.5 34.8544
      vertex 34.9012 89 36.3029
    endloop
  endfacet
  facet normal 0.0847909 -0.704479 0.704642
    outer loop
      vertex 34.47 87.5 34.8544
      vertex 34.7048 89 36.3258
      vertex 34.4459 87.5 34.8573
    endloop
  endfacet
  facet normal -0.516214 -0.70443 0.487136
    outer loop
      vertex 37.428 87.5 35.9311
      vertex 36.3023 89 36.9073
      vertex 36.1666 89 36.7635
    endloop
  endfacet
  facet normal -0.516337 -0.704434 0.487
    outer loop
      vertex 36.3023 89 36.9073
      vertex 37.428 87.5 35.9311
      vertex 37.4446 87.5 35.9487
    endloop
  endfacet
  facet normal 0.708599 -0.704429 -0.0408246
    outer loop
      vertex 31.8289 87.5 38.3462
      vertex 33.3115 89 38.1974
      vertex 31.8303 87.5 38.3705
    endloop
  endfacet
  facet normal 0.708563 -0.704439 -0.041279
    outer loop
      vertex 33.3115 89 38.1974
      vertex 31.8289 87.5 38.3462
      vertex 33.3 89 38
    endloop
  endfacet
  facet normal -0.651758 -0.704444 -0.281017
    outer loop
      vertex 36.5975 89 38.5814
      vertex 37.9892 87.5 39.1138
      vertex 36.5192 89 38.763
    endloop
  endfacet
  facet normal -0.65191 -0.704452 -0.280643
    outer loop
      vertex 37.9892 87.5 39.1138
      vertex 36.5975 89 38.5814
      vertex 37.9988 87.5 39.0915
    endloop
  endfacet
  facet normal -0.242794 -0.704419 -0.666966
    outer loop
      vertex 35.6733 89 39.561
      vertex 36.2412 87.5 40.9385
      vertex 35.4876 89 39.6286
    endloop
  endfacet
  facet normal -0.242799 -0.70442 -0.666965
    outer loop
      vertex 36.2412 87.5 40.9385
      vertex 35.6733 89 39.561
      vertex 36.264 87.5 40.9302
    endloop
  endfacet
  facet normal 0.516337 -0.704434 0.487
    outer loop
      vertex 32.572 87.5 35.9311
      vertex 33.6977 89 36.9073
      vertex 32.5554 87.5 35.9487
    endloop
  endfacet
  facet normal 0.516214 -0.70443 0.487136
    outer loop
      vertex 33.6977 89 36.9073
      vertex 32.572 87.5 35.9311
      vertex 33.8334 89 36.7635
    endloop
  endfacet
  facet normal -0.699081 -0.70441 -0.122851
    outer loop
      vertex 36.6542 89 38.392
      vertex 38.1094 87.5 38.712
      vertex 38.1052 87.5 38.7359
    endloop
  endfacet
  facet normal -0.699011 -0.704418 -0.123207
    outer loop
      vertex 38.1094 87.5 38.712
      vertex 36.6542 89 38.392
      vertex 36.6885 89 38.1974
    endloop
  endfacet
  facet normal -0.389875 -0.704435 -0.593101
    outer loop
      vertex 36.6159 87.5 40.7503
      vertex 36.0152 89 39.3636
      vertex 36.9057 87.5 40.5598
    endloop
  endfacet
  facet normal 0.698954 -0.704437 0.123417
    outer loop
      vertex 33.3115 89 37.8026
      vertex 31.8303 87.5 37.6295
      vertex 31.8906 87.5 37.288
    endloop
  endfacet
  facet normal 0.67997 -0.704418 0.20356
    outer loop
      vertex 31.9943 87.5 36.9318
      vertex 33.4025 89 37.4186
      vertex 33.3458 89 37.608
    endloop
  endfacet
  facet normal 0.680614 -0.704372 0.201555
    outer loop
      vertex 33.4025 89 37.4186
      vertex 31.9943 87.5 36.9318
      vertex 32.0012 87.5 36.9085
    endloop
  endfacet
  facet normal 0.456278 -0.704437 -0.543671
    outer loop
      vertex 32.81 87.5 40.3212
      vertex 33.9848 89 39.3636
      vertex 33.0943 87.5 40.5598
    endloop
  endfacet
  facet normal 0.45635 -0.704447 -0.543599
    outer loop
      vertex 33.9848 89 39.3636
      vertex 32.81 87.5 40.3212
      vertex 33.8334 89 39.2365
    endloop
  endfacet
  facet normal -0.163513 -0.704429 -0.690683
    outer loop
      vertex 35.5778 87.5 41.1371
      vertex 35.4876 89 39.6286
      vertex 35.9153 87.5 41.0572
    endloop
  endfacet
  facet normal -0.516296 -0.704441 -0.487033
    outer loop
      vertex 37.19 87.5 40.3212
      vertex 36.1666 89 39.2365
      vertex 37.428 87.5 40.0689
    endloop
  endfacet
  facet normal 0.163513 -0.704429 0.690683
    outer loop
      vertex 34.5124 89 36.3714
      vertex 34.0847 87.5 34.9428
      vertex 34.4222 87.5 34.8629
    endloop
  endfacet
  facet normal -0.680614 -0.704372 -0.201555
    outer loop
      vertex 36.5975 89 38.5814
      vertex 38.0057 87.5 39.0682
      vertex 37.9988 87.5 39.0915
    endloop
  endfacet
  facet normal -0.67997 -0.704418 -0.20356
    outer loop
      vertex 38.0057 87.5 39.0682
      vertex 36.5975 89 38.5814
      vertex 36.6542 89 38.392
    endloop
  endfacet
  facet normal -0.569343 -0.704423 -0.423835
    outer loop
      vertex 37.4591 87.5 40.0318
      vertex 36.4203 89 38.9342
      vertex 37.6662 87.5 39.7536
    endloop
  endfacet
  facet normal -0.698954 -0.704437 -0.123417
    outer loop
      vertex 38.1094 87.5 38.712
      vertex 36.6885 89 38.1974
      vertex 38.1697 87.5 38.3705
    endloop
  endfacet
  facet normal -0.708584 -0.704427 -0.0411396
    outer loop
      vertex 38.1711 87.5 38.3462
      vertex 36.7 89 38
      vertex 38.1912 87.5 38
    endloop
  endfacet
  facet normal -0.651689 -0.704424 -0.281225
    outer loop
      vertex 37.8518 87.5 39.4322
      vertex 36.5192 89 38.763
      vertex 37.9892 87.5 39.1138
    endloop
  endfacet
  facet normal 0.45635 -0.704447 0.543599
    outer loop
      vertex 32.81 87.5 35.6788
      vertex 33.9848 89 36.6364
      vertex 33.8334 89 36.7635
    endloop
  endfacet
  facet normal 0.456278 -0.704437 0.543671
    outer loop
      vertex 33.9848 89 36.6364
      vertex 32.81 87.5 35.6788
      vertex 33.0943 87.5 35.4402
    endloop
  endfacet
  facet normal -0.569577 -0.704417 -0.423532
    outer loop
      vertex 36.3023 89 39.0927
      vertex 37.4591 87.5 40.0318
      vertex 37.4446 87.5 40.0513
    endloop
  endfacet
  facet normal -0.569328 -0.704425 -0.423853
    outer loop
      vertex 37.4591 87.5 40.0318
      vertex 36.3023 89 39.0927
      vertex 36.4203 89 38.9342
    endloop
  endfacet
  facet normal -0.163217 -0.704424 -0.690758
    outer loop
      vertex 35.2952 89 39.6742
      vertex 35.5778 87.5 41.1371
      vertex 35.5541 87.5 41.1427
    endloop
  endfacet
  facet normal -0.16369 -0.704414 -0.690657
    outer loop
      vertex 35.5778 87.5 41.1371
      vertex 35.2952 89 39.6742
      vertex 35.4876 89 39.6286
    endloop
  endfacet
  facet normal 0.569343 -0.704423 -0.423835
    outer loop
      vertex 32.5409 87.5 40.0318
      vertex 32.3338 87.5 39.7536
      vertex 33.5797 89 38.9342
    endloop
  endfacet
  facet normal -0.389891 -0.704433 0.593093
    outer loop
      vertex 35.85 89 36.5278
      vertex 36.6159 87.5 35.2497
      vertex 36.0152 89 36.6364
    endloop
  endfacet
  facet normal -0.391028 -0.704404 0.592378
    outer loop
      vertex 36.6159 87.5 35.2497
      vertex 35.85 89 36.5278
      vertex 36.5956 87.5 35.2363
    endloop
  endfacet
  facet normal 0.679955 -0.704421 -0.203598
    outer loop
      vertex 31.9943 87.5 39.0682
      vertex 31.8948 87.5 38.7359
      vertex 33.3458 89 38.392
    endloop
  endfacet
  facet normal 0.391028 -0.704404 -0.592378
    outer loop
      vertex 33.3841 87.5 40.7503
      vertex 34.15 89 39.4722
      vertex 33.4044 87.5 40.7637
    endloop
  endfacet
  facet normal 0.389891 -0.704433 -0.593093
    outer loop
      vertex 34.15 89 39.4722
      vertex 33.3841 87.5 40.7503
      vertex 33.9848 89 39.3636
    endloop
  endfacet
  facet normal 0.699081 -0.70441 -0.122851
    outer loop
      vertex 31.8906 87.5 38.712
      vertex 33.3458 89 38.392
      vertex 31.8948 87.5 38.7359
    endloop
  endfacet
  facet normal 0.699011 -0.704418 -0.123207
    outer loop
      vertex 33.3458 89 38.392
      vertex 31.8906 87.5 38.712
      vertex 33.3115 89 38.1974
    endloop
  endfacet
  facet normal -0.614721 -0.704422 -0.354835
    outer loop
      vertex 37.6662 87.5 39.7536
      vertex 36.4203 89 38.9342
      vertex 37.8396 87.5 39.4532
    endloop
  endfacet
  facet normal 0.242799 -0.70442 -0.666965
    outer loop
      vertex 34.3267 89 39.561
      vertex 33.7588 87.5 40.9385
      vertex 33.736 87.5 40.9302
    endloop
  endfacet
  facet normal 0.242794 -0.704419 -0.666966
    outer loop
      vertex 33.7588 87.5 40.9385
      vertex 34.3267 89 39.561
      vertex 34.5124 89 39.6286
    endloop
  endfacet
  facet normal -0.651758 -0.704444 0.281017
    outer loop
      vertex 37.9892 87.5 36.8862
      vertex 36.5975 89 37.4186
      vertex 36.5192 89 37.237
    endloop
  endfacet
  facet normal -0.65191 -0.704452 0.280643
    outer loop
      vertex 36.5975 89 37.4186
      vertex 37.9892 87.5 36.8862
      vertex 37.9988 87.5 36.9085
    endloop
  endfacet
  facet normal 0.163217 -0.704424 -0.690758
    outer loop
      vertex 34.4222 87.5 41.1371
      vertex 34.7048 89 39.6742
      vertex 34.4459 87.5 41.1427
    endloop
  endfacet
  facet normal 0.16369 -0.704414 -0.690657
    outer loop
      vertex 34.7048 89 39.6742
      vertex 34.4222 87.5 41.1371
      vertex 34.5124 89 39.6286
    endloop
  endfacet
  facet normal 0.679955 -0.704421 0.203598
    outer loop
      vertex 33.3458 89 37.608
      vertex 31.8948 87.5 37.2641
      vertex 31.9943 87.5 36.9318
    endloop
  endfacet
  facet normal -0.082289 -0.704434 -0.704983
    outer loop
      vertex 35.1856 87.5 41.1858
      vertex 35.0988 89 39.6971
      vertex 35.53 87.5 41.1456
    endloop
  endfacet
  facet normal -0.516214 -0.70443 -0.487136
    outer loop
      vertex 36.3023 89 39.0927
      vertex 37.428 87.5 40.0689
      vertex 36.1666 89 39.2365
    endloop
  endfacet
  facet normal -0.516337 -0.704434 -0.487
    outer loop
      vertex 37.428 87.5 40.0689
      vertex 36.3023 89 39.0927
      vertex 37.4446 87.5 40.0513
    endloop
  endfacet
  facet normal -0.242905 -0.70443 -0.666915
    outer loop
      vertex 35.9153 87.5 41.0572
      vertex 35.4876 89 39.6286
      vertex 36.2412 87.5 40.9385
    endloop
  endfacet
  facet normal -0.318495 -0.704422 -0.634311
    outer loop
      vertex 35.6733 89 39.561
      vertex 36.5956 87.5 40.7637
      vertex 36.264 87.5 40.9302
    endloop
  endfacet
  facet normal -0.318705 -0.704446 -0.634179
    outer loop
      vertex 36.5956 87.5 40.7637
      vertex 35.6733 89 39.561
      vertex 35.85 89 39.4722
    endloop
  endfacet
  facet normal 0.698954 -0.704437 -0.123417
    outer loop
      vertex 31.8906 87.5 38.712
      vertex 31.8303 87.5 38.3705
      vertex 33.3115 89 38.1974
    endloop
  endfacet
  facet normal 0.082289 -0.704434 0.704983
    outer loop
      vertex 34.9012 89 36.3029
      vertex 34.47 87.5 34.8544
      vertex 34.8144 87.5 34.8142
    endloop
  endfacet
  facet normal 0.389875 -0.704435 0.593101
    outer loop
      vertex 33.9848 89 36.6364
      vertex 33.0943 87.5 35.4402
      vertex 33.3841 87.5 35.2497
    endloop
  endfacet
  facet normal -0.242905 -0.70443 0.666915
    outer loop
      vertex 36.2412 87.5 35.0615
      vertex 35.4876 89 36.3714
      vertex 35.9153 87.5 34.9428
    endloop
  endfacet
  facet normal 0.16369 -0.704414 0.690657
    outer loop
      vertex 34.4222 87.5 34.8629
      vertex 34.7048 89 36.3258
      vertex 34.5124 89 36.3714
    endloop
  endfacet
  facet normal 0.163217 -0.704424 0.690758
    outer loop
      vertex 34.7048 89 36.3258
      vertex 34.4222 87.5 34.8629
      vertex 34.4459 87.5 34.8573
    endloop
  endfacet
  facet normal 0.65191 -0.704452 -0.280643
    outer loop
      vertex 33.4025 89 38.5814
      vertex 32.0108 87.5 39.1138
      vertex 32.0012 87.5 39.0915
    endloop
  endfacet
  facet normal 0.651758 -0.704444 -0.281017
    outer loop
      vertex 32.0108 87.5 39.1138
      vertex 33.4025 89 38.5814
      vertex 33.4808 89 38.763
    endloop
  endfacet
  facet normal -0.614721 -0.704422 0.354835
    outer loop
      vertex 37.8396 87.5 36.5468
      vertex 36.4203 89 37.0658
      vertex 37.6662 87.5 36.2464
    endloop
  endfacet
  facet normal 0.614721 -0.704422 -0.354835
    outer loop
      vertex 32.3338 87.5 39.7536
      vertex 32.1604 87.5 39.4532
      vertex 33.5797 89 38.9342
    endloop
  endfacet
  facet normal 0.389875 -0.704435 -0.593101
    outer loop
      vertex 33.3841 87.5 40.7503
      vertex 33.0943 87.5 40.5598
      vertex 33.9848 89 39.3636
    endloop
  endfacet
  facet normal 0.163513 -0.704429 -0.690683
    outer loop
      vertex 34.4222 87.5 41.1371
      vertex 34.0847 87.5 41.0572
      vertex 34.5124 89 39.6286
    endloop
  endfacet
  facet normal 0.61378 -0.704363 -0.356577
    outer loop
      vertex 33.4808 89 38.763
      vertex 32.1604 87.5 39.4532
      vertex 32.1482 87.5 39.4322
    endloop
  endfacet
  facet normal 0.614617 -0.704401 -0.355056
    outer loop
      vertex 32.1604 87.5 39.4532
      vertex 33.4808 89 38.763
      vertex 33.5797 89 38.9342
    endloop
  endfacet
  facet normal 0.651689 -0.704424 -0.281225
    outer loop
      vertex 32.1482 87.5 39.4322
      vertex 32.0108 87.5 39.1138
      vertex 33.4808 89 38.763
    endloop
  endfacet
  facet normal -0.456278 -0.704437 -0.543671
    outer loop
      vertex 36.0152 89 39.3636
      vertex 37.19 87.5 40.3212
      vertex 36.9057 87.5 40.5598
    endloop
  endfacet
  facet normal -0.45635 -0.704447 -0.543599
    outer loop
      vertex 37.19 87.5 40.3212
      vertex 36.0152 89 39.3636
      vertex 36.1666 89 39.2365
    endloop
  endfacet
  facet normal -0.391028 -0.704404 -0.592378
    outer loop
      vertex 35.85 89 39.4722
      vertex 36.6159 87.5 40.7503
      vertex 36.5956 87.5 40.7637
    endloop
  endfacet
  facet normal -0.389891 -0.704433 -0.593093
    outer loop
      vertex 36.6159 87.5 40.7503
      vertex 35.85 89 39.4722
      vertex 36.0152 89 39.3636
    endloop
  endfacet
  facet normal 0.516296 -0.704441 -0.487033
    outer loop
      vertex 32.81 87.5 40.3212
      vertex 32.572 87.5 40.0689
      vertex 33.8334 89 39.2365
    endloop
  endfacet
  facet normal 0.082289 -0.704434 -0.704983
    outer loop
      vertex 34.8144 87.5 41.1858
      vertex 34.47 87.5 41.1456
      vertex 34.9012 89 39.6971
    endloop
  endfacet
  facet normal 0.242905 -0.70443 -0.666915
    outer loop
      vertex 34.0847 87.5 41.0572
      vertex 33.7588 87.5 40.9385
      vertex 34.5124 89 39.6286
    endloop
  endfacet
  facet normal 0 -0.704428 0.709775
    outer loop
      vertex 34.9012 89 36.3029
      vertex 35.1856 87.5 34.8142
      vertex 35.0988 89 36.3029
    endloop
  endfacet
  facet normal 0 -0.704428 0.709775
    outer loop
      vertex 35.1856 87.5 34.8142
      vertex 34.9012 89 36.3029
      vertex 34.8144 87.5 34.8142
    endloop
  endfacet
  facet normal 0.708584 -0.704427 -0.0411396
    outer loop
      vertex 31.8289 87.5 38.3462
      vertex 31.8088 87.5 38
      vertex 33.3 89 38
    endloop
  endfacet
  facet normal -0.16369 -0.704414 0.690657
    outer loop
      vertex 35.2952 89 36.3258
      vertex 35.5778 87.5 34.8629
      vertex 35.4876 89 36.3714
    endloop
  endfacet
  facet normal -0.163217 -0.704424 0.690758
    outer loop
      vertex 35.5778 87.5 34.8629
      vertex 35.2952 89 36.3258
      vertex 35.5541 87.5 34.8573
    endloop
  endfacet
  facet normal 0.242799 -0.70442 0.666965
    outer loop
      vertex 33.7588 87.5 35.0615
      vertex 34.3267 89 36.439
      vertex 33.736 87.5 35.0698
    endloop
  endfacet
  facet normal 0.242794 -0.704419 0.666966
    outer loop
      vertex 34.3267 89 36.439
      vertex 33.7588 87.5 35.0615
      vertex 34.5124 89 36.3714
    endloop
  endfacet
  facet normal 0.516337 -0.704434 -0.487
    outer loop
      vertex 33.6977 89 39.0927
      vertex 32.572 87.5 40.0689
      vertex 32.5554 87.5 40.0513
    endloop
  endfacet
  facet normal 0.516214 -0.70443 -0.487136
    outer loop
      vertex 32.572 87.5 40.0689
      vertex 33.6977 89 39.0927
      vertex 33.8334 89 39.2365
    endloop
  endfacet
  facet normal -0.389875 -0.704435 0.593101
    outer loop
      vertex 36.9057 87.5 35.4402
      vertex 36.0152 89 36.6364
      vertex 36.6159 87.5 35.2497
    endloop
  endfacet
  facet normal 0.0822022 -0.704426 -0.705001
    outer loop
      vertex 34.47 87.5 41.1456
      vertex 34.7048 89 39.6742
      vertex 34.9012 89 39.6971
    endloop
  endfacet
  facet normal 0.0847909 -0.704479 -0.704642
    outer loop
      vertex 34.7048 89 39.6742
      vertex 34.47 87.5 41.1456
      vertex 34.4459 87.5 41.1427
    endloop
  endfacet
  facet normal -0.163513 -0.704429 0.690683
    outer loop
      vertex 35.9153 87.5 34.9428
      vertex 35.4876 89 36.3714
      vertex 35.5778 87.5 34.8629
    endloop
  endfacet
  facet normal -0.614617 -0.704401 0.355056
    outer loop
      vertex 37.8396 87.5 36.5468
      vertex 36.5192 89 37.237
      vertex 36.4203 89 37.0658
    endloop
  endfacet
  facet normal -0.61378 -0.704363 0.356577
    outer loop
      vertex 36.5192 89 37.237
      vertex 37.8396 87.5 36.5468
      vertex 37.8518 87.5 36.5678
    endloop
  endfacet
  facet normal 0.708563 -0.704439 0.041279
    outer loop
      vertex 31.8289 87.5 37.6538
      vertex 33.3115 89 37.8026
      vertex 33.3 89 38
    endloop
  endfacet
  facet normal 0.708599 -0.704429 0.0408246
    outer loop
      vertex 33.3115 89 37.8026
      vertex 31.8289 87.5 37.6538
      vertex 31.8303 87.5 37.6295
    endloop
  endfacet
  facet normal 0 -0.704428 -0.709775
    outer loop
      vertex 35.1856 87.5 41.1858
      vertex 34.9012 89 39.6971
      vertex 35.0988 89 39.6971
    endloop
  endfacet
  facet normal 0 -0.704428 -0.709775
    outer loop
      vertex 34.9012 89 39.6971
      vertex 35.1856 87.5 41.1858
      vertex 34.8144 87.5 41.1858
    endloop
  endfacet
  facet normal 0.569328 -0.704425 0.423853
    outer loop
      vertex 32.5409 87.5 35.9682
      vertex 33.6977 89 36.9073
      vertex 33.5797 89 37.0658
    endloop
  endfacet
  facet normal 0.569577 -0.704417 0.423532
    outer loop
      vertex 33.6977 89 36.9073
      vertex 32.5409 87.5 35.9682
      vertex 32.5554 87.5 35.9487
    endloop
  endfacet
  facet normal 0.708584 -0.704427 0.0411396
    outer loop
      vertex 33.3 89 38
      vertex 31.8088 87.5 38
      vertex 31.8289 87.5 37.6538
    endloop
  endfacet
  facet normal 0.389891 -0.704433 0.593093
    outer loop
      vertex 33.3841 87.5 35.2497
      vertex 34.15 89 36.5278
      vertex 33.9848 89 36.6364
    endloop
  endfacet
  facet normal 0.391028 -0.704404 0.592378
    outer loop
      vertex 34.15 89 36.5278
      vertex 33.3841 87.5 35.2497
      vertex 33.4044 87.5 35.2363
    endloop
  endfacet
  facet normal -0.45635 -0.704447 0.543599
    outer loop
      vertex 36.0152 89 36.6364
      vertex 37.19 87.5 35.6788
      vertex 36.1666 89 36.7635
    endloop
  endfacet
  facet normal -0.456278 -0.704437 0.543671
    outer loop
      vertex 37.19 87.5 35.6788
      vertex 36.0152 89 36.6364
      vertex 36.9057 87.5 35.4402
    endloop
  endfacet
  facet normal 0.614721 -0.704422 0.354835
    outer loop
      vertex 33.5797 89 37.0658
      vertex 32.1604 87.5 36.5468
      vertex 32.3338 87.5 36.2464
    endloop
  endfacet
  facet normal 0.318495 -0.704422 -0.634311
    outer loop
      vertex 33.4044 87.5 40.7637
      vertex 34.3267 89 39.561
      vertex 33.736 87.5 40.9302
    endloop
  endfacet
  facet normal 0.318705 -0.704446 -0.634179
    outer loop
      vertex 34.3267 89 39.561
      vertex 33.4044 87.5 40.7637
      vertex 34.15 89 39.4722
    endloop
  endfacet
  facet normal 0.61378 -0.704363 0.356577
    outer loop
      vertex 32.1604 87.5 36.5468
      vertex 33.4808 89 37.237
      vertex 32.1482 87.5 36.5678
    endloop
  endfacet
  facet normal 0.614617 -0.704401 0.355056
    outer loop
      vertex 33.4808 89 37.237
      vertex 32.1604 87.5 36.5468
      vertex 33.5797 89 37.0658
    endloop
  endfacet
  facet normal 0.65191 -0.704452 0.280643
    outer loop
      vertex 32.0108 87.5 36.8862
      vertex 33.4025 89 37.4186
      vertex 32.0012 87.5 36.9085
    endloop
  endfacet
  facet normal 0.651758 -0.704444 0.281017
    outer loop
      vertex 33.4025 89 37.4186
      vertex 32.0108 87.5 36.8862
      vertex 33.4808 89 37.237
    endloop
  endfacet
  facet normal -0.0847909 -0.704479 -0.704642
    outer loop
      vertex 35.53 87.5 41.1456
      vertex 35.2952 89 39.6742
      vertex 35.5541 87.5 41.1427
    endloop
  endfacet
  facet normal -0.0822022 -0.704426 -0.705001
    outer loop
      vertex 35.2952 89 39.6742
      vertex 35.53 87.5 41.1456
      vertex 35.0988 89 39.6971
    endloop
  endfacet
  facet normal -0.569328 -0.704425 0.423853
    outer loop
      vertex 36.3023 89 36.9073
      vertex 37.4591 87.5 35.9682
      vertex 36.4203 89 37.0658
    endloop
  endfacet
  facet normal -0.569577 -0.704417 0.423532
    outer loop
      vertex 37.4591 87.5 35.9682
      vertex 36.3023 89 36.9073
      vertex 37.4446 87.5 35.9487
    endloop
  endfacet
  facet normal 0.699011 -0.704418 0.123207
    outer loop
      vertex 31.8906 87.5 37.288
      vertex 33.3458 89 37.608
      vertex 33.3115 89 37.8026
    endloop
  endfacet
  facet normal 0.699081 -0.70441 0.122851
    outer loop
      vertex 33.3458 89 37.608
      vertex 31.8906 87.5 37.288
      vertex 31.8948 87.5 37.2641
    endloop
  endfacet
  facet normal -0.242794 -0.704419 0.666966
    outer loop
      vertex 36.2412 87.5 35.0615
      vertex 35.6733 89 36.439
      vertex 35.4876 89 36.3714
    endloop
  endfacet
  facet normal -0.242799 -0.70442 0.666965
    outer loop
      vertex 35.6733 89 36.439
      vertex 36.2412 87.5 35.0615
      vertex 36.264 87.5 35.0698
    endloop
  endfacet
  facet normal -0.516296 -0.704441 0.487033
    outer loop
      vertex 37.428 87.5 35.9311
      vertex 36.1666 89 36.7635
      vertex 37.19 87.5 35.6788
    endloop
  endfacet
  facet normal 0.569343 -0.704423 0.423835
    outer loop
      vertex 33.5797 89 37.0658
      vertex 32.3338 87.5 36.2464
      vertex 32.5409 87.5 35.9682
    endloop
  endfacet
  facet normal 0.516296 -0.704441 0.487033
    outer loop
      vertex 33.8334 89 36.7635
      vertex 32.572 87.5 35.9311
      vertex 32.81 87.5 35.6788
    endloop
  endfacet
  facet normal 0.680614 -0.704372 -0.201555
    outer loop
      vertex 31.9943 87.5 39.0682
      vertex 33.4025 89 38.5814
      vertex 32.0012 87.5 39.0915
    endloop
  endfacet
  facet normal 0.67997 -0.704418 -0.20356
    outer loop
      vertex 33.4025 89 38.5814
      vertex 31.9943 87.5 39.0682
      vertex 33.3458 89 38.392
    endloop
  endfacet
  facet normal 0.569577 -0.704417 -0.423532
    outer loop
      vertex 32.5409 87.5 40.0318
      vertex 33.6977 89 39.0927
      vertex 32.5554 87.5 40.0513
    endloop
  endfacet
  facet normal 0.569328 -0.704425 -0.423853
    outer loop
      vertex 33.6977 89 39.0927
      vertex 32.5409 87.5 40.0318
      vertex 33.5797 89 38.9342
    endloop
  endfacet
  facet normal 0.318705 -0.704446 0.634179
    outer loop
      vertex 33.4044 87.5 35.2363
      vertex 34.3267 89 36.439
      vertex 34.15 89 36.5278
    endloop
  endfacet
  facet normal 0.318495 -0.704422 0.634311
    outer loop
      vertex 34.3267 89 36.439
      vertex 33.4044 87.5 35.2363
      vertex 33.736 87.5 35.0698
    endloop
  endfacet
  facet normal -0.651689 -0.704424 0.281225
    outer loop
      vertex 37.9892 87.5 36.8862
      vertex 36.5192 89 37.237
      vertex 37.8518 87.5 36.5678
    endloop
  endfacet
  facet normal -0.569343 -0.704423 0.423835
    outer loop
      vertex 37.6662 87.5 36.2464
      vertex 36.4203 89 37.0658
      vertex 37.4591 87.5 35.9682
    endloop
  endfacet
  facet normal 0 -1 -0
    outer loop
      vertex 33.9848 89 39.3636
      vertex 33.8334 89 39.2365
      vertex 34.15 89 39.4722
    endloop
  endfacet
  facet normal 0 -1 -0
    outer loop
      vertex 33.4808 89 38.763
      vertex 33.4025 89 38.5814
      vertex 33.5797 89 38.9342
    endloop
  endfacet
  facet normal 0 -1 0
    outer loop
      vertex 36.7 89 38
      vertex 36.6542 89 37.608
      vertex 36.6885 89 37.8026
    endloop
  endfacet
  facet normal -0 -1 -0
    outer loop
      vertex 36.6885 89 38.1974
      vertex 36.6542 89 38.392
      vertex 36.7 89 38
    endloop
  endfacet
  facet normal 0 -1 0
    outer loop
      vertex 36.0152 89 36.6364
      vertex 35.6733 89 36.439
      vertex 35.85 89 36.5278
    endloop
  endfacet
  facet normal -0 -1 -0
    outer loop
      vertex 36.4203 89 38.9342
      vertex 36.3023 89 39.0927
      vertex 36.5192 89 38.763
    endloop
  endfacet
  facet normal -0 -1 -0
    outer loop
      vertex 36.5975 89 38.5814
      vertex 36.5192 89 38.763
      vertex 36.6542 89 38.392
    endloop
  endfacet
  facet normal 0 -1 0
    outer loop
      vertex 34.9012 89 36.3029
      vertex 34.5124 89 36.3714
      vertex 34.7048 89 36.3258
    endloop
  endfacet
  facet normal 0 -1 0
    outer loop
      vertex 36.3023 89 36.9073
      vertex 36.0152 89 36.6364
      vertex 36.1666 89 36.7635
    endloop
  endfacet
  facet normal -0 -1 -0
    outer loop
      vertex 35.0988 89 39.6971
      vertex 34.9012 89 39.6971
      vertex 35.2952 89 39.6742
    endloop
  endfacet
  facet normal 0 -1 -0
    outer loop
      vertex 33.3115 89 38.1974
      vertex 33.3 89 38
      vertex 33.3115 89 37.8026
    endloop
  endfacet
  facet normal 0 -1 -0
    outer loop
      vertex 33.3458 89 38.392
      vertex 33.3115 89 38.1974
      vertex 33.4025 89 38.5814
    endloop
  endfacet
  facet normal -0 -1 -0
    outer loop
      vertex 35.4876 89 39.6286
      vertex 35.2952 89 39.6742
      vertex 35.6733 89 39.561
    endloop
  endfacet
  facet normal -0 -1 -0
    outer loop
      vertex 35.85 89 39.4722
      vertex 35.6733 89 39.561
      vertex 36.0152 89 39.3636
    endloop
  endfacet
  facet normal 0 -1 0
    outer loop
      vertex 33.8334 89 36.7635
      vertex 33.5797 89 37.0658
      vertex 33.6977 89 36.9073
    endloop
  endfacet
  facet normal 0 -1 0
    outer loop
      vertex 34.15 89 36.5278
      vertex 33.8334 89 36.7635
      vertex 33.9848 89 36.6364
    endloop
  endfacet
  facet normal 0 -1 0
    outer loop
      vertex 33.4025 89 37.4186
      vertex 33.3115 89 37.8026
      vertex 33.3458 89 37.608
    endloop
  endfacet
  facet normal 0 -1 -0
    outer loop
      vertex 34.7048 89 39.6742
      vertex 34.5124 89 39.6286
      vertex 34.9012 89 39.6971
    endloop
  endfacet
  facet normal 0 -1 0
    outer loop
      vertex 33.5797 89 37.0658
      vertex 33.4025 89 37.4186
      vertex 33.4808 89 37.237
    endloop
  endfacet
  facet normal -0 -1 -0
    outer loop
      vertex 36.1666 89 39.2365
      vertex 36.0152 89 39.3636
      vertex 36.3023 89 39.0927
    endloop
  endfacet
  facet normal 0 -1 -0
    outer loop
      vertex 34.3267 89 39.561
      vertex 34.15 89 39.4722
      vertex 34.5124 89 39.6286
    endloop
  endfacet
  facet normal 0 -1 0
    outer loop
      vertex 36.5192 89 37.237
      vertex 36.3023 89 36.9073
      vertex 36.4203 89 37.0658
    endloop
  endfacet
  facet normal 0 -1 0
    outer loop
      vertex 36.6542 89 37.608
      vertex 36.5192 89 37.237
      vertex 36.5975 89 37.4186
    endloop
  endfacet
  facet normal 0 -1 0
    outer loop
      vertex 34.5124 89 36.3714
      vertex 34.15 89 36.5278
      vertex 34.3267 89 36.439
    endloop
  endfacet
  facet normal 0 -1 0
    outer loop
      vertex 35.2952 89 36.3258
      vertex 34.9012 89 36.3029
      vertex 35.0988 89 36.3029
    endloop
  endfacet
  facet normal 0 -1 0
    outer loop
      vertex 35.6733 89 36.439
      vertex 35.2952 89 36.3258
      vertex 35.4876 89 36.3714
    endloop
  endfacet
  facet normal 0 -1 -0
    outer loop
      vertex 33.6977 89 39.0927
      vertex 33.5797 89 38.9342
      vertex 33.8334 89 39.2365
    endloop
  endfacet
  facet normal -0.318705 -0.704446 0.634179
    outer loop
      vertex 35.6733 89 36.439
      vertex 36.5956 87.5 35.2363
      vertex 35.85 89 36.5278
    endloop
  endfacet
  facet normal -0.318495 -0.704422 0.634311
    outer loop
      vertex 36.5956 87.5 35.2363
      vertex 35.6733 89 36.439
      vertex 36.264 87.5 35.0698
    endloop
  endfacet
  facet normal -0.082289 -0.704434 0.704983
    outer loop
      vertex 35.53 87.5 34.8544
      vertex 35.0988 89 36.3029
      vertex 35.1856 87.5 34.8142
    endloop
  endfacet
  facet normal -0.699011 -0.704418 0.123207
    outer loop
      vertex 36.6542 89 37.608
      vertex 38.1094 87.5 37.288
      vertex 36.6885 89 37.8026
    endloop
  endfacet
  facet normal -0.699081 -0.70441 0.122851
    outer loop
      vertex 38.1094 87.5 37.288
      vertex 36.6542 89 37.608
      vertex 38.1052 87.5 37.2641
    endloop
  endfacet
  facet normal -0.679955 -0.704421 0.203598
    outer loop
      vertex 38.1052 87.5 37.2641
      vertex 36.6542 89 37.608
      vertex 38.0057 87.5 36.9318
    endloop
  endfacet
  facet normal -0.0847909 -0.704479 0.704642
    outer loop
      vertex 35.2952 89 36.3258
      vertex 35.53 87.5 34.8544
      vertex 35.5541 87.5 34.8573
    endloop
  endfacet
  facet normal -0.0822022 -0.704426 0.705001
    outer loop
      vertex 35.53 87.5 34.8544
      vertex 35.2952 89 36.3258
      vertex 35.0988 89 36.3029
    endloop
  endfacet
  facet normal -0.67997 -0.704418 0.20356
    outer loop
      vertex 36.5975 89 37.4186
      vertex 38.0057 87.5 36.9318
      vertex 36.6542 89 37.608
    endloop
  endfacet
  facet normal -0.680614 -0.704372 0.201555
    outer loop
      vertex 38.0057 87.5 36.9318
      vertex 36.5975 89 37.4186
      vertex 37.9988 87.5 36.9085
    endloop
  endfacet
  facet normal -0.698954 -0.704437 0.123417
    outer loop
      vertex 38.1697 87.5 37.6295
      vertex 36.6885 89 37.8026
      vertex 38.1094 87.5 37.288
    endloop
  endfacet
  facet normal -0.0580239 0 0.998315
    outer loop
      vertex 74.9012 0.999999 36.3029
      vertex 75.2952 0 36.3258
      vertex 75.2952 0.999999 36.3258
    endloop
  endfacet
  facet normal -0.0580239 0 0.998315
    outer loop
      vertex 75.2952 0 36.3258
      vertex 74.9012 0.999999 36.3029
      vertex 74.9012 0 36.3029
    endloop
  endfacet
  facet normal -0.939719 0 0.341946
    outer loop
      vertex 76.5192 0 37.237
      vertex 76.6542 0.999999 37.608
      vertex 76.5192 0.999999 37.237
    endloop
  endfacet
  facet normal -0.939719 0 0.341946
    outer loop
      vertex 76.6542 0.999999 37.608
      vertex 76.5192 0 37.237
      vertex 76.6542 0 37.608
    endloop
  endfacet
  facet normal -0.993244 0 0.116047
    outer loop
      vertex 76.6542 0 37.608
      vertex 76.7 0.999999 38
      vertex 76.6542 0.999999 37.608
    endloop
  endfacet
  facet normal -0.993244 0 0.116047
    outer loop
      vertex 76.7 0.999999 38
      vertex 76.6542 0 37.608
      vertex 76.7 0 38
    endloop
  endfacet
  facet normal -0.286813 0 -0.957987
    outer loop
      vertex 75.2952 0 39.6742
      vertex 75.6733 0.999999 39.561
      vertex 75.6733 0 39.561
    endloop
  endfacet
  facet normal -0.286813 0 -0.957987
    outer loop
      vertex 75.6733 0.999999 39.561
      vertex 75.2952 0 39.6742
      vertex 75.2952 0.999999 39.6742
    endloop
  endfacet
  facet normal 1 -0 0
    outer loop
      vertex 73.3115 0 38.1974
      vertex 73.3115 0.999999 37.8026
      vertex 73.3115 0.999999 38.1974
    endloop
  endfacet
  facet normal 1 0 0
    outer loop
      vertex 73.3115 0.999999 37.8026
      vertex 73.3115 0 38.1974
      vertex 73.3115 0 37.8026
    endloop
  endfacet
  facet normal -0.286813 0 0.957987
    outer loop
      vertex 75.2952 0.999999 36.3258
      vertex 75.6733 0 36.439
      vertex 75.6733 0.999999 36.439
    endloop
  endfacet
  facet normal -0.286813 0 0.957987
    outer loop
      vertex 75.6733 0 36.439
      vertex 75.2952 0.999999 36.3258
      vertex 75.2952 0 36.3258
    endloop
  endfacet
  facet normal 0.765994 -0 0.642847
    outer loop
      vertex 73.5797 0 37.0658
      vertex 73.8334 0.999999 36.7635
      vertex 73.5797 0.999999 37.0658
    endloop
  endfacet
  facet normal 0.765994 0 0.642847
    outer loop
      vertex 73.8334 0.999999 36.7635
      vertex 73.5797 0 37.0658
      vertex 73.8334 0 36.7635
    endloop
  endfacet
  facet normal -0.0580239 0 -0.998315
    outer loop
      vertex 74.9012 0 39.6971
      vertex 75.2952 0.999999 39.6742
      vertex 75.2952 0 39.6742
    endloop
  endfacet
  facet normal -0.0580239 0 -0.998315
    outer loop
      vertex 75.2952 0.999999 39.6742
      vertex 74.9012 0 39.6971
      vertex 74.9012 0.999999 39.6971
    endloop
  endfacet
  facet normal -0.993244 0 -0.116047
    outer loop
      vertex 76.7 0 38
      vertex 76.6542 0.999999 38.392
      vertex 76.7 0.999999 38
    endloop
  endfacet
  facet normal -0.993244 -0 -0.116047
    outer loop
      vertex 76.6542 0.999999 38.392
      vertex 76.7 0 38
      vertex 76.6542 0 38.392
    endloop
  endfacet
  facet normal -0.686289 0 -0.727329
    outer loop
      vertex 76.0152 0 39.3636
      vertex 76.3023 0.999999 39.0927
      vertex 76.3023 0 39.0927
    endloop
  endfacet
  facet normal -0.686289 0 -0.727329
    outer loop
      vertex 76.3023 0.999999 39.0927
      vertex 76.0152 0 39.3636
      vertex 76.0152 0.999999 39.3636
    endloop
  endfacet
  facet normal -0.835426 0 0.549603
    outer loop
      vertex 76.3023 0 36.9073
      vertex 76.5192 0.999999 37.237
      vertex 76.3023 0.999999 36.9073
    endloop
  endfacet
  facet normal -0.835426 0 0.549603
    outer loop
      vertex 76.5192 0.999999 37.237
      vertex 76.3023 0 36.9073
      vertex 76.5192 0 37.237
    endloop
  endfacet
  facet normal 0.173511 0 -0.984832
    outer loop
      vertex 74.5124 0 39.6286
      vertex 74.9012 0.999999 39.6971
      vertex 74.9012 0 39.6971
    endloop
  endfacet
  facet normal 0.173511 0 -0.984832
    outer loop
      vertex 74.9012 0.999999 39.6971
      vertex 74.5124 0 39.6286
      vertex 74.5124 0.999999 39.6286
    endloop
  endfacet
  facet normal 0.396242 0 0.918146
    outer loop
      vertex 74.15 0.999999 36.5278
      vertex 74.5124 0 36.3714
      vertex 74.5124 0.999999 36.3714
    endloop
  endfacet
  facet normal 0.396242 0 0.918146
    outer loop
      vertex 74.5124 0 36.3714
      vertex 74.15 0.999999 36.5278
      vertex 74.15 0 36.5278
    endloop
  endfacet
  facet normal 0.893615 -0 0.448834
    outer loop
      vertex 73.4025 0 37.4186
      vertex 73.5797 0.999999 37.0658
      vertex 73.4025 0.999999 37.4186
    endloop
  endfacet
  facet normal 0.893615 0 0.448834
    outer loop
      vertex 73.5797 0.999999 37.0658
      vertex 73.4025 0 37.4186
      vertex 73.5797 0 37.0658
    endloop
  endfacet
  facet normal 0.765994 0 -0.642847
    outer loop
      vertex 73.8334 0 39.2365
      vertex 73.5797 0.999999 38.9342
      vertex 73.8334 0.999999 39.2365
    endloop
  endfacet
  facet normal 0.765994 0 -0.642847
    outer loop
      vertex 73.5797 0.999999 38.9342
      vertex 73.8334 0 39.2365
      vertex 73.5797 0 38.9342
    endloop
  endfacet
  facet normal -0.939719 0 -0.341946
    outer loop
      vertex 76.6542 0 38.392
      vertex 76.5192 0.999999 38.763
      vertex 76.6542 0.999999 38.392
    endloop
  endfacet
  facet normal -0.939719 -0 -0.341946
    outer loop
      vertex 76.5192 0.999999 38.763
      vertex 76.6542 0 38.392
      vertex 76.5192 0 38.763
    endloop
  endfacet
  facet normal -0.835426 0 -0.549603
    outer loop
      vertex 76.5192 0 38.763
      vertex 76.3023 0.999999 39.0927
      vertex 76.5192 0.999999 38.763
    endloop
  endfacet
  facet normal -0.835426 -0 -0.549603
    outer loop
      vertex 76.3023 0.999999 39.0927
      vertex 76.5192 0 38.763
      vertex 76.3023 0 39.0927
    endloop
  endfacet
  facet normal 0.597159 0 -0.802123
    outer loop
      vertex 73.8334 0 39.2365
      vertex 74.15 0.999999 39.4722
      vertex 74.15 0 39.4722
    endloop
  endfacet
  facet normal 0.597159 0 -0.802123
    outer loop
      vertex 74.15 0.999999 39.4722
      vertex 73.8334 0 39.2365
      vertex 73.8334 0.999999 39.2365
    endloop
  endfacet
  facet normal 0.173511 0 0.984832
    outer loop
      vertex 74.5124 0.999999 36.3714
      vertex 74.9012 0 36.3029
      vertex 74.9012 0.999999 36.3029
    endloop
  endfacet
  facet normal 0.173511 0 0.984832
    outer loop
      vertex 74.9012 0 36.3029
      vertex 74.5124 0.999999 36.3714
      vertex 74.5124 0 36.3714
    endloop
  endfacet
  facet normal -0.500007 0 0.866021
    outer loop
      vertex 75.6733 0.999999 36.439
      vertex 76.0152 0 36.6364
      vertex 76.0152 0.999999 36.6364
    endloop
  endfacet
  facet normal -0.500007 0 0.866021
    outer loop
      vertex 76.0152 0 36.6364
      vertex 75.6733 0.999999 36.439
      vertex 75.6733 0 36.439
    endloop
  endfacet
  facet normal -0.686289 0 0.727329
    outer loop
      vertex 76.0152 0.999999 36.6364
      vertex 76.3023 0 36.9073
      vertex 76.3023 0.999999 36.9073
    endloop
  endfacet
  facet normal -0.686289 0 0.727329
    outer loop
      vertex 76.3023 0 36.9073
      vertex 76.0152 0.999999 36.6364
      vertex 76.0152 0 36.6364
    endloop
  endfacet
  facet normal 0.893615 0 -0.448834
    outer loop
      vertex 73.5797 0 38.9342
      vertex 73.4025 0.999999 38.5814
      vertex 73.5797 0.999999 38.9342
    endloop
  endfacet
  facet normal 0.893615 0 -0.448834
    outer loop
      vertex 73.4025 0.999999 38.5814
      vertex 73.5797 0 38.9342
      vertex 73.4025 0 38.5814
    endloop
  endfacet
  facet normal -0.500007 0 -0.866021
    outer loop
      vertex 75.6733 0 39.561
      vertex 76.0152 0.999999 39.3636
      vertex 76.0152 0 39.3636
    endloop
  endfacet
  facet normal -0.500007 0 -0.866021
    outer loop
      vertex 76.0152 0.999999 39.3636
      vertex 75.6733 0 39.561
      vertex 75.6733 0.999999 39.561
    endloop
  endfacet
  facet normal 0.597159 0 0.802123
    outer loop
      vertex 73.8334 0.999999 36.7635
      vertex 74.15 0 36.5278
      vertex 74.15 0.999999 36.5278
    endloop
  endfacet
  facet normal 0.597159 0 0.802123
    outer loop
      vertex 74.15 0 36.5278
      vertex 73.8334 0.999999 36.7635
      vertex 73.8334 0 36.7635
    endloop
  endfacet
  facet normal 0.97305 0 -0.230593
    outer loop
      vertex 73.4025 0 38.5814
      vertex 73.3115 0.999999 38.1974
      vertex 73.4025 0.999999 38.5814
    endloop
  endfacet
  facet normal 0.97305 0 -0.230593
    outer loop
      vertex 73.3115 0.999999 38.1974
      vertex 73.4025 0 38.5814
      vertex 73.3115 0 38.1974
    endloop
  endfacet
  facet normal 0.97305 -0 0.230593
    outer loop
      vertex 73.3115 0 37.8026
      vertex 73.4025 0.999999 37.4186
      vertex 73.3115 0.999999 37.8026
    endloop
  endfacet
  facet normal 0.97305 0 0.230593
    outer loop
      vertex 73.4025 0.999999 37.4186
      vertex 73.3115 0 37.8026
      vertex 73.4025 0 37.4186
    endloop
  endfacet
  facet normal 0.396242 0 -0.918146
    outer loop
      vertex 74.15 0 39.4722
      vertex 74.5124 0.999999 39.6286
      vertex 74.5124 0 39.6286
    endloop
  endfacet
  facet normal 0.396242 0 -0.918146
    outer loop
      vertex 74.5124 0.999999 39.6286
      vertex 74.15 0 39.4722
      vertex 74.15 0.999999 39.4722
    endloop
  endfacet
  facet normal -0.679955 0.704421 -0.203598
    outer loop
      vertex 78.0057 2.5 39.0682
      vertex 78.1052 2.5 38.7359
      vertex 76.6542 0.999999 38.392
    endloop
  endfacet
  facet normal -0.708584 0.704426 0.0411396
    outer loop
      vertex 78.1912 2.5 38
      vertex 78.1711 2.5 37.6538
      vertex 76.7 0.999999 38
    endloop
  endfacet
  facet normal -0.708368 0.704488 0.0437264
    outer loop
      vertex 76.6885 0.999999 37.8026
      vertex 78.1711 2.5 37.6538
      vertex 78.1696 2.5 37.6295
    endloop
  endfacet
  facet normal -0.708564 0.704439 0.041279
    outer loop
      vertex 78.1711 2.5 37.6538
      vertex 76.6885 0.999999 37.8026
      vertex 76.7 0.999999 38
    endloop
  endfacet
  facet normal 0.242905 0.70443 0.666915
    outer loop
      vertex 74.5124 0.999999 36.3714
      vertex 74.0847 2.5 34.9428
      vertex 73.7588 2.5 35.0615
    endloop
  endfacet
  facet normal 0.651689 0.704424 0.281225
    outer loop
      vertex 73.4808 0.999999 37.237
      vertex 72.1482 2.5 36.5678
      vertex 72.0108 2.5 36.8862
    endloop
  endfacet
  facet normal -0.708564 0.704439 -0.041279
    outer loop
      vertex 76.6885 0.999999 38.1974
      vertex 78.1711 2.5 38.3462
      vertex 76.7 0.999999 38
    endloop
  endfacet
  facet normal -0.708368 0.704488 -0.0437264
    outer loop
      vertex 78.1711 2.5 38.3462
      vertex 76.6885 0.999999 38.1974
      vertex 78.1696 2.5 38.3705
    endloop
  endfacet
  facet normal -0.61378 0.704363 -0.356577
    outer loop
      vertex 76.5192 0.999999 38.763
      vertex 77.8396 2.5 39.4532
      vertex 77.8518 2.5 39.4322
    endloop
  endfacet
  facet normal -0.614618 0.7044 -0.355057
    outer loop
      vertex 77.8396 2.5 39.4532
      vertex 76.5192 0.999999 38.763
      vertex 76.4203 0.999999 38.9342
    endloop
  endfacet
  facet normal 0.0822023 0.704426 0.705001
    outer loop
      vertex 74.47 2.5 34.8544
      vertex 74.7048 0.999999 36.3258
      vertex 74.9012 0.999999 36.3029
    endloop
  endfacet
  facet normal 0.0844463 0.704472 0.70469
    outer loop
      vertex 74.7048 0.999999 36.3258
      vertex 74.47 2.5 34.8544
      vertex 74.4458 2.5 34.8573
    endloop
  endfacet
  facet normal -0.516338 0.704433 0.487
    outer loop
      vertex 77.428 2.5 35.9311
      vertex 76.3023 0.999999 36.9073
      vertex 77.4446 2.5 35.9487
    endloop
  endfacet
  facet normal -0.516214 0.70443 0.487137
    outer loop
      vertex 76.3023 0.999999 36.9073
      vertex 77.428 2.5 35.9311
      vertex 76.1666 0.999999 36.7635
    endloop
  endfacet
  facet normal 0.708368 0.704488 -0.0437264
    outer loop
      vertex 73.3115 0.999999 38.1974
      vertex 71.8289 2.5 38.3462
      vertex 71.8304 2.5 38.3705
    endloop
  endfacet
  facet normal 0.708564 0.704439 -0.041279
    outer loop
      vertex 71.8289 2.5 38.3462
      vertex 73.3115 0.999999 38.1974
      vertex 73.3 0.999999 38
    endloop
  endfacet
  facet normal -0.65191 0.704452 -0.280643
    outer loop
      vertex 76.5975 0.999999 38.5814
      vertex 77.9892 2.5 39.1138
      vertex 77.9988 2.5 39.0915
    endloop
  endfacet
  facet normal -0.651758 0.704443 -0.281017
    outer loop
      vertex 77.9892 2.5 39.1138
      vertex 76.5975 0.999999 38.5814
      vertex 76.5192 0.999999 38.763
    endloop
  endfacet
  facet normal -0.242799 0.704419 -0.666965
    outer loop
      vertex 75.6733 0.999999 39.561
      vertex 76.2412 2.5 40.9385
      vertex 76.264 2.5 40.9302
    endloop
  endfacet
  facet normal -0.242795 0.704419 -0.666967
    outer loop
      vertex 76.2412 2.5 40.9385
      vertex 75.6733 0.999999 39.561
      vertex 75.4876 0.999999 39.6286
    endloop
  endfacet
  facet normal 0.516214 0.70443 0.487137
    outer loop
      vertex 72.572 2.5 35.9311
      vertex 73.6977 0.999999 36.9073
      vertex 73.8334 0.999999 36.7635
    endloop
  endfacet
  facet normal 0.516338 0.704433 0.487
    outer loop
      vertex 73.6977 0.999999 36.9073
      vertex 72.572 2.5 35.9311
      vertex 72.5554 2.5 35.9487
    endloop
  endfacet
  facet normal -0.699081 0.70441 -0.122851
    outer loop
      vertex 78.1094 2.5 38.712
      vertex 76.6542 0.999999 38.392
      vertex 78.1052 2.5 38.7359
    endloop
  endfacet
  facet normal -0.699011 0.704417 -0.123207
    outer loop
      vertex 76.6542 0.999999 38.392
      vertex 78.1094 2.5 38.712
      vertex 76.6885 0.999999 38.1974
    endloop
  endfacet
  facet normal -0.389875 0.704434 -0.593102
    outer loop
      vertex 76.6159 2.5 40.7503
      vertex 76.9057 2.5 40.5598
      vertex 76.0152 0.999999 39.3636
    endloop
  endfacet
  facet normal 0.699007 0.704419 0.123222
    outer loop
      vertex 73.3115 0.999999 37.8026
      vertex 71.8906 2.5 37.288
      vertex 71.8304 2.5 37.6295
    endloop
  endfacet
  facet normal 0.67997 0.704417 0.20356
    outer loop
      vertex 73.4025 0.999999 37.4186
      vertex 71.9943 2.5 36.9318
      vertex 73.3458 0.999999 37.608
    endloop
  endfacet
  facet normal 0.680614 0.704372 0.201555
    outer loop
      vertex 71.9943 2.5 36.9318
      vertex 73.4025 0.999999 37.4186
      vertex 72.0012 2.5 36.9085
    endloop
  endfacet
  facet normal 0.456279 0.704437 -0.543671
    outer loop
      vertex 73.9848 0.999999 39.3636
      vertex 72.81 2.5 40.3212
      vertex 73.0943 2.5 40.5598
    endloop
  endfacet
  facet normal 0.45635 0.704446 -0.543599
    outer loop
      vertex 72.81 2.5 40.3212
      vertex 73.9848 0.999999 39.3636
      vertex 73.8334 0.999999 39.2365
    endloop
  endfacet
  facet normal -0.163513 0.704429 -0.690683
    outer loop
      vertex 75.5778 2.5 41.1371
      vertex 75.9153 2.5 41.0572
      vertex 75.4876 0.999999 39.6286
    endloop
  endfacet
  facet normal -0.516296 0.704441 -0.487033
    outer loop
      vertex 77.19 2.5 40.3212
      vertex 77.428 2.5 40.0689
      vertex 76.1666 0.999999 39.2365
    endloop
  endfacet
  facet normal 0.163513 0.704429 0.690683
    outer loop
      vertex 74.5124 0.999999 36.3714
      vertex 74.4222 2.5 34.8629
      vertex 74.0847 2.5 34.9428
    endloop
  endfacet
  facet normal -0.680614 0.704372 -0.201555
    outer loop
      vertex 78.0057 2.5 39.0682
      vertex 76.5975 0.999999 38.5814
      vertex 77.9988 2.5 39.0915
    endloop
  endfacet
  facet normal -0.67997 0.704417 -0.20356
    outer loop
      vertex 76.5975 0.999999 38.5814
      vertex 78.0057 2.5 39.0682
      vertex 76.6542 0.999999 38.392
    endloop
  endfacet
  facet normal -0.569343 0.704423 -0.423835
    outer loop
      vertex 77.4591 2.5 40.0318
      vertex 77.6662 2.5 39.7536
      vertex 76.4203 0.999999 38.9342
    endloop
  endfacet
  facet normal -0.699007 0.704419 -0.123222
    outer loop
      vertex 78.1094 2.5 38.712
      vertex 78.1696 2.5 38.3705
      vertex 76.6885 0.999999 38.1974
    endloop
  endfacet
  facet normal -0.708584 0.704426 -0.0411396
    outer loop
      vertex 78.1711 2.5 38.3462
      vertex 78.1912 2.5 38
      vertex 76.7 0.999999 38
    endloop
  endfacet
  facet normal -0.651689 0.704424 -0.281225
    outer loop
      vertex 77.8518 2.5 39.4322
      vertex 77.9892 2.5 39.1138
      vertex 76.5192 0.999999 38.763
    endloop
  endfacet
  facet normal 0.45635 0.704446 0.543599
    outer loop
      vertex 73.9848 0.999999 36.6364
      vertex 72.81 2.5 35.6788
      vertex 73.8334 0.999999 36.7635
    endloop
  endfacet
  facet normal 0.456279 0.704437 0.543671
    outer loop
      vertex 72.81 2.5 35.6788
      vertex 73.9848 0.999999 36.6364
      vertex 73.0943 2.5 35.4402
    endloop
  endfacet
  facet normal -0.569577 0.704417 -0.423532
    outer loop
      vertex 77.4591 2.5 40.0318
      vertex 76.3023 0.999999 39.0927
      vertex 77.4446 2.5 40.0513
    endloop
  endfacet
  facet normal -0.569328 0.704425 -0.423853
    outer loop
      vertex 76.3023 0.999999 39.0927
      vertex 77.4591 2.5 40.0318
      vertex 76.4203 0.999999 38.9342
    endloop
  endfacet
  facet normal -0.163875 0.70441 -0.690617
    outer loop
      vertex 75.5778 2.5 41.1371
      vertex 75.2952 0.999999 39.6742
      vertex 75.5542 2.5 41.1427
    endloop
  endfacet
  facet normal -0.16369 0.704414 -0.690657
    outer loop
      vertex 75.2952 0.999999 39.6742
      vertex 75.5778 2.5 41.1371
      vertex 75.4876 0.999999 39.6286
    endloop
  endfacet
  facet normal 0.569343 0.704423 -0.423835
    outer loop
      vertex 72.5409 2.5 40.0318
      vertex 73.5797 0.999999 38.9342
      vertex 72.3338 2.5 39.7536
    endloop
  endfacet
  facet normal -0.389891 0.704433 0.593093
    outer loop
      vertex 76.6159 2.5 35.2497
      vertex 75.85 0.999999 36.5278
      vertex 76.0152 0.999999 36.6364
    endloop
  endfacet
  facet normal -0.391028 0.704404 0.592378
    outer loop
      vertex 75.85 0.999999 36.5278
      vertex 76.6159 2.5 35.2497
      vertex 76.5956 2.5 35.2363
    endloop
  endfacet
  facet normal 0.679955 0.704421 -0.203598
    outer loop
      vertex 71.9943 2.5 39.0682
      vertex 73.3458 0.999999 38.392
      vertex 71.8948 2.5 38.7359
    endloop
  endfacet
  facet normal 0.391028 0.704404 -0.592378
    outer loop
      vertex 74.15 0.999999 39.4722
      vertex 73.3841 2.5 40.7503
      vertex 73.4044 2.5 40.7637
    endloop
  endfacet
  facet normal 0.389891 0.704433 -0.593093
    outer loop
      vertex 73.3841 2.5 40.7503
      vertex 74.15 0.999999 39.4722
      vertex 73.9848 0.999999 39.3636
    endloop
  endfacet
  facet normal 0.699081 0.70441 -0.122851
    outer loop
      vertex 73.3458 0.999999 38.392
      vertex 71.8906 2.5 38.712
      vertex 71.8948 2.5 38.7359
    endloop
  endfacet
  facet normal 0.699011 0.704417 -0.123207
    outer loop
      vertex 71.8906 2.5 38.712
      vertex 73.3458 0.999999 38.392
      vertex 73.3115 0.999999 38.1974
    endloop
  endfacet
  facet normal -0.614721 0.704422 -0.354836
    outer loop
      vertex 77.6662 2.5 39.7536
      vertex 77.8396 2.5 39.4532
      vertex 76.4203 0.999999 38.9342
    endloop
  endfacet
  facet normal 0.242795 0.704419 -0.666967
    outer loop
      vertex 74.3267 0.999999 39.561
      vertex 73.7588 2.5 40.9385
      vertex 74.5124 0.999999 39.6286
    endloop
  endfacet
  facet normal 0.242799 0.704419 -0.666965
    outer loop
      vertex 73.7588 2.5 40.9385
      vertex 74.3267 0.999999 39.561
      vertex 73.736 2.5 40.9302
    endloop
  endfacet
  facet normal -0.65191 0.704452 0.280643
    outer loop
      vertex 77.9892 2.5 36.8862
      vertex 76.5975 0.999999 37.4186
      vertex 77.9988 2.5 36.9085
    endloop
  endfacet
  facet normal -0.651758 0.704443 0.281017
    outer loop
      vertex 76.5975 0.999999 37.4186
      vertex 77.9892 2.5 36.8862
      vertex 76.5192 0.999999 37.237
    endloop
  endfacet
  facet normal 0.163875 0.70441 -0.690617
    outer loop
      vertex 74.7048 0.999999 39.6742
      vertex 74.4222 2.5 41.1371
      vertex 74.4458 2.5 41.1427
    endloop
  endfacet
  facet normal 0.16369 0.704414 -0.690657
    outer loop
      vertex 74.4222 2.5 41.1371
      vertex 74.7048 0.999999 39.6742
      vertex 74.5124 0.999999 39.6286
    endloop
  endfacet
  facet normal 0.679955 0.704421 0.203598
    outer loop
      vertex 73.3458 0.999999 37.608
      vertex 71.9943 2.5 36.9318
      vertex 71.8948 2.5 37.2641
    endloop
  endfacet
  facet normal -0.082289 0.704434 -0.704983
    outer loop
      vertex 75.1856 2.5 41.1858
      vertex 75.53 2.5 41.1456
      vertex 75.0988 0.999999 39.6971
    endloop
  endfacet
  facet normal -0.516338 0.704433 -0.487
    outer loop
      vertex 76.3023 0.999999 39.0927
      vertex 77.428 2.5 40.0689
      vertex 77.4446 2.5 40.0513
    endloop
  endfacet
  facet normal -0.516214 0.70443 -0.487137
    outer loop
      vertex 77.428 2.5 40.0689
      vertex 76.3023 0.999999 39.0927
      vertex 76.1666 0.999999 39.2365
    endloop
  endfacet
  facet normal -0.242905 0.70443 -0.666915
    outer loop
      vertex 75.9153 2.5 41.0572
      vertex 76.2412 2.5 40.9385
      vertex 75.4876 0.999999 39.6286
    endloop
  endfacet
  facet normal -0.318495 0.704422 -0.634311
    outer loop
      vertex 76.5956 2.5 40.7637
      vertex 75.6733 0.999999 39.561
      vertex 76.264 2.5 40.9302
    endloop
  endfacet
  facet normal -0.318705 0.704446 -0.634179
    outer loop
      vertex 75.6733 0.999999 39.561
      vertex 76.5956 2.5 40.7637
      vertex 75.85 0.999999 39.4722
    endloop
  endfacet
  facet normal 0.699007 0.704419 -0.123222
    outer loop
      vertex 71.8906 2.5 38.712
      vertex 73.3115 0.999999 38.1974
      vertex 71.8304 2.5 38.3705
    endloop
  endfacet
  facet normal 0.082289 0.704434 0.704983
    outer loop
      vertex 74.9012 0.999999 36.3029
      vertex 74.8144 2.5 34.8142
      vertex 74.47 2.5 34.8544
    endloop
  endfacet
  facet normal 0.389875 0.704434 0.593102
    outer loop
      vertex 73.9848 0.999999 36.6364
      vertex 73.3841 2.5 35.2497
      vertex 73.0943 2.5 35.4402
    endloop
  endfacet
  facet normal -0.242905 0.70443 0.666915
    outer loop
      vertex 76.2412 2.5 35.0615
      vertex 75.9153 2.5 34.9428
      vertex 75.4876 0.999999 36.3714
    endloop
  endfacet
  facet normal 0.16369 0.704414 0.690657
    outer loop
      vertex 74.7048 0.999999 36.3258
      vertex 74.4222 2.5 34.8629
      vertex 74.5124 0.999999 36.3714
    endloop
  endfacet
  facet normal 0.163875 0.70441 0.690617
    outer loop
      vertex 74.4222 2.5 34.8629
      vertex 74.7048 0.999999 36.3258
      vertex 74.4458 2.5 34.8573
    endloop
  endfacet
  facet normal 0.651758 0.704443 -0.281017
    outer loop
      vertex 73.4025 0.999999 38.5814
      vertex 72.0108 2.5 39.1138
      vertex 73.4808 0.999999 38.763
    endloop
  endfacet
  facet normal 0.65191 0.704452 -0.280643
    outer loop
      vertex 72.0108 2.5 39.1138
      vertex 73.4025 0.999999 38.5814
      vertex 72.0012 2.5 39.0915
    endloop
  endfacet
  facet normal -0.614721 0.704422 0.354836
    outer loop
      vertex 77.8396 2.5 36.5468
      vertex 77.6662 2.5 36.2464
      vertex 76.4203 0.999999 37.0658
    endloop
  endfacet
  facet normal 0.614721 0.704422 -0.354836
    outer loop
      vertex 72.3338 2.5 39.7536
      vertex 73.5797 0.999999 38.9342
      vertex 72.1604 2.5 39.4532
    endloop
  endfacet
  facet normal 0.389875 0.704434 -0.593102
    outer loop
      vertex 73.3841 2.5 40.7503
      vertex 73.9848 0.999999 39.3636
      vertex 73.0943 2.5 40.5598
    endloop
  endfacet
  facet normal 0.163513 0.704429 -0.690683
    outer loop
      vertex 74.4222 2.5 41.1371
      vertex 74.5124 0.999999 39.6286
      vertex 74.0847 2.5 41.0572
    endloop
  endfacet
  facet normal 0.614618 0.7044 -0.355057
    outer loop
      vertex 73.4808 0.999999 38.763
      vertex 72.1604 2.5 39.4532
      vertex 73.5797 0.999999 38.9342
    endloop
  endfacet
  facet normal 0.61378 0.704363 -0.356577
    outer loop
      vertex 72.1604 2.5 39.4532
      vertex 73.4808 0.999999 38.763
      vertex 72.1482 2.5 39.4322
    endloop
  endfacet
  facet normal 0.651689 0.704424 -0.281225
    outer loop
      vertex 72.1482 2.5 39.4322
      vertex 73.4808 0.999999 38.763
      vertex 72.0108 2.5 39.1138
    endloop
  endfacet
  facet normal -0.456279 0.704437 -0.543671
    outer loop
      vertex 77.19 2.5 40.3212
      vertex 76.0152 0.999999 39.3636
      vertex 76.9057 2.5 40.5598
    endloop
  endfacet
  facet normal -0.45635 0.704446 -0.543599
    outer loop
      vertex 76.0152 0.999999 39.3636
      vertex 77.19 2.5 40.3212
      vertex 76.1666 0.999999 39.2365
    endloop
  endfacet
  facet normal -0.391028 0.704404 -0.592378
    outer loop
      vertex 76.6159 2.5 40.7503
      vertex 75.85 0.999999 39.4722
      vertex 76.5956 2.5 40.7637
    endloop
  endfacet
  facet normal -0.389891 0.704433 -0.593093
    outer loop
      vertex 75.85 0.999999 39.4722
      vertex 76.6159 2.5 40.7503
      vertex 76.0152 0.999999 39.3636
    endloop
  endfacet
  facet normal 0.516296 0.704441 -0.487033
    outer loop
      vertex 72.81 2.5 40.3212
      vertex 73.8334 0.999999 39.2365
      vertex 72.572 2.5 40.0689
    endloop
  endfacet
  facet normal 0.082289 0.704434 -0.704983
    outer loop
      vertex 74.8144 2.5 41.1858
      vertex 74.9012 0.999999 39.6971
      vertex 74.47 2.5 41.1456
    endloop
  endfacet
  facet normal 0.242905 0.70443 -0.666915
    outer loop
      vertex 74.0847 2.5 41.0572
      vertex 74.5124 0.999999 39.6286
      vertex 73.7588 2.5 40.9385
    endloop
  endfacet
  facet normal 0 0.704428 0.709775
    outer loop
      vertex 75.1856 2.5 34.8142
      vertex 74.9012 0.999999 36.3029
      vertex 75.0988 0.999999 36.3029
    endloop
  endfacet
  facet normal 0 0.704428 0.709775
    outer loop
      vertex 74.9012 0.999999 36.3029
      vertex 75.1856 2.5 34.8142
      vertex 74.8144 2.5 34.8142
    endloop
  endfacet
  facet normal 0.708584 0.704426 -0.0411396
    outer loop
      vertex 71.8289 2.5 38.3462
      vertex 73.3 0.999999 38
      vertex 71.8088 2.5 38
    endloop
  endfacet
  facet normal -0.16369 0.704414 0.690657
    outer loop
      vertex 75.5778 2.5 34.8629
      vertex 75.2952 0.999999 36.3258
      vertex 75.4876 0.999999 36.3714
    endloop
  endfacet
  facet normal -0.163875 0.70441 0.690617
    outer loop
      vertex 75.2952 0.999999 36.3258
      vertex 75.5778 2.5 34.8629
      vertex 75.5542 2.5 34.8573
    endloop
  endfacet
  facet normal 0.242795 0.704419 0.666967
    outer loop
      vertex 73.7588 2.5 35.0615
      vertex 74.3267 0.999999 36.439
      vertex 74.5124 0.999999 36.3714
    endloop
  endfacet
  facet normal 0.242799 0.704419 0.666965
    outer loop
      vertex 74.3267 0.999999 36.439
      vertex 73.7588 2.5 35.0615
      vertex 73.736 2.5 35.0698
    endloop
  endfacet
  facet normal 0.516214 0.70443 -0.487137
    outer loop
      vertex 73.6977 0.999999 39.0927
      vertex 72.572 2.5 40.0689
      vertex 73.8334 0.999999 39.2365
    endloop
  endfacet
  facet normal 0.516338 0.704433 -0.487
    outer loop
      vertex 72.572 2.5 40.0689
      vertex 73.6977 0.999999 39.0927
      vertex 72.5554 2.5 40.0513
    endloop
  endfacet
  facet normal -0.389875 0.704434 0.593102
    outer loop
      vertex 76.9057 2.5 35.4402
      vertex 76.6159 2.5 35.2497
      vertex 76.0152 0.999999 36.6364
    endloop
  endfacet
  facet normal 0.0822023 0.704426 -0.705001
    outer loop
      vertex 74.7048 0.999999 39.6742
      vertex 74.47 2.5 41.1456
      vertex 74.9012 0.999999 39.6971
    endloop
  endfacet
  facet normal 0.0844463 0.704472 -0.70469
    outer loop
      vertex 74.47 2.5 41.1456
      vertex 74.7048 0.999999 39.6742
      vertex 74.4458 2.5 41.1427
    endloop
  endfacet
  facet normal -0.163513 0.704429 0.690683
    outer loop
      vertex 75.9153 2.5 34.9428
      vertex 75.5778 2.5 34.8629
      vertex 75.4876 0.999999 36.3714
    endloop
  endfacet
  facet normal -0.61378 0.704363 0.356577
    outer loop
      vertex 77.8396 2.5 36.5468
      vertex 76.5192 0.999999 37.237
      vertex 77.8518 2.5 36.5678
    endloop
  endfacet
  facet normal -0.614618 0.7044 0.355057
    outer loop
      vertex 76.5192 0.999999 37.237
      vertex 77.8396 2.5 36.5468
      vertex 76.4203 0.999999 37.0658
    endloop
  endfacet
  facet normal 0.708564 0.704439 0.041279
    outer loop
      vertex 73.3115 0.999999 37.8026
      vertex 71.8289 2.5 37.6538
      vertex 73.3 0.999999 38
    endloop
  endfacet
  facet normal 0.708368 0.704488 0.0437264
    outer loop
      vertex 71.8289 2.5 37.6538
      vertex 73.3115 0.999999 37.8026
      vertex 71.8304 2.5 37.6295
    endloop
  endfacet
  facet normal 0 0.704428 -0.709775
    outer loop
      vertex 74.9012 0.999999 39.6971
      vertex 75.1856 2.5 41.1858
      vertex 75.0988 0.999999 39.6971
    endloop
  endfacet
  facet normal 0 0.704428 -0.709775
    outer loop
      vertex 75.1856 2.5 41.1858
      vertex 74.9012 0.999999 39.6971
      vertex 74.8144 2.5 41.1858
    endloop
  endfacet
  facet normal 0.569328 0.704425 0.423853
    outer loop
      vertex 73.6977 0.999999 36.9073
      vertex 72.5409 2.5 35.9682
      vertex 73.5797 0.999999 37.0658
    endloop
  endfacet
  facet normal 0.569577 0.704417 0.423532
    outer loop
      vertex 72.5409 2.5 35.9682
      vertex 73.6977 0.999999 36.9073
      vertex 72.5554 2.5 35.9487
    endloop
  endfacet
  facet normal 0.708584 0.704426 0.0411396
    outer loop
      vertex 73.3 0.999999 38
      vertex 71.8289 2.5 37.6538
      vertex 71.8088 2.5 38
    endloop
  endfacet
  facet normal 0.389891 0.704433 0.593093
    outer loop
      vertex 74.15 0.999999 36.5278
      vertex 73.3841 2.5 35.2497
      vertex 73.9848 0.999999 36.6364
    endloop
  endfacet
  facet normal 0.391028 0.704404 0.592378
    outer loop
      vertex 73.3841 2.5 35.2497
      vertex 74.15 0.999999 36.5278
      vertex 73.4044 2.5 35.2363
    endloop
  endfacet
  facet normal -0.45635 0.704446 0.543599
    outer loop
      vertex 77.19 2.5 35.6788
      vertex 76.0152 0.999999 36.6364
      vertex 76.1666 0.999999 36.7635
    endloop
  endfacet
  facet normal -0.456279 0.704437 0.543671
    outer loop
      vertex 76.0152 0.999999 36.6364
      vertex 77.19 2.5 35.6788
      vertex 76.9057 2.5 35.4402
    endloop
  endfacet
  facet normal 0.614721 0.704422 0.354836
    outer loop
      vertex 73.5797 0.999999 37.0658
      vertex 72.3338 2.5 36.2464
      vertex 72.1604 2.5 36.5468
    endloop
  endfacet
  facet normal 0.318495 0.704422 -0.634311
    outer loop
      vertex 74.3267 0.999999 39.561
      vertex 73.4044 2.5 40.7637
      vertex 73.736 2.5 40.9302
    endloop
  endfacet
  facet normal 0.318705 0.704446 -0.634179
    outer loop
      vertex 73.4044 2.5 40.7637
      vertex 74.3267 0.999999 39.561
      vertex 74.15 0.999999 39.4722
    endloop
  endfacet
  facet normal 0.614618 0.7044 0.355057
    outer loop
      vertex 72.1604 2.5 36.5468
      vertex 73.4808 0.999999 37.237
      vertex 73.5797 0.999999 37.0658
    endloop
  endfacet
  facet normal 0.61378 0.704363 0.356577
    outer loop
      vertex 73.4808 0.999999 37.237
      vertex 72.1604 2.5 36.5468
      vertex 72.1482 2.5 36.5678
    endloop
  endfacet
  facet normal 0.651758 0.704443 0.281017
    outer loop
      vertex 72.0108 2.5 36.8862
      vertex 73.4025 0.999999 37.4186
      vertex 73.4808 0.999999 37.237
    endloop
  endfacet
  facet normal 0.65191 0.704452 0.280643
    outer loop
      vertex 73.4025 0.999999 37.4186
      vertex 72.0108 2.5 36.8862
      vertex 72.0012 2.5 36.9085
    endloop
  endfacet
  facet normal -0.0844463 0.704472 -0.70469
    outer loop
      vertex 75.2952 0.999999 39.6742
      vertex 75.53 2.5 41.1456
      vertex 75.5542 2.5 41.1427
    endloop
  endfacet
  facet normal -0.0822023 0.704426 -0.705001
    outer loop
      vertex 75.53 2.5 41.1456
      vertex 75.2952 0.999999 39.6742
      vertex 75.0988 0.999999 39.6971
    endloop
  endfacet
  facet normal -0.569328 0.704425 0.423853
    outer loop
      vertex 77.4591 2.5 35.9682
      vertex 76.3023 0.999999 36.9073
      vertex 76.4203 0.999999 37.0658
    endloop
  endfacet
  facet normal -0.569577 0.704417 0.423532
    outer loop
      vertex 76.3023 0.999999 36.9073
      vertex 77.4591 2.5 35.9682
      vertex 77.4446 2.5 35.9487
    endloop
  endfacet
  facet normal 0.699011 0.704417 0.123207
    outer loop
      vertex 73.3458 0.999999 37.608
      vertex 71.8906 2.5 37.288
      vertex 73.3115 0.999999 37.8026
    endloop
  endfacet
  facet normal 0.699081 0.70441 0.122851
    outer loop
      vertex 71.8906 2.5 37.288
      vertex 73.3458 0.999999 37.608
      vertex 71.8948 2.5 37.2641
    endloop
  endfacet
  facet normal -0.242799 0.704419 0.666965
    outer loop
      vertex 76.2412 2.5 35.0615
      vertex 75.6733 0.999999 36.439
      vertex 76.264 2.5 35.0698
    endloop
  endfacet
  facet normal -0.242795 0.704419 0.666967
    outer loop
      vertex 75.6733 0.999999 36.439
      vertex 76.2412 2.5 35.0615
      vertex 75.4876 0.999999 36.3714
    endloop
  endfacet
  facet normal -0.516296 0.704441 0.487033
    outer loop
      vertex 77.428 2.5 35.9311
      vertex 77.19 2.5 35.6788
      vertex 76.1666 0.999999 36.7635
    endloop
  endfacet
  facet normal 0.569343 0.704423 0.423835
    outer loop
      vertex 73.5797 0.999999 37.0658
      vertex 72.5409 2.5 35.9682
      vertex 72.3338 2.5 36.2464
    endloop
  endfacet
  facet normal 0.516296 0.704441 0.487033
    outer loop
      vertex 73.8334 0.999999 36.7635
      vertex 72.81 2.5 35.6788
      vertex 72.572 2.5 35.9311
    endloop
  endfacet
  facet normal 0.680614 0.704372 -0.201555
    outer loop
      vertex 73.4025 0.999999 38.5814
      vertex 71.9943 2.5 39.0682
      vertex 72.0012 2.5 39.0915
    endloop
  endfacet
  facet normal 0.67997 0.704417 -0.20356
    outer loop
      vertex 71.9943 2.5 39.0682
      vertex 73.4025 0.999999 38.5814
      vertex 73.3458 0.999999 38.392
    endloop
  endfacet
  facet normal 0.569577 0.704417 -0.423532
    outer loop
      vertex 73.6977 0.999999 39.0927
      vertex 72.5409 2.5 40.0318
      vertex 72.5554 2.5 40.0513
    endloop
  endfacet
  facet normal 0.569328 0.704425 -0.423853
    outer loop
      vertex 72.5409 2.5 40.0318
      vertex 73.6977 0.999999 39.0927
      vertex 73.5797 0.999999 38.9342
    endloop
  endfacet
  facet normal 0.318705 0.704446 0.634179
    outer loop
      vertex 74.3267 0.999999 36.439
      vertex 73.4044 2.5 35.2363
      vertex 74.15 0.999999 36.5278
    endloop
  endfacet
  facet normal 0.318495 0.704422 0.634311
    outer loop
      vertex 73.4044 2.5 35.2363
      vertex 74.3267 0.999999 36.439
      vertex 73.736 2.5 35.0698
    endloop
  endfacet
  facet normal -0.651689 0.704424 0.281225
    outer loop
      vertex 77.9892 2.5 36.8862
      vertex 77.8518 2.5 36.5678
      vertex 76.5192 0.999999 37.237
    endloop
  endfacet
  facet normal -0.569343 0.704423 0.423835
    outer loop
      vertex 77.6662 2.5 36.2464
      vertex 77.4591 2.5 35.9682
      vertex 76.4203 0.999999 37.0658
    endloop
  endfacet
  facet normal -0 1 0
    outer loop
      vertex 73.9848 0.999999 39.3636
      vertex 74.15 0.999999 39.4722
      vertex 73.8334 0.999999 39.2365
    endloop
  endfacet
  facet normal -0 1 0
    outer loop
      vertex 73.4808 0.999999 38.763
      vertex 73.5797 0.999999 38.9342
      vertex 73.4025 0.999999 38.5814
    endloop
  endfacet
  facet normal 0 1 0
    outer loop
      vertex 76.7 0.999999 38
      vertex 76.6885 0.999999 37.8026
      vertex 76.6542 0.999999 37.608
    endloop
  endfacet
  facet normal 0 1 0
    outer loop
      vertex 76.6885 0.999999 38.1974
      vertex 76.7 0.999999 38
      vertex 76.6542 0.999999 38.392
    endloop
  endfacet
  facet normal 0 1 0
    outer loop
      vertex 76.0152 0.999999 36.6364
      vertex 75.85 0.999999 36.5278
      vertex 75.6733 0.999999 36.439
    endloop
  endfacet
  facet normal 0 1 0
    outer loop
      vertex 76.4203 0.999999 38.9342
      vertex 76.5192 0.999999 38.763
      vertex 76.3023 0.999999 39.0927
    endloop
  endfacet
  facet normal 0 1 0
    outer loop
      vertex 76.5975 0.999999 38.5814
      vertex 76.6542 0.999999 38.392
      vertex 76.5192 0.999999 38.763
    endloop
  endfacet
  facet normal 0 1 0
    outer loop
      vertex 74.9012 0.999999 36.3029
      vertex 74.7048 0.999999 36.3258
      vertex 74.5124 0.999999 36.3714
    endloop
  endfacet
  facet normal 0 1 0
    outer loop
      vertex 76.3023 0.999999 36.9073
      vertex 76.1666 0.999999 36.7635
      vertex 76.0152 0.999999 36.6364
    endloop
  endfacet
  facet normal 0 1 0
    outer loop
      vertex 75.0988 0.999999 39.6971
      vertex 75.2952 0.999999 39.6742
      vertex 74.9012 0.999999 39.6971
    endloop
  endfacet
  facet normal 0 1 0
    outer loop
      vertex 73.3115 0.999999 38.1974
      vertex 73.3115 0.999999 37.8026
      vertex 73.3 0.999999 38
    endloop
  endfacet
  facet normal -0 1 0
    outer loop
      vertex 73.3458 0.999999 38.392
      vertex 73.4025 0.999999 38.5814
      vertex 73.3115 0.999999 38.1974
    endloop
  endfacet
  facet normal 0 1 0
    outer loop
      vertex 75.4876 0.999999 39.6286
      vertex 75.6733 0.999999 39.561
      vertex 75.2952 0.999999 39.6742
    endloop
  endfacet
  facet normal 0 1 0
    outer loop
      vertex 75.85 0.999999 39.4722
      vertex 76.0152 0.999999 39.3636
      vertex 75.6733 0.999999 39.561
    endloop
  endfacet
  facet normal 0 1 0
    outer loop
      vertex 73.8334 0.999999 36.7635
      vertex 73.6977 0.999999 36.9073
      vertex 73.5797 0.999999 37.0658
    endloop
  endfacet
  facet normal 0 1 0
    outer loop
      vertex 74.15 0.999999 36.5278
      vertex 73.9848 0.999999 36.6364
      vertex 73.8334 0.999999 36.7635
    endloop
  endfacet
  facet normal 0 1 0
    outer loop
      vertex 73.4025 0.999999 37.4186
      vertex 73.3458 0.999999 37.608
      vertex 73.3115 0.999999 37.8026
    endloop
  endfacet
  facet normal -0 1 0
    outer loop
      vertex 74.7048 0.999999 39.6742
      vertex 74.9012 0.999999 39.6971
      vertex 74.5124 0.999999 39.6286
    endloop
  endfacet
  facet normal 0 1 0
    outer loop
      vertex 73.5797 0.999999 37.0658
      vertex 73.4808 0.999999 37.237
      vertex 73.4025 0.999999 37.4186
    endloop
  endfacet
  facet normal 0 1 0
    outer loop
      vertex 76.1666 0.999999 39.2365
      vertex 76.3023 0.999999 39.0927
      vertex 76.0152 0.999999 39.3636
    endloop
  endfacet
  facet normal -0 1 0
    outer loop
      vertex 74.3267 0.999999 39.561
      vertex 74.5124 0.999999 39.6286
      vertex 74.15 0.999999 39.4722
    endloop
  endfacet
  facet normal 0 1 0
    outer loop
      vertex 76.5192 0.999999 37.237
      vertex 76.4203 0.999999 37.0658
      vertex 76.3023 0.999999 36.9073
    endloop
  endfacet
  facet normal 0 1 0
    outer loop
      vertex 76.6542 0.999999 37.608
      vertex 76.5975 0.999999 37.4186
      vertex 76.5192 0.999999 37.237
    endloop
  endfacet
  facet normal 0 1 0
    outer loop
      vertex 74.5124 0.999999 36.3714
      vertex 74.3267 0.999999 36.439
      vertex 74.15 0.999999 36.5278
    endloop
  endfacet
  facet normal 0 1 0
    outer loop
      vertex 75.2952 0.999999 36.3258
      vertex 75.0988 0.999999 36.3029
      vertex 74.9012 0.999999 36.3029
    endloop
  endfacet
  facet normal 0 1 0
    outer loop
      vertex 75.6733 0.999999 36.439
      vertex 75.4876 0.999999 36.3714
      vertex 75.2952 0.999999 36.3258
    endloop
  endfacet
  facet normal -0 1 0
    outer loop
      vertex 73.6977 0.999999 39.0927
      vertex 73.8334 0.999999 39.2365
      vertex 73.5797 0.999999 38.9342
    endloop
  endfacet
  facet normal -0.318705 0.704446 0.634179
    outer loop
      vertex 76.5956 2.5 35.2363
      vertex 75.6733 0.999999 36.439
      vertex 75.85 0.999999 36.5278
    endloop
  endfacet
  facet normal -0.318495 0.704422 0.634311
    outer loop
      vertex 75.6733 0.999999 36.439
      vertex 76.5956 2.5 35.2363
      vertex 76.264 2.5 35.0698
    endloop
  endfacet
  facet normal -0.082289 0.704434 0.704983
    outer loop
      vertex 75.53 2.5 34.8544
      vertex 75.1856 2.5 34.8142
      vertex 75.0988 0.999999 36.3029
    endloop
  endfacet
  facet normal -0.699011 0.704417 0.123207
    outer loop
      vertex 78.1094 2.5 37.288
      vertex 76.6542 0.999999 37.608
      vertex 76.6885 0.999999 37.8026
    endloop
  endfacet
  facet normal -0.699081 0.70441 0.122851
    outer loop
      vertex 76.6542 0.999999 37.608
      vertex 78.1094 2.5 37.288
      vertex 78.1052 2.5 37.2641
    endloop
  endfacet
  facet normal -0.679955 0.704421 0.203598
    outer loop
      vertex 78.1052 2.5 37.2641
      vertex 78.0057 2.5 36.9318
      vertex 76.6542 0.999999 37.608
    endloop
  endfacet
  facet normal -0.0844463 0.704472 0.70469
    outer loop
      vertex 75.53 2.5 34.8544
      vertex 75.2952 0.999999 36.3258
      vertex 75.5542 2.5 34.8573
    endloop
  endfacet
  facet normal -0.0822023 0.704426 0.705001
    outer loop
      vertex 75.2952 0.999999 36.3258
      vertex 75.53 2.5 34.8544
      vertex 75.0988 0.999999 36.3029
    endloop
  endfacet
  facet normal -0.67997 0.704417 0.20356
    outer loop
      vertex 78.0057 2.5 36.9318
      vertex 76.5975 0.999999 37.4186
      vertex 76.6542 0.999999 37.608
    endloop
  endfacet
  facet normal -0.680614 0.704372 0.201555
    outer loop
      vertex 76.5975 0.999999 37.4186
      vertex 78.0057 2.5 36.9318
      vertex 77.9988 2.5 36.9085
    endloop
  endfacet
  facet normal -0.699007 0.704419 0.123222
    outer loop
      vertex 78.1696 2.5 37.6295
      vertex 78.1094 2.5 37.288
      vertex 76.6885 0.999999 37.8026
    endloop
  endfacet
  facet normal -0.0580239 0 0.998315
    outer loop
      vertex 74.9012 90 36.3029
      vertex 75.2952 89 36.3258
      vertex 75.2952 90 36.3258
    endloop
  endfacet
  facet normal -0.0580239 0 0.998315
    outer loop
      vertex 75.2952 89 36.3258
      vertex 74.9012 90 36.3029
      vertex 74.9012 89 36.3029
    endloop
  endfacet
  facet normal -0.939719 0 0.341946
    outer loop
      vertex 76.5192 89 37.237
      vertex 76.6542 90 37.608
      vertex 76.5192 90 37.237
    endloop
  endfacet
  facet normal -0.939719 0 0.341946
    outer loop
      vertex 76.6542 90 37.608
      vertex 76.5192 89 37.237
      vertex 76.6542 89 37.608
    endloop
  endfacet
  facet normal -0.993244 0 0.116047
    outer loop
      vertex 76.6542 89 37.608
      vertex 76.7 90 38
      vertex 76.6542 90 37.608
    endloop
  endfacet
  facet normal -0.993244 0 0.116047
    outer loop
      vertex 76.7 90 38
      vertex 76.6542 89 37.608
      vertex 76.7 89 38
    endloop
  endfacet
  facet normal -0.286813 0 -0.957987
    outer loop
      vertex 75.2952 89 39.6742
      vertex 75.6733 90 39.561
      vertex 75.6733 89 39.561
    endloop
  endfacet
  facet normal -0.286813 0 -0.957987
    outer loop
      vertex 75.6733 90 39.561
      vertex 75.2952 89 39.6742
      vertex 75.2952 90 39.6742
    endloop
  endfacet
  facet normal 1 -0 0
    outer loop
      vertex 73.3115 89 38.1974
      vertex 73.3115 90 37.8026
      vertex 73.3115 90 38.1974
    endloop
  endfacet
  facet normal 1 0 0
    outer loop
      vertex 73.3115 90 37.8026
      vertex 73.3115 89 38.1974
      vertex 73.3115 89 37.8026
    endloop
  endfacet
  facet normal -0.286813 0 0.957987
    outer loop
      vertex 75.2952 90 36.3258
      vertex 75.6733 89 36.439
      vertex 75.6733 90 36.439
    endloop
  endfacet
  facet normal -0.286813 0 0.957987
    outer loop
      vertex 75.6733 89 36.439
      vertex 75.2952 90 36.3258
      vertex 75.2952 89 36.3258
    endloop
  endfacet
  facet normal 0.765994 -0 0.642847
    outer loop
      vertex 73.5797 89 37.0658
      vertex 73.8334 90 36.7635
      vertex 73.5797 90 37.0658
    endloop
  endfacet
  facet normal 0.765994 0 0.642847
    outer loop
      vertex 73.8334 90 36.7635
      vertex 73.5797 89 37.0658
      vertex 73.8334 89 36.7635
    endloop
  endfacet
  facet normal -0.0580239 0 -0.998315
    outer loop
      vertex 74.9012 89 39.6971
      vertex 75.2952 90 39.6742
      vertex 75.2952 89 39.6742
    endloop
  endfacet
  facet normal -0.0580239 0 -0.998315
    outer loop
      vertex 75.2952 90 39.6742
      vertex 74.9012 89 39.6971
      vertex 74.9012 90 39.6971
    endloop
  endfacet
  facet normal -0.993244 0 -0.116047
    outer loop
      vertex 76.7 89 38
      vertex 76.6542 90 38.392
      vertex 76.7 90 38
    endloop
  endfacet
  facet normal -0.993244 -0 -0.116047
    outer loop
      vertex 76.6542 90 38.392
      vertex 76.7 89 38
      vertex 76.6542 89 38.392
    endloop
  endfacet
  facet normal -0.686289 0 -0.727329
    outer loop
      vertex 76.0152 89 39.3636
      vertex 76.3023 90 39.0927
      vertex 76.3023 89 39.0927
    endloop
  endfacet
  facet normal -0.686289 0 -0.727329
    outer loop
      vertex 76.3023 90 39.0927
      vertex 76.0152 89 39.3636
      vertex 76.0152 90 39.3636
    endloop
  endfacet
  facet normal -0.835426 0 0.549603
    outer loop
      vertex 76.3023 89 36.9073
      vertex 76.5192 90 37.237
      vertex 76.3023 90 36.9073
    endloop
  endfacet
  facet normal -0.835426 0 0.549603
    outer loop
      vertex 76.5192 90 37.237
      vertex 76.3023 89 36.9073
      vertex 76.5192 89 37.237
    endloop
  endfacet
  facet normal 0.173511 0 -0.984832
    outer loop
      vertex 74.5124 89 39.6286
      vertex 74.9012 90 39.6971
      vertex 74.9012 89 39.6971
    endloop
  endfacet
  facet normal 0.173511 0 -0.984832
    outer loop
      vertex 74.9012 90 39.6971
      vertex 74.5124 89 39.6286
      vertex 74.5124 90 39.6286
    endloop
  endfacet
  facet normal 0.396242 0 0.918146
    outer loop
      vertex 74.15 90 36.5278
      vertex 74.5124 89 36.3714
      vertex 74.5124 90 36.3714
    endloop
  endfacet
  facet normal 0.396242 0 0.918146
    outer loop
      vertex 74.5124 89 36.3714
      vertex 74.15 90 36.5278
      vertex 74.15 89 36.5278
    endloop
  endfacet
  facet normal 0.893615 -0 0.448834
    outer loop
      vertex 73.4025 89 37.4186
      vertex 73.5797 90 37.0658
      vertex 73.4025 90 37.4186
    endloop
  endfacet
  facet normal 0.893615 0 0.448834
    outer loop
      vertex 73.5797 90 37.0658
      vertex 73.4025 89 37.4186
      vertex 73.5797 89 37.0658
    endloop
  endfacet
  facet normal 0.765994 0 -0.642847
    outer loop
      vertex 73.8334 89 39.2365
      vertex 73.5797 90 38.9342
      vertex 73.8334 90 39.2365
    endloop
  endfacet
  facet normal 0.765994 0 -0.642847
    outer loop
      vertex 73.5797 90 38.9342
      vertex 73.8334 89 39.2365
      vertex 73.5797 89 38.9342
    endloop
  endfacet
  facet normal -0.939719 0 -0.341946
    outer loop
      vertex 76.6542 89 38.392
      vertex 76.5192 90 38.763
      vertex 76.6542 90 38.392
    endloop
  endfacet
  facet normal -0.939719 -0 -0.341946
    outer loop
      vertex 76.5192 90 38.763
      vertex 76.6542 89 38.392
      vertex 76.5192 89 38.763
    endloop
  endfacet
  facet normal -0.835426 0 -0.549603
    outer loop
      vertex 76.5192 89 38.763
      vertex 76.3023 90 39.0927
      vertex 76.5192 90 38.763
    endloop
  endfacet
  facet normal -0.835426 -0 -0.549603
    outer loop
      vertex 76.3023 90 39.0927
      vertex 76.5192 89 38.763
      vertex 76.3023 89 39.0927
    endloop
  endfacet
  facet normal 0.597159 0 -0.802123
    outer loop
      vertex 73.8334 89 39.2365
      vertex 74.15 90 39.4722
      vertex 74.15 89 39.4722
    endloop
  endfacet
  facet normal 0.597159 0 -0.802123
    outer loop
      vertex 74.15 90 39.4722
      vertex 73.8334 89 39.2365
      vertex 73.8334 90 39.2365
    endloop
  endfacet
  facet normal 0.173511 0 0.984832
    outer loop
      vertex 74.5124 90 36.3714
      vertex 74.9012 89 36.3029
      vertex 74.9012 90 36.3029
    endloop
  endfacet
  facet normal 0.173511 0 0.984832
    outer loop
      vertex 74.9012 89 36.3029
      vertex 74.5124 90 36.3714
      vertex 74.5124 89 36.3714
    endloop
  endfacet
  facet normal -0.500007 0 0.866021
    outer loop
      vertex 75.6733 90 36.439
      vertex 76.0152 89 36.6364
      vertex 76.0152 90 36.6364
    endloop
  endfacet
  facet normal -0.500007 0 0.866021
    outer loop
      vertex 76.0152 89 36.6364
      vertex 75.6733 90 36.439
      vertex 75.6733 89 36.439
    endloop
  endfacet
  facet normal -0.686289 0 0.727329
    outer loop
      vertex 76.0152 90 36.6364
      vertex 76.3023 89 36.9073
      vertex 76.3023 90 36.9073
    endloop
  endfacet
  facet normal -0.686289 0 0.727329
    outer loop
      vertex 76.3023 89 36.9073
      vertex 76.0152 90 36.6364
      vertex 76.0152 89 36.6364
    endloop
  endfacet
  facet normal 0.893615 0 -0.448834
    outer loop
      vertex 73.5797 89 38.9342
      vertex 73.4025 90 38.5814
      vertex 73.5797 90 38.9342
    endloop
  endfacet
  facet normal 0.893615 0 -0.448834
    outer loop
      vertex 73.4025 90 38.5814
      vertex 73.5797 89 38.9342
      vertex 73.4025 89 38.5814
    endloop
  endfacet
  facet normal -0.500007 0 -0.866021
    outer loop
      vertex 75.6733 89 39.561
      vertex 76.0152 90 39.3636
      vertex 76.0152 89 39.3636
    endloop
  endfacet
  facet normal -0.500007 0 -0.866021
    outer loop
      vertex 76.0152 90 39.3636
      vertex 75.6733 89 39.561
      vertex 75.6733 90 39.561
    endloop
  endfacet
  facet normal 0.597159 0 0.802123
    outer loop
      vertex 73.8334 90 36.7635
      vertex 74.15 89 36.5278
      vertex 74.15 90 36.5278
    endloop
  endfacet
  facet normal 0.597159 0 0.802123
    outer loop
      vertex 74.15 89 36.5278
      vertex 73.8334 90 36.7635
      vertex 73.8334 89 36.7635
    endloop
  endfacet
  facet normal 0.97305 0 -0.230593
    outer loop
      vertex 73.4025 89 38.5814
      vertex 73.3115 90 38.1974
      vertex 73.4025 90 38.5814
    endloop
  endfacet
  facet normal 0.97305 0 -0.230593
    outer loop
      vertex 73.3115 90 38.1974
      vertex 73.4025 89 38.5814
      vertex 73.3115 89 38.1974
    endloop
  endfacet
  facet normal 0.97305 -0 0.230593
    outer loop
      vertex 73.3115 89 37.8026
      vertex 73.4025 90 37.4186
      vertex 73.3115 90 37.8026
    endloop
  endfacet
  facet normal 0.97305 0 0.230593
    outer loop
      vertex 73.4025 90 37.4186
      vertex 73.3115 89 37.8026
      vertex 73.4025 89 37.4186
    endloop
  endfacet
  facet normal 0.396242 0 -0.918146
    outer loop
      vertex 74.15 89 39.4722
      vertex 74.5124 90 39.6286
      vertex 74.5124 89 39.6286
    endloop
  endfacet
  facet normal 0.396242 0 -0.918146
    outer loop
      vertex 74.5124 90 39.6286
      vertex 74.15 89 39.4722
      vertex 74.15 90 39.4722
    endloop
  endfacet
  facet normal -0.679955 -0.704421 -0.203598
    outer loop
      vertex 78.0057 87.5 39.0682
      vertex 76.6542 89 38.392
      vertex 78.1052 87.5 38.7359
    endloop
  endfacet
  facet normal -0.708584 -0.704427 0.0411396
    outer loop
      vertex 78.1912 87.5 38
      vertex 76.7 89 38
      vertex 78.1711 87.5 37.6538
    endloop
  endfacet
  facet normal -0.708368 -0.704488 0.0437264
    outer loop
      vertex 78.1711 87.5 37.6538
      vertex 76.6885 89 37.8026
      vertex 78.1696 87.5 37.6295
    endloop
  endfacet
  facet normal -0.708563 -0.704439 0.041279
    outer loop
      vertex 76.6885 89 37.8026
      vertex 78.1711 87.5 37.6538
      vertex 76.7 89 38
    endloop
  endfacet
  facet normal 0.242905 -0.70443 0.666915
    outer loop
      vertex 74.5124 89 36.3714
      vertex 73.7588 87.5 35.0615
      vertex 74.0847 87.5 34.9428
    endloop
  endfacet
  facet normal 0.651689 -0.704424 0.281225
    outer loop
      vertex 73.4808 89 37.237
      vertex 72.0108 87.5 36.8862
      vertex 72.1482 87.5 36.5678
    endloop
  endfacet
  facet normal -0.708563 -0.704439 -0.041279
    outer loop
      vertex 78.1711 87.5 38.3462
      vertex 76.6885 89 38.1974
      vertex 76.7 89 38
    endloop
  endfacet
  facet normal -0.708368 -0.704488 -0.0437264
    outer loop
      vertex 76.6885 89 38.1974
      vertex 78.1711 87.5 38.3462
      vertex 78.1696 87.5 38.3705
    endloop
  endfacet
  facet normal -0.614617 -0.704401 -0.355056
    outer loop
      vertex 76.5192 89 38.763
      vertex 77.8396 87.5 39.4532
      vertex 76.4203 89 38.9342
    endloop
  endfacet
  facet normal -0.61378 -0.704363 -0.356577
    outer loop
      vertex 77.8396 87.5 39.4532
      vertex 76.5192 89 38.763
      vertex 77.8518 87.5 39.4322
    endloop
  endfacet
  facet normal 0.0822022 -0.704426 0.705001
    outer loop
      vertex 74.7048 89 36.3258
      vertex 74.47 87.5 34.8544
      vertex 74.9012 89 36.3029
    endloop
  endfacet
  facet normal 0.0844463 -0.704472 0.70469
    outer loop
      vertex 74.47 87.5 34.8544
      vertex 74.7048 89 36.3258
      vertex 74.4458 87.5 34.8573
    endloop
  endfacet
  facet normal -0.516214 -0.70443 0.487136
    outer loop
      vertex 77.428 87.5 35.9311
      vertex 76.3023 89 36.9073
      vertex 76.1666 89 36.7635
    endloop
  endfacet
  facet normal -0.516337 -0.704434 0.487
    outer loop
      vertex 76.3023 89 36.9073
      vertex 77.428 87.5 35.9311
      vertex 77.4446 87.5 35.9487
    endloop
  endfacet
  facet normal 0.708368 -0.704488 -0.0437264
    outer loop
      vertex 71.8289 87.5 38.3462
      vertex 73.3115 89 38.1974
      vertex 71.8304 87.5 38.3705
    endloop
  endfacet
  facet normal 0.708563 -0.704439 -0.041279
    outer loop
      vertex 73.3115 89 38.1974
      vertex 71.8289 87.5 38.3462
      vertex 73.3 89 38
    endloop
  endfacet
  facet normal -0.651758 -0.704444 -0.281017
    outer loop
      vertex 76.5975 89 38.5814
      vertex 77.9892 87.5 39.1138
      vertex 76.5192 89 38.763
    endloop
  endfacet
  facet normal -0.65191 -0.704452 -0.280643
    outer loop
      vertex 77.9892 87.5 39.1138
      vertex 76.5975 89 38.5814
      vertex 77.9988 87.5 39.0915
    endloop
  endfacet
  facet normal -0.242794 -0.704419 -0.666966
    outer loop
      vertex 75.6733 89 39.561
      vertex 76.2412 87.5 40.9385
      vertex 75.4876 89 39.6286
    endloop
  endfacet
  facet normal -0.242799 -0.70442 -0.666965
    outer loop
      vertex 76.2412 87.5 40.9385
      vertex 75.6733 89 39.561
      vertex 76.264 87.5 40.9302
    endloop
  endfacet
  facet normal 0.516337 -0.704434 0.487
    outer loop
      vertex 72.572 87.5 35.9311
      vertex 73.6977 89 36.9073
      vertex 72.5554 87.5 35.9487
    endloop
  endfacet
  facet normal 0.516214 -0.70443 0.487136
    outer loop
      vertex 73.6977 89 36.9073
      vertex 72.572 87.5 35.9311
      vertex 73.8334 89 36.7635
    endloop
  endfacet
  facet normal -0.699081 -0.70441 -0.122851
    outer loop
      vertex 76.6542 89 38.392
      vertex 78.1094 87.5 38.712
      vertex 78.1052 87.5 38.7359
    endloop
  endfacet
  facet normal -0.699011 -0.704418 -0.123207
    outer loop
      vertex 78.1094 87.5 38.712
      vertex 76.6542 89 38.392
      vertex 76.6885 89 38.1974
    endloop
  endfacet
  facet normal -0.389875 -0.704435 -0.593101
    outer loop
      vertex 76.6159 87.5 40.7503
      vertex 76.0152 89 39.3636
      vertex 76.9057 87.5 40.5598
    endloop
  endfacet
  facet normal 0.699007 -0.704419 0.123222
    outer loop
      vertex 73.3115 89 37.8026
      vertex 71.8304 87.5 37.6295
      vertex 71.8906 87.5 37.288
    endloop
  endfacet
  facet normal 0.67997 -0.704418 0.20356
    outer loop
      vertex 71.9943 87.5 36.9318
      vertex 73.4025 89 37.4186
      vertex 73.3458 89 37.608
    endloop
  endfacet
  facet normal 0.680614 -0.704372 0.201555
    outer loop
      vertex 73.4025 89 37.4186
      vertex 71.9943 87.5 36.9318
      vertex 72.0012 87.5 36.9085
    endloop
  endfacet
  facet normal 0.456278 -0.704437 -0.543671
    outer loop
      vertex 72.81 87.5 40.3212
      vertex 73.9848 89 39.3636
      vertex 73.0943 87.5 40.5598
    endloop
  endfacet
  facet normal 0.45635 -0.704447 -0.543599
    outer loop
      vertex 73.9848 89 39.3636
      vertex 72.81 87.5 40.3212
      vertex 73.8334 89 39.2365
    endloop
  endfacet
  facet normal -0.163513 -0.704429 -0.690683
    outer loop
      vertex 75.5778 87.5 41.1371
      vertex 75.4876 89 39.6286
      vertex 75.9153 87.5 41.0572
    endloop
  endfacet
  facet normal -0.516296 -0.704441 -0.487033
    outer loop
      vertex 77.19 87.5 40.3212
      vertex 76.1666 89 39.2365
      vertex 77.428 87.5 40.0689
    endloop
  endfacet
  facet normal 0.163513 -0.704429 0.690683
    outer loop
      vertex 74.5124 89 36.3714
      vertex 74.0847 87.5 34.9428
      vertex 74.4222 87.5 34.8629
    endloop
  endfacet
  facet normal -0.680614 -0.704372 -0.201555
    outer loop
      vertex 76.5975 89 38.5814
      vertex 78.0057 87.5 39.0682
      vertex 77.9988 87.5 39.0915
    endloop
  endfacet
  facet normal -0.67997 -0.704418 -0.20356
    outer loop
      vertex 78.0057 87.5 39.0682
      vertex 76.5975 89 38.5814
      vertex 76.6542 89 38.392
    endloop
  endfacet
  facet normal -0.569343 -0.704423 -0.423835
    outer loop
      vertex 77.4591 87.5 40.0318
      vertex 76.4203 89 38.9342
      vertex 77.6662 87.5 39.7536
    endloop
  endfacet
  facet normal -0.699007 -0.704419 -0.123222
    outer loop
      vertex 78.1094 87.5 38.712
      vertex 76.6885 89 38.1974
      vertex 78.1696 87.5 38.3705
    endloop
  endfacet
  facet normal -0.708584 -0.704427 -0.0411396
    outer loop
      vertex 78.1711 87.5 38.3462
      vertex 76.7 89 38
      vertex 78.1912 87.5 38
    endloop
  endfacet
  facet normal -0.651689 -0.704424 -0.281225
    outer loop
      vertex 77.8518 87.5 39.4322
      vertex 76.5192 89 38.763
      vertex 77.9892 87.5 39.1138
    endloop
  endfacet
  facet normal 0.45635 -0.704447 0.543599
    outer loop
      vertex 72.81 87.5 35.6788
      vertex 73.9848 89 36.6364
      vertex 73.8334 89 36.7635
    endloop
  endfacet
  facet normal 0.456278 -0.704437 0.543671
    outer loop
      vertex 73.9848 89 36.6364
      vertex 72.81 87.5 35.6788
      vertex 73.0943 87.5 35.4402
    endloop
  endfacet
  facet normal -0.569577 -0.704417 -0.423532
    outer loop
      vertex 76.3023 89 39.0927
      vertex 77.4591 87.5 40.0318
      vertex 77.4446 87.5 40.0513
    endloop
  endfacet
  facet normal -0.569328 -0.704425 -0.423853
    outer loop
      vertex 77.4591 87.5 40.0318
      vertex 76.3023 89 39.0927
      vertex 76.4203 89 38.9342
    endloop
  endfacet
  facet normal -0.163875 -0.70441 -0.690617
    outer loop
      vertex 75.2952 89 39.6742
      vertex 75.5778 87.5 41.1371
      vertex 75.5542 87.5 41.1427
    endloop
  endfacet
  facet normal -0.16369 -0.704414 -0.690657
    outer loop
      vertex 75.5778 87.5 41.1371
      vertex 75.2952 89 39.6742
      vertex 75.4876 89 39.6286
    endloop
  endfacet
  facet normal 0.569343 -0.704423 -0.423835
    outer loop
      vertex 72.5409 87.5 40.0318
      vertex 72.3338 87.5 39.7536
      vertex 73.5797 89 38.9342
    endloop
  endfacet
  facet normal -0.389891 -0.704433 0.593093
    outer loop
      vertex 75.85 89 36.5278
      vertex 76.6159 87.5 35.2497
      vertex 76.0152 89 36.6364
    endloop
  endfacet
  facet normal -0.391028 -0.704404 0.592378
    outer loop
      vertex 76.6159 87.5 35.2497
      vertex 75.85 89 36.5278
      vertex 76.5956 87.5 35.2363
    endloop
  endfacet
  facet normal 0.679955 -0.704421 -0.203598
    outer loop
      vertex 71.9943 87.5 39.0682
      vertex 71.8948 87.5 38.7359
      vertex 73.3458 89 38.392
    endloop
  endfacet
  facet normal 0.391028 -0.704404 -0.592378
    outer loop
      vertex 73.3841 87.5 40.7503
      vertex 74.15 89 39.4722
      vertex 73.4044 87.5 40.7637
    endloop
  endfacet
  facet normal 0.389891 -0.704433 -0.593093
    outer loop
      vertex 74.15 89 39.4722
      vertex 73.3841 87.5 40.7503
      vertex 73.9848 89 39.3636
    endloop
  endfacet
  facet normal 0.699081 -0.70441 -0.122851
    outer loop
      vertex 71.8906 87.5 38.712
      vertex 73.3458 89 38.392
      vertex 71.8948 87.5 38.7359
    endloop
  endfacet
  facet normal 0.699011 -0.704418 -0.123207
    outer loop
      vertex 73.3458 89 38.392
      vertex 71.8906 87.5 38.712
      vertex 73.3115 89 38.1974
    endloop
  endfacet
  facet normal -0.614721 -0.704422 -0.354835
    outer loop
      vertex 77.6662 87.5 39.7536
      vertex 76.4203 89 38.9342
      vertex 77.8396 87.5 39.4532
    endloop
  endfacet
  facet normal 0.242799 -0.70442 -0.666965
    outer loop
      vertex 74.3267 89 39.561
      vertex 73.7588 87.5 40.9385
      vertex 73.736 87.5 40.9302
    endloop
  endfacet
  facet normal 0.242794 -0.704419 -0.666966
    outer loop
      vertex 73.7588 87.5 40.9385
      vertex 74.3267 89 39.561
      vertex 74.5124 89 39.6286
    endloop
  endfacet
  facet normal -0.651758 -0.704444 0.281017
    outer loop
      vertex 77.9892 87.5 36.8862
      vertex 76.5975 89 37.4186
      vertex 76.5192 89 37.237
    endloop
  endfacet
  facet normal -0.65191 -0.704452 0.280643
    outer loop
      vertex 76.5975 89 37.4186
      vertex 77.9892 87.5 36.8862
      vertex 77.9988 87.5 36.9085
    endloop
  endfacet
  facet normal 0.163875 -0.70441 -0.690617
    outer loop
      vertex 74.4222 87.5 41.1371
      vertex 74.7048 89 39.6742
      vertex 74.4458 87.5 41.1427
    endloop
  endfacet
  facet normal 0.16369 -0.704414 -0.690657
    outer loop
      vertex 74.7048 89 39.6742
      vertex 74.4222 87.5 41.1371
      vertex 74.5124 89 39.6286
    endloop
  endfacet
  facet normal 0.679955 -0.704421 0.203598
    outer loop
      vertex 73.3458 89 37.608
      vertex 71.8948 87.5 37.2641
      vertex 71.9943 87.5 36.9318
    endloop
  endfacet
  facet normal -0.082289 -0.704434 -0.704983
    outer loop
      vertex 75.1856 87.5 41.1858
      vertex 75.0988 89 39.6971
      vertex 75.53 87.5 41.1456
    endloop
  endfacet
  facet normal -0.516214 -0.70443 -0.487136
    outer loop
      vertex 76.3023 89 39.0927
      vertex 77.428 87.5 40.0689
      vertex 76.1666 89 39.2365
    endloop
  endfacet
  facet normal -0.516337 -0.704434 -0.487
    outer loop
      vertex 77.428 87.5 40.0689
      vertex 76.3023 89 39.0927
      vertex 77.4446 87.5 40.0513
    endloop
  endfacet
  facet normal -0.242905 -0.70443 -0.666915
    outer loop
      vertex 75.9153 87.5 41.0572
      vertex 75.4876 89 39.6286
      vertex 76.2412 87.5 40.9385
    endloop
  endfacet
  facet normal -0.318495 -0.704422 -0.634311
    outer loop
      vertex 75.6733 89 39.561
      vertex 76.5956 87.5 40.7637
      vertex 76.264 87.5 40.9302
    endloop
  endfacet
  facet normal -0.318705 -0.704446 -0.634179
    outer loop
      vertex 76.5956 87.5 40.7637
      vertex 75.6733 89 39.561
      vertex 75.85 89 39.4722
    endloop
  endfacet
  facet normal 0.699007 -0.704419 -0.123222
    outer loop
      vertex 71.8906 87.5 38.712
      vertex 71.8304 87.5 38.3705
      vertex 73.3115 89 38.1974
    endloop
  endfacet
  facet normal 0.082289 -0.704434 0.704983
    outer loop
      vertex 74.9012 89 36.3029
      vertex 74.47 87.5 34.8544
      vertex 74.8144 87.5 34.8142
    endloop
  endfacet
  facet normal 0.389875 -0.704435 0.593101
    outer loop
      vertex 73.9848 89 36.6364
      vertex 73.0943 87.5 35.4402
      vertex 73.3841 87.5 35.2497
    endloop
  endfacet
  facet normal -0.242905 -0.70443 0.666915
    outer loop
      vertex 76.2412 87.5 35.0615
      vertex 75.4876 89 36.3714
      vertex 75.9153 87.5 34.9428
    endloop
  endfacet
  facet normal 0.16369 -0.704414 0.690657
    outer loop
      vertex 74.4222 87.5 34.8629
      vertex 74.7048 89 36.3258
      vertex 74.5124 89 36.3714
    endloop
  endfacet
  facet normal 0.163875 -0.70441 0.690617
    outer loop
      vertex 74.7048 89 36.3258
      vertex 74.4222 87.5 34.8629
      vertex 74.4458 87.5 34.8573
    endloop
  endfacet
  facet normal 0.65191 -0.704452 -0.280643
    outer loop
      vertex 73.4025 89 38.5814
      vertex 72.0108 87.5 39.1138
      vertex 72.0012 87.5 39.0915
    endloop
  endfacet
  facet normal 0.651758 -0.704444 -0.281017
    outer loop
      vertex 72.0108 87.5 39.1138
      vertex 73.4025 89 38.5814
      vertex 73.4808 89 38.763
    endloop
  endfacet
  facet normal -0.614721 -0.704422 0.354835
    outer loop
      vertex 77.8396 87.5 36.5468
      vertex 76.4203 89 37.0658
      vertex 77.6662 87.5 36.2464
    endloop
  endfacet
  facet normal 0.614721 -0.704422 -0.354835
    outer loop
      vertex 72.3338 87.5 39.7536
      vertex 72.1604 87.5 39.4532
      vertex 73.5797 89 38.9342
    endloop
  endfacet
  facet normal 0.389875 -0.704435 -0.593101
    outer loop
      vertex 73.3841 87.5 40.7503
      vertex 73.0943 87.5 40.5598
      vertex 73.9848 89 39.3636
    endloop
  endfacet
  facet normal 0.163513 -0.704429 -0.690683
    outer loop
      vertex 74.4222 87.5 41.1371
      vertex 74.0847 87.5 41.0572
      vertex 74.5124 89 39.6286
    endloop
  endfacet
  facet normal 0.61378 -0.704363 -0.356577
    outer loop
      vertex 73.4808 89 38.763
      vertex 72.1604 87.5 39.4532
      vertex 72.1482 87.5 39.4322
    endloop
  endfacet
  facet normal 0.614617 -0.704401 -0.355056
    outer loop
      vertex 72.1604 87.5 39.4532
      vertex 73.4808 89 38.763
      vertex 73.5797 89 38.9342
    endloop
  endfacet
  facet normal 0.651689 -0.704424 -0.281225
    outer loop
      vertex 72.1482 87.5 39.4322
      vertex 72.0108 87.5 39.1138
      vertex 73.4808 89 38.763
    endloop
  endfacet
  facet normal -0.456278 -0.704437 -0.543671
    outer loop
      vertex 76.0152 89 39.3636
      vertex 77.19 87.5 40.3212
      vertex 76.9057 87.5 40.5598
    endloop
  endfacet
  facet normal -0.45635 -0.704447 -0.543599
    outer loop
      vertex 77.19 87.5 40.3212
      vertex 76.0152 89 39.3636
      vertex 76.1666 89 39.2365
    endloop
  endfacet
  facet normal -0.391028 -0.704404 -0.592378
    outer loop
      vertex 75.85 89 39.4722
      vertex 76.6159 87.5 40.7503
      vertex 76.5956 87.5 40.7637
    endloop
  endfacet
  facet normal -0.389891 -0.704433 -0.593093
    outer loop
      vertex 76.6159 87.5 40.7503
      vertex 75.85 89 39.4722
      vertex 76.0152 89 39.3636
    endloop
  endfacet
  facet normal 0.516296 -0.704441 -0.487033
    outer loop
      vertex 72.81 87.5 40.3212
      vertex 72.572 87.5 40.0689
      vertex 73.8334 89 39.2365
    endloop
  endfacet
  facet normal 0.082289 -0.704434 -0.704983
    outer loop
      vertex 74.8144 87.5 41.1858
      vertex 74.47 87.5 41.1456
      vertex 74.9012 89 39.6971
    endloop
  endfacet
  facet normal 0.242905 -0.70443 -0.666915
    outer loop
      vertex 74.0847 87.5 41.0572
      vertex 73.7588 87.5 40.9385
      vertex 74.5124 89 39.6286
    endloop
  endfacet
  facet normal 0 -0.704428 0.709775
    outer loop
      vertex 74.9012 89 36.3029
      vertex 75.1856 87.5 34.8142
      vertex 75.0988 89 36.3029
    endloop
  endfacet
  facet normal 0 -0.704428 0.709775
    outer loop
      vertex 75.1856 87.5 34.8142
      vertex 74.9012 89 36.3029
      vertex 74.8144 87.5 34.8142
    endloop
  endfacet
  facet normal 0.708584 -0.704427 -0.0411396
    outer loop
      vertex 71.8289 87.5 38.3462
      vertex 71.8088 87.5 38
      vertex 73.3 89 38
    endloop
  endfacet
  facet normal -0.16369 -0.704414 0.690657
    outer loop
      vertex 75.2952 89 36.3258
      vertex 75.5778 87.5 34.8629
      vertex 75.4876 89 36.3714
    endloop
  endfacet
  facet normal -0.163875 -0.70441 0.690617
    outer loop
      vertex 75.5778 87.5 34.8629
      vertex 75.2952 89 36.3258
      vertex 75.5542 87.5 34.8573
    endloop
  endfacet
  facet normal 0.242799 -0.70442 0.666965
    outer loop
      vertex 73.7588 87.5 35.0615
      vertex 74.3267 89 36.439
      vertex 73.736 87.5 35.0698
    endloop
  endfacet
  facet normal 0.242794 -0.704419 0.666966
    outer loop
      vertex 74.3267 89 36.439
      vertex 73.7588 87.5 35.0615
      vertex 74.5124 89 36.3714
    endloop
  endfacet
  facet normal 0.516337 -0.704434 -0.487
    outer loop
      vertex 73.6977 89 39.0927
      vertex 72.572 87.5 40.0689
      vertex 72.5554 87.5 40.0513
    endloop
  endfacet
  facet normal 0.516214 -0.70443 -0.487136
    outer loop
      vertex 72.572 87.5 40.0689
      vertex 73.6977 89 39.0927
      vertex 73.8334 89 39.2365
    endloop
  endfacet
  facet normal -0.389875 -0.704435 0.593101
    outer loop
      vertex 76.9057 87.5 35.4402
      vertex 76.0152 89 36.6364
      vertex 76.6159 87.5 35.2497
    endloop
  endfacet
  facet normal 0.0822022 -0.704426 -0.705001
    outer loop
      vertex 74.47 87.5 41.1456
      vertex 74.7048 89 39.6742
      vertex 74.9012 89 39.6971
    endloop
  endfacet
  facet normal 0.0844463 -0.704472 -0.70469
    outer loop
      vertex 74.7048 89 39.6742
      vertex 74.47 87.5 41.1456
      vertex 74.4458 87.5 41.1427
    endloop
  endfacet
  facet normal -0.163513 -0.704429 0.690683
    outer loop
      vertex 75.9153 87.5 34.9428
      vertex 75.4876 89 36.3714
      vertex 75.5778 87.5 34.8629
    endloop
  endfacet
  facet normal -0.614617 -0.704401 0.355056
    outer loop
      vertex 77.8396 87.5 36.5468
      vertex 76.5192 89 37.237
      vertex 76.4203 89 37.0658
    endloop
  endfacet
  facet normal -0.61378 -0.704363 0.356577
    outer loop
      vertex 76.5192 89 37.237
      vertex 77.8396 87.5 36.5468
      vertex 77.8518 87.5 36.5678
    endloop
  endfacet
  facet normal 0.708563 -0.704439 0.041279
    outer loop
      vertex 71.8289 87.5 37.6538
      vertex 73.3115 89 37.8026
      vertex 73.3 89 38
    endloop
  endfacet
  facet normal 0.708368 -0.704488 0.0437264
    outer loop
      vertex 73.3115 89 37.8026
      vertex 71.8289 87.5 37.6538
      vertex 71.8304 87.5 37.6295
    endloop
  endfacet
  facet normal 0 -0.704428 -0.709775
    outer loop
      vertex 75.1856 87.5 41.1858
      vertex 74.9012 89 39.6971
      vertex 75.0988 89 39.6971
    endloop
  endfacet
  facet normal 0 -0.704428 -0.709775
    outer loop
      vertex 74.9012 89 39.6971
      vertex 75.1856 87.5 41.1858
      vertex 74.8144 87.5 41.1858
    endloop
  endfacet
  facet normal 0.569328 -0.704425 0.423853
    outer loop
      vertex 72.5409 87.5 35.9682
      vertex 73.6977 89 36.9073
      vertex 73.5797 89 37.0658
    endloop
  endfacet
  facet normal 0.569577 -0.704417 0.423532
    outer loop
      vertex 73.6977 89 36.9073
      vertex 72.5409 87.5 35.9682
      vertex 72.5554 87.5 35.9487
    endloop
  endfacet
  facet normal 0.708584 -0.704427 0.0411396
    outer loop
      vertex 73.3 89 38
      vertex 71.8088 87.5 38
      vertex 71.8289 87.5 37.6538
    endloop
  endfacet
  facet normal 0.389891 -0.704433 0.593093
    outer loop
      vertex 73.3841 87.5 35.2497
      vertex 74.15 89 36.5278
      vertex 73.9848 89 36.6364
    endloop
  endfacet
  facet normal 0.391028 -0.704404 0.592378
    outer loop
      vertex 74.15 89 36.5278
      vertex 73.3841 87.5 35.2497
      vertex 73.4044 87.5 35.2363
    endloop
  endfacet
  facet normal -0.45635 -0.704447 0.543599
    outer loop
      vertex 76.0152 89 36.6364
      vertex 77.19 87.5 35.6788
      vertex 76.1666 89 36.7635
    endloop
  endfacet
  facet normal -0.456278 -0.704437 0.543671
    outer loop
      vertex 77.19 87.5 35.6788
      vertex 76.0152 89 36.6364
      vertex 76.9057 87.5 35.4402
    endloop
  endfacet
  facet normal 0.614721 -0.704422 0.354835
    outer loop
      vertex 73.5797 89 37.0658
      vertex 72.1604 87.5 36.5468
      vertex 72.3338 87.5 36.2464
    endloop
  endfacet
  facet normal 0.318495 -0.704422 -0.634311
    outer loop
      vertex 73.4044 87.5 40.7637
      vertex 74.3267 89 39.561
      vertex 73.736 87.5 40.9302
    endloop
  endfacet
  facet normal 0.318705 -0.704446 -0.634179
    outer loop
      vertex 74.3267 89 39.561
      vertex 73.4044 87.5 40.7637
      vertex 74.15 89 39.4722
    endloop
  endfacet
  facet normal 0.61378 -0.704363 0.356577
    outer loop
      vertex 72.1604 87.5 36.5468
      vertex 73.4808 89 37.237
      vertex 72.1482 87.5 36.5678
    endloop
  endfacet
  facet normal 0.614617 -0.704401 0.355056
    outer loop
      vertex 73.4808 89 37.237
      vertex 72.1604 87.5 36.5468
      vertex 73.5797 89 37.0658
    endloop
  endfacet
  facet normal 0.65191 -0.704452 0.280643
    outer loop
      vertex 72.0108 87.5 36.8862
      vertex 73.4025 89 37.4186
      vertex 72.0012 87.5 36.9085
    endloop
  endfacet
  facet normal 0.651758 -0.704444 0.281017
    outer loop
      vertex 73.4025 89 37.4186
      vertex 72.0108 87.5 36.8862
      vertex 73.4808 89 37.237
    endloop
  endfacet
  facet normal -0.0844463 -0.704472 -0.70469
    outer loop
      vertex 75.53 87.5 41.1456
      vertex 75.2952 89 39.6742
      vertex 75.5542 87.5 41.1427
    endloop
  endfacet
  facet normal -0.0822022 -0.704426 -0.705001
    outer loop
      vertex 75.2952 89 39.6742
      vertex 75.53 87.5 41.1456
      vertex 75.0988 89 39.6971
    endloop
  endfacet
  facet normal -0.569328 -0.704425 0.423853
    outer loop
      vertex 76.3023 89 36.9073
      vertex 77.4591 87.5 35.9682
      vertex 76.4203 89 37.0658
    endloop
  endfacet
  facet normal -0.569577 -0.704417 0.423532
    outer loop
      vertex 77.4591 87.5 35.9682
      vertex 76.3023 89 36.9073
      vertex 77.4446 87.5 35.9487
    endloop
  endfacet
  facet normal 0.699011 -0.704418 0.123207
    outer loop
      vertex 71.8906 87.5 37.288
      vertex 73.3458 89 37.608
      vertex 73.3115 89 37.8026
    endloop
  endfacet
  facet normal 0.699081 -0.70441 0.122851
    outer loop
      vertex 73.3458 89 37.608
      vertex 71.8906 87.5 37.288
      vertex 71.8948 87.5 37.2641
    endloop
  endfacet
  facet normal -0.242794 -0.704419 0.666966
    outer loop
      vertex 76.2412 87.5 35.0615
      vertex 75.6733 89 36.439
      vertex 75.4876 89 36.3714
    endloop
  endfacet
  facet normal -0.242799 -0.70442 0.666965
    outer loop
      vertex 75.6733 89 36.439
      vertex 76.2412 87.5 35.0615
      vertex 76.264 87.5 35.0698
    endloop
  endfacet
  facet normal -0.516296 -0.704441 0.487033
    outer loop
      vertex 77.428 87.5 35.9311
      vertex 76.1666 89 36.7635
      vertex 77.19 87.5 35.6788
    endloop
  endfacet
  facet normal 0.569343 -0.704423 0.423835
    outer loop
      vertex 73.5797 89 37.0658
      vertex 72.3338 87.5 36.2464
      vertex 72.5409 87.5 35.9682
    endloop
  endfacet
  facet normal 0.516296 -0.704441 0.487033
    outer loop
      vertex 73.8334 89 36.7635
      vertex 72.572 87.5 35.9311
      vertex 72.81 87.5 35.6788
    endloop
  endfacet
  facet normal 0.680614 -0.704372 -0.201555
    outer loop
      vertex 71.9943 87.5 39.0682
      vertex 73.4025 89 38.5814
      vertex 72.0012 87.5 39.0915
    endloop
  endfacet
  facet normal 0.67997 -0.704418 -0.20356
    outer loop
      vertex 73.4025 89 38.5814
      vertex 71.9943 87.5 39.0682
      vertex 73.3458 89 38.392
    endloop
  endfacet
  facet normal 0.569577 -0.704417 -0.423532
    outer loop
      vertex 72.5409 87.5 40.0318
      vertex 73.6977 89 39.0927
      vertex 72.5554 87.5 40.0513
    endloop
  endfacet
  facet normal 0.569328 -0.704425 -0.423853
    outer loop
      vertex 73.6977 89 39.0927
      vertex 72.5409 87.5 40.0318
      vertex 73.5797 89 38.9342
    endloop
  endfacet
  facet normal 0.318705 -0.704446 0.634179
    outer loop
      vertex 73.4044 87.5 35.2363
      vertex 74.3267 89 36.439
      vertex 74.15 89 36.5278
    endloop
  endfacet
  facet normal 0.318495 -0.704422 0.634311
    outer loop
      vertex 74.3267 89 36.439
      vertex 73.4044 87.5 35.2363
      vertex 73.736 87.5 35.0698
    endloop
  endfacet
  facet normal -0.651689 -0.704424 0.281225
    outer loop
      vertex 77.9892 87.5 36.8862
      vertex 76.5192 89 37.237
      vertex 77.8518 87.5 36.5678
    endloop
  endfacet
  facet normal -0.569343 -0.704423 0.423835
    outer loop
      vertex 77.6662 87.5 36.2464
      vertex 76.4203 89 37.0658
      vertex 77.4591 87.5 35.9682
    endloop
  endfacet
  facet normal 0 -1 -0
    outer loop
      vertex 73.9848 89 39.3636
      vertex 73.8334 89 39.2365
      vertex 74.15 89 39.4722
    endloop
  endfacet
  facet normal 0 -1 -0
    outer loop
      vertex 73.4808 89 38.763
      vertex 73.4025 89 38.5814
      vertex 73.5797 89 38.9342
    endloop
  endfacet
  facet normal 0 -1 0
    outer loop
      vertex 76.7 89 38
      vertex 76.6542 89 37.608
      vertex 76.6885 89 37.8026
    endloop
  endfacet
  facet normal -0 -1 -0
    outer loop
      vertex 76.6885 89 38.1974
      vertex 76.6542 89 38.392
      vertex 76.7 89 38
    endloop
  endfacet
  facet normal 0 -1 0
    outer loop
      vertex 76.0152 89 36.6364
      vertex 75.6733 89 36.439
      vertex 75.85 89 36.5278
    endloop
  endfacet
  facet normal -0 -1 -0
    outer loop
      vertex 76.4203 89 38.9342
      vertex 76.3023 89 39.0927
      vertex 76.5192 89 38.763
    endloop
  endfacet
  facet normal -0 -1 -0
    outer loop
      vertex 76.5975 89 38.5814
      vertex 76.5192 89 38.763
      vertex 76.6542 89 38.392
    endloop
  endfacet
  facet normal 0 -1 0
    outer loop
      vertex 74.9012 89 36.3029
      vertex 74.5124 89 36.3714
      vertex 74.7048 89 36.3258
    endloop
  endfacet
  facet normal 0 -1 0
    outer loop
      vertex 76.3023 89 36.9073
      vertex 76.0152 89 36.6364
      vertex 76.1666 89 36.7635
    endloop
  endfacet
  facet normal -0 -1 -0
    outer loop
      vertex 75.0988 89 39.6971
      vertex 74.9012 89 39.6971
      vertex 75.2952 89 39.6742
    endloop
  endfacet
  facet normal 0 -1 -0
    outer loop
      vertex 73.3115 89 38.1974
      vertex 73.3 89 38
      vertex 73.3115 89 37.8026
    endloop
  endfacet
  facet normal 0 -1 -0
    outer loop
      vertex 73.3458 89 38.392
      vertex 73.3115 89 38.1974
      vertex 73.4025 89 38.5814
    endloop
  endfacet
  facet normal -0 -1 -0
    outer loop
      vertex 75.4876 89 39.6286
      vertex 75.2952 89 39.6742
      vertex 75.6733 89 39.561
    endloop
  endfacet
  facet normal -0 -1 -0
    outer loop
      vertex 75.85 89 39.4722
      vertex 75.6733 89 39.561
      vertex 76.0152 89 39.3636
    endloop
  endfacet
  facet normal 0 -1 0
    outer loop
      vertex 73.8334 89 36.7635
      vertex 73.5797 89 37.0658
      vertex 73.6977 89 36.9073
    endloop
  endfacet
  facet normal 0 -1 0
    outer loop
      vertex 74.15 89 36.5278
      vertex 73.8334 89 36.7635
      vertex 73.9848 89 36.6364
    endloop
  endfacet
  facet normal 0 -1 0
    outer loop
      vertex 73.4025 89 37.4186
      vertex 73.3115 89 37.8026
      vertex 73.3458 89 37.608
    endloop
  endfacet
  facet normal 0 -1 -0
    outer loop
      vertex 74.7048 89 39.6742
      vertex 74.5124 89 39.6286
      vertex 74.9012 89 39.6971
    endloop
  endfacet
  facet normal 0 -1 0
    outer loop
      vertex 73.5797 89 37.0658
      vertex 73.4025 89 37.4186
      vertex 73.4808 89 37.237
    endloop
  endfacet
  facet normal -0 -1 -0
    outer loop
      vertex 76.1666 89 39.2365
      vertex 76.0152 89 39.3636
      vertex 76.3023 89 39.0927
    endloop
  endfacet
  facet normal 0 -1 -0
    outer loop
      vertex 74.3267 89 39.561
      vertex 74.15 89 39.4722
      vertex 74.5124 89 39.6286
    endloop
  endfacet
  facet normal 0 -1 0
    outer loop
      vertex 76.5192 89 37.237
      vertex 76.3023 89 36.9073
      vertex 76.4203 89 37.0658
    endloop
  endfacet
  facet normal 0 -1 0
    outer loop
      vertex 76.6542 89 37.608
      vertex 76.5192 89 37.237
      vertex 76.5975 89 37.4186
    endloop
  endfacet
  facet normal 0 -1 0
    outer loop
      vertex 74.5124 89 36.3714
      vertex 74.15 89 36.5278
      vertex 74.3267 89 36.439
    endloop
  endfacet
  facet normal 0 -1 0
    outer loop
      vertex 75.2952 89 36.3258
      vertex 74.9012 89 36.3029
      vertex 75.0988 89 36.3029
    endloop
  endfacet
  facet normal 0 -1 0
    outer loop
      vertex 75.6733 89 36.439
      vertex 75.2952 89 36.3258
      vertex 75.4876 89 36.3714
    endloop
  endfacet
  facet normal 0 -1 -0
    outer loop
      vertex 73.6977 89 39.0927
      vertex 73.5797 89 38.9342
      vertex 73.8334 89 39.2365
    endloop
  endfacet
  facet normal -0.318705 -0.704446 0.634179
    outer loop
      vertex 75.6733 89 36.439
      vertex 76.5956 87.5 35.2363
      vertex 75.85 89 36.5278
    endloop
  endfacet
  facet normal -0.318495 -0.704422 0.634311
    outer loop
      vertex 76.5956 87.5 35.2363
      vertex 75.6733 89 36.439
      vertex 76.264 87.5 35.0698
    endloop
  endfacet
  facet normal -0.082289 -0.704434 0.704983
    outer loop
      vertex 75.53 87.5 34.8544
      vertex 75.0988 89 36.3029
      vertex 75.1856 87.5 34.8142
    endloop
  endfacet
  facet normal -0.699011 -0.704418 0.123207
    outer loop
      vertex 76.6542 89 37.608
      vertex 78.1094 87.5 37.288
      vertex 76.6885 89 37.8026
    endloop
  endfacet
  facet normal -0.699081 -0.70441 0.122851
    outer loop
      vertex 78.1094 87.5 37.288
      vertex 76.6542 89 37.608
      vertex 78.1052 87.5 37.2641
    endloop
  endfacet
  facet normal -0.679955 -0.704421 0.203598
    outer loop
      vertex 78.1052 87.5 37.2641
      vertex 76.6542 89 37.608
      vertex 78.0057 87.5 36.9318
    endloop
  endfacet
  facet normal -0.0844463 -0.704472 0.70469
    outer loop
      vertex 75.2952 89 36.3258
      vertex 75.53 87.5 34.8544
      vertex 75.5542 87.5 34.8573
    endloop
  endfacet
  facet normal -0.0822022 -0.704426 0.705001
    outer loop
      vertex 75.53 87.5 34.8544
      vertex 75.2952 89 36.3258
      vertex 75.0988 89 36.3029
    endloop
  endfacet
  facet normal -0.67997 -0.704418 0.20356
    outer loop
      vertex 76.5975 89 37.4186
      vertex 78.0057 87.5 36.9318
      vertex 76.6542 89 37.608
    endloop
  endfacet
  facet normal -0.680614 -0.704372 0.201555
    outer loop
      vertex 78.0057 87.5 36.9318
      vertex 76.5975 89 37.4186
      vertex 77.9988 87.5 36.9085
    endloop
  endfacet
  facet normal -0.699007 -0.704419 0.123222
    outer loop
      vertex 78.1696 87.5 37.6295
      vertex 76.6885 89 37.8026
      vertex 78.1094 87.5 37.288
    endloop
  endfacet
  facet normal -1 0 0
    outer loop
      vertex 16.7 0 7.3
      vertex 16.7 2.5 12.7
      vertex 16.7 2.5 7.3
    endloop
  endfacet
  facet normal -1 -0 0
    outer loop
      vertex 16.7 2.5 12.7
      vertex 16.7 0 7.3
      vertex 16.7 0 12.7
    endloop
  endfacet
  facet normal 1 -0 0
    outer loop
      vertex 11.3 0 12.7
      vertex 11.3 2.5 7.3
      vertex 11.3 2.5 12.7
    endloop
  endfacet
  facet normal 1 0 0
    outer loop
      vertex 11.3 2.5 7.3
      vertex 11.3 0 12.7
      vertex 11.3 0 7.3
    endloop
  endfacet
  facet normal -0 0 1
    outer loop
      vertex 11.3 2.5 7.3
      vertex 16.7 0 7.3
      vertex 16.7 2.5 7.3
    endloop
  endfacet
  facet normal 0 0 1
    outer loop
      vertex 16.7 0 7.3
      vertex 11.3 2.5 7.3
      vertex 11.3 0 7.3
    endloop
  endfacet
  facet normal 0 0 -1
    outer loop
      vertex 11.3 0 12.7
      vertex 16.7 2.5 12.7
      vertex 16.7 0 12.7
    endloop
  endfacet
  facet normal -0 0 -1
    outer loop
      vertex 16.7 2.5 12.7
      vertex 11.3 0 12.7
      vertex 11.3 2.5 12.7
    endloop
  endfacet
  facet normal -1 0 0
    outer loop
      vertex 106.7 0 7.3
      vertex 106.7 2.5 12.7
      vertex 106.7 2.5 7.3
    endloop
  endfacet
  facet normal -1 -0 0
    outer loop
      vertex 106.7 2.5 12.7
      vertex 106.7 0 7.3
      vertex 106.7 0 12.7
    endloop
  endfacet
  facet normal 1 -0 0
    outer loop
      vertex 101.3 0 12.7
      vertex 101.3 2.5 7.3
      vertex 101.3 2.5 12.7
    endloop
  endfacet
  facet normal 1 0 0
    outer loop
      vertex 101.3 2.5 7.3
      vertex 101.3 0 12.7
      vertex 101.3 0 7.3
    endloop
  endfacet
  facet normal -0 0 1
    outer loop
      vertex 101.3 2.5 7.3
      vertex 106.7 0 7.3
      vertex 106.7 2.5 7.3
    endloop
  endfacet
  facet normal 0 0 1
    outer loop
      vertex 106.7 0 7.3
      vertex 101.3 2.5 7.3
      vertex 101.3 0 7.3
    endloop
  endfacet
  facet normal 0 0 -1
    outer loop
      vertex 101.3 0 12.7
      vertex 106.7 2.5 12.7
      vertex 106.7 0 12.7
    endloop
  endfacet
  facet normal -0 0 -1
    outer loop
      vertex 106.7 2.5 12.7
      vertex 101.3 0 12.7
      vertex 101.3 2.5 12.7
    endloop
  endfacet
  facet normal -1 0 0
    outer loop
      vertex 111.2 15.85 2.49
      vertex 111.2 18.15 10.5
      vertex 111.2 18.15 2.49
    endloop
  endfacet
  facet normal -1 -0 0
    outer loop
      vertex 111.2 18.15 10.5
      vertex 111.2 15.85 2.49
      vertex 111.2 15.85 10.5
    endloop
  endfacet
  facet normal 0 -1 0
    outer loop
      vertex 88.8 18.15 2.49
      vertex 95.2 18.15 10.5
      vertex 88.8 18.15 10.5
    endloop
  endfacet
  facet normal 0 -1 -0
    outer loop
      vertex 95.2 18.15 10.5
      vertex 88.8 18.15 2.49
      vertex 95.2 18.15 2.49
    endloop
  endfacet
  facet normal 0 -1 0
    outer loop
      vertex 104.8 18.15 2.49
      vertex 111.2 18.15 10.5
      vertex 104.8 18.15 10.5
    endloop
  endfacet
  facet normal 0 -1 -0
    outer loop
      vertex 111.2 18.15 10.5
      vertex 104.8 18.15 2.49
      vertex 111.2 18.15 2.49
    endloop
  endfacet
  facet normal 0 1 -0
    outer loop
      vertex 111.2 15.85 2.49
      vertex 88.8 15.85 10.5
      vertex 111.2 15.85 10.5
    endloop
  endfacet
  facet normal 0 1 0
    outer loop
      vertex 88.8 15.85 10.5
      vertex 111.2 15.85 2.49
      vertex 88.8 15.85 2.49
    endloop
  endfacet
  facet normal 1 -0 0
    outer loop
      vertex 88.8 15.85 10.5
      vertex 88.8 18.15 2.49
      vertex 88.8 18.15 10.5
    endloop
  endfacet
  facet normal 1 0 0
    outer loop
      vertex 88.8 18.15 2.49
      vertex 88.8 15.85 10.5
      vertex 88.8 15.85 2.49
    endloop
  endfacet
  facet normal 0 0 1
    outer loop
      vertex 95.2 18.15 2.49
      vertex 88.8 18.15 2.49
      vertex 95.2 17.4 2.49
    endloop
  endfacet
  facet normal 0 0 1
    outer loop
      vertex 104.8 17.4 2.49
      vertex 111.2 18.15 2.49
      vertex 104.8 18.15 2.49
    endloop
  endfacet
  facet normal 0 0 1
    outer loop
      vertex 111.2 18.15 2.49
      vertex 104.8 17.4 2.49
      vertex 111.2 15.85 2.49
    endloop
  endfacet
  facet normal -0 0 1
    outer loop
      vertex 95.2 17.4 2.49
      vertex 111.2 15.85 2.49
      vertex 104.8 17.4 2.49
    endloop
  endfacet
  facet normal 0 0 1
    outer loop
      vertex 95.2 17.4 2.49
      vertex 88.8 15.85 2.49
      vertex 111.2 15.85 2.49
    endloop
  endfacet
  facet normal 0 0 1
    outer loop
      vertex 88.8 15.85 2.49
      vertex 95.2 17.4 2.49
      vertex 88.8 18.15 2.49
    endloop
  endfacet
  facet normal -1 0 0
    outer loop
      vertex 111.82 39.05 2.49
      vertex 111.82 40.95 10.5
      vertex 111.82 40.95 2.49
    endloop
  endfacet
  facet normal -1 -0 0
    outer loop
      vertex 111.82 40.95 10.5
      vertex 111.82 39.05 2.49
      vertex 111.82 39.05 10.5
    endloop
  endfacet
  facet normal 0 -1 0
    outer loop
      vertex 96.18 40.95 2.49
      vertex 111.82 40.95 10.5
      vertex 96.18 40.95 10.5
    endloop
  endfacet
  facet normal 0 -1 -0
    outer loop
      vertex 111.82 40.95 10.5
      vertex 96.18 40.95 2.49
      vertex 111.82 40.95 2.49
    endloop
  endfacet
  facet normal 0 1 -0
    outer loop
      vertex 111.82 39.05 2.49
      vertex 96.18 39.05 10.5
      vertex 111.82 39.05 10.5
    endloop
  endfacet
  facet normal 0 1 0
    outer loop
      vertex 96.18 39.05 10.5
      vertex 111.82 39.05 2.49
      vertex 96.18 39.05 2.49
    endloop
  endfacet
  facet normal 1 -0 0
    outer loop
      vertex 96.18 39.05 10.5
      vertex 96.18 40.95 2.49
      vertex 96.18 40.95 10.5
    endloop
  endfacet
  facet normal 1 0 0
    outer loop
      vertex 96.18 40.95 2.49
      vertex 96.18 39.05 10.5
      vertex 96.18 39.05 2.49
    endloop
  endfacet
  facet normal -0 0 1
    outer loop
      vertex 96.18 40.95 2.49
      vertex 111.82 39.05 2.49
      vertex 111.82 40.95 2.49
    endloop
  endfacet
  facet normal 0 0 1
    outer loop
      vertex 111.82 39.05 2.49
      vertex 96.18 40.95 2.49
      vertex 96.18 39.05 2.49
    endloop
  endfacet
  facet normal -1 0 0
    outer loop
      vertex 104.8 21.6 0
      vertex 104.8 21.35 2.5
      vertex 104.8 21.6 2.5
    endloop
  endfacet
  facet normal -1 -0 0
    outer loop
      vertex 104.8 21.35 2.5
      vertex 104.8 18.15 2.49
      vertex 104.8 21.35 10.5
    endloop
  endfacet
  facet normal -1 0 0
    outer loop
      vertex 104.8 21.6 0
      vertex 104.8 18.15 2.49
      vertex 104.8 21.35 2.5
    endloop
  endfacet
  facet normal -1 0 0
    outer loop
      vertex 104.8 17.4 0
      vertex 104.8 18.15 2.49
      vertex 104.8 21.6 0
    endloop
  endfacet
  facet normal -1 -0 0
    outer loop
      vertex 104.8 18.15 2.49
      vertex 104.8 17.4 0
      vertex 104.8 17.4 2.49
    endloop
  endfacet
  facet normal -1 -0 0
    outer loop
      vertex 104.8 21.35 10.5
      vertex 104.8 18.15 2.49
      vertex 104.8 18.15 10.5
    endloop
  endfacet
  facet normal 0 -1 0
    outer loop
      vertex 95.2 21.6 0
      vertex 104.8 21.6 2.5
      vertex 95.2 21.6 2.5
    endloop
  endfacet
  facet normal 0 -1 -0
    outer loop
      vertex 104.8 21.6 2.5
      vertex 95.2 21.6 0
      vertex 104.8 21.6 0
    endloop
  endfacet
  facet normal 0 1 -0
    outer loop
      vertex 104.8 17.4 0
      vertex 95.2 17.4 2.49
      vertex 104.8 17.4 2.49
    endloop
  endfacet
  facet normal 0 1 0
    outer loop
      vertex 95.2 17.4 2.49
      vertex 104.8 17.4 0
      vertex 95.2 17.4 0
    endloop
  endfacet
  facet normal 1 0 0
    outer loop
      vertex 95.2 21.35 10.5
      vertex 95.2 18.15 10.5
      vertex 95.2 21.35 2.5
    endloop
  endfacet
  facet normal 1 -0 0
    outer loop
      vertex 95.2 21.35 2.5
      vertex 95.2 21.6 0
      vertex 95.2 21.6 2.5
    endloop
  endfacet
  facet normal 1 0 0
    outer loop
      vertex 95.2 18.15 2.49
      vertex 95.2 21.35 2.5
      vertex 95.2 18.15 10.5
    endloop
  endfacet
  facet normal 1 0 0
    outer loop
      vertex 95.2 21.35 2.5
      vertex 95.2 18.15 2.49
      vertex 95.2 21.6 0
    endloop
  endfacet
  facet normal 1 0 0
    outer loop
      vertex 95.2 17.4 0
      vertex 95.2 18.15 2.49
      vertex 95.2 17.4 2.49
    endloop
  endfacet
  facet normal 1 0 0
    outer loop
      vertex 95.2 18.15 2.49
      vertex 95.2 17.4 0
      vertex 95.2 21.6 0
    endloop
  endfacet
endsolid OpenSCAD_Model
