solid OpenSCAD_Model
  facet normal -0.0980137 0 -0.995185
    outer loop
      vertex 46 -0.799999 7
      vertex 46.3902 0 6.96157
      vertex 46.3902 -0.799999 6.96157
    endloop
  endfacet
  facet normal -0.0980137 0 -0.995185
    outer loop
      vertex 46.3902 0 6.96157
      vertex 46 -0.799999 7
      vertex 46 0 7
    endloop
  endfacet
  facet normal -0.773039 0 0.634358
    outer loop
      vertex 47.4142 -0.799999 3.58579
      vertex 47.6629 0 3.88886
      vertex 47.4142 0 3.58579
    endloop
  endfacet
  facet normal -0.773039 0 0.634358
    outer loop
      vertex 47.6629 0 3.88886
      vertex 47.4142 -0.799999 3.58579
      vertex 47.6629 -0.799999 3.88886
    endloop
  endfacet
  facet normal -0.956949 0 -0.290255
    outer loop
      vertex 47.9616 -0.799999 5.39018
      vertex 47.8478 0 5.76537
      vertex 47.9616 0 5.39018
    endloop
  endfacet
  facet normal -0.956949 -0 -0.290255
    outer loop
      vertex 47.8478 0 5.76537
      vertex 47.9616 -0.799999 5.39018
      vertex 47.8478 -0.799999 5.76537
    endloop
  endfacet
  facet normal -0.995192 0 -0.0979429
    outer loop
      vertex 48 -0.799999 5
      vertex 47.9616 0 5.39018
      vertex 48 0 5
    endloop
  endfacet
  facet normal -0.995192 -0 -0.0979429
    outer loop
      vertex 47.9616 0 5.39018
      vertex 48 -0.799999 5
      vertex 47.9616 -0.799999 5.39018
    endloop
  endfacet
  facet normal -0.881834 0 -0.47156
    outer loop
      vertex 47.8478 -0.799999 5.76537
      vertex 47.6629 0 6.11114
      vertex 47.8478 0 5.76537
    endloop
  endfacet
  facet normal -0.881834 -0 -0.47156
    outer loop
      vertex 47.6629 0 6.11114
      vertex 47.8478 -0.799999 5.76537
      vertex 47.6629 -0.799999 6.11114
    endloop
  endfacet
  facet normal 0.634366 0 0.773033
    outer loop
      vertex 44.5858 0 3.58579
      vertex 44.8889 -0.799999 3.33706
      vertex 44.8889 0 3.33706
    endloop
  endfacet
  facet normal 0.634366 0 0.773033
    outer loop
      vertex 44.8889 -0.799999 3.33706
      vertex 44.5858 0 3.58579
      vertex 44.5858 -0.799999 3.58579
    endloop
  endfacet
  facet normal 0.290271 0 -0.956944
    outer loop
      vertex 45.2346 -0.799999 6.84776
      vertex 45.6098 0 6.96157
      vertex 45.6098 -0.799999 6.96157
    endloop
  endfacet
  facet normal 0.290271 0 -0.956944
    outer loop
      vertex 45.6098 0 6.96157
      vertex 45.2346 -0.799999 6.84776
      vertex 45.2346 0 6.84776
    endloop
  endfacet
  facet normal -0.995192 0 0.0979429
    outer loop
      vertex 47.9616 -0.799999 4.60982
      vertex 48 0 5
      vertex 47.9616 0 4.60982
    endloop
  endfacet
  facet normal -0.995192 0 0.0979429
    outer loop
      vertex 48 0 5
      vertex 47.9616 -0.799999 4.60982
      vertex 48 -0.799999 5
    endloop
  endfacet
  facet normal 0.0980137 0 0.995185
    outer loop
      vertex 45.6098 0 3.03843
      vertex 46 -0.799999 3
      vertex 46 0 3
    endloop
  endfacet
  facet normal 0.0980137 0 0.995185
    outer loop
      vertex 46 -0.799999 3
      vertex 45.6098 0 3.03843
      vertex 45.6098 -0.799999 3.03843
    endloop
  endfacet
  facet normal 0.471475 0 0.881879
    outer loop
      vertex 44.8889 0 3.33706
      vertex 45.2346 -0.799999 3.15224
      vertex 45.2346 0 3.15224
    endloop
  endfacet
  facet normal 0.471475 0 0.881879
    outer loop
      vertex 45.2346 -0.799999 3.15224
      vertex 44.8889 0 3.33706
      vertex 44.8889 -0.799999 3.33706
    endloop
  endfacet
  facet normal 0.881834 -0 0.47156
    outer loop
      vertex 44.1522 -0.799999 4.23463
      vertex 44.3371 0 3.88886
      vertex 44.1522 0 4.23463
    endloop
  endfacet
  facet normal 0.881834 0 0.47156
    outer loop
      vertex 44.3371 0 3.88886
      vertex 44.1522 -0.799999 4.23463
      vertex 44.3371 -0.799999 3.88886
    endloop
  endfacet
  facet normal -0.956949 0 0.290255
    outer loop
      vertex 47.8478 -0.799999 4.23463
      vertex 47.9616 0 4.60982
      vertex 47.8478 0 4.23463
    endloop
  endfacet
  facet normal -0.956949 0 0.290255
    outer loop
      vertex 47.9616 0 4.60982
      vertex 47.8478 -0.799999 4.23463
      vertex 47.9616 -0.799999 4.60982
    endloop
  endfacet
  facet normal -0.471475 0 -0.881879
    outer loop
      vertex 46.7654 -0.799999 6.84776
      vertex 47.1111 0 6.66294
      vertex 47.1111 -0.799999 6.66294
    endloop
  endfacet
  facet normal -0.471475 0 -0.881879
    outer loop
      vertex 47.1111 0 6.66294
      vertex 46.7654 -0.799999 6.84776
      vertex 46.7654 0 6.84776
    endloop
  endfacet
  facet normal -0.290271 0 -0.956944
    outer loop
      vertex 46.3902 -0.799999 6.96157
      vertex 46.7654 0 6.84776
      vertex 46.7654 -0.799999 6.84776
    endloop
  endfacet
  facet normal -0.290271 0 -0.956944
    outer loop
      vertex 46.7654 0 6.84776
      vertex 46.3902 -0.799999 6.96157
      vertex 46.3902 0 6.96157
    endloop
  endfacet
  facet normal -0.290271 0 0.956944
    outer loop
      vertex 46.3902 0 3.03843
      vertex 46.7654 -0.799999 3.15224
      vertex 46.7654 0 3.15224
    endloop
  endfacet
  facet normal -0.290271 0 0.956944
    outer loop
      vertex 46.7654 -0.799999 3.15224
      vertex 46.3902 0 3.03843
      vertex 46.3902 -0.799999 3.03843
    endloop
  endfacet
  facet normal 0.290271 0 0.956944
    outer loop
      vertex 45.2346 0 3.15224
      vertex 45.6098 -0.799999 3.03843
      vertex 45.6098 0 3.03843
    endloop
  endfacet
  facet normal 0.290271 0 0.956944
    outer loop
      vertex 45.6098 -0.799999 3.03843
      vertex 45.2346 0 3.15224
      vertex 45.2346 -0.799999 3.15224
    endloop
  endfacet
  facet normal 0.634366 0 -0.773033
    outer loop
      vertex 44.5858 -0.799999 6.41421
      vertex 44.8889 0 6.66294
      vertex 44.8889 -0.799999 6.66294
    endloop
  endfacet
  facet normal 0.634366 0 -0.773033
    outer loop
      vertex 44.8889 0 6.66294
      vertex 44.5858 -0.799999 6.41421
      vertex 44.5858 0 6.41421
    endloop
  endfacet
  facet normal -0.773039 0 -0.634358
    outer loop
      vertex 47.6629 -0.799999 6.11114
      vertex 47.4142 0 6.41421
      vertex 47.6629 0 6.11114
    endloop
  endfacet
  facet normal -0.773039 -0 -0.634358
    outer loop
      vertex 47.4142 0 6.41421
      vertex 47.6629 -0.799999 6.11114
      vertex 47.4142 -0.799999 6.41421
    endloop
  endfacet
  facet normal 0.471475 0 -0.881879
    outer loop
      vertex 44.8889 -0.799999 6.66294
      vertex 45.2346 0 6.84776
      vertex 45.2346 -0.799999 6.84776
    endloop
  endfacet
  facet normal 0.471475 0 -0.881879
    outer loop
      vertex 45.2346 0 6.84776
      vertex 44.8889 -0.799999 6.66294
      vertex 44.8889 0 6.66294
    endloop
  endfacet
  facet normal -0.471475 0 0.881879
    outer loop
      vertex 46.7654 0 3.15224
      vertex 47.1111 -0.799999 3.33706
      vertex 47.1111 0 3.33706
    endloop
  endfacet
  facet normal -0.471475 0 0.881879
    outer loop
      vertex 47.1111 -0.799999 3.33706
      vertex 46.7654 0 3.15224
      vertex 46.7654 -0.799999 3.15224
    endloop
  endfacet
  facet normal 0.956949 0 -0.290255
    outer loop
      vertex 44.1522 -0.799999 5.76537
      vertex 44.0384 0 5.39018
      vertex 44.1522 0 5.76537
    endloop
  endfacet
  facet normal 0.956949 0 -0.290255
    outer loop
      vertex 44.0384 0 5.39018
      vertex 44.1522 -0.799999 5.76537
      vertex 44.0384 -0.799999 5.39018
    endloop
  endfacet
  facet normal 0.0980137 0 -0.995185
    outer loop
      vertex 45.6098 -0.799999 6.96157
      vertex 46 0 7
      vertex 46 -0.799999 7
    endloop
  endfacet
  facet normal 0.0980137 0 -0.995185
    outer loop
      vertex 46 0 7
      vertex 45.6098 -0.799999 6.96157
      vertex 45.6098 0 6.96157
    endloop
  endfacet
  facet normal -0.881834 0 0.47156
    outer loop
      vertex 47.6629 -0.799999 3.88886
      vertex 47.8478 0 4.23463
      vertex 47.6629 0 3.88886
    endloop
  endfacet
  facet normal -0.881834 0 0.47156
    outer loop
      vertex 47.8478 0 4.23463
      vertex 47.6629 -0.799999 3.88886
      vertex 47.8478 -0.799999 4.23463
    endloop
  endfacet
  facet normal -0.634366 0 -0.773033
    outer loop
      vertex 47.1111 -0.799999 6.66294
      vertex 47.4142 0 6.41421
      vertex 47.4142 -0.799999 6.41421
    endloop
  endfacet
  facet normal -0.634366 0 -0.773033
    outer loop
      vertex 47.4142 0 6.41421
      vertex 47.1111 -0.799999 6.66294
      vertex 47.1111 0 6.66294
    endloop
  endfacet
  facet normal -0.634366 0 0.773033
    outer loop
      vertex 47.1111 0 3.33706
      vertex 47.4142 -0.799999 3.58579
      vertex 47.4142 0 3.58579
    endloop
  endfacet
  facet normal -0.634366 0 0.773033
    outer loop
      vertex 47.4142 -0.799999 3.58579
      vertex 47.1111 0 3.33706
      vertex 47.1111 -0.799999 3.33706
    endloop
  endfacet
  facet normal -0.0980137 0 0.995185
    outer loop
      vertex 46 0 3
      vertex 46.3902 -0.799999 3.03843
      vertex 46.3902 0 3.03843
    endloop
  endfacet
  facet normal -0.0980137 0 0.995185
    outer loop
      vertex 46.3902 -0.799999 3.03843
      vertex 46 0 3
      vertex 46 -0.799999 3
    endloop
  endfacet
  facet normal 0.956949 -0 0.290255
    outer loop
      vertex 44.0384 -0.799999 4.60982
      vertex 44.1522 0 4.23463
      vertex 44.0384 0 4.60982
    endloop
  endfacet
  facet normal 0.956949 0 0.290255
    outer loop
      vertex 44.1522 0 4.23463
      vertex 44.0384 -0.799999 4.60982
      vertex 44.1522 -0.799999 4.23463
    endloop
  endfacet
  facet normal 0.881834 0 -0.47156
    outer loop
      vertex 44.3371 -0.799999 6.11114
      vertex 44.1522 0 5.76537
      vertex 44.3371 0 6.11114
    endloop
  endfacet
  facet normal 0.881834 0 -0.47156
    outer loop
      vertex 44.1522 0 5.76537
      vertex 44.3371 -0.799999 6.11114
      vertex 44.1522 -0.799999 5.76537
    endloop
  endfacet
  facet normal 0.773039 0 -0.634358
    outer loop
      vertex 44.5858 -0.799999 6.41421
      vertex 44.3371 0 6.11114
      vertex 44.5858 0 6.41421
    endloop
  endfacet
  facet normal 0.773039 0 -0.634358
    outer loop
      vertex 44.3371 0 6.11114
      vertex 44.5858 -0.799999 6.41421
      vertex 44.3371 -0.799999 6.11114
    endloop
  endfacet
  facet normal 0.773039 -0 0.634358
    outer loop
      vertex 44.3371 -0.799999 3.88886
      vertex 44.5858 0 3.58579
      vertex 44.3371 0 3.88886
    endloop
  endfacet
  facet normal 0.773039 0 0.634358
    outer loop
      vertex 44.5858 0 3.58579
      vertex 44.3371 -0.799999 3.88886
      vertex 44.5858 -0.799999 3.58579
    endloop
  endfacet
  facet normal 0.995192 -0 0.0979429
    outer loop
      vertex 44 -0.799999 5
      vertex 44.0384 0 4.60982
      vertex 44 0 5
    endloop
  endfacet
  facet normal 0.995192 0 0.0979429
    outer loop
      vertex 44.0384 0 4.60982
      vertex 44 -0.799999 5
      vertex 44.0384 -0.799999 4.60982
    endloop
  endfacet
  facet normal 0.995192 0 -0.0979429
    outer loop
      vertex 44.0384 -0.799999 5.39018
      vertex 44 0 5
      vertex 44.0384 0 5.39018
    endloop
  endfacet
  facet normal 0.995192 0 -0.0979429
    outer loop
      vertex 44 0 5
      vertex 44.0384 -0.799999 5.39018
      vertex 44 -0.799999 5
    endloop
  endfacet
  facet normal 0 1 0
    outer loop
      vertex 46.3902 -0.799999 6.96157
      vertex 45.6098 -0.799999 6.96157
      vertex 46 -0.799999 7
    endloop
  endfacet
  facet normal 0 1 0
    outer loop
      vertex 46.7654 -0.799999 6.84776
      vertex 45.6098 -0.799999 6.96157
      vertex 46.3902 -0.799999 6.96157
    endloop
  endfacet
  facet normal 0 1 0
    outer loop
      vertex 46.7654 -0.799999 6.84776
      vertex 45.2346 -0.799999 6.84776
      vertex 45.6098 -0.799999 6.96157
    endloop
  endfacet
  facet normal 0 1 0
    outer loop
      vertex 47.1111 -0.799999 6.66294
      vertex 45.2346 -0.799999 6.84776
      vertex 46.7654 -0.799999 6.84776
    endloop
  endfacet
  facet normal 0 1 0
    outer loop
      vertex 47.1111 -0.799999 6.66294
      vertex 44.8889 -0.799999 6.66294
      vertex 45.2346 -0.799999 6.84776
    endloop
  endfacet
  facet normal 0 1 0
    outer loop
      vertex 47.4142 -0.799999 6.41421
      vertex 44.8889 -0.799999 6.66294
      vertex 47.1111 -0.799999 6.66294
    endloop
  endfacet
  facet normal 0 1 0
    outer loop
      vertex 47.4142 -0.799999 6.41421
      vertex 44.5858 -0.799999 6.41421
      vertex 44.8889 -0.799999 6.66294
    endloop
  endfacet
  facet normal 0 1 0
    outer loop
      vertex 47.6629 -0.799999 6.11114
      vertex 44.5858 -0.799999 6.41421
      vertex 47.4142 -0.799999 6.41421
    endloop
  endfacet
  facet normal 0 1 0
    outer loop
      vertex 47.6629 -0.799999 6.11114
      vertex 44.3371 -0.799999 6.11114
      vertex 44.5858 -0.799999 6.41421
    endloop
  endfacet
  facet normal 0 1 0
    outer loop
      vertex 47.8478 -0.799999 5.76537
      vertex 44.3371 -0.799999 6.11114
      vertex 47.6629 -0.799999 6.11114
    endloop
  endfacet
  facet normal 0 1 0
    outer loop
      vertex 47.8478 -0.799999 5.76537
      vertex 44.1522 -0.799999 5.76537
      vertex 44.3371 -0.799999 6.11114
    endloop
  endfacet
  facet normal 0 1 0
    outer loop
      vertex 47.9616 -0.799999 5.39018
      vertex 44.1522 -0.799999 5.76537
      vertex 47.8478 -0.799999 5.76537
    endloop
  endfacet
  facet normal 0 1 0
    outer loop
      vertex 47.9616 -0.799999 5.39018
      vertex 44.0384 -0.799999 5.39018
      vertex 44.1522 -0.799999 5.76537
    endloop
  endfacet
  facet normal 0 1 0
    outer loop
      vertex 48 -0.799999 5
      vertex 44.0384 -0.799999 5.39018
      vertex 47.9616 -0.799999 5.39018
    endloop
  endfacet
  facet normal 0 1 0
    outer loop
      vertex 48 -0.799999 5
      vertex 44 -0.799999 5
      vertex 44.0384 -0.799999 5.39018
    endloop
  endfacet
  facet normal 0 1 -0
    outer loop
      vertex 47.9616 -0.799999 4.60982
      vertex 44 -0.799999 5
      vertex 48 -0.799999 5
    endloop
  endfacet
  facet normal 0 1 0
    outer loop
      vertex 47.9616 -0.799999 4.60982
      vertex 44.0384 -0.799999 4.60982
      vertex 44 -0.799999 5
    endloop
  endfacet
  facet normal 0 1 -0
    outer loop
      vertex 47.8478 -0.799999 4.23463
      vertex 44.0384 -0.799999 4.60982
      vertex 47.9616 -0.799999 4.60982
    endloop
  endfacet
  facet normal 0 1 0
    outer loop
      vertex 47.8478 -0.799999 4.23463
      vertex 44.1522 -0.799999 4.23463
      vertex 44.0384 -0.799999 4.60982
    endloop
  endfacet
  facet normal 0 1 -0
    outer loop
      vertex 47.6629 -0.799999 3.88886
      vertex 44.1522 -0.799999 4.23463
      vertex 47.8478 -0.799999 4.23463
    endloop
  endfacet
  facet normal 0 1 0
    outer loop
      vertex 47.6629 -0.799999 3.88886
      vertex 44.3371 -0.799999 3.88886
      vertex 44.1522 -0.799999 4.23463
    endloop
  endfacet
  facet normal 0 1 -0
    outer loop
      vertex 47.4142 -0.799999 3.58579
      vertex 44.3371 -0.799999 3.88886
      vertex 47.6629 -0.799999 3.88886
    endloop
  endfacet
  facet normal 0 1 0
    outer loop
      vertex 47.4142 -0.799999 3.58579
      vertex 44.5858 -0.799999 3.58579
      vertex 44.3371 -0.799999 3.88886
    endloop
  endfacet
  facet normal 0 1 -0
    outer loop
      vertex 47.1111 -0.799999 3.33706
      vertex 44.5858 -0.799999 3.58579
      vertex 47.4142 -0.799999 3.58579
    endloop
  endfacet
  facet normal 0 1 0
    outer loop
      vertex 47.1111 -0.799999 3.33706
      vertex 44.8889 -0.799999 3.33706
      vertex 44.5858 -0.799999 3.58579
    endloop
  endfacet
  facet normal 0 1 -0
    outer loop
      vertex 46.7654 -0.799999 3.15224
      vertex 44.8889 -0.799999 3.33706
      vertex 47.1111 -0.799999 3.33706
    endloop
  endfacet
  facet normal 0 1 0
    outer loop
      vertex 46.7654 -0.799999 3.15224
      vertex 45.2346 -0.799999 3.15224
      vertex 44.8889 -0.799999 3.33706
    endloop
  endfacet
  facet normal 0 1 -0
    outer loop
      vertex 46.3902 -0.799999 3.03843
      vertex 45.2346 -0.799999 3.15224
      vertex 46.7654 -0.799999 3.15224
    endloop
  endfacet
  facet normal 0 1 0
    outer loop
      vertex 46.3902 -0.799999 3.03843
      vertex 45.6098 -0.799999 3.03843
      vertex 45.2346 -0.799999 3.15224
    endloop
  endfacet
  facet normal -0 1 0
    outer loop
      vertex 45.6098 -0.799999 3.03843
      vertex 46.3902 -0.799999 3.03843
      vertex 46 -0.799999 3
    endloop
  endfacet
  facet normal -0.0980137 0 -0.995185
    outer loop
      vertex 55 -0.799999 7
      vertex 55.3902 0 6.96157
      vertex 55.3902 -0.799999 6.96157
    endloop
  endfacet
  facet normal -0.0980137 0 -0.995185
    outer loop
      vertex 55.3902 0 6.96157
      vertex 55 -0.799999 7
      vertex 55 0 7
    endloop
  endfacet
  facet normal -0.773039 0 0.634358
    outer loop
      vertex 56.4142 -0.799999 3.58579
      vertex 56.6629 0 3.88886
      vertex 56.4142 0 3.58579
    endloop
  endfacet
  facet normal -0.773039 0 0.634358
    outer loop
      vertex 56.6629 0 3.88886
      vertex 56.4142 -0.799999 3.58579
      vertex 56.6629 -0.799999 3.88886
    endloop
  endfacet
  facet normal -0.956949 0 -0.290255
    outer loop
      vertex 56.9616 -0.799999 5.39018
      vertex 56.8478 0 5.76537
      vertex 56.9616 0 5.39018
    endloop
  endfacet
  facet normal -0.956949 -0 -0.290255
    outer loop
      vertex 56.8478 0 5.76537
      vertex 56.9616 -0.799999 5.39018
      vertex 56.8478 -0.799999 5.76537
    endloop
  endfacet
  facet normal -0.995192 0 -0.0979429
    outer loop
      vertex 57 -0.799999 5
      vertex 56.9616 0 5.39018
      vertex 57 0 5
    endloop
  endfacet
  facet normal -0.995192 -0 -0.0979429
    outer loop
      vertex 56.9616 0 5.39018
      vertex 57 -0.799999 5
      vertex 56.9616 -0.799999 5.39018
    endloop
  endfacet
  facet normal -0.881834 0 -0.47156
    outer loop
      vertex 56.8478 -0.799999 5.76537
      vertex 56.6629 0 6.11114
      vertex 56.8478 0 5.76537
    endloop
  endfacet
  facet normal -0.881834 -0 -0.47156
    outer loop
      vertex 56.6629 0 6.11114
      vertex 56.8478 -0.799999 5.76537
      vertex 56.6629 -0.799999 6.11114
    endloop
  endfacet
  facet normal 0.634366 0 0.773033
    outer loop
      vertex 53.5858 0 3.58579
      vertex 53.8889 -0.799999 3.33706
      vertex 53.8889 0 3.33706
    endloop
  endfacet
  facet normal 0.634366 0 0.773033
    outer loop
      vertex 53.8889 -0.799999 3.33706
      vertex 53.5858 0 3.58579
      vertex 53.5858 -0.799999 3.58579
    endloop
  endfacet
  facet normal 0.290271 0 -0.956944
    outer loop
      vertex 54.2346 -0.799999 6.84776
      vertex 54.6098 0 6.96157
      vertex 54.6098 -0.799999 6.96157
    endloop
  endfacet
  facet normal 0.290271 0 -0.956944
    outer loop
      vertex 54.6098 0 6.96157
      vertex 54.2346 -0.799999 6.84776
      vertex 54.2346 0 6.84776
    endloop
  endfacet
  facet normal -0.995192 0 0.0979429
    outer loop
      vertex 56.9616 -0.799999 4.60982
      vertex 57 0 5
      vertex 56.9616 0 4.60982
    endloop
  endfacet
  facet normal -0.995192 0 0.0979429
    outer loop
      vertex 57 0 5
      vertex 56.9616 -0.799999 4.60982
      vertex 57 -0.799999 5
    endloop
  endfacet
  facet normal 0.0980137 0 0.995185
    outer loop
      vertex 54.6098 0 3.03843
      vertex 55 -0.799999 3
      vertex 55 0 3
    endloop
  endfacet
  facet normal 0.0980137 0 0.995185
    outer loop
      vertex 55 -0.799999 3
      vertex 54.6098 0 3.03843
      vertex 54.6098 -0.799999 3.03843
    endloop
  endfacet
  facet normal 0.471475 0 0.881879
    outer loop
      vertex 53.8889 0 3.33706
      vertex 54.2346 -0.799999 3.15224
      vertex 54.2346 0 3.15224
    endloop
  endfacet
  facet normal 0.471475 0 0.881879
    outer loop
      vertex 54.2346 -0.799999 3.15224
      vertex 53.8889 0 3.33706
      vertex 53.8889 -0.799999 3.33706
    endloop
  endfacet
  facet normal 0.881834 -0 0.47156
    outer loop
      vertex 53.1522 -0.799999 4.23463
      vertex 53.3371 0 3.88886
      vertex 53.1522 0 4.23463
    endloop
  endfacet
  facet normal 0.881834 0 0.47156
    outer loop
      vertex 53.3371 0 3.88886
      vertex 53.1522 -0.799999 4.23463
      vertex 53.3371 -0.799999 3.88886
    endloop
  endfacet
  facet normal -0.0980137 0 0.995185
    outer loop
      vertex 55 0 3
      vertex 55.3902 -0.799999 3.03843
      vertex 55.3902 0 3.03843
    endloop
  endfacet
  facet normal -0.0980137 0 0.995185
    outer loop
      vertex 55.3902 -0.799999 3.03843
      vertex 55 0 3
      vertex 55 -0.799999 3
    endloop
  endfacet
  facet normal -0.956949 0 0.290255
    outer loop
      vertex 56.8478 -0.799999 4.23463
      vertex 56.9616 0 4.60982
      vertex 56.8478 0 4.23463
    endloop
  endfacet
  facet normal -0.956949 0 0.290255
    outer loop
      vertex 56.9616 0 4.60982
      vertex 56.8478 -0.799999 4.23463
      vertex 56.9616 -0.799999 4.60982
    endloop
  endfacet
  facet normal -0.471475 0 -0.881879
    outer loop
      vertex 55.7654 -0.799999 6.84776
      vertex 56.1111 0 6.66294
      vertex 56.1111 -0.799999 6.66294
    endloop
  endfacet
  facet normal -0.471475 0 -0.881879
    outer loop
      vertex 56.1111 0 6.66294
      vertex 55.7654 -0.799999 6.84776
      vertex 55.7654 0 6.84776
    endloop
  endfacet
  facet normal -0.290271 0 -0.956944
    outer loop
      vertex 55.3902 -0.799999 6.96157
      vertex 55.7654 0 6.84776
      vertex 55.7654 -0.799999 6.84776
    endloop
  endfacet
  facet normal -0.290271 0 -0.956944
    outer loop
      vertex 55.7654 0 6.84776
      vertex 55.3902 -0.799999 6.96157
      vertex 55.3902 0 6.96157
    endloop
  endfacet
  facet normal -0.290271 0 0.956944
    outer loop
      vertex 55.3902 0 3.03843
      vertex 55.7654 -0.799999 3.15224
      vertex 55.7654 0 3.15224
    endloop
  endfacet
  facet normal -0.290271 0 0.956944
    outer loop
      vertex 55.7654 -0.799999 3.15224
      vertex 55.3902 0 3.03843
      vertex 55.3902 -0.799999 3.03843
    endloop
  endfacet
  facet normal 0.290271 0 0.956944
    outer loop
      vertex 54.2346 0 3.15224
      vertex 54.6098 -0.799999 3.03843
      vertex 54.6098 0 3.03843
    endloop
  endfacet
  facet normal 0.290271 0 0.956944
    outer loop
      vertex 54.6098 -0.799999 3.03843
      vertex 54.2346 0 3.15224
      vertex 54.2346 -0.799999 3.15224
    endloop
  endfacet
  facet normal 0.634366 0 -0.773033
    outer loop
      vertex 53.5858 -0.799999 6.41421
      vertex 53.8889 0 6.66294
      vertex 53.8889 -0.799999 6.66294
    endloop
  endfacet
  facet normal 0.634366 0 -0.773033
    outer loop
      vertex 53.8889 0 6.66294
      vertex 53.5858 -0.799999 6.41421
      vertex 53.5858 0 6.41421
    endloop
  endfacet
  facet normal -0.773039 0 -0.634358
    outer loop
      vertex 56.6629 -0.799999 6.11114
      vertex 56.4142 0 6.41421
      vertex 56.6629 0 6.11114
    endloop
  endfacet
  facet normal -0.773039 -0 -0.634358
    outer loop
      vertex 56.4142 0 6.41421
      vertex 56.6629 -0.799999 6.11114
      vertex 56.4142 -0.799999 6.41421
    endloop
  endfacet
  facet normal 0.471475 0 -0.881879
    outer loop
      vertex 53.8889 -0.799999 6.66294
      vertex 54.2346 0 6.84776
      vertex 54.2346 -0.799999 6.84776
    endloop
  endfacet
  facet normal 0.471475 0 -0.881879
    outer loop
      vertex 54.2346 0 6.84776
      vertex 53.8889 -0.799999 6.66294
      vertex 53.8889 0 6.66294
    endloop
  endfacet
  facet normal -0.471475 0 0.881879
    outer loop
      vertex 55.7654 0 3.15224
      vertex 56.1111 -0.799999 3.33706
      vertex 56.1111 0 3.33706
    endloop
  endfacet
  facet normal -0.471475 0 0.881879
    outer loop
      vertex 56.1111 -0.799999 3.33706
      vertex 55.7654 0 3.15224
      vertex 55.7654 -0.799999 3.15224
    endloop
  endfacet
  facet normal 0.956949 0 -0.290255
    outer loop
      vertex 53.1522 -0.799999 5.76537
      vertex 53.0384 0 5.39018
      vertex 53.1522 0 5.76537
    endloop
  endfacet
  facet normal 0.956949 0 -0.290255
    outer loop
      vertex 53.0384 0 5.39018
      vertex 53.1522 -0.799999 5.76537
      vertex 53.0384 -0.799999 5.39018
    endloop
  endfacet
  facet normal -0.881834 0 0.47156
    outer loop
      vertex 56.6629 -0.799999 3.88886
      vertex 56.8478 0 4.23463
      vertex 56.6629 0 3.88886
    endloop
  endfacet
  facet normal -0.881834 0 0.47156
    outer loop
      vertex 56.8478 0 4.23463
      vertex 56.6629 -0.799999 3.88886
      vertex 56.8478 -0.799999 4.23463
    endloop
  endfacet
  facet normal -0.634366 0 -0.773033
    outer loop
      vertex 56.1111 -0.799999 6.66294
      vertex 56.4142 0 6.41421
      vertex 56.4142 -0.799999 6.41421
    endloop
  endfacet
  facet normal -0.634366 0 -0.773033
    outer loop
      vertex 56.4142 0 6.41421
      vertex 56.1111 -0.799999 6.66294
      vertex 56.1111 0 6.66294
    endloop
  endfacet
  facet normal -0.634366 0 0.773033
    outer loop
      vertex 56.1111 0 3.33706
      vertex 56.4142 -0.799999 3.58579
      vertex 56.4142 0 3.58579
    endloop
  endfacet
  facet normal -0.634366 0 0.773033
    outer loop
      vertex 56.4142 -0.799999 3.58579
      vertex 56.1111 0 3.33706
      vertex 56.1111 -0.799999 3.33706
    endloop
  endfacet
  facet normal 0.956949 -0 0.290255
    outer loop
      vertex 53.0384 -0.799999 4.60982
      vertex 53.1522 0 4.23463
      vertex 53.0384 0 4.60982
    endloop
  endfacet
  facet normal 0.956949 0 0.290255
    outer loop
      vertex 53.1522 0 4.23463
      vertex 53.0384 -0.799999 4.60982
      vertex 53.1522 -0.799999 4.23463
    endloop
  endfacet
  facet normal 0.881834 0 -0.47156
    outer loop
      vertex 53.3371 -0.799999 6.11114
      vertex 53.1522 0 5.76537
      vertex 53.3371 0 6.11114
    endloop
  endfacet
  facet normal 0.881834 0 -0.47156
    outer loop
      vertex 53.1522 0 5.76537
      vertex 53.3371 -0.799999 6.11114
      vertex 53.1522 -0.799999 5.76537
    endloop
  endfacet
  facet normal 0.773039 0 -0.634358
    outer loop
      vertex 53.5858 -0.799999 6.41421
      vertex 53.3371 0 6.11114
      vertex 53.5858 0 6.41421
    endloop
  endfacet
  facet normal 0.773039 0 -0.634358
    outer loop
      vertex 53.3371 0 6.11114
      vertex 53.5858 -0.799999 6.41421
      vertex 53.3371 -0.799999 6.11114
    endloop
  endfacet
  facet normal 0.773039 -0 0.634358
    outer loop
      vertex 53.3371 -0.799999 3.88886
      vertex 53.5858 0 3.58579
      vertex 53.3371 0 3.88886
    endloop
  endfacet
  facet normal 0.773039 0 0.634358
    outer loop
      vertex 53.5858 0 3.58579
      vertex 53.3371 -0.799999 3.88886
      vertex 53.5858 -0.799999 3.58579
    endloop
  endfacet
  facet normal 0.995192 -0 0.0979429
    outer loop
      vertex 53 -0.799999 5
      vertex 53.0384 0 4.60982
      vertex 53 0 5
    endloop
  endfacet
  facet normal 0.995192 0 0.0979429
    outer loop
      vertex 53.0384 0 4.60982
      vertex 53 -0.799999 5
      vertex 53.0384 -0.799999 4.60982
    endloop
  endfacet
  facet normal 0.995192 0 -0.0979429
    outer loop
      vertex 53.0384 -0.799999 5.39018
      vertex 53 0 5
      vertex 53.0384 0 5.39018
    endloop
  endfacet
  facet normal 0.995192 0 -0.0979429
    outer loop
      vertex 53 0 5
      vertex 53.0384 -0.799999 5.39018
      vertex 53 -0.799999 5
    endloop
  endfacet
  facet normal 0.0980137 0 -0.995185
    outer loop
      vertex 54.6098 -0.799999 6.96157
      vertex 55 0 7
      vertex 55 -0.799999 7
    endloop
  endfacet
  facet normal 0.0980137 0 -0.995185
    outer loop
      vertex 55 0 7
      vertex 54.6098 -0.799999 6.96157
      vertex 54.6098 0 6.96157
    endloop
  endfacet
  facet normal 0 1 0
    outer loop
      vertex 55.3902 -0.799999 6.96157
      vertex 54.6098 -0.799999 6.96157
      vertex 55 -0.799999 7
    endloop
  endfacet
  facet normal 0 1 0
    outer loop
      vertex 55.7654 -0.799999 6.84776
      vertex 54.6098 -0.799999 6.96157
      vertex 55.3902 -0.799999 6.96157
    endloop
  endfacet
  facet normal 0 1 0
    outer loop
      vertex 55.7654 -0.799999 6.84776
      vertex 54.2346 -0.799999 6.84776
      vertex 54.6098 -0.799999 6.96157
    endloop
  endfacet
  facet normal 0 1 0
    outer loop
      vertex 56.1111 -0.799999 6.66294
      vertex 54.2346 -0.799999 6.84776
      vertex 55.7654 -0.799999 6.84776
    endloop
  endfacet
  facet normal 0 1 0
    outer loop
      vertex 56.1111 -0.799999 6.66294
      vertex 53.8889 -0.799999 6.66294
      vertex 54.2346 -0.799999 6.84776
    endloop
  endfacet
  facet normal 0 1 0
    outer loop
      vertex 56.4142 -0.799999 6.41421
      vertex 53.8889 -0.799999 6.66294
      vertex 56.1111 -0.799999 6.66294
    endloop
  endfacet
  facet normal 0 1 0
    outer loop
      vertex 56.4142 -0.799999 6.41421
      vertex 53.5858 -0.799999 6.41421
      vertex 53.8889 -0.799999 6.66294
    endloop
  endfacet
  facet normal 0 1 0
    outer loop
      vertex 56.6629 -0.799999 6.11114
      vertex 53.5858 -0.799999 6.41421
      vertex 56.4142 -0.799999 6.41421
    endloop
  endfacet
  facet normal 0 1 0
    outer loop
      vertex 56.6629 -0.799999 6.11114
      vertex 53.3371 -0.799999 6.11114
      vertex 53.5858 -0.799999 6.41421
    endloop
  endfacet
  facet normal 0 1 0
    outer loop
      vertex 56.8478 -0.799999 5.76537
      vertex 53.3371 -0.799999 6.11114
      vertex 56.6629 -0.799999 6.11114
    endloop
  endfacet
  facet normal 0 1 0
    outer loop
      vertex 56.8478 -0.799999 5.76537
      vertex 53.1522 -0.799999 5.76537
      vertex 53.3371 -0.799999 6.11114
    endloop
  endfacet
  facet normal 0 1 0
    outer loop
      vertex 56.9616 -0.799999 5.39018
      vertex 53.1522 -0.799999 5.76537
      vertex 56.8478 -0.799999 5.76537
    endloop
  endfacet
  facet normal 0 1 0
    outer loop
      vertex 56.9616 -0.799999 5.39018
      vertex 53.0384 -0.799999 5.39018
      vertex 53.1522 -0.799999 5.76537
    endloop
  endfacet
  facet normal 0 1 0
    outer loop
      vertex 57 -0.799999 5
      vertex 53.0384 -0.799999 5.39018
      vertex 56.9616 -0.799999 5.39018
    endloop
  endfacet
  facet normal 0 1 0
    outer loop
      vertex 57 -0.799999 5
      vertex 53 -0.799999 5
      vertex 53.0384 -0.799999 5.39018
    endloop
  endfacet
  facet normal 0 1 -0
    outer loop
      vertex 56.9616 -0.799999 4.60982
      vertex 53 -0.799999 5
      vertex 57 -0.799999 5
    endloop
  endfacet
  facet normal 0 1 0
    outer loop
      vertex 56.9616 -0.799999 4.60982
      vertex 53.0384 -0.799999 4.60982
      vertex 53 -0.799999 5
    endloop
  endfacet
  facet normal 0 1 -0
    outer loop
      vertex 56.8478 -0.799999 4.23463
      vertex 53.0384 -0.799999 4.60982
      vertex 56.9616 -0.799999 4.60982
    endloop
  endfacet
  facet normal 0 1 0
    outer loop
      vertex 56.8478 -0.799999 4.23463
      vertex 53.1522 -0.799999 4.23463
      vertex 53.0384 -0.799999 4.60982
    endloop
  endfacet
  facet normal 0 1 -0
    outer loop
      vertex 56.6629 -0.799999 3.88886
      vertex 53.1522 -0.799999 4.23463
      vertex 56.8478 -0.799999 4.23463
    endloop
  endfacet
  facet normal 0 1 0
    outer loop
      vertex 56.6629 -0.799999 3.88886
      vertex 53.3371 -0.799999 3.88886
      vertex 53.1522 -0.799999 4.23463
    endloop
  endfacet
  facet normal 0 1 -0
    outer loop
      vertex 56.4142 -0.799999 3.58579
      vertex 53.3371 -0.799999 3.88886
      vertex 56.6629 -0.799999 3.88886
    endloop
  endfacet
  facet normal 0 1 0
    outer loop
      vertex 56.4142 -0.799999 3.58579
      vertex 53.5858 -0.799999 3.58579
      vertex 53.3371 -0.799999 3.88886
    endloop
  endfacet
  facet normal 0 1 -0
    outer loop
      vertex 56.1111 -0.799999 3.33706
      vertex 53.5858 -0.799999 3.58579
      vertex 56.4142 -0.799999 3.58579
    endloop
  endfacet
  facet normal 0 1 0
    outer loop
      vertex 56.1111 -0.799999 3.33706
      vertex 53.8889 -0.799999 3.33706
      vertex 53.5858 -0.799999 3.58579
    endloop
  endfacet
  facet normal 0 1 -0
    outer loop
      vertex 55.7654 -0.799999 3.15224
      vertex 53.8889 -0.799999 3.33706
      vertex 56.1111 -0.799999 3.33706
    endloop
  endfacet
  facet normal 0 1 0
    outer loop
      vertex 55.7654 -0.799999 3.15224
      vertex 54.2346 -0.799999 3.15224
      vertex 53.8889 -0.799999 3.33706
    endloop
  endfacet
  facet normal 0 1 -0
    outer loop
      vertex 55.3902 -0.799999 3.03843
      vertex 54.2346 -0.799999 3.15224
      vertex 55.7654 -0.799999 3.15224
    endloop
  endfacet
  facet normal 0 1 0
    outer loop
      vertex 55.3902 -0.799999 3.03843
      vertex 54.6098 -0.799999 3.03843
      vertex 54.2346 -0.799999 3.15224
    endloop
  endfacet
  facet normal -0 1 0
    outer loop
      vertex 54.6098 -0.799999 3.03843
      vertex 55.3902 -0.799999 3.03843
      vertex 55 -0.799999 3
    endloop
  endfacet
  facet normal 0.608728 0.793379 -0
    outer loop
      vertex 63.5607 -0.439346 0
      vertex 63.25 -0.200958 10
      vertex 63.5607 -0.439346 10
    endloop
  endfacet
  facet normal 0.608728 0.793379 0
    outer loop
      vertex 63.25 -0.200958 10
      vertex 63.5607 -0.439346 0
      vertex 63.25 -0.200958 0
    endloop
  endfacet
  facet normal 0.130507 -0.991447 0
    outer loop
      vertex 62.5 -30 0
      vertex 62.8882 -29.9489 10
      vertex 62.5 -30 10
    endloop
  endfacet
  facet normal 0.130507 -0.991447 0
    outer loop
      vertex 62.8882 -29.9489 10
      vertex 62.5 -30 0
      vertex 62.8882 -29.9489 0
    endloop
  endfacet
  facet normal 0 1 -0
    outer loop
      vertex 45.6098 0 6.96157
      vertex 25 0 7
      vertex 46 0 7
    endloop
  endfacet
  facet normal 0 1 -0
    outer loop
      vertex 45.2346 0 6.84776
      vertex 25 0 7
      vertex 45.6098 0 6.96157
    endloop
  endfacet
  facet normal 0 1 -0
    outer loop
      vertex 44.8889 0 6.66294
      vertex 25 0 7
      vertex 45.2346 0 6.84776
    endloop
  endfacet
  facet normal 0 1 -0
    outer loop
      vertex 44.5858 0 6.41421
      vertex 25 0 7
      vertex 44.8889 0 6.66294
    endloop
  endfacet
  facet normal 0 1 -0
    outer loop
      vertex 44.3371 0 6.11114
      vertex 25 0 7
      vertex 44.5858 0 6.41421
    endloop
  endfacet
  facet normal 0 1 -0
    outer loop
      vertex 44.1522 0 5.76537
      vertex 25 0 7
      vertex 44.3371 0 6.11114
    endloop
  endfacet
  facet normal 0 1 -0
    outer loop
      vertex 44.0384 0 5.39018
      vertex 25 0 7
      vertex 44.1522 0 5.76537
    endloop
  endfacet
  facet normal 0 1 -0
    outer loop
      vertex 44 0 5
      vertex 25 0 7
      vertex 44.0384 0 5.39018
    endloop
  endfacet
  facet normal 0 1 0
    outer loop
      vertex 25 0 3
      vertex 44 0 5
      vertex 44.0384 0 4.60982
    endloop
  endfacet
  facet normal 0 1 0
    outer loop
      vertex 25 0 3
      vertex 44.0384 0 4.60982
      vertex 44.1522 0 4.23463
    endloop
  endfacet
  facet normal 0 1 0
    outer loop
      vertex 25 0 3
      vertex 44.1522 0 4.23463
      vertex 44.3371 0 3.88886
    endloop
  endfacet
  facet normal 0 1 0
    outer loop
      vertex 25 0 3
      vertex 44.3371 0 3.88886
      vertex 44.5858 0 3.58579
    endloop
  endfacet
  facet normal 0 1 0
    outer loop
      vertex 25 0 3
      vertex 44.5858 0 3.58579
      vertex 44.8889 0 3.33706
    endloop
  endfacet
  facet normal 0 1 0
    outer loop
      vertex 25 0 3
      vertex 44.8889 0 3.33706
      vertex 45.2346 0 3.15224
    endloop
  endfacet
  facet normal 0 1 0
    outer loop
      vertex 25 0 3
      vertex 45.2346 0 3.15224
      vertex 45.6098 0 3.03843
    endloop
  endfacet
  facet normal 0 1 0
    outer loop
      vertex 44 0 5
      vertex 25 0 3
      vertex 25 0 7
    endloop
  endfacet
  facet normal 0 1 0
    outer loop
      vertex 25 0 3
      vertex 45.6098 0 3.03843
      vertex 46 0 3
    endloop
  endfacet
  facet normal 0 1 0
    outer loop
      vertex 46.3902 0 6.96157
      vertex 62.5 0 10
      vertex 54.6098 0 6.96157
    endloop
  endfacet
  facet normal 0 1 0
    outer loop
      vertex 62.5 0 10
      vertex 46.3902 0 6.96157
      vertex 46 0 7
    endloop
  endfacet
  facet normal 0 1 -0
    outer loop
      vertex 54.2346 0 6.84776
      vertex 46.3902 0 6.96157
      vertex 54.6098 0 6.96157
    endloop
  endfacet
  facet normal 0 1 0
    outer loop
      vertex 54.2346 0 6.84776
      vertex 46.7654 0 6.84776
      vertex 46.3902 0 6.96157
    endloop
  endfacet
  facet normal 0 1 -0
    outer loop
      vertex 53.8889 0 6.66294
      vertex 46.7654 0 6.84776
      vertex 54.2346 0 6.84776
    endloop
  endfacet
  facet normal 0 1 0
    outer loop
      vertex 53.8889 0 6.66294
      vertex 47.1111 0 6.66294
      vertex 46.7654 0 6.84776
    endloop
  endfacet
  facet normal 0 1 -0
    outer loop
      vertex 53.5858 0 6.41421
      vertex 47.1111 0 6.66294
      vertex 53.8889 0 6.66294
    endloop
  endfacet
  facet normal 0 1 0
    outer loop
      vertex 53.5858 0 6.41421
      vertex 47.4142 0 6.41421
      vertex 47.1111 0 6.66294
    endloop
  endfacet
  facet normal 0 1 -0
    outer loop
      vertex 53.3371 0 6.11114
      vertex 47.4142 0 6.41421
      vertex 53.5858 0 6.41421
    endloop
  endfacet
  facet normal 0 1 0
    outer loop
      vertex 53.3371 0 6.11114
      vertex 47.6629 0 6.11114
      vertex 47.4142 0 6.41421
    endloop
  endfacet
  facet normal 0 1 -0
    outer loop
      vertex 53.1522 0 5.76537
      vertex 47.6629 0 6.11114
      vertex 53.3371 0 6.11114
    endloop
  endfacet
  facet normal 0 1 0
    outer loop
      vertex 53.1522 0 5.76537
      vertex 47.8478 0 5.76537
      vertex 47.6629 0 6.11114
    endloop
  endfacet
  facet normal 0 1 -0
    outer loop
      vertex 53.0384 0 5.39018
      vertex 47.8478 0 5.76537
      vertex 53.1522 0 5.76537
    endloop
  endfacet
  facet normal 0 1 0
    outer loop
      vertex 53.0384 0 5.39018
      vertex 47.9616 0 5.39018
      vertex 47.8478 0 5.76537
    endloop
  endfacet
  facet normal 0 1 -0
    outer loop
      vertex 53 0 5
      vertex 47.9616 0 5.39018
      vertex 53.0384 0 5.39018
    endloop
  endfacet
  facet normal 0 1 0
    outer loop
      vertex 53 0 5
      vertex 48 0 5
      vertex 47.9616 0 5.39018
    endloop
  endfacet
  facet normal 0 1 0
    outer loop
      vertex 53.0384 0 4.60982
      vertex 48 0 5
      vertex 53 0 5
    endloop
  endfacet
  facet normal 0 1 0
    outer loop
      vertex 53.0384 0 4.60982
      vertex 47.9616 0 4.60982
      vertex 48 0 5
    endloop
  endfacet
  facet normal 0 1 0
    outer loop
      vertex 53.1522 0 4.23463
      vertex 47.9616 0 4.60982
      vertex 53.0384 0 4.60982
    endloop
  endfacet
  facet normal 0 1 0
    outer loop
      vertex 53.1522 0 4.23463
      vertex 47.8478 0 4.23463
      vertex 47.9616 0 4.60982
    endloop
  endfacet
  facet normal 0 1 0
    outer loop
      vertex 53.3371 0 3.88886
      vertex 47.8478 0 4.23463
      vertex 53.1522 0 4.23463
    endloop
  endfacet
  facet normal 0 1 0
    outer loop
      vertex 53.3371 0 3.88886
      vertex 47.6629 0 3.88886
      vertex 47.8478 0 4.23463
    endloop
  endfacet
  facet normal 0 1 0
    outer loop
      vertex 53.5858 0 3.58579
      vertex 47.6629 0 3.88886
      vertex 53.3371 0 3.88886
    endloop
  endfacet
  facet normal 0 1 0
    outer loop
      vertex 53.5858 0 3.58579
      vertex 47.4142 0 3.58579
      vertex 47.6629 0 3.88886
    endloop
  endfacet
  facet normal 0 1 0
    outer loop
      vertex 53.8889 0 3.33706
      vertex 47.4142 0 3.58579
      vertex 53.5858 0 3.58579
    endloop
  endfacet
  facet normal 0 1 0
    outer loop
      vertex 53.8889 0 3.33706
      vertex 47.1111 0 3.33706
      vertex 47.4142 0 3.58579
    endloop
  endfacet
  facet normal 0 1 0
    outer loop
      vertex 54.2346 0 3.15224
      vertex 47.1111 0 3.33706
      vertex 53.8889 0 3.33706
    endloop
  endfacet
  facet normal 0 1 0
    outer loop
      vertex 54.2346 0 3.15224
      vertex 46.7654 0 3.15224
      vertex 47.1111 0 3.33706
    endloop
  endfacet
  facet normal 0 1 0
    outer loop
      vertex 54.6098 0 3.03843
      vertex 46.7654 0 3.15224
      vertex 54.2346 0 3.15224
    endloop
  endfacet
  facet normal 0 1 0
    outer loop
      vertex 54.6098 0 3.03843
      vertex 46.3902 0 3.03843
      vertex 46.7654 0 3.15224
    endloop
  endfacet
  facet normal 0 1 0
    outer loop
      vertex 62.5 0 0
      vertex 54.6098 0 3.03843
      vertex 55 0 3
    endloop
  endfacet
  facet normal 0 1 0
    outer loop
      vertex 54.6098 0 3.03843
      vertex 62.5 0 0
      vertex 46.3902 0 3.03843
    endloop
  endfacet
  facet normal 0 1 0
    outer loop
      vertex 54.6098 0 6.96157
      vertex 62.5 0 10
      vertex 55 0 7
    endloop
  endfacet
  facet normal 0 1 0
    outer loop
      vertex 62.5 0 10
      vertex 55.3902 0 6.96157
      vertex 55 0 7
    endloop
  endfacet
  facet normal 0 1 0
    outer loop
      vertex 62.5 0 10
      vertex 55.7654 0 6.84776
      vertex 55.3902 0 6.96157
    endloop
  endfacet
  facet normal 0 1 0
    outer loop
      vertex 62.5 0 10
      vertex 56.1111 0 6.66294
      vertex 55.7654 0 6.84776
    endloop
  endfacet
  facet normal 0 1 0
    outer loop
      vertex 62.5 0 10
      vertex 56.4142 0 6.41421
      vertex 56.1111 0 6.66294
    endloop
  endfacet
  facet normal 0 1 0
    outer loop
      vertex 62.5 0 10
      vertex 56.6629 0 6.11114
      vertex 56.4142 0 6.41421
    endloop
  endfacet
  facet normal 0 1 0
    outer loop
      vertex 62.5 0 10
      vertex 56.8478 0 5.76537
      vertex 56.6629 0 6.11114
    endloop
  endfacet
  facet normal 0 1 0
    outer loop
      vertex 62.5 0 10
      vertex 56.9616 0 5.39018
      vertex 56.8478 0 5.76537
    endloop
  endfacet
  facet normal 0 1 0
    outer loop
      vertex 62.5 0 10
      vertex 57 0 5
      vertex 56.9616 0 5.39018
    endloop
  endfacet
  facet normal 0 1 -0
    outer loop
      vertex 62.5 0 0
      vertex 57 0 5
      vertex 62.5 0 10
    endloop
  endfacet
  facet normal 0 1 0
    outer loop
      vertex 57 0 5
      vertex 62.5 0 0
      vertex 56.9616 0 4.60982
    endloop
  endfacet
  facet normal 0 1 0
    outer loop
      vertex 56.9616 0 4.60982
      vertex 62.5 0 0
      vertex 56.8478 0 4.23463
    endloop
  endfacet
  facet normal 0 1 0
    outer loop
      vertex 56.8478 0 4.23463
      vertex 62.5 0 0
      vertex 56.6629 0 3.88886
    endloop
  endfacet
  facet normal 0 1 0
    outer loop
      vertex 46.3902 0 3.03843
      vertex 62.5 0 0
      vertex 46 0 3
    endloop
  endfacet
  facet normal 0 1 0
    outer loop
      vertex 46 0 3
      vertex 62.5 0 0
      vertex 25 0 3
    endloop
  endfacet
  facet normal 0 1 0
    outer loop
      vertex 25 0 3
      vertex 62.5 0 0
      vertex 1.5 0 0
    endloop
  endfacet
  facet normal 0 1 0
    outer loop
      vertex 55.3902 0 3.03843
      vertex 62.5 0 0
      vertex 55 0 3
    endloop
  endfacet
  facet normal 0 1 0
    outer loop
      vertex 55.7654 0 3.15224
      vertex 62.5 0 0
      vertex 55.3902 0 3.03843
    endloop
  endfacet
  facet normal 0 1 0
    outer loop
      vertex 56.1111 0 3.33706
      vertex 62.5 0 0
      vertex 55.7654 0 3.15224
    endloop
  endfacet
  facet normal 0 1 0
    outer loop
      vertex 56.4142 0 3.58579
      vertex 62.5 0 0
      vertex 56.1111 0 3.33706
    endloop
  endfacet
  facet normal 0 1 0
    outer loop
      vertex 56.6629 0 3.88886
      vertex 62.5 0 0
      vertex 56.4142 0 3.58579
    endloop
  endfacet
  facet normal 0 1 0
    outer loop
      vertex 25 0 7
      vertex 62.5 0 10
      vertex 46 0 7
    endloop
  endfacet
  facet normal 0 1 0
    outer loop
      vertex 62.5 0 10
      vertex 25 0 7
      vertex 1.5 0 10
    endloop
  endfacet
  facet normal 0 1 -0
    outer loop
      vertex 5 0 7
      vertex 1.5 0 10
      vertex 25 0 7
    endloop
  endfacet
  facet normal 0 1 -0
    outer loop
      vertex 5 0 3
      vertex 1.5 0 10
      vertex 5 0 7
    endloop
  endfacet
  facet normal 0 1 0
    outer loop
      vertex 5 0 3
      vertex 1.5 0 0
      vertex 1.5 0 10
    endloop
  endfacet
  facet normal 0 1 0
    outer loop
      vertex 25 0 3
      vertex 1.5 0 0
      vertex 5 0 3
    endloop
  endfacet
  facet normal 0.382637 0.923899 -0
    outer loop
      vertex 63.25 -0.200958 0
      vertex 62.8882 -0.0511169 10
      vertex 63.25 -0.200958 10
    endloop
  endfacet
  facet normal 0.382637 0.923899 0
    outer loop
      vertex 62.8882 -0.0511169 10
      vertex 63.25 -0.200958 0
      vertex 62.8882 -0.0511169 0
    endloop
  endfacet
  facet normal -0.13054 0.991443 0
    outer loop
      vertex 1.5 0 0
      vertex 1.11177 -0.0511169 10
      vertex 1.5 0 10
    endloop
  endfacet
  facet normal -0.13054 0.991443 0
    outer loop
      vertex 1.11177 -0.0511169 10
      vertex 1.5 0 0
      vertex 1.11177 -0.0511169 0
    endloop
  endfacet
  facet normal -0.991442 -0.13055 0
    outer loop
      vertex 0.0511169 -28.8882 0
      vertex 0 -28.5 10
      vertex 0 -28.5 0
    endloop
  endfacet
  facet normal -0.991442 -0.13055 0
    outer loop
      vertex 0 -28.5 10
      vertex 0.0511169 -28.8882 0
      vertex 0.0511169 -28.8882 10
    endloop
  endfacet
  facet normal -0.923899 -0.382637 0
    outer loop
      vertex 0.200958 -29.25 0
      vertex 0.0511169 -28.8882 10
      vertex 0.0511169 -28.8882 0
    endloop
  endfacet
  facet normal -0.923899 -0.382637 0
    outer loop
      vertex 0.0511169 -28.8882 10
      vertex 0.200958 -29.25 0
      vertex 0.200958 -29.25 10
    endloop
  endfacet
  facet normal -0.793335 0.608785 0
    outer loop
      vertex 0.200958 -0.75 0
      vertex 0.439346 -0.439346 10
      vertex 0.439346 -0.439346 0
    endloop
  endfacet
  facet normal -0.793335 0.608785 0
    outer loop
      vertex 0.439346 -0.439346 10
      vertex 0.200958 -0.75 0
      vertex 0.200958 -0.75 10
    endloop
  endfacet
  facet normal 0.13055 0.991442 -0
    outer loop
      vertex 62.8882 -0.0511169 0
      vertex 62.5 0 10
      vertex 62.8882 -0.0511169 10
    endloop
  endfacet
  facet normal 0.13055 0.991442 0
    outer loop
      vertex 62.5 0 10
      vertex 62.8882 -0.0511169 0
      vertex 62.5 0 0
    endloop
  endfacet
  facet normal -0.130497 -0.991449 0
    outer loop
      vertex 1.11177 -29.9489 0
      vertex 1.5 -30 10
      vertex 1.11177 -29.9489 10
    endloop
  endfacet
  facet normal -0.130497 -0.991449 -0
    outer loop
      vertex 1.5 -30 10
      vertex 1.11177 -29.9489 0
      vertex 1.5 -30 0
    endloop
  endfacet
  facet normal 0.991449 0.130497 0
    outer loop
      vertex 64 -1.5 10
      vertex 63.9489 -1.11177 0
      vertex 63.9489 -1.11177 10
    endloop
  endfacet
  facet normal 0.991449 0.130497 0
    outer loop
      vertex 63.9489 -1.11177 0
      vertex 64 -1.5 10
      vertex 64 -1.5 0
    endloop
  endfacet
  facet normal 0 0 1
    outer loop
      vertex 62.5 0 10
      vertex 64 -1.5 10
      vertex 63.9489 -1.11177 10
    endloop
  endfacet
  facet normal 0 0 1
    outer loop
      vertex 56.1107 -9.14227 10
      vertex 64 -1.5 10
      vertex 56.27 -8.77928 10
    endloop
  endfacet
  facet normal 0 0 1
    outer loop
      vertex 62.5 0 10
      vertex 63.9489 -1.11177 10
      vertex 63.799 -0.75 10
    endloop
  endfacet
  facet normal 0 0 1
    outer loop
      vertex 64 -1.5 10
      vertex 56.1107 -9.14227 10
      vertex 64 -28.5 10
    endloop
  endfacet
  facet normal 0 0 1
    outer loop
      vertex 62.5 0 10
      vertex 63.799 -0.75 10
      vertex 63.5607 -0.439346 10
    endloop
  endfacet
  facet normal -0 0 1
    outer loop
      vertex 55.8939 -9.47411 10
      vertex 64 -28.5 10
      vertex 56.1107 -9.14227 10
    endloop
  endfacet
  facet normal 0 0 1
    outer loop
      vertex 62.5 0 10
      vertex 63.5607 -0.439346 10
      vertex 63.25 -0.200958 10
    endloop
  endfacet
  facet normal -0 0 1
    outer loop
      vertex 55.6255 -9.76574 10
      vertex 64 -28.5 10
      vertex 55.8939 -9.47411 10
    endloop
  endfacet
  facet normal 0 0 1
    outer loop
      vertex 62.5 0 10
      vertex 63.25 -0.200958 10
      vertex 62.8882 -0.0511169 10
    endloop
  endfacet
  facet normal -0 0 1
    outer loop
      vertex 55.3127 -10.0092 10
      vertex 64 -28.5 10
      vertex 55.6255 -9.76574 10
    endloop
  endfacet
  facet normal 0 0 1
    outer loop
      vertex 55.8939 -6.52589 10
      vertex 64 -1.5 10
      vertex 62.5 0 10
    endloop
  endfacet
  facet normal -0 0 1
    outer loop
      vertex 54.9641 -10.1979 10
      vertex 64 -28.5 10
      vertex 55.3127 -10.0092 10
    endloop
  endfacet
  facet normal 0 0 1
    outer loop
      vertex 64 -1.5 10
      vertex 56.4 -8 10
      vertex 56.3673 -8.39503 10
    endloop
  endfacet
  facet normal 0 0 1
    outer loop
      vertex 64 -1.5 10
      vertex 56.3673 -7.60497 10
      vertex 56.4 -8 10
    endloop
  endfacet
  facet normal 0 0 1
    outer loop
      vertex 64 -1.5 10
      vertex 56.27 -7.22072 10
      vertex 56.3673 -7.60497 10
    endloop
  endfacet
  facet normal 0 0 1
    outer loop
      vertex 64 -1.5 10
      vertex 56.1107 -6.85773 10
      vertex 56.27 -7.22072 10
    endloop
  endfacet
  facet normal 0 0 1
    outer loop
      vertex 64 -1.5 10
      vertex 55.8939 -6.52589 10
      vertex 56.1107 -6.85773 10
    endloop
  endfacet
  facet normal 0 0 1
    outer loop
      vertex 62.5 0 10
      vertex 55.6255 -6.23426 10
      vertex 55.8939 -6.52589 10
    endloop
  endfacet
  facet normal 0 0 1
    outer loop
      vertex 62.5 0 10
      vertex 55.3127 -5.9908 10
      vertex 55.6255 -6.23426 10
    endloop
  endfacet
  facet normal 0 0 1
    outer loop
      vertex 62.5 0 10
      vertex 54.9641 -5.80214 10
      vertex 55.3127 -5.9908 10
    endloop
  endfacet
  facet normal 0 0 1
    outer loop
      vertex 62.5 0 10
      vertex 54.5892 -5.67344 10
      vertex 54.9641 -5.80214 10
    endloop
  endfacet
  facet normal 0 0 1
    outer loop
      vertex 62.5 0 10
      vertex 54.1982 -5.6082 10
      vertex 54.5892 -5.67344 10
    endloop
  endfacet
  facet normal 0 0 1
    outer loop
      vertex 62.5 0 10
      vertex 53.8018 -5.6082 10
      vertex 54.1982 -5.6082 10
    endloop
  endfacet
  facet normal 0 0 1
    outer loop
      vertex 62.5 0 10
      vertex 53.4108 -5.67344 10
      vertex 53.8018 -5.6082 10
    endloop
  endfacet
  facet normal 0 0 1
    outer loop
      vertex 62.5 0 10
      vertex 53.0359 -5.80214 10
      vertex 53.4108 -5.67344 10
    endloop
  endfacet
  facet normal 0 0 1
    outer loop
      vertex 10.9641 -5.80214 10
      vertex 53.0359 -5.80214 10
      vertex 62.5 0 10
    endloop
  endfacet
  facet normal 0 0 1
    outer loop
      vertex 51.6327 -7.60497 10
      vertex 12.4 -8 10
      vertex 51.6 -8 10
    endloop
  endfacet
  facet normal 0 0 1
    outer loop
      vertex 12.3673 -7.60497 10
      vertex 51.6327 -7.60497 10
      vertex 51.73 -7.22072 10
    endloop
  endfacet
  facet normal 0 0 1
    outer loop
      vertex 12.27 -7.22072 10
      vertex 51.73 -7.22072 10
      vertex 51.8893 -6.85773 10
    endloop
  endfacet
  facet normal 0 0 1
    outer loop
      vertex 12.1107 -6.85773 10
      vertex 51.8893 -6.85773 10
      vertex 52.1061 -6.52589 10
    endloop
  endfacet
  facet normal 0 0 1
    outer loop
      vertex 11.8939 -6.52589 10
      vertex 52.1061 -6.52589 10
      vertex 52.3745 -6.23426 10
    endloop
  endfacet
  facet normal 0 0 1
    outer loop
      vertex 11.6255 -6.23426 10
      vertex 52.3745 -6.23426 10
      vertex 52.6873 -5.9908 10
    endloop
  endfacet
  facet normal 0 0 1
    outer loop
      vertex 53.0359 -5.80214 10
      vertex 10.9641 -5.80214 10
      vertex 52.6873 -5.9908 10
    endloop
  endfacet
  facet normal 0 0 1
    outer loop
      vertex 51.6327 -7.60497 10
      vertex 12.3673 -7.60497 10
      vertex 12.4 -8 10
    endloop
  endfacet
  facet normal 0 0 1
    outer loop
      vertex 51.73 -7.22072 10
      vertex 12.27 -7.22072 10
      vertex 12.3673 -7.60497 10
    endloop
  endfacet
  facet normal 0 0 1
    outer loop
      vertex 51.8893 -6.85773 10
      vertex 12.1107 -6.85773 10
      vertex 12.27 -7.22072 10
    endloop
  endfacet
  facet normal 0 0 1
    outer loop
      vertex 52.1061 -6.52589 10
      vertex 11.8939 -6.52589 10
      vertex 12.1107 -6.85773 10
    endloop
  endfacet
  facet normal 0 0 1
    outer loop
      vertex 52.3745 -6.23426 10
      vertex 11.6255 -6.23426 10
      vertex 11.8939 -6.52589 10
    endloop
  endfacet
  facet normal 0 0 1
    outer loop
      vertex 52.6873 -5.9908 10
      vertex 11.3127 -5.9908 10
      vertex 11.6255 -6.23426 10
    endloop
  endfacet
  facet normal 0 0 1
    outer loop
      vertex 52.6873 -5.9908 10
      vertex 10.9641 -5.80214 10
      vertex 11.3127 -5.9908 10
    endloop
  endfacet
  facet normal -0 0 1
    outer loop
      vertex 1.5 0 10
      vertex 10.9641 -5.80214 10
      vertex 62.5 0 10
    endloop
  endfacet
  facet normal 0 0 1
    outer loop
      vertex 10.9641 -5.80214 10
      vertex 1.5 0 10
      vertex 10.5892 -5.67344 10
    endloop
  endfacet
  facet normal 0 0 1
    outer loop
      vertex 10.5892 -5.67344 10
      vertex 1.5 0 10
      vertex 10.1982 -5.6082 10
    endloop
  endfacet
  facet normal 0 0 1
    outer loop
      vertex 7.73004 -7.22072 10
      vertex 0 -1.5 10
      vertex 7.63273 -7.60497 10
    endloop
  endfacet
  facet normal 0 0 1
    outer loop
      vertex 7.88926 -6.85773 10
      vertex 0 -1.5 10
      vertex 7.73004 -7.22072 10
    endloop
  endfacet
  facet normal 0 0 1
    outer loop
      vertex 8.10606 -6.52589 10
      vertex 0 -1.5 10
      vertex 7.88926 -6.85773 10
    endloop
  endfacet
  facet normal -0 0 1
    outer loop
      vertex 0 -1.5 10
      vertex 8.10606 -6.52589 10
      vertex 1.5 0 10
    endloop
  endfacet
  facet normal 0 0 1
    outer loop
      vertex 8.37452 -6.23426 10
      vertex 1.5 0 10
      vertex 8.10606 -6.52589 10
    endloop
  endfacet
  facet normal 0 0 1
    outer loop
      vertex 8.68732 -5.9908 10
      vertex 1.5 0 10
      vertex 8.37452 -6.23426 10
    endloop
  endfacet
  facet normal 0 0 1
    outer loop
      vertex 9.03593 -5.80214 10
      vertex 1.5 0 10
      vertex 8.68732 -5.9908 10
    endloop
  endfacet
  facet normal 0 0 1
    outer loop
      vertex 9.41083 -5.67344 10
      vertex 1.5 0 10
      vertex 9.03593 -5.80214 10
    endloop
  endfacet
  facet normal 0 0 1
    outer loop
      vertex 9.80181 -5.6082 10
      vertex 1.5 0 10
      vertex 9.41083 -5.67344 10
    endloop
  endfacet
  facet normal 0 0 1
    outer loop
      vertex 10.1982 -5.6082 10
      vertex 1.5 0 10
      vertex 9.80181 -5.6082 10
    endloop
  endfacet
  facet normal 0 0 1
    outer loop
      vertex 64 -1.5 10
      vertex 56.3673 -8.39503 10
      vertex 56.27 -8.77928 10
    endloop
  endfacet
  facet normal -0 0 1
    outer loop
      vertex 54.5892 -10.3266 10
      vertex 64 -28.5 10
      vertex 54.9641 -10.1979 10
    endloop
  endfacet
  facet normal -0 0 1
    outer loop
      vertex 54.1982 -10.3918 10
      vertex 64 -28.5 10
      vertex 54.5892 -10.3266 10
    endloop
  endfacet
  facet normal 0 0 1
    outer loop
      vertex 64 -28.5 10
      vertex 62.5 -30 10
      vertex 63.9489 -28.8882 10
    endloop
  endfacet
  facet normal 0 0 1
    outer loop
      vertex 63.799 -29.25 10
      vertex 62.5 -30 10
      vertex 63.5607 -29.5607 10
    endloop
  endfacet
  facet normal 0 0 1
    outer loop
      vertex 63.25 -29.799 10
      vertex 62.5 -30 10
      vertex 62.8882 -29.9489 10
    endloop
  endfacet
  facet normal 0 0 1
    outer loop
      vertex 63.5607 -29.5607 10
      vertex 62.5 -30 10
      vertex 63.25 -29.799 10
    endloop
  endfacet
  facet normal 0 0 1
    outer loop
      vertex 63.9489 -28.8882 10
      vertex 62.5 -30 10
      vertex 63.799 -29.25 10
    endloop
  endfacet
  facet normal 0 0 1
    outer loop
      vertex 64 -28.5 10
      vertex 54.1982 -10.3918 10
      vertex 62.5 -30 10
    endloop
  endfacet
  facet normal -0 0 1
    outer loop
      vertex 53.8018 -10.3918 10
      vertex 62.5 -30 10
      vertex 54.1982 -10.3918 10
    endloop
  endfacet
  facet normal 0 0 1
    outer loop
      vertex 53.4108 -10.3266 10
      vertex 62.5 -30 10
      vertex 53.8018 -10.3918 10
    endloop
  endfacet
  facet normal 0 0 1
    outer loop
      vertex 53.0359 -10.1979 10
      vertex 62.5 -30 10
      vertex 53.4108 -10.3266 10
    endloop
  endfacet
  facet normal 0 0 1
    outer loop
      vertex 52.6873 -10.0092 10
      vertex 62.5 -30 10
      vertex 53.0359 -10.1979 10
    endloop
  endfacet
  facet normal 0 0 1
    outer loop
      vertex 52.3745 -9.76574 10
      vertex 62.5 -30 10
      vertex 52.6873 -10.0092 10
    endloop
  endfacet
  facet normal 0 0 1
    outer loop
      vertex 11.6255 -9.76574 10
      vertex 52.3745 -9.76574 10
      vertex 52.1061 -9.47411 10
    endloop
  endfacet
  facet normal 0 0 1
    outer loop
      vertex 11.8939 -9.47411 10
      vertex 52.1061 -9.47411 10
      vertex 51.8893 -9.14227 10
    endloop
  endfacet
  facet normal -0 0 1
    outer loop
      vertex 12.4 -8 10
      vertex 51.6327 -8.39503 10
      vertex 51.6 -8 10
    endloop
  endfacet
  facet normal 0 0 1
    outer loop
      vertex 12.3673 -8.39503 10
      vertex 51.6327 -8.39503 10
      vertex 12.4 -8 10
    endloop
  endfacet
  facet normal 0 0 1
    outer loop
      vertex 51.6327 -8.39503 10
      vertex 12.3673 -8.39503 10
      vertex 51.73 -8.77928 10
    endloop
  endfacet
  facet normal 0 0 1
    outer loop
      vertex 12.27 -8.77928 10
      vertex 51.73 -8.77928 10
      vertex 12.3673 -8.39503 10
    endloop
  endfacet
  facet normal 0 0 1
    outer loop
      vertex 51.73 -8.77928 10
      vertex 12.27 -8.77928 10
      vertex 51.8893 -9.14227 10
    endloop
  endfacet
  facet normal 0 0 1
    outer loop
      vertex 12.1107 -9.14227 10
      vertex 51.8893 -9.14227 10
      vertex 12.27 -8.77928 10
    endloop
  endfacet
  facet normal 0 0 1
    outer loop
      vertex 11.8939 -9.47411 10
      vertex 51.8893 -9.14227 10
      vertex 12.1107 -9.14227 10
    endloop
  endfacet
  facet normal 0 0 1
    outer loop
      vertex 52.1061 -9.47411 10
      vertex 11.8939 -9.47411 10
      vertex 11.6255 -9.76574 10
    endloop
  endfacet
  facet normal 0 0 1
    outer loop
      vertex 52.3745 -9.76574 10
      vertex 11.6255 -9.76574 10
      vertex 62.5 -30 10
    endloop
  endfacet
  facet normal 0 0 1
    outer loop
      vertex 1.5 -30 10
      vertex 11.6255 -9.76574 10
      vertex 11.3127 -10.0092 10
    endloop
  endfacet
  facet normal 0 0 1
    outer loop
      vertex 1.5 -30 10
      vertex 11.3127 -10.0092 10
      vertex 10.9641 -10.1979 10
    endloop
  endfacet
  facet normal 0 0 1
    outer loop
      vertex 1.5 -30 10
      vertex 10.9641 -10.1979 10
      vertex 10.5892 -10.3266 10
    endloop
  endfacet
  facet normal 0 0 1
    outer loop
      vertex 1.5 -30 10
      vertex 10.5892 -10.3266 10
      vertex 10.1982 -10.3918 10
    endloop
  endfacet
  facet normal 0 0 1
    outer loop
      vertex 1.5 -30 10
      vertex 10.1982 -10.3918 10
      vertex 9.80181 -10.3918 10
    endloop
  endfacet
  facet normal 0 0 1
    outer loop
      vertex 0 -28.5 10
      vertex 9.80181 -10.3918 10
      vertex 9.41083 -10.3266 10
    endloop
  endfacet
  facet normal 0 0 1
    outer loop
      vertex 0 -28.5 10
      vertex 9.41083 -10.3266 10
      vertex 9.03593 -10.1979 10
    endloop
  endfacet
  facet normal 0 0 1
    outer loop
      vertex 7.63273 -7.60497 10
      vertex 0 -1.5 10
      vertex 7.6 -8 10
    endloop
  endfacet
  facet normal 0 0 1
    outer loop
      vertex 7.6 -8 10
      vertex 0 -1.5 10
      vertex 7.63273 -8.39503 10
    endloop
  endfacet
  facet normal 0 0 1
    outer loop
      vertex 7.63273 -8.39503 10
      vertex 0 -1.5 10
      vertex 7.73004 -8.77928 10
    endloop
  endfacet
  facet normal 0 0 1
    outer loop
      vertex 7.73004 -8.77928 10
      vertex 0 -1.5 10
      vertex 7.88926 -9.14227 10
    endloop
  endfacet
  facet normal 0 0 1
    outer loop
      vertex 11.6255 -9.76574 10
      vertex 1.5 -30 10
      vertex 62.5 -30 10
    endloop
  endfacet
  facet normal 0 0 1
    outer loop
      vertex 0 -28.5 10
      vertex 9.03593 -10.1979 10
      vertex 8.68732 -10.0092 10
    endloop
  endfacet
  facet normal 0 0 1
    outer loop
      vertex 0 -28.5 10
      vertex 8.68732 -10.0092 10
      vertex 8.37452 -9.76574 10
    endloop
  endfacet
  facet normal 0 0 1
    outer loop
      vertex 0 -28.5 10
      vertex 8.37452 -9.76574 10
      vertex 8.10606 -9.47411 10
    endloop
  endfacet
  facet normal 0 0 1
    outer loop
      vertex 0 -28.5 10
      vertex 7.88926 -9.14227 10
      vertex 0 -1.5 10
    endloop
  endfacet
  facet normal 0 0 1
    outer loop
      vertex 0 -1.5 10
      vertex 1.5 0 10
      vertex 1.11177 -0.0511169 10
    endloop
  endfacet
  facet normal 0 0 1
    outer loop
      vertex 7.88926 -9.14227 10
      vertex 0 -28.5 10
      vertex 8.10606 -9.47411 10
    endloop
  endfacet
  facet normal 0 0 1
    outer loop
      vertex 0 -1.5 10
      vertex 1.11177 -0.0511169 10
      vertex 0.75 -0.200958 10
    endloop
  endfacet
  facet normal 0 0 1
    outer loop
      vertex 9.80181 -10.3918 10
      vertex 0 -28.5 10
      vertex 1.5 -30 10
    endloop
  endfacet
  facet normal 0 0 1
    outer loop
      vertex 0 -1.5 10
      vertex 0.75 -0.200958 10
      vertex 0.439346 -0.439346 10
    endloop
  endfacet
  facet normal 0 0 1
    outer loop
      vertex 1.5 -30 10
      vertex 0 -28.5 10
      vertex 1.11177 -29.9489 10
    endloop
  endfacet
  facet normal 0 0 1
    outer loop
      vertex 0 -1.5 10
      vertex 0.439346 -0.439346 10
      vertex 0.200958 -0.75 10
    endloop
  endfacet
  facet normal 0 0 1
    outer loop
      vertex 1.11177 -29.9489 10
      vertex 0 -28.5 10
      vertex 0.75 -29.799 10
    endloop
  endfacet
  facet normal 0 0 1
    outer loop
      vertex 0 -1.5 10
      vertex 0.200958 -0.75 10
      vertex 0.0511169 -1.11177 10
    endloop
  endfacet
  facet normal 0 0 1
    outer loop
      vertex 0.75 -29.799 10
      vertex 0 -28.5 10
      vertex 0.439346 -29.5607 10
    endloop
  endfacet
  facet normal 0 0 1
    outer loop
      vertex 0.439346 -29.5607 10
      vertex 0 -28.5 10
      vertex 0.200958 -29.25 10
    endloop
  endfacet
  facet normal 0 0 1
    outer loop
      vertex 0.200958 -29.25 10
      vertex 0 -28.5 10
      vertex 0.0511169 -28.8882 10
    endloop
  endfacet
  facet normal -0.923888 0.382664 0
    outer loop
      vertex 0.0511169 -1.11177 0
      vertex 0.200958 -0.75 10
      vertex 0.200958 -0.75 0
    endloop
  endfacet
  facet normal -0.923888 0.382664 0
    outer loop
      vertex 0.200958 -0.75 10
      vertex 0.0511169 -1.11177 0
      vertex 0.0511169 -1.11177 10
    endloop
  endfacet
  facet normal -0.793379 -0.608728 0
    outer loop
      vertex 0.439346 -29.5607 0
      vertex 0.200958 -29.25 10
      vertex 0.200958 -29.25 0
    endloop
  endfacet
  facet normal -0.793379 -0.608728 0
    outer loop
      vertex 0.200958 -29.25 10
      vertex 0.439346 -29.5607 0
      vertex 0.439346 -29.5607 10
    endloop
  endfacet
  facet normal 0.923834 0.382792 0
    outer loop
      vertex 63.9489 -1.11177 10
      vertex 63.799 -0.75 0
      vertex 63.799 -0.75 10
    endloop
  endfacet
  facet normal 0.923834 0.382792 0
    outer loop
      vertex 63.799 -0.75 0
      vertex 63.9489 -1.11177 10
      vertex 63.9489 -1.11177 0
    endloop
  endfacet
  facet normal -0.382792 -0.923834 0
    outer loop
      vertex 0.75 -29.799 0
      vertex 1.11177 -29.9489 10
      vertex 0.75 -29.799 10
    endloop
  endfacet
  facet normal -0.382792 -0.923834 -0
    outer loop
      vertex 1.11177 -29.9489 10
      vertex 0.75 -29.799 0
      vertex 1.11177 -29.9489 0
    endloop
  endfacet
  facet normal -0.991443 0.13054 0
    outer loop
      vertex 0 -1.5 0
      vertex 0.0511169 -1.11177 10
      vertex 0.0511169 -1.11177 0
    endloop
  endfacet
  facet normal -0.991443 0.13054 0
    outer loop
      vertex 0.0511169 -1.11177 10
      vertex 0 -1.5 0
      vertex 0 -1.5 10
    endloop
  endfacet
  facet normal -0.382664 0.923888 0
    outer loop
      vertex 1.11177 -0.0511169 0
      vertex 0.75 -0.200958 10
      vertex 1.11177 -0.0511169 10
    endloop
  endfacet
  facet normal -0.382664 0.923888 0
    outer loop
      vertex 0.75 -0.200958 10
      vertex 1.11177 -0.0511169 0
      vertex 0.75 -0.200958 0
    endloop
  endfacet
  facet normal -0.608644 -0.793444 0
    outer loop
      vertex 0.439346 -29.5607 0
      vertex 0.75 -29.799 10
      vertex 0.439346 -29.5607 10
    endloop
  endfacet
  facet normal -0.608644 -0.793444 -0
    outer loop
      vertex 0.75 -29.799 10
      vertex 0.439346 -29.5607 0
      vertex 0.75 -29.799 0
    endloop
  endfacet
  facet normal -1 0 0
    outer loop
      vertex 0 -28.5 0
      vertex 0 -1.5 10
      vertex 0 -1.5 0
    endloop
  endfacet
  facet normal -1 -0 0
    outer loop
      vertex 0 -1.5 10
      vertex 0 -28.5 0
      vertex 0 -28.5 10
    endloop
  endfacet
  facet normal 0.991447 -0.130507 0
    outer loop
      vertex 63.9489 -28.8882 10
      vertex 64 -28.5 0
      vertex 64 -28.5 10
    endloop
  endfacet
  facet normal 0.991447 -0.130507 0
    outer loop
      vertex 64 -28.5 0
      vertex 63.9489 -28.8882 10
      vertex 63.9489 -28.8882 0
    endloop
  endfacet
  facet normal 0 -1 0
    outer loop
      vertex 1.5 -30 0
      vertex 62.5 -30 10
      vertex 1.5 -30 10
    endloop
  endfacet
  facet normal 0 -1 -0
    outer loop
      vertex 62.5 -30 10
      vertex 1.5 -30 0
      vertex 62.5 -30 0
    endloop
  endfacet
  facet normal 0.793487 -0.608587 0
    outer loop
      vertex 63.5607 -29.5607 10
      vertex 63.799 -29.25 0
      vertex 63.799 -29.25 10
    endloop
  endfacet
  facet normal 0.793487 -0.608587 0
    outer loop
      vertex 63.799 -29.25 0
      vertex 63.5607 -29.5607 10
      vertex 63.5607 -29.5607 0
    endloop
  endfacet
  facet normal 0.923846 -0.382765 0
    outer loop
      vertex 63.799 -29.25 10
      vertex 63.9489 -28.8882 0
      vertex 63.9489 -28.8882 10
    endloop
  endfacet
  facet normal 0.923846 -0.382765 0
    outer loop
      vertex 63.9489 -28.8882 0
      vertex 63.799 -29.25 10
      vertex 63.799 -29.25 0
    endloop
  endfacet
  facet normal 0 0 -1
    outer loop
      vertex 62.5 -30 0
      vertex 64 -28.5 0
      vertex 63.9489 -28.8882 0
    endloop
  endfacet
  facet normal 0 0 -1
    outer loop
      vertex 34.1134 -15.3951 0
      vertex 64 -28.5 0
      vertex 62.5 -30 0
    endloop
  endfacet
  facet normal 0 0 -1
    outer loop
      vertex 62.5 -30 0
      vertex 63.9489 -28.8882 0
      vertex 63.799 -29.25 0
    endloop
  endfacet
  facet normal 0 0 -1
    outer loop
      vertex 64 -28.5 0
      vertex 34.15 -15 0
      vertex 64 -1.5 0
    endloop
  endfacet
  facet normal 0 0 -1
    outer loop
      vertex 62.5 -30 0
      vertex 63.799 -29.25 0
      vertex 63.5607 -29.5607 0
    endloop
  endfacet
  facet normal 0 0 -1
    outer loop
      vertex 64 -1.5 0
      vertex 62.5 0 0
      vertex 63.9489 -1.11177 0
    endloop
  endfacet
  facet normal 0 0 -1
    outer loop
      vertex 62.5 -30 0
      vertex 63.5607 -29.5607 0
      vertex 63.25 -29.799 0
    endloop
  endfacet
  facet normal 0 0 -1
    outer loop
      vertex 63.9489 -1.11177 0
      vertex 62.5 0 0
      vertex 63.799 -0.75 0
    endloop
  endfacet
  facet normal 0 0 -1
    outer loop
      vertex 62.5 -30 0
      vertex 63.25 -29.799 0
      vertex 62.8882 -29.9489 0
    endloop
  endfacet
  facet normal 0 0 -1
    outer loop
      vertex 63.799 -0.75 0
      vertex 62.5 0 0
      vertex 63.5607 -0.439346 0
    endloop
  endfacet
  facet normal 0 0 -1
    outer loop
      vertex 63.5607 -0.439346 0
      vertex 62.5 0 0
      vertex 63.25 -0.200958 0
    endloop
  endfacet
  facet normal 0 0 -1
    outer loop
      vertex 63.25 -0.200958 0
      vertex 62.5 0 0
      vertex 62.8882 -0.0511169 0
    endloop
  endfacet
  facet normal 0 0 -1
    outer loop
      vertex 34.1134 -14.6049 0
      vertex 64 -1.5 0
      vertex 34.15 -15 0
    endloop
  endfacet
  facet normal 0 0 -1
    outer loop
      vertex 64 -28.5 0
      vertex 34.1134 -15.3951 0
      vertex 34.15 -15 0
    endloop
  endfacet
  facet normal 0 0 -1
    outer loop
      vertex 62.5 -30 0
      vertex 34.0048 -15.7767 0
      vertex 34.1134 -15.3951 0
    endloop
  endfacet
  facet normal 0 0 -1
    outer loop
      vertex 62.5 -30 0
      vertex 33.828 -16.1318 0
      vertex 34.0048 -15.7767 0
    endloop
  endfacet
  facet normal 0 0 -1
    outer loop
      vertex 62.5 -30 0
      vertex 33.5889 -16.4484 0
      vertex 33.828 -16.1318 0
    endloop
  endfacet
  facet normal 0 0 -1
    outer loop
      vertex 62.5 -30 0
      vertex 33.2957 -16.7157 0
      vertex 33.5889 -16.4484 0
    endloop
  endfacet
  facet normal 0 0 -1
    outer loop
      vertex 62.5 -30 0
      vertex 32.9583 -16.9246 0
      vertex 33.2957 -16.7157 0
    endloop
  endfacet
  facet normal 0 0 -1
    outer loop
      vertex 62.5 -30 0
      vertex 32.5884 -17.0679 0
      vertex 32.9583 -16.9246 0
    endloop
  endfacet
  facet normal 0 0 -1
    outer loop
      vertex 62.5 -30 0
      vertex 32.1984 -17.1408 0
      vertex 32.5884 -17.0679 0
    endloop
  endfacet
  facet normal 0 0 -1
    outer loop
      vertex 62.5 -30 0
      vertex 31.8016 -17.1408 0
      vertex 32.1984 -17.1408 0
    endloop
  endfacet
  facet normal 0 0 -1
    outer loop
      vertex 1.5 -30 0
      vertex 31.8016 -17.1408 0
      vertex 62.5 -30 0
    endloop
  endfacet
  facet normal -0 0 -1
    outer loop
      vertex 31.8016 -17.1408 0
      vertex 1.5 -30 0
      vertex 31.4116 -17.0679 0
    endloop
  endfacet
  facet normal 0 0 -1
    outer loop
      vertex 0 -28.5 0
      vertex 29.8866 -15.3951 0
      vertex 1.5 -30 0
    endloop
  endfacet
  facet normal -0 0 -1
    outer loop
      vertex 29.9952 -15.7767 0
      vertex 1.5 -30 0
      vertex 29.8866 -15.3951 0
    endloop
  endfacet
  facet normal -0 0 -1
    outer loop
      vertex 30.172 -16.1318 0
      vertex 1.5 -30 0
      vertex 29.9952 -15.7767 0
    endloop
  endfacet
  facet normal -0 0 -1
    outer loop
      vertex 30.4111 -16.4484 0
      vertex 1.5 -30 0
      vertex 30.172 -16.1318 0
    endloop
  endfacet
  facet normal -0 0 -1
    outer loop
      vertex 30.7043 -16.7157 0
      vertex 1.5 -30 0
      vertex 30.4111 -16.4484 0
    endloop
  endfacet
  facet normal -0 0 -1
    outer loop
      vertex 31.0417 -16.9246 0
      vertex 1.5 -30 0
      vertex 30.7043 -16.7157 0
    endloop
  endfacet
  facet normal -0 0 -1
    outer loop
      vertex 31.4116 -17.0679 0
      vertex 1.5 -30 0
      vertex 31.0417 -16.9246 0
    endloop
  endfacet
  facet normal -0 0 -1
    outer loop
      vertex 64 -1.5 0
      vertex 34.1134 -14.6049 0
      vertex 62.5 0 0
    endloop
  endfacet
  facet normal 0 0 -1
    outer loop
      vertex 34.0048 -14.2233 0
      vertex 62.5 0 0
      vertex 34.1134 -14.6049 0
    endloop
  endfacet
  facet normal 0 0 -1
    outer loop
      vertex 33.828 -13.8682 0
      vertex 62.5 0 0
      vertex 34.0048 -14.2233 0
    endloop
  endfacet
  facet normal 0 0 -1
    outer loop
      vertex 33.5889 -13.5516 0
      vertex 62.5 0 0
      vertex 33.828 -13.8682 0
    endloop
  endfacet
  facet normal 0 0 -1
    outer loop
      vertex 33.2957 -13.2843 0
      vertex 62.5 0 0
      vertex 33.5889 -13.5516 0
    endloop
  endfacet
  facet normal 0 0 -1
    outer loop
      vertex 32.9583 -13.0754 0
      vertex 62.5 0 0
      vertex 33.2957 -13.2843 0
    endloop
  endfacet
  facet normal 0 0 -1
    outer loop
      vertex 32.5884 -12.9321 0
      vertex 62.5 0 0
      vertex 32.9583 -13.0754 0
    endloop
  endfacet
  facet normal 0 0 -1
    outer loop
      vertex 32.1984 -12.8592 0
      vertex 62.5 0 0
      vertex 32.5884 -12.9321 0
    endloop
  endfacet
  facet normal 0 0 -1
    outer loop
      vertex 31.8016 -12.8592 0
      vertex 62.5 0 0
      vertex 32.1984 -12.8592 0
    endloop
  endfacet
  facet normal 0 0 -1
    outer loop
      vertex 1.5 0 0
      vertex 31.8016 -12.8592 0
      vertex 31.4116 -12.9321 0
    endloop
  endfacet
  facet normal 0 0 -1
    outer loop
      vertex 1.5 0 0
      vertex 31.4116 -12.9321 0
      vertex 31.0417 -13.0754 0
    endloop
  endfacet
  facet normal -0 0 -1
    outer loop
      vertex 29.8866 -15.3951 0
      vertex 0 -28.5 0
      vertex 29.85 -15 0
    endloop
  endfacet
  facet normal 0 0 -1
    outer loop
      vertex 0 -1.5 0
      vertex 29.85 -15 0
      vertex 0 -28.5 0
    endloop
  endfacet
  facet normal 0 0 -1
    outer loop
      vertex 29.85 -15 0
      vertex 0 -1.5 0
      vertex 29.8866 -14.6049 0
    endloop
  endfacet
  facet normal 0 -0 -1
    outer loop
      vertex 1.5 0 0
      vertex 29.8866 -14.6049 0
      vertex 0 -1.5 0
    endloop
  endfacet
  facet normal 0 0 -1
    outer loop
      vertex 29.8866 -14.6049 0
      vertex 1.5 0 0
      vertex 29.9952 -14.2233 0
    endloop
  endfacet
  facet normal 0 0 -1
    outer loop
      vertex 29.9952 -14.2233 0
      vertex 1.5 0 0
      vertex 30.172 -13.8682 0
    endloop
  endfacet
  facet normal 0 0 -1
    outer loop
      vertex 31.8016 -12.8592 0
      vertex 1.5 0 0
      vertex 62.5 0 0
    endloop
  endfacet
  facet normal 0 0 -1
    outer loop
      vertex 30.172 -13.8682 0
      vertex 1.5 0 0
      vertex 30.4111 -13.5516 0
    endloop
  endfacet
  facet normal 0 0 -1
    outer loop
      vertex 0 -28.5 0
      vertex 1.5 -30 0
      vertex 1.11177 -29.9489 0
    endloop
  endfacet
  facet normal 0 0 -1
    outer loop
      vertex 30.4111 -13.5516 0
      vertex 1.5 0 0
      vertex 30.7043 -13.2843 0
    endloop
  endfacet
  facet normal 0 0 -1
    outer loop
      vertex 0 -28.5 0
      vertex 1.11177 -29.9489 0
      vertex 0.75 -29.799 0
    endloop
  endfacet
  facet normal 0 0 -1
    outer loop
      vertex 30.7043 -13.2843 0
      vertex 1.5 0 0
      vertex 31.0417 -13.0754 0
    endloop
  endfacet
  facet normal 0 0 -1
    outer loop
      vertex 0 -28.5 0
      vertex 0.75 -29.799 0
      vertex 0.439346 -29.5607 0
    endloop
  endfacet
  facet normal 0 0 -1
    outer loop
      vertex 1.5 0 0
      vertex 0 -1.5 0
      vertex 1.11177 -0.0511169 0
    endloop
  endfacet
  facet normal 0 0 -1
    outer loop
      vertex 0 -28.5 0
      vertex 0.439346 -29.5607 0
      vertex 0.200958 -29.25 0
    endloop
  endfacet
  facet normal 0 0 -1
    outer loop
      vertex 1.11177 -0.0511169 0
      vertex 0 -1.5 0
      vertex 0.75 -0.200958 0
    endloop
  endfacet
  facet normal 0 0 -1
    outer loop
      vertex 0 -28.5 0
      vertex 0.200958 -29.25 0
      vertex 0.0511169 -28.8882 0
    endloop
  endfacet
  facet normal 0 0 -1
    outer loop
      vertex 0.75 -0.200958 0
      vertex 0 -1.5 0
      vertex 0.439346 -0.439346 0
    endloop
  endfacet
  facet normal 0 0 -1
    outer loop
      vertex 0.439346 -0.439346 0
      vertex 0 -1.5 0
      vertex 0.200958 -0.75 0
    endloop
  endfacet
  facet normal 0 0 -1
    outer loop
      vertex 0.200958 -0.75 0
      vertex 0 -1.5 0
      vertex 0.0511169 -1.11177 0
    endloop
  endfacet
  facet normal 1 -0 0
    outer loop
      vertex 64 -28.5 10
      vertex 64 -1.5 0
      vertex 64 -1.5 10
    endloop
  endfacet
  facet normal 1 0 0
    outer loop
      vertex 64 -1.5 0
      vertex 64 -28.5 10
      vertex 64 -28.5 0
    endloop
  endfacet
  facet normal 0.608587 -0.793487 0
    outer loop
      vertex 63.25 -29.799 0
      vertex 63.5607 -29.5607 10
      vertex 63.25 -29.799 10
    endloop
  endfacet
  facet normal 0.608587 -0.793487 0
    outer loop
      vertex 63.5607 -29.5607 10
      vertex 63.25 -29.799 0
      vertex 63.5607 -29.5607 0
    endloop
  endfacet
  facet normal 0.382765 -0.923846 0
    outer loop
      vertex 62.8882 -29.9489 0
      vertex 63.25 -29.799 10
      vertex 62.8882 -29.9489 10
    endloop
  endfacet
  facet normal 0.382765 -0.923846 0
    outer loop
      vertex 63.25 -29.799 10
      vertex 62.8882 -29.9489 0
      vertex 63.25 -29.799 0
    endloop
  endfacet
  facet normal -0.608785 0.793335 0
    outer loop
      vertex 0.75 -0.200958 0
      vertex 0.439346 -0.439346 10
      vertex 0.75 -0.200958 10
    endloop
  endfacet
  facet normal -0.608785 0.793335 0
    outer loop
      vertex 0.439346 -0.439346 10
      vertex 0.75 -0.200958 0
      vertex 0.439346 -0.439346 0
    endloop
  endfacet
  facet normal 0.793444 0.608644 0
    outer loop
      vertex 63.799 -0.75 10
      vertex 63.5607 -0.439346 0
      vertex 63.5607 -0.439346 10
    endloop
  endfacet
  facet normal 0.793444 0.608644 0
    outer loop
      vertex 63.5607 -0.439346 0
      vertex 63.799 -0.75 10
      vertex 63.799 -0.75 0
    endloop
  endfacet
  facet normal -1 0 0
    outer loop
      vertex 25 -0.799999 3
      vertex 25 0 7
      vertex 25 0 3
    endloop
  endfacet
  facet normal -1 -0 0
    outer loop
      vertex 25 0 7
      vertex 25 -0.799999 3
      vertex 25 -0.799999 7
    endloop
  endfacet
  facet normal -0 0 1
    outer loop
      vertex 5 0 3
      vertex 25 -0.799999 3
      vertex 25 0 3
    endloop
  endfacet
  facet normal 0 0 1
    outer loop
      vertex 25 -0.799999 3
      vertex 5 0 3
      vertex 5 -0.799999 3
    endloop
  endfacet
  facet normal 0 0 -1
    outer loop
      vertex 5 -0.799999 7
      vertex 25 0 7
      vertex 25 -0.799999 7
    endloop
  endfacet
  facet normal -0 0 -1
    outer loop
      vertex 25 0 7
      vertex 5 -0.799999 7
      vertex 5 0 7
    endloop
  endfacet
  facet normal 1 -0 0
    outer loop
      vertex 5 -0.799999 7
      vertex 5 0 3
      vertex 5 0 7
    endloop
  endfacet
  facet normal 1 0 0
    outer loop
      vertex 5 0 3
      vertex 5 -0.799999 7
      vertex 5 -0.799999 3
    endloop
  endfacet
  facet normal 0 1 -0
    outer loop
      vertex 25 -0.799999 3
      vertex 5 -0.799999 7
      vertex 25 -0.799999 7
    endloop
  endfacet
  facet normal 0 1 0
    outer loop
      vertex 5 -0.799999 7
      vertex 25 -0.799999 3
      vertex 5 -0.799999 3
    endloop
  endfacet
  facet normal -0.183741 -0.982975 0
    outer loop
      vertex 32.1984 -12.8592 0
      vertex 32.5884 -12.9321 5.5
      vertex 32.1984 -12.8592 5.5
    endloop
  endfacet
  facet normal -0.183741 -0.982975 -0
    outer loop
      vertex 32.5884 -12.9321 5.5
      vertex 32.1984 -12.8592 0
      vertex 32.5884 -12.9321 0
    endloop
  endfacet
  facet normal -0.961809 0.273722 0
    outer loop
      vertex 34.0048 -15.7767 0
      vertex 34.1134 -15.3951 5.5
      vertex 34.1134 -15.3951 0
    endloop
  endfacet
  facet normal -0.961809 0.273722 0
    outer loop
      vertex 34.1134 -15.3951 5.5
      vertex 34.0048 -15.7767 0
      vertex 34.0048 -15.7767 5.5
    endloop
  endfacet
  facet normal -0.995737 0.0922399 0
    outer loop
      vertex 34.1134 -15.3951 0
      vertex 34.15 -15 5.5
      vertex 34.15 -15 0
    endloop
  endfacet
  facet normal -0.995737 0.0922399 0
    outer loop
      vertex 34.15 -15 5.5
      vertex 34.1134 -15.3951 0
      vertex 34.1134 -15.3951 5.5
    endloop
  endfacet
  facet normal -0.895182 0.4457 0
    outer loop
      vertex 33.828 -16.1318 0
      vertex 34.0048 -15.7767 5.5
      vertex 34.0048 -15.7767 0
    endloop
  endfacet
  facet normal -0.895182 0.4457 0
    outer loop
      vertex 34.0048 -15.7767 5.5
      vertex 33.828 -16.1318 0
      vertex 33.828 -16.1318 5.5
    endloop
  endfacet
  facet normal -0.183741 0.982975 0
    outer loop
      vertex 32.5884 -17.0679 0
      vertex 32.1984 -17.1408 5.5
      vertex 32.5884 -17.0679 5.5
    endloop
  endfacet
  facet normal -0.183741 0.982975 0
    outer loop
      vertex 32.1984 -17.1408 5.5
      vertex 32.5884 -17.0679 0
      vertex 32.1984 -17.1408 0
    endloop
  endfacet
  facet normal -0.961809 -0.273722 0
    outer loop
      vertex 34.1134 -14.6049 0
      vertex 34.0048 -14.2233 5.5
      vertex 34.0048 -14.2233 0
    endloop
  endfacet
  facet normal -0.961809 -0.273722 0
    outer loop
      vertex 34.0048 -14.2233 5.5
      vertex 34.1134 -14.6049 0
      vertex 34.1134 -14.6049 5.5
    endloop
  endfacet
  facet normal 0 1 -0
    outer loop
      vertex 32.1984 -17.1408 0
      vertex 31.8016 -17.1408 5.5
      vertex 32.1984 -17.1408 5.5
    endloop
  endfacet
  facet normal 0 1 0
    outer loop
      vertex 31.8016 -17.1408 5.5
      vertex 32.1984 -17.1408 0
      vertex 31.8016 -17.1408 0
    endloop
  endfacet
  facet normal 0.673713 0.738993 -0
    outer loop
      vertex 30.7043 -16.7157 0
      vertex 30.4111 -16.4484 5.5
      vertex 30.7043 -16.7157 5.5
    endloop
  endfacet
  facet normal 0.673713 0.738993 0
    outer loop
      vertex 30.4111 -16.4484 5.5
      vertex 30.7043 -16.7157 0
      vertex 30.4111 -16.4484 0
    endloop
  endfacet
  facet normal -0.895182 -0.4457 0
    outer loop
      vertex 34.0048 -14.2233 0
      vertex 33.828 -13.8682 5.5
      vertex 33.828 -13.8682 0
    endloop
  endfacet
  facet normal -0.895182 -0.4457 0
    outer loop
      vertex 33.828 -13.8682 5.5
      vertex 34.0048 -14.2233 0
      vertex 34.0048 -14.2233 5.5
    endloop
  endfacet
  facet normal -0.673713 0.738993 0
    outer loop
      vertex 33.5889 -16.4484 0
      vertex 33.2957 -16.7157 5.5
      vertex 33.5889 -16.4484 5.5
    endloop
  endfacet
  facet normal -0.673713 0.738993 0
    outer loop
      vertex 33.2957 -16.7157 5.5
      vertex 33.5889 -16.4484 0
      vertex 33.2957 -16.7157 0
    endloop
  endfacet
  facet normal 0.961809 0.273722 0
    outer loop
      vertex 29.9952 -15.7767 5.5
      vertex 29.8866 -15.3951 0
      vertex 29.8866 -15.3951 5.5
    endloop
  endfacet
  facet normal 0.961809 0.273722 0
    outer loop
      vertex 29.8866 -15.3951 0
      vertex 29.9952 -15.7767 5.5
      vertex 29.9952 -15.7767 0
    endloop
  endfacet
  facet normal 0.361242 -0.932472 0
    outer loop
      vertex 31.0417 -13.0754 0
      vertex 31.4116 -12.9321 5.5
      vertex 31.0417 -13.0754 5.5
    endloop
  endfacet
  facet normal 0.361242 -0.932472 0
    outer loop
      vertex 31.4116 -12.9321 5.5
      vertex 31.0417 -13.0754 0
      vertex 31.4116 -12.9321 0
    endloop
  endfacet
  facet normal 0.961809 -0.273722 0
    outer loop
      vertex 29.8866 -14.6049 5.5
      vertex 29.9952 -14.2233 0
      vertex 29.9952 -14.2233 5.5
    endloop
  endfacet
  facet normal 0.961809 -0.273722 0
    outer loop
      vertex 29.9952 -14.2233 0
      vertex 29.8866 -14.6049 5.5
      vertex 29.8866 -14.6049 0
    endloop
  endfacet
  facet normal -0.797999 -0.602658 0
    outer loop
      vertex 33.828 -13.8682 0
      vertex 33.5889 -13.5516 5.5
      vertex 33.5889 -13.5516 0
    endloop
  endfacet
  facet normal -0.797999 -0.602658 0
    outer loop
      vertex 33.5889 -13.5516 5.5
      vertex 33.828 -13.8682 0
      vertex 33.828 -13.8682 5.5
    endloop
  endfacet
  facet normal 0.895182 0.4457 0
    outer loop
      vertex 30.172 -16.1318 5.5
      vertex 29.9952 -15.7767 0
      vertex 29.9952 -15.7767 5.5
    endloop
  endfacet
  facet normal 0.895182 0.4457 0
    outer loop
      vertex 29.9952 -15.7767 0
      vertex 30.172 -16.1318 5.5
      vertex 30.172 -16.1318 0
    endloop
  endfacet
  facet normal 0.895182 -0.4457 0
    outer loop
      vertex 29.9952 -14.2233 5.5
      vertex 30.172 -13.8682 0
      vertex 30.172 -13.8682 5.5
    endloop
  endfacet
  facet normal 0.895182 -0.4457 0
    outer loop
      vertex 30.172 -13.8682 0
      vertex 29.9952 -14.2233 5.5
      vertex 29.9952 -14.2233 0
    endloop
  endfacet
  facet normal -0.361242 -0.932472 0
    outer loop
      vertex 32.5884 -12.9321 0
      vertex 32.9583 -13.0754 5.5
      vertex 32.5884 -12.9321 5.5
    endloop
  endfacet
  facet normal -0.361242 -0.932472 -0
    outer loop
      vertex 32.9583 -13.0754 5.5
      vertex 32.5884 -12.9321 0
      vertex 32.9583 -13.0754 0
    endloop
  endfacet
  facet normal 0 -1 0
    outer loop
      vertex 31.8016 -12.8592 0
      vertex 32.1984 -12.8592 5.5
      vertex 31.8016 -12.8592 5.5
    endloop
  endfacet
  facet normal 0 -1 -0
    outer loop
      vertex 32.1984 -12.8592 5.5
      vertex 31.8016 -12.8592 0
      vertex 32.1984 -12.8592 0
    endloop
  endfacet
  facet normal -0.361242 0.932472 0
    outer loop
      vertex 32.9583 -16.9246 0
      vertex 32.5884 -17.0679 5.5
      vertex 32.9583 -16.9246 5.5
    endloop
  endfacet
  facet normal -0.361242 0.932472 0
    outer loop
      vertex 32.5884 -17.0679 5.5
      vertex 32.9583 -16.9246 0
      vertex 32.5884 -17.0679 0
    endloop
  endfacet
  facet normal 0.526415 -0.850228 0
    outer loop
      vertex 30.7043 -13.2843 0
      vertex 31.0417 -13.0754 5.5
      vertex 30.7043 -13.2843 5.5
    endloop
  endfacet
  facet normal 0.526415 -0.850228 0
    outer loop
      vertex 31.0417 -13.0754 5.5
      vertex 30.7043 -13.2843 0
      vertex 31.0417 -13.0754 0
    endloop
  endfacet
  facet normal 0.797999 0.602658 0
    outer loop
      vertex 30.4111 -16.4484 5.5
      vertex 30.172 -16.1318 0
      vertex 30.172 -16.1318 5.5
    endloop
  endfacet
  facet normal 0.797999 0.602658 0
    outer loop
      vertex 30.172 -16.1318 0
      vertex 30.4111 -16.4484 5.5
      vertex 30.4111 -16.4484 0
    endloop
  endfacet
  facet normal -0.526415 0.850228 0
    outer loop
      vertex 33.2957 -16.7157 0
      vertex 32.9583 -16.9246 5.5
      vertex 33.2957 -16.7157 5.5
    endloop
  endfacet
  facet normal -0.526415 0.850228 0
    outer loop
      vertex 32.9583 -16.9246 5.5
      vertex 33.2957 -16.7157 0
      vertex 32.9583 -16.9246 0
    endloop
  endfacet
  facet normal 0.526415 0.850228 -0
    outer loop
      vertex 31.0417 -16.9246 0
      vertex 30.7043 -16.7157 5.5
      vertex 31.0417 -16.9246 5.5
    endloop
  endfacet
  facet normal 0.526415 0.850228 0
    outer loop
      vertex 30.7043 -16.7157 5.5
      vertex 31.0417 -16.9246 0
      vertex 30.7043 -16.7157 0
    endloop
  endfacet
  facet normal 0.995737 -0.0922399 0
    outer loop
      vertex 29.85 -15 5.5
      vertex 29.8866 -14.6049 0
      vertex 29.8866 -14.6049 5.5
    endloop
  endfacet
  facet normal 0.995737 -0.0922399 0
    outer loop
      vertex 29.8866 -14.6049 0
      vertex 29.85 -15 5.5
      vertex 29.85 -15 0
    endloop
  endfacet
  facet normal -0.797999 0.602658 0
    outer loop
      vertex 33.5889 -16.4484 0
      vertex 33.828 -16.1318 5.5
      vertex 33.828 -16.1318 0
    endloop
  endfacet
  facet normal -0.797999 0.602658 0
    outer loop
      vertex 33.828 -16.1318 5.5
      vertex 33.5889 -16.4484 0
      vertex 33.5889 -16.4484 5.5
    endloop
  endfacet
  facet normal 0.995737 0.0922399 0
    outer loop
      vertex 29.8866 -15.3951 5.5
      vertex 29.85 -15 0
      vertex 29.85 -15 5.5
    endloop
  endfacet
  facet normal 0.995737 0.0922399 0
    outer loop
      vertex 29.85 -15 0
      vertex 29.8866 -15.3951 5.5
      vertex 29.8866 -15.3951 0
    endloop
  endfacet
  facet normal -0.995737 -0.0922399 0
    outer loop
      vertex 34.15 -15 0
      vertex 34.1134 -14.6049 5.5
      vertex 34.1134 -14.6049 0
    endloop
  endfacet
  facet normal -0.995737 -0.0922399 0
    outer loop
      vertex 34.1134 -14.6049 5.5
      vertex 34.15 -15 0
      vertex 34.15 -15 5.5
    endloop
  endfacet
  facet normal 0.361242 0.932472 -0
    outer loop
      vertex 31.4116 -17.0679 0
      vertex 31.0417 -16.9246 5.5
      vertex 31.4116 -17.0679 5.5
    endloop
  endfacet
  facet normal 0.361242 0.932472 0
    outer loop
      vertex 31.0417 -16.9246 5.5
      vertex 31.4116 -17.0679 0
      vertex 31.0417 -16.9246 0
    endloop
  endfacet
  facet normal 0.183741 0.982975 -0
    outer loop
      vertex 31.8016 -17.1408 0
      vertex 31.4116 -17.0679 5.5
      vertex 31.8016 -17.1408 5.5
    endloop
  endfacet
  facet normal 0.183741 0.982975 0
    outer loop
      vertex 31.4116 -17.0679 5.5
      vertex 31.8016 -17.1408 0
      vertex 31.4116 -17.0679 0
    endloop
  endfacet
  facet normal 0.797999 -0.602658 0
    outer loop
      vertex 30.172 -13.8682 5.5
      vertex 30.4111 -13.5516 0
      vertex 30.4111 -13.5516 5.5
    endloop
  endfacet
  facet normal 0.797999 -0.602658 0
    outer loop
      vertex 30.4111 -13.5516 0
      vertex 30.172 -13.8682 5.5
      vertex 30.172 -13.8682 0
    endloop
  endfacet
  facet normal 0 0 -1
    outer loop
      vertex 34.1134 -15.3951 5.5
      vertex 34.1134 -14.6049 5.5
      vertex 34.15 -15 5.5
    endloop
  endfacet
  facet normal 0 0 -1
    outer loop
      vertex 34.0048 -15.7767 5.5
      vertex 34.1134 -14.6049 5.5
      vertex 34.1134 -15.3951 5.5
    endloop
  endfacet
  facet normal 0 0 -1
    outer loop
      vertex 34.0048 -15.7767 5.5
      vertex 34.0048 -14.2233 5.5
      vertex 34.1134 -14.6049 5.5
    endloop
  endfacet
  facet normal 0 0 -1
    outer loop
      vertex 33.828 -16.1318 5.5
      vertex 34.0048 -14.2233 5.5
      vertex 34.0048 -15.7767 5.5
    endloop
  endfacet
  facet normal 0 0 -1
    outer loop
      vertex 33.828 -16.1318 5.5
      vertex 33.828 -13.8682 5.5
      vertex 34.0048 -14.2233 5.5
    endloop
  endfacet
  facet normal 0 0 -1
    outer loop
      vertex 33.5889 -16.4484 5.5
      vertex 33.828 -13.8682 5.5
      vertex 33.828 -16.1318 5.5
    endloop
  endfacet
  facet normal 0 0 -1
    outer loop
      vertex 33.5889 -16.4484 5.5
      vertex 33.5889 -13.5516 5.5
      vertex 33.828 -13.8682 5.5
    endloop
  endfacet
  facet normal 0 0 -1
    outer loop
      vertex 33.2957 -16.7157 5.5
      vertex 33.5889 -13.5516 5.5
      vertex 33.5889 -16.4484 5.5
    endloop
  endfacet
  facet normal 0 0 -1
    outer loop
      vertex 33.2957 -16.7157 5.5
      vertex 33.2957 -13.2843 5.5
      vertex 33.5889 -13.5516 5.5
    endloop
  endfacet
  facet normal 0 0 -1
    outer loop
      vertex 32.9583 -16.9246 5.5
      vertex 33.2957 -13.2843 5.5
      vertex 33.2957 -16.7157 5.5
    endloop
  endfacet
  facet normal 0 0 -1
    outer loop
      vertex 32.9583 -16.9246 5.5
      vertex 32.9583 -13.0754 5.5
      vertex 33.2957 -13.2843 5.5
    endloop
  endfacet
  facet normal 0 0 -1
    outer loop
      vertex 32.5884 -17.0679 5.5
      vertex 32.9583 -13.0754 5.5
      vertex 32.9583 -16.9246 5.5
    endloop
  endfacet
  facet normal 0 0 -1
    outer loop
      vertex 32.5884 -17.0679 5.5
      vertex 32.5884 -12.9321 5.5
      vertex 32.9583 -13.0754 5.5
    endloop
  endfacet
  facet normal 0 0 -1
    outer loop
      vertex 32.1984 -17.1408 5.5
      vertex 32.5884 -12.9321 5.5
      vertex 32.5884 -17.0679 5.5
    endloop
  endfacet
  facet normal 0 0 -1
    outer loop
      vertex 32.1984 -17.1408 5.5
      vertex 32.1984 -12.8592 5.5
      vertex 32.5884 -12.9321 5.5
    endloop
  endfacet
  facet normal 0 0 -1
    outer loop
      vertex 31.8016 -17.1408 5.5
      vertex 32.1984 -12.8592 5.5
      vertex 32.1984 -17.1408 5.5
    endloop
  endfacet
  facet normal 0 0 -1
    outer loop
      vertex 31.8016 -17.1408 5.5
      vertex 31.8016 -12.8592 5.5
      vertex 32.1984 -12.8592 5.5
    endloop
  endfacet
  facet normal 0 0 -1
    outer loop
      vertex 31.4116 -17.0679 5.5
      vertex 31.8016 -12.8592 5.5
      vertex 31.8016 -17.1408 5.5
    endloop
  endfacet
  facet normal 0 0 -1
    outer loop
      vertex 31.4116 -17.0679 5.5
      vertex 31.4116 -12.9321 5.5
      vertex 31.8016 -12.8592 5.5
    endloop
  endfacet
  facet normal 0 0 -1
    outer loop
      vertex 31.0417 -16.9246 5.5
      vertex 31.4116 -12.9321 5.5
      vertex 31.4116 -17.0679 5.5
    endloop
  endfacet
  facet normal 0 0 -1
    outer loop
      vertex 31.0417 -16.9246 5.5
      vertex 31.0417 -13.0754 5.5
      vertex 31.4116 -12.9321 5.5
    endloop
  endfacet
  facet normal 0 0 -1
    outer loop
      vertex 30.7043 -16.7157 5.5
      vertex 31.0417 -13.0754 5.5
      vertex 31.0417 -16.9246 5.5
    endloop
  endfacet
  facet normal 0 0 -1
    outer loop
      vertex 30.7043 -16.7157 5.5
      vertex 30.7043 -13.2843 5.5
      vertex 31.0417 -13.0754 5.5
    endloop
  endfacet
  facet normal 0 0 -1
    outer loop
      vertex 30.4111 -16.4484 5.5
      vertex 30.7043 -13.2843 5.5
      vertex 30.7043 -16.7157 5.5
    endloop
  endfacet
  facet normal 0 0 -1
    outer loop
      vertex 30.4111 -16.4484 5.5
      vertex 30.4111 -13.5516 5.5
      vertex 30.7043 -13.2843 5.5
    endloop
  endfacet
  facet normal 0 0 -1
    outer loop
      vertex 30.172 -16.1318 5.5
      vertex 30.4111 -13.5516 5.5
      vertex 30.4111 -16.4484 5.5
    endloop
  endfacet
  facet normal 0 0 -1
    outer loop
      vertex 30.172 -16.1318 5.5
      vertex 30.172 -13.8682 5.5
      vertex 30.4111 -13.5516 5.5
    endloop
  endfacet
  facet normal 0 0 -1
    outer loop
      vertex 29.9952 -15.7767 5.5
      vertex 30.172 -13.8682 5.5
      vertex 30.172 -16.1318 5.5
    endloop
  endfacet
  facet normal 0 0 -1
    outer loop
      vertex 29.9952 -15.7767 5.5
      vertex 29.9952 -14.2233 5.5
      vertex 30.172 -13.8682 5.5
    endloop
  endfacet
  facet normal 0 0 -1
    outer loop
      vertex 29.8866 -15.3951 5.5
      vertex 29.9952 -14.2233 5.5
      vertex 29.9952 -15.7767 5.5
    endloop
  endfacet
  facet normal 0 0 -1
    outer loop
      vertex 29.8866 -15.3951 5.5
      vertex 29.8866 -14.6049 5.5
      vertex 29.9952 -14.2233 5.5
    endloop
  endfacet
  facet normal 0 -0 -1
    outer loop
      vertex 29.8866 -14.6049 5.5
      vertex 29.8866 -15.3951 5.5
      vertex 29.85 -15 5.5
    endloop
  endfacet
  facet normal 0.673713 -0.738993 0
    outer loop
      vertex 30.4111 -13.5516 0
      vertex 30.7043 -13.2843 5.5
      vertex 30.4111 -13.5516 5.5
    endloop
  endfacet
  facet normal 0.673713 -0.738993 0
    outer loop
      vertex 30.7043 -13.2843 5.5
      vertex 30.4111 -13.5516 0
      vertex 30.7043 -13.2843 0
    endloop
  endfacet
  facet normal -0.673713 -0.738993 0
    outer loop
      vertex 33.2957 -13.2843 0
      vertex 33.5889 -13.5516 5.5
      vertex 33.2957 -13.2843 5.5
    endloop
  endfacet
  facet normal -0.673713 -0.738993 -0
    outer loop
      vertex 33.5889 -13.5516 5.5
      vertex 33.2957 -13.2843 0
      vertex 33.5889 -13.5516 0
    endloop
  endfacet
  facet normal -0.526415 -0.850228 0
    outer loop
      vertex 32.9583 -13.0754 0
      vertex 33.2957 -13.2843 5.5
      vertex 32.9583 -13.0754 5.5
    endloop
  endfacet
  facet normal -0.526415 -0.850228 -0
    outer loop
      vertex 33.2957 -13.2843 5.5
      vertex 32.9583 -13.0754 0
      vertex 33.2957 -13.2843 0
    endloop
  endfacet
  facet normal 0.183741 -0.982975 0
    outer loop
      vertex 31.4116 -12.9321 0
      vertex 31.8016 -12.8592 5.5
      vertex 31.4116 -12.9321 5.5
    endloop
  endfacet
  facet normal 0.183741 -0.982975 0
    outer loop
      vertex 31.8016 -12.8592 5.5
      vertex 31.4116 -12.9321 0
      vertex 31.8016 -12.8592 0
    endloop
  endfacet
  facet normal 0.164579 0.986364 -0
    outer loop
      vertex 10.5892 -5.67344 10
      vertex 10.1982 -5.6082 14.99
      vertex 10.5892 -5.67344 14.99
    endloop
  endfacet
  facet normal 0.164579 0.986364 0
    outer loop
      vertex 10.1982 -5.6082 14.99
      vertex 10.5892 -5.67344 10
      vertex 10.1982 -5.6082 10
    endloop
  endfacet
  facet normal 0.164481 -0.98638 0
    outer loop
      vertex 10.1982 -10.3918 10
      vertex 10.5892 -10.3266 14.99
      vertex 10.1982 -10.3918 14.99
    endloop
  endfacet
  facet normal 0.164481 -0.98638 0
    outer loop
      vertex 10.5892 -10.3266 14.99
      vertex 10.1982 -10.3918 10
      vertex 10.5892 -10.3266 10
    endloop
  endfacet
  facet normal 0.969403 -0.245473 0
    outer loop
      vertex 12.27 -8.77928 14.99
      vertex 12.3673 -8.39503 10
      vertex 12.3673 -8.39503 14.99
    endloop
  endfacet
  facet normal 0.969403 -0.245473 0
    outer loop
      vertex 12.3673 -8.39503 10
      vertex 12.27 -8.77928 14.99
      vertex 12.27 -8.77928 10
    endloop
  endfacet
  facet normal 0.996591 -0.0824964 0
    outer loop
      vertex 12.3673 -8.39503 14.99
      vertex 12.4 -8 10
      vertex 12.4 -8 14.99
    endloop
  endfacet
  facet normal 0.996591 -0.0824964 0
    outer loop
      vertex 12.4 -8 10
      vertex 12.3673 -8.39503 14.99
      vertex 12.3673 -8.39503 10
    endloop
  endfacet
  facet normal 0.915701 -0.40186 0
    outer loop
      vertex 12.1107 -9.14227 14.99
      vertex 12.27 -8.77928 10
      vertex 12.27 -8.77928 14.99
    endloop
  endfacet
  facet normal 0.915701 -0.40186 0
    outer loop
      vertex 12.27 -8.77928 10
      vertex 12.1107 -9.14227 14.99
      vertex 12.1107 -9.14227 10
    endloop
  endfacet
  facet normal 0 0 1
    outer loop
      vertex 12.3673 -7.60497 14.99
      vertex 12.3673 -8.39503 14.99
      vertex 12.4 -8 14.99
    endloop
  endfacet
  facet normal 0 0 1
    outer loop
      vertex 12.27 -7.22072 14.99
      vertex 12.3673 -8.39503 14.99
      vertex 12.3673 -7.60497 14.99
    endloop
  endfacet
  facet normal 0 0 1
    outer loop
      vertex 12.27 -7.22072 14.99
      vertex 12.27 -8.77928 14.99
      vertex 12.3673 -8.39503 14.99
    endloop
  endfacet
  facet normal 0 0 1
    outer loop
      vertex 12.1107 -6.85773 14.99
      vertex 12.27 -8.77928 14.99
      vertex 12.27 -7.22072 14.99
    endloop
  endfacet
  facet normal 0 0 1
    outer loop
      vertex 12.1107 -6.85773 14.99
      vertex 12.1107 -9.14227 14.99
      vertex 12.27 -8.77928 14.99
    endloop
  endfacet
  facet normal 0 0 1
    outer loop
      vertex 11.8939 -6.52589 14.99
      vertex 12.1107 -9.14227 14.99
      vertex 12.1107 -6.85773 14.99
    endloop
  endfacet
  facet normal 0 0 1
    outer loop
      vertex 11.8939 -6.52589 14.99
      vertex 11.8939 -9.47411 14.99
      vertex 12.1107 -9.14227 14.99
    endloop
  endfacet
  facet normal 0 0 1
    outer loop
      vertex 11.6255 -6.23426 14.99
      vertex 11.8939 -9.47411 14.99
      vertex 11.8939 -6.52589 14.99
    endloop
  endfacet
  facet normal 0 0 1
    outer loop
      vertex 11.6255 -6.23426 14.99
      vertex 11.6255 -9.76574 14.99
      vertex 11.8939 -9.47411 14.99
    endloop
  endfacet
  facet normal 0 0 1
    outer loop
      vertex 11.3127 -5.9908 14.99
      vertex 11.6255 -9.76574 14.99
      vertex 11.6255 -6.23426 14.99
    endloop
  endfacet
  facet normal 0 0 1
    outer loop
      vertex 11.3127 -5.9908 14.99
      vertex 11.3127 -10.0092 14.99
      vertex 11.6255 -9.76574 14.99
    endloop
  endfacet
  facet normal 0 0 1
    outer loop
      vertex 10.9641 -5.80214 14.99
      vertex 11.3127 -10.0092 14.99
      vertex 11.3127 -5.9908 14.99
    endloop
  endfacet
  facet normal 0 0 1
    outer loop
      vertex 10.9641 -5.80214 14.99
      vertex 10.9641 -10.1979 14.99
      vertex 11.3127 -10.0092 14.99
    endloop
  endfacet
  facet normal 0 0 1
    outer loop
      vertex 10.5892 -5.67344 14.99
      vertex 10.9641 -10.1979 14.99
      vertex 10.9641 -5.80214 14.99
    endloop
  endfacet
  facet normal 0 0 1
    outer loop
      vertex 10.5892 -5.67344 14.99
      vertex 10.5892 -10.3266 14.99
      vertex 10.9641 -10.1979 14.99
    endloop
  endfacet
  facet normal 0 0 1
    outer loop
      vertex 10.1982 -5.6082 14.99
      vertex 10.5892 -10.3266 14.99
      vertex 10.5892 -5.67344 14.99
    endloop
  endfacet
  facet normal 0 0 1
    outer loop
      vertex 10.1982 -5.6082 14.99
      vertex 10.1982 -10.3918 14.99
      vertex 10.5892 -10.3266 14.99
    endloop
  endfacet
  facet normal -0 0 1
    outer loop
      vertex 9.80181 -5.6082 14.99
      vertex 10.1982 -10.3918 14.99
      vertex 10.1982 -5.6082 14.99
    endloop
  endfacet
  facet normal 0 0 1
    outer loop
      vertex 9.80181 -5.6082 14.99
      vertex 9.80181 -10.3918 14.99
      vertex 10.1982 -10.3918 14.99
    endloop
  endfacet
  facet normal -0 0 1
    outer loop
      vertex 9.41083 -5.67344 14.99
      vertex 9.80181 -10.3918 14.99
      vertex 9.80181 -5.6082 14.99
    endloop
  endfacet
  facet normal 0 0 1
    outer loop
      vertex 9.41083 -5.67344 14.99
      vertex 9.41083 -10.3266 14.99
      vertex 9.80181 -10.3918 14.99
    endloop
  endfacet
  facet normal -0 0 1
    outer loop
      vertex 9.03593 -5.80214 14.99
      vertex 9.41083 -10.3266 14.99
      vertex 9.41083 -5.67344 14.99
    endloop
  endfacet
  facet normal 0 0 1
    outer loop
      vertex 9.03593 -5.80214 14.99
      vertex 9.03593 -10.1979 14.99
      vertex 9.41083 -10.3266 14.99
    endloop
  endfacet
  facet normal -0 0 1
    outer loop
      vertex 8.68732 -5.9908 14.99
      vertex 9.03593 -10.1979 14.99
      vertex 9.03593 -5.80214 14.99
    endloop
  endfacet
  facet normal 0 0 1
    outer loop
      vertex 8.68732 -5.9908 14.99
      vertex 8.68732 -10.0092 14.99
      vertex 9.03593 -10.1979 14.99
    endloop
  endfacet
  facet normal -0 0 1
    outer loop
      vertex 8.37452 -6.23426 14.99
      vertex 8.68732 -10.0092 14.99
      vertex 8.68732 -5.9908 14.99
    endloop
  endfacet
  facet normal 0 0 1
    outer loop
      vertex 8.37452 -6.23426 14.99
      vertex 8.37452 -9.76574 14.99
      vertex 8.68732 -10.0092 14.99
    endloop
  endfacet
  facet normal -0 0 1
    outer loop
      vertex 8.10606 -6.52589 14.99
      vertex 8.37452 -9.76574 14.99
      vertex 8.37452 -6.23426 14.99
    endloop
  endfacet
  facet normal 0 0 1
    outer loop
      vertex 8.10606 -6.52589 14.99
      vertex 8.10606 -9.47411 14.99
      vertex 8.37452 -9.76574 14.99
    endloop
  endfacet
  facet normal -0 0 1
    outer loop
      vertex 7.88926 -6.85773 14.99
      vertex 8.10606 -9.47411 14.99
      vertex 8.10606 -6.52589 14.99
    endloop
  endfacet
  facet normal 0 0 1
    outer loop
      vertex 7.88926 -6.85773 14.99
      vertex 7.88926 -9.14227 14.99
      vertex 8.10606 -9.47411 14.99
    endloop
  endfacet
  facet normal -0 0 1
    outer loop
      vertex 7.73004 -7.22072 14.99
      vertex 7.88926 -9.14227 14.99
      vertex 7.88926 -6.85773 14.99
    endloop
  endfacet
  facet normal 0 0 1
    outer loop
      vertex 7.73004 -7.22072 14.99
      vertex 7.73004 -8.77928 14.99
      vertex 7.88926 -9.14227 14.99
    endloop
  endfacet
  facet normal -0 0 1
    outer loop
      vertex 7.63273 -7.60497 14.99
      vertex 7.73004 -8.77928 14.99
      vertex 7.73004 -7.22072 14.99
    endloop
  endfacet
  facet normal 0 0 1
    outer loop
      vertex 7.63273 -7.60497 14.99
      vertex 7.63273 -8.39503 14.99
      vertex 7.73004 -8.77928 14.99
    endloop
  endfacet
  facet normal 0 -0 1
    outer loop
      vertex 7.63273 -8.39503 14.99
      vertex 7.63273 -7.60497 14.99
      vertex 7.6 -8 14.99
    endloop
  endfacet
  facet normal 0.837169 0.546945 0
    outer loop
      vertex 12.1107 -6.85773 14.99
      vertex 11.8939 -6.52589 10
      vertex 11.8939 -6.52589 14.99
    endloop
  endfacet
  facet normal 0.837169 0.546945 0
    outer loop
      vertex 11.8939 -6.52589 10
      vertex 12.1107 -6.85773 14.99
      vertex 12.1107 -6.85773 10
    endloop
  endfacet
  facet normal -0.915775 0.401691 0
    outer loop
      vertex 7.73004 -7.22072 10
      vertex 7.88926 -6.85773 14.99
      vertex 7.88926 -6.85773 10
    endloop
  endfacet
  facet normal -0.915775 0.401691 0
    outer loop
      vertex 7.88926 -6.85773 14.99
      vertex 7.73004 -7.22072 10
      vertex 7.73004 -7.22072 14.99
    endloop
  endfacet
  facet normal -0.476029 -0.87943 0
    outer loop
      vertex 8.68732 -10.0092 10
      vertex 9.03593 -10.1979 14.99
      vertex 8.68732 -10.0092 14.99
    endloop
  endfacet
  facet normal -0.476029 -0.87943 -0
    outer loop
      vertex 9.03593 -10.1979 14.99
      vertex 8.68732 -10.0092 10
      vertex 9.03593 -10.1979 10
    endloop
  endfacet
  facet normal -0.324692 0.94582 0
    outer loop
      vertex 9.41083 -5.67344 10
      vertex 9.03593 -5.80214 14.99
      vertex 9.41083 -5.67344 14.99
    endloop
  endfacet
  facet normal -0.324692 0.94582 0
    outer loop
      vertex 9.03593 -5.80214 14.99
      vertex 9.41083 -5.67344 10
      vertex 9.03593 -5.80214 10
    endloop
  endfacet
  facet normal 0 1 -0
    outer loop
      vertex 10.1982 -5.6082 10
      vertex 9.80181 -5.6082 14.99
      vertex 10.1982 -5.6082 14.99
    endloop
  endfacet
  facet normal 0 1 0
    outer loop
      vertex 9.80181 -5.6082 14.99
      vertex 10.1982 -5.6082 10
      vertex 9.80181 -5.6082 10
    endloop
  endfacet
  facet normal 0.61421 -0.789143 0
    outer loop
      vertex 11.3127 -10.0092 10
      vertex 11.6255 -9.76574 14.99
      vertex 11.3127 -10.0092 14.99
    endloop
  endfacet
  facet normal 0.61421 -0.789143 0
    outer loop
      vertex 11.6255 -9.76574 14.99
      vertex 11.3127 -10.0092 10
      vertex 11.6255 -9.76574 10
    endloop
  endfacet
  facet normal 0.324692 -0.94582 0
    outer loop
      vertex 10.5892 -10.3266 10
      vertex 10.9641 -10.1979 14.99
      vertex 10.5892 -10.3266 14.99
    endloop
  endfacet
  facet normal 0.324692 -0.94582 0
    outer loop
      vertex 10.9641 -10.1979 14.99
      vertex 10.5892 -10.3266 10
      vertex 10.9641 -10.1979 10
    endloop
  endfacet
  facet normal -0.915775 -0.401691 0
    outer loop
      vertex 7.88926 -9.14227 10
      vertex 7.73004 -8.77928 14.99
      vertex 7.73004 -8.77928 10
    endloop
  endfacet
  facet normal -0.915775 -0.401691 0
    outer loop
      vertex 7.73004 -8.77928 14.99
      vertex 7.88926 -9.14227 10
      vertex 7.88926 -9.14227 14.99
    endloop
  endfacet
  facet normal -0.164489 -0.986379 0
    outer loop
      vertex 9.41083 -10.3266 10
      vertex 9.80181 -10.3918 14.99
      vertex 9.41083 -10.3266 14.99
    endloop
  endfacet
  facet normal -0.164489 -0.986379 -0
    outer loop
      vertex 9.80181 -10.3918 14.99
      vertex 9.41083 -10.3266 10
      vertex 9.80181 -10.3918 10
    endloop
  endfacet
  facet normal 0.996591 0.0824964 0
    outer loop
      vertex 12.4 -8 14.99
      vertex 12.3673 -7.60497 10
      vertex 12.3673 -7.60497 14.99
    endloop
  endfacet
  facet normal 0.996591 0.0824964 0
    outer loop
      vertex 12.3673 -7.60497 10
      vertex 12.4 -8 14.99
      vertex 12.4 -8 10
    endloop
  endfacet
  facet normal 0.915701 0.40186 0
    outer loop
      vertex 12.27 -7.22072 14.99
      vertex 12.1107 -6.85773 10
      vertex 12.1107 -6.85773 14.99
    endloop
  endfacet
  facet normal 0.915701 0.40186 0
    outer loop
      vertex 12.1107 -6.85773 10
      vertex 12.27 -7.22072 14.99
      vertex 12.27 -7.22072 10
    endloop
  endfacet
  facet normal -0.996585 -0.0825715 0
    outer loop
      vertex 7.63273 -8.39503 10
      vertex 7.6 -8 14.99
      vertex 7.6 -8 10
    endloop
  endfacet
  facet normal -0.996585 -0.0825715 0
    outer loop
      vertex 7.6 -8 14.99
      vertex 7.63273 -8.39503 10
      vertex 7.63273 -8.39503 14.99
    endloop
  endfacet
  facet normal -0.61421 -0.789143 0
    outer loop
      vertex 8.37452 -9.76574 10
      vertex 8.68732 -10.0092 14.99
      vertex 8.37452 -9.76574 14.99
    endloop
  endfacet
  facet normal -0.61421 -0.789143 -0
    outer loop
      vertex 8.68732 -10.0092 14.99
      vertex 8.37452 -9.76574 10
      vertex 8.68732 -10.0092 10
    endloop
  endfacet
  facet normal 0.735805 0.677194 0
    outer loop
      vertex 11.8939 -6.52589 14.99
      vertex 11.6255 -6.23426 10
      vertex 11.6255 -6.23426 14.99
    endloop
  endfacet
  facet normal 0.735805 0.677194 0
    outer loop
      vertex 11.6255 -6.23426 10
      vertex 11.8939 -6.52589 14.99
      vertex 11.8939 -6.52589 10
    endloop
  endfacet
  facet normal 0.837169 -0.546945 0
    outer loop
      vertex 11.8939 -9.47411 14.99
      vertex 12.1107 -9.14227 10
      vertex 12.1107 -9.14227 14.99
    endloop
  endfacet
  facet normal 0.837169 -0.546945 0
    outer loop
      vertex 12.1107 -9.14227 10
      vertex 11.8939 -9.47411 14.99
      vertex 11.8939 -9.47411 10
    endloop
  endfacet
  facet normal 0.324692 0.94582 -0
    outer loop
      vertex 10.9641 -5.80214 10
      vertex 10.5892 -5.67344 14.99
      vertex 10.9641 -5.80214 14.99
    endloop
  endfacet
  facet normal 0.324692 0.94582 0
    outer loop
      vertex 10.5892 -5.67344 14.99
      vertex 10.9641 -5.80214 10
      vertex 10.5892 -5.67344 10
    endloop
  endfacet
  facet normal -0.969397 -0.245497 0
    outer loop
      vertex 7.73004 -8.77928 10
      vertex 7.63273 -8.39503 14.99
      vertex 7.63273 -8.39503 10
    endloop
  endfacet
  facet normal -0.969397 -0.245497 0
    outer loop
      vertex 7.63273 -8.39503 14.99
      vertex 7.73004 -8.77928 10
      vertex 7.73004 -8.77928 14.99
    endloop
  endfacet
  facet normal 0.475961 0.879466 -0
    outer loop
      vertex 11.3127 -5.9908 10
      vertex 10.9641 -5.80214 14.99
      vertex 11.3127 -5.9908 14.99
    endloop
  endfacet
  facet normal 0.475961 0.879466 0
    outer loop
      vertex 10.9641 -5.80214 14.99
      vertex 11.3127 -5.9908 10
      vertex 10.9641 -5.80214 10
    endloop
  endfacet
  facet normal -0.735729 -0.677276 0
    outer loop
      vertex 8.37452 -9.76574 10
      vertex 8.10606 -9.47411 14.99
      vertex 8.10606 -9.47411 10
    endloop
  endfacet
  facet normal -0.735729 -0.677276 0
    outer loop
      vertex 8.10606 -9.47411 14.99
      vertex 8.37452 -9.76574 10
      vertex 8.37452 -9.76574 14.99
    endloop
  endfacet
  facet normal -0.61421 0.789143 0
    outer loop
      vertex 8.68732 -5.9908 10
      vertex 8.37452 -6.23426 14.99
      vertex 8.68732 -5.9908 14.99
    endloop
  endfacet
  facet normal -0.61421 0.789143 0
    outer loop
      vertex 8.37452 -6.23426 14.99
      vertex 8.68732 -5.9908 10
      vertex 8.37452 -6.23426 10
    endloop
  endfacet
  facet normal 0.969403 0.245473 0
    outer loop
      vertex 12.3673 -7.60497 14.99
      vertex 12.27 -7.22072 10
      vertex 12.27 -7.22072 14.99
    endloop
  endfacet
  facet normal 0.969403 0.245473 0
    outer loop
      vertex 12.27 -7.22072 10
      vertex 12.3673 -7.60497 14.99
      vertex 12.3673 -7.60497 10
    endloop
  endfacet
  facet normal 0.61421 0.789143 -0
    outer loop
      vertex 11.6255 -6.23426 10
      vertex 11.3127 -5.9908 14.99
      vertex 11.6255 -6.23426 14.99
    endloop
  endfacet
  facet normal 0.61421 0.789143 0
    outer loop
      vertex 11.3127 -5.9908 14.99
      vertex 11.6255 -6.23426 10
      vertex 11.3127 -5.9908 10
    endloop
  endfacet
  facet normal 0.476039 -0.879424 0
    outer loop
      vertex 10.9641 -10.1979 10
      vertex 11.3127 -10.0092 14.99
      vertex 10.9641 -10.1979 14.99
    endloop
  endfacet
  facet normal 0.476039 -0.879424 0
    outer loop
      vertex 11.3127 -10.0092 14.99
      vertex 10.9641 -10.1979 10
      vertex 11.3127 -10.0092 10
    endloop
  endfacet
  facet normal -0.324692 -0.94582 0
    outer loop
      vertex 9.03593 -10.1979 10
      vertex 9.41083 -10.3266 14.99
      vertex 9.03593 -10.1979 14.99
    endloop
  endfacet
  facet normal -0.324692 -0.94582 -0
    outer loop
      vertex 9.41083 -10.3266 14.99
      vertex 9.03593 -10.1979 10
      vertex 9.41083 -10.3266 10
    endloop
  endfacet
  facet normal -0.837169 0.546945 0
    outer loop
      vertex 7.88926 -6.85773 10
      vertex 8.10606 -6.52589 14.99
      vertex 8.10606 -6.52589 10
    endloop
  endfacet
  facet normal -0.837169 0.546945 0
    outer loop
      vertex 8.10606 -6.52589 14.99
      vertex 7.88926 -6.85773 10
      vertex 7.88926 -6.85773 14.99
    endloop
  endfacet
  facet normal -0.837169 -0.546945 0
    outer loop
      vertex 8.10606 -9.47411 10
      vertex 7.88926 -9.14227 14.99
      vertex 7.88926 -9.14227 10
    endloop
  endfacet
  facet normal -0.837169 -0.546945 0
    outer loop
      vertex 7.88926 -9.14227 14.99
      vertex 8.10606 -9.47411 10
      vertex 8.10606 -9.47411 14.99
    endloop
  endfacet
  facet normal -0.969397 0.245497 0
    outer loop
      vertex 7.63273 -7.60497 10
      vertex 7.73004 -7.22072 14.99
      vertex 7.73004 -7.22072 10
    endloop
  endfacet
  facet normal -0.969397 0.245497 0
    outer loop
      vertex 7.73004 -7.22072 14.99
      vertex 7.63273 -7.60497 10
      vertex 7.63273 -7.60497 14.99
    endloop
  endfacet
  facet normal 0.735805 -0.677194 0
    outer loop
      vertex 11.6255 -9.76574 14.99
      vertex 11.8939 -9.47411 10
      vertex 11.8939 -9.47411 14.99
    endloop
  endfacet
  facet normal 0.735805 -0.677194 0
    outer loop
      vertex 11.8939 -9.47411 10
      vertex 11.6255 -9.76574 14.99
      vertex 11.6255 -9.76574 10
    endloop
  endfacet
  facet normal -0.996585 0.0825715 0
    outer loop
      vertex 7.6 -8 10
      vertex 7.63273 -7.60497 14.99
      vertex 7.63273 -7.60497 10
    endloop
  endfacet
  facet normal -0.996585 0.0825715 0
    outer loop
      vertex 7.63273 -7.60497 14.99
      vertex 7.6 -8 10
      vertex 7.6 -8 14.99
    endloop
  endfacet
  facet normal -0.735729 0.677276 0
    outer loop
      vertex 8.10606 -6.52589 10
      vertex 8.37452 -6.23426 14.99
      vertex 8.37452 -6.23426 10
    endloop
  endfacet
  facet normal -0.735729 0.677276 0
    outer loop
      vertex 8.37452 -6.23426 14.99
      vertex 8.10606 -6.52589 10
      vertex 8.10606 -6.52589 14.99
    endloop
  endfacet
  facet normal -0.164587 0.986363 0
    outer loop
      vertex 9.80181 -5.6082 10
      vertex 9.41083 -5.67344 14.99
      vertex 9.80181 -5.6082 14.99
    endloop
  endfacet
  facet normal -0.164587 0.986363 0
    outer loop
      vertex 9.41083 -5.67344 14.99
      vertex 9.80181 -5.6082 10
      vertex 9.41083 -5.67344 10
    endloop
  endfacet
  facet normal -0.475951 0.879472 0
    outer loop
      vertex 9.03593 -5.80214 10
      vertex 8.68732 -5.9908 14.99
      vertex 9.03593 -5.80214 14.99
    endloop
  endfacet
  facet normal -0.475951 0.879472 0
    outer loop
      vertex 8.68732 -5.9908 14.99
      vertex 9.03593 -5.80214 10
      vertex 8.68732 -5.9908 10
    endloop
  endfacet
  facet normal 0 -1 0
    outer loop
      vertex 9.80181 -10.3918 10
      vertex 10.1982 -10.3918 14.99
      vertex 9.80181 -10.3918 14.99
    endloop
  endfacet
  facet normal 0 -1 -0
    outer loop
      vertex 10.1982 -10.3918 14.99
      vertex 9.80181 -10.3918 10
      vertex 10.1982 -10.3918 10
    endloop
  endfacet
  facet normal 0.164579 0.986364 -0
    outer loop
      vertex 54.5892 -5.67344 10
      vertex 54.1982 -5.6082 14.99
      vertex 54.5892 -5.67344 14.99
    endloop
  endfacet
  facet normal 0.164579 0.986364 0
    outer loop
      vertex 54.1982 -5.6082 14.99
      vertex 54.5892 -5.67344 10
      vertex 54.1982 -5.6082 10
    endloop
  endfacet
  facet normal 0.164481 -0.98638 0
    outer loop
      vertex 54.1982 -10.3918 10
      vertex 54.5892 -10.3266 14.99
      vertex 54.1982 -10.3918 14.99
    endloop
  endfacet
  facet normal 0.164481 -0.98638 0
    outer loop
      vertex 54.5892 -10.3266 14.99
      vertex 54.1982 -10.3918 10
      vertex 54.5892 -10.3266 10
    endloop
  endfacet
  facet normal 0.969403 -0.245473 0
    outer loop
      vertex 56.27 -8.77928 14.99
      vertex 56.3673 -8.39503 10
      vertex 56.3673 -8.39503 14.99
    endloop
  endfacet
  facet normal 0.969403 -0.245473 0
    outer loop
      vertex 56.3673 -8.39503 10
      vertex 56.27 -8.77928 14.99
      vertex 56.27 -8.77928 10
    endloop
  endfacet
  facet normal 0.996591 -0.0824964 0
    outer loop
      vertex 56.3673 -8.39503 14.99
      vertex 56.4 -8 10
      vertex 56.4 -8 14.99
    endloop
  endfacet
  facet normal 0.996591 -0.0824964 0
    outer loop
      vertex 56.4 -8 10
      vertex 56.3673 -8.39503 14.99
      vertex 56.3673 -8.39503 10
    endloop
  endfacet
  facet normal 0.915701 -0.40186 0
    outer loop
      vertex 56.1107 -9.14227 14.99
      vertex 56.27 -8.77928 10
      vertex 56.27 -8.77928 14.99
    endloop
  endfacet
  facet normal 0.915701 -0.40186 0
    outer loop
      vertex 56.27 -8.77928 10
      vertex 56.1107 -9.14227 14.99
      vertex 56.1107 -9.14227 10
    endloop
  endfacet
  facet normal 0 0 1
    outer loop
      vertex 56.3673 -7.60497 14.99
      vertex 56.3673 -8.39503 14.99
      vertex 56.4 -8 14.99
    endloop
  endfacet
  facet normal 0 0 1
    outer loop
      vertex 56.27 -7.22072 14.99
      vertex 56.3673 -8.39503 14.99
      vertex 56.3673 -7.60497 14.99
    endloop
  endfacet
  facet normal 0 0 1
    outer loop
      vertex 56.27 -7.22072 14.99
      vertex 56.27 -8.77928 14.99
      vertex 56.3673 -8.39503 14.99
    endloop
  endfacet
  facet normal 0 0 1
    outer loop
      vertex 56.1107 -6.85773 14.99
      vertex 56.27 -8.77928 14.99
      vertex 56.27 -7.22072 14.99
    endloop
  endfacet
  facet normal 0 0 1
    outer loop
      vertex 56.1107 -6.85773 14.99
      vertex 56.1107 -9.14227 14.99
      vertex 56.27 -8.77928 14.99
    endloop
  endfacet
  facet normal 0 0 1
    outer loop
      vertex 55.8939 -6.52589 14.99
      vertex 56.1107 -9.14227 14.99
      vertex 56.1107 -6.85773 14.99
    endloop
  endfacet
  facet normal 0 0 1
    outer loop
      vertex 55.8939 -6.52589 14.99
      vertex 55.8939 -9.47411 14.99
      vertex 56.1107 -9.14227 14.99
    endloop
  endfacet
  facet normal 0 0 1
    outer loop
      vertex 55.6255 -6.23426 14.99
      vertex 55.8939 -9.47411 14.99
      vertex 55.8939 -6.52589 14.99
    endloop
  endfacet
  facet normal 0 0 1
    outer loop
      vertex 55.6255 -6.23426 14.99
      vertex 55.6255 -9.76574 14.99
      vertex 55.8939 -9.47411 14.99
    endloop
  endfacet
  facet normal 0 0 1
    outer loop
      vertex 55.3127 -5.9908 14.99
      vertex 55.6255 -9.76574 14.99
      vertex 55.6255 -6.23426 14.99
    endloop
  endfacet
  facet normal 0 0 1
    outer loop
      vertex 55.3127 -5.9908 14.99
      vertex 55.3127 -10.0092 14.99
      vertex 55.6255 -9.76574 14.99
    endloop
  endfacet
  facet normal 0 0 1
    outer loop
      vertex 54.9641 -5.80214 14.99
      vertex 55.3127 -10.0092 14.99
      vertex 55.3127 -5.9908 14.99
    endloop
  endfacet
  facet normal 0 0 1
    outer loop
      vertex 54.9641 -5.80214 14.99
      vertex 54.9641 -10.1979 14.99
      vertex 55.3127 -10.0092 14.99
    endloop
  endfacet
  facet normal 0 0 1
    outer loop
      vertex 54.5892 -5.67344 14.99
      vertex 54.9641 -10.1979 14.99
      vertex 54.9641 -5.80214 14.99
    endloop
  endfacet
  facet normal 0 0 1
    outer loop
      vertex 54.5892 -5.67344 14.99
      vertex 54.5892 -10.3266 14.99
      vertex 54.9641 -10.1979 14.99
    endloop
  endfacet
  facet normal 0 0 1
    outer loop
      vertex 54.1982 -5.6082 14.99
      vertex 54.5892 -10.3266 14.99
      vertex 54.5892 -5.67344 14.99
    endloop
  endfacet
  facet normal 0 0 1
    outer loop
      vertex 54.1982 -5.6082 14.99
      vertex 54.1982 -10.3918 14.99
      vertex 54.5892 -10.3266 14.99
    endloop
  endfacet
  facet normal -0 0 1
    outer loop
      vertex 53.8018 -5.6082 14.99
      vertex 54.1982 -10.3918 14.99
      vertex 54.1982 -5.6082 14.99
    endloop
  endfacet
  facet normal 0 0 1
    outer loop
      vertex 53.8018 -5.6082 14.99
      vertex 53.8018 -10.3918 14.99
      vertex 54.1982 -10.3918 14.99
    endloop
  endfacet
  facet normal -0 0 1
    outer loop
      vertex 53.4108 -5.67344 14.99
      vertex 53.8018 -10.3918 14.99
      vertex 53.8018 -5.6082 14.99
    endloop
  endfacet
  facet normal 0 0 1
    outer loop
      vertex 53.4108 -5.67344 14.99
      vertex 53.4108 -10.3266 14.99
      vertex 53.8018 -10.3918 14.99
    endloop
  endfacet
  facet normal -0 0 1
    outer loop
      vertex 53.0359 -5.80214 14.99
      vertex 53.4108 -10.3266 14.99
      vertex 53.4108 -5.67344 14.99
    endloop
  endfacet
  facet normal 0 0 1
    outer loop
      vertex 53.0359 -5.80214 14.99
      vertex 53.0359 -10.1979 14.99
      vertex 53.4108 -10.3266 14.99
    endloop
  endfacet
  facet normal -0 0 1
    outer loop
      vertex 52.6873 -5.9908 14.99
      vertex 53.0359 -10.1979 14.99
      vertex 53.0359 -5.80214 14.99
    endloop
  endfacet
  facet normal 0 0 1
    outer loop
      vertex 52.6873 -5.9908 14.99
      vertex 52.6873 -10.0092 14.99
      vertex 53.0359 -10.1979 14.99
    endloop
  endfacet
  facet normal -0 0 1
    outer loop
      vertex 52.3745 -6.23426 14.99
      vertex 52.6873 -10.0092 14.99
      vertex 52.6873 -5.9908 14.99
    endloop
  endfacet
  facet normal 0 0 1
    outer loop
      vertex 52.3745 -6.23426 14.99
      vertex 52.3745 -9.76574 14.99
      vertex 52.6873 -10.0092 14.99
    endloop
  endfacet
  facet normal -0 0 1
    outer loop
      vertex 52.1061 -6.52589 14.99
      vertex 52.3745 -9.76574 14.99
      vertex 52.3745 -6.23426 14.99
    endloop
  endfacet
  facet normal 0 0 1
    outer loop
      vertex 52.1061 -6.52589 14.99
      vertex 52.1061 -9.47411 14.99
      vertex 52.3745 -9.76574 14.99
    endloop
  endfacet
  facet normal -0 0 1
    outer loop
      vertex 51.8893 -6.85773 14.99
      vertex 52.1061 -9.47411 14.99
      vertex 52.1061 -6.52589 14.99
    endloop
  endfacet
  facet normal 0 0 1
    outer loop
      vertex 51.8893 -6.85773 14.99
      vertex 51.8893 -9.14227 14.99
      vertex 52.1061 -9.47411 14.99
    endloop
  endfacet
  facet normal -0 0 1
    outer loop
      vertex 51.73 -7.22072 14.99
      vertex 51.8893 -9.14227 14.99
      vertex 51.8893 -6.85773 14.99
    endloop
  endfacet
  facet normal 0 0 1
    outer loop
      vertex 51.73 -7.22072 14.99
      vertex 51.73 -8.77928 14.99
      vertex 51.8893 -9.14227 14.99
    endloop
  endfacet
  facet normal -0 0 1
    outer loop
      vertex 51.6327 -7.60497 14.99
      vertex 51.73 -8.77928 14.99
      vertex 51.73 -7.22072 14.99
    endloop
  endfacet
  facet normal 0 0 1
    outer loop
      vertex 51.6327 -7.60497 14.99
      vertex 51.6327 -8.39503 14.99
      vertex 51.73 -8.77928 14.99
    endloop
  endfacet
  facet normal 0 -0 1
    outer loop
      vertex 51.6327 -8.39503 14.99
      vertex 51.6327 -7.60497 14.99
      vertex 51.6 -8 14.99
    endloop
  endfacet
  facet normal 0.837169 0.546945 0
    outer loop
      vertex 56.1107 -6.85773 14.99
      vertex 55.8939 -6.52589 10
      vertex 55.8939 -6.52589 14.99
    endloop
  endfacet
  facet normal 0.837169 0.546945 0
    outer loop
      vertex 55.8939 -6.52589 10
      vertex 56.1107 -6.85773 14.99
      vertex 56.1107 -6.85773 10
    endloop
  endfacet
  facet normal -0.915701 0.40186 0
    outer loop
      vertex 51.73 -7.22072 10
      vertex 51.8893 -6.85773 14.99
      vertex 51.8893 -6.85773 10
    endloop
  endfacet
  facet normal -0.915701 0.40186 0
    outer loop
      vertex 51.8893 -6.85773 14.99
      vertex 51.73 -7.22072 10
      vertex 51.73 -7.22072 14.99
    endloop
  endfacet
  facet normal -0.476039 -0.879424 0
    outer loop
      vertex 52.6873 -10.0092 10
      vertex 53.0359 -10.1979 14.99
      vertex 52.6873 -10.0092 14.99
    endloop
  endfacet
  facet normal -0.476039 -0.879424 -0
    outer loop
      vertex 53.0359 -10.1979 14.99
      vertex 52.6873 -10.0092 10
      vertex 53.0359 -10.1979 10
    endloop
  endfacet
  facet normal -0.324692 0.94582 0
    outer loop
      vertex 53.4108 -5.67344 10
      vertex 53.0359 -5.80214 14.99
      vertex 53.4108 -5.67344 14.99
    endloop
  endfacet
  facet normal -0.324692 0.94582 0
    outer loop
      vertex 53.0359 -5.80214 14.99
      vertex 53.4108 -5.67344 10
      vertex 53.0359 -5.80214 10
    endloop
  endfacet
  facet normal 0 1 -0
    outer loop
      vertex 54.1982 -5.6082 10
      vertex 53.8018 -5.6082 14.99
      vertex 54.1982 -5.6082 14.99
    endloop
  endfacet
  facet normal 0 1 0
    outer loop
      vertex 53.8018 -5.6082 14.99
      vertex 54.1982 -5.6082 10
      vertex 53.8018 -5.6082 10
    endloop
  endfacet
  facet normal 0.61421 -0.789143 0
    outer loop
      vertex 55.3127 -10.0092 10
      vertex 55.6255 -9.76574 14.99
      vertex 55.3127 -10.0092 14.99
    endloop
  endfacet
  facet normal 0.61421 -0.789143 0
    outer loop
      vertex 55.6255 -9.76574 14.99
      vertex 55.3127 -10.0092 10
      vertex 55.6255 -9.76574 10
    endloop
  endfacet
  facet normal 0.324692 -0.94582 0
    outer loop
      vertex 54.5892 -10.3266 10
      vertex 54.9641 -10.1979 14.99
      vertex 54.5892 -10.3266 14.99
    endloop
  endfacet
  facet normal 0.324692 -0.94582 0
    outer loop
      vertex 54.9641 -10.1979 14.99
      vertex 54.5892 -10.3266 10
      vertex 54.9641 -10.1979 10
    endloop
  endfacet
  facet normal -0.915701 -0.40186 0
    outer loop
      vertex 51.8893 -9.14227 10
      vertex 51.73 -8.77928 14.99
      vertex 51.73 -8.77928 10
    endloop
  endfacet
  facet normal -0.915701 -0.40186 0
    outer loop
      vertex 51.73 -8.77928 14.99
      vertex 51.8893 -9.14227 10
      vertex 51.8893 -9.14227 14.99
    endloop
  endfacet
  facet normal 0.996591 0.0824964 0
    outer loop
      vertex 56.4 -8 14.99
      vertex 56.3673 -7.60497 10
      vertex 56.3673 -7.60497 14.99
    endloop
  endfacet
  facet normal 0.996591 0.0824964 0
    outer loop
      vertex 56.3673 -7.60497 10
      vertex 56.4 -8 14.99
      vertex 56.4 -8 10
    endloop
  endfacet
  facet normal 0.915701 0.40186 0
    outer loop
      vertex 56.27 -7.22072 14.99
      vertex 56.1107 -6.85773 10
      vertex 56.1107 -6.85773 14.99
    endloop
  endfacet
  facet normal 0.915701 0.40186 0
    outer loop
      vertex 56.1107 -6.85773 10
      vertex 56.27 -7.22072 14.99
      vertex 56.27 -7.22072 10
    endloop
  endfacet
  facet normal -0.996591 -0.0824964 0
    outer loop
      vertex 51.6327 -8.39503 10
      vertex 51.6 -8 14.99
      vertex 51.6 -8 10
    endloop
  endfacet
  facet normal -0.996591 -0.0824964 0
    outer loop
      vertex 51.6 -8 14.99
      vertex 51.6327 -8.39503 10
      vertex 51.6327 -8.39503 14.99
    endloop
  endfacet
  facet normal -0.61421 -0.789143 0
    outer loop
      vertex 52.3745 -9.76574 10
      vertex 52.6873 -10.0092 14.99
      vertex 52.3745 -9.76574 14.99
    endloop
  endfacet
  facet normal -0.61421 -0.789143 -0
    outer loop
      vertex 52.6873 -10.0092 14.99
      vertex 52.3745 -9.76574 10
      vertex 52.6873 -10.0092 10
    endloop
  endfacet
  facet normal 0.735805 0.677194 0
    outer loop
      vertex 55.8939 -6.52589 14.99
      vertex 55.6255 -6.23426 10
      vertex 55.6255 -6.23426 14.99
    endloop
  endfacet
  facet normal 0.735805 0.677194 0
    outer loop
      vertex 55.6255 -6.23426 10
      vertex 55.8939 -6.52589 14.99
      vertex 55.8939 -6.52589 10
    endloop
  endfacet
  facet normal 0.837169 -0.546945 0
    outer loop
      vertex 55.8939 -9.47411 14.99
      vertex 56.1107 -9.14227 10
      vertex 56.1107 -9.14227 14.99
    endloop
  endfacet
  facet normal 0.837169 -0.546945 0
    outer loop
      vertex 56.1107 -9.14227 10
      vertex 55.8939 -9.47411 14.99
      vertex 55.8939 -9.47411 10
    endloop
  endfacet
  facet normal 0.324692 0.94582 -0
    outer loop
      vertex 54.9641 -5.80214 10
      vertex 54.5892 -5.67344 14.99
      vertex 54.9641 -5.80214 14.99
    endloop
  endfacet
  facet normal 0.324692 0.94582 0
    outer loop
      vertex 54.5892 -5.67344 14.99
      vertex 54.9641 -5.80214 10
      vertex 54.5892 -5.67344 10
    endloop
  endfacet
  facet normal -0.969403 -0.245473 0
    outer loop
      vertex 51.73 -8.77928 10
      vertex 51.6327 -8.39503 14.99
      vertex 51.6327 -8.39503 10
    endloop
  endfacet
  facet normal -0.969403 -0.245473 0
    outer loop
      vertex 51.6327 -8.39503 14.99
      vertex 51.73 -8.77928 10
      vertex 51.73 -8.77928 14.99
    endloop
  endfacet
  facet normal 0.475961 0.879466 -0
    outer loop
      vertex 55.3127 -5.9908 10
      vertex 54.9641 -5.80214 14.99
      vertex 55.3127 -5.9908 14.99
    endloop
  endfacet
  facet normal 0.475961 0.879466 0
    outer loop
      vertex 54.9641 -5.80214 14.99
      vertex 55.3127 -5.9908 10
      vertex 54.9641 -5.80214 10
    endloop
  endfacet
  facet normal -0.735805 -0.677194 0
    outer loop
      vertex 52.3745 -9.76574 10
      vertex 52.1061 -9.47411 14.99
      vertex 52.1061 -9.47411 10
    endloop
  endfacet
  facet normal -0.735805 -0.677194 0
    outer loop
      vertex 52.1061 -9.47411 14.99
      vertex 52.3745 -9.76574 10
      vertex 52.3745 -9.76574 14.99
    endloop
  endfacet
  facet normal -0.61421 0.789143 0
    outer loop
      vertex 52.6873 -5.9908 10
      vertex 52.3745 -6.23426 14.99
      vertex 52.6873 -5.9908 14.99
    endloop
  endfacet
  facet normal -0.61421 0.789143 0
    outer loop
      vertex 52.3745 -6.23426 14.99
      vertex 52.6873 -5.9908 10
      vertex 52.3745 -6.23426 10
    endloop
  endfacet
  facet normal 0.969403 0.245473 0
    outer loop
      vertex 56.3673 -7.60497 14.99
      vertex 56.27 -7.22072 10
      vertex 56.27 -7.22072 14.99
    endloop
  endfacet
  facet normal 0.969403 0.245473 0
    outer loop
      vertex 56.27 -7.22072 10
      vertex 56.3673 -7.60497 14.99
      vertex 56.3673 -7.60497 10
    endloop
  endfacet
  facet normal 0.61421 0.789143 -0
    outer loop
      vertex 55.6255 -6.23426 10
      vertex 55.3127 -5.9908 14.99
      vertex 55.6255 -6.23426 14.99
    endloop
  endfacet
  facet normal 0.61421 0.789143 0
    outer loop
      vertex 55.3127 -5.9908 14.99
      vertex 55.6255 -6.23426 10
      vertex 55.3127 -5.9908 10
    endloop
  endfacet
  facet normal 0.476039 -0.879424 0
    outer loop
      vertex 54.9641 -10.1979 10
      vertex 55.3127 -10.0092 14.99
      vertex 54.9641 -10.1979 14.99
    endloop
  endfacet
  facet normal 0.476039 -0.879424 0
    outer loop
      vertex 55.3127 -10.0092 14.99
      vertex 54.9641 -10.1979 10
      vertex 55.3127 -10.0092 10
    endloop
  endfacet
  facet normal -0.324692 -0.94582 0
    outer loop
      vertex 53.0359 -10.1979 10
      vertex 53.4108 -10.3266 14.99
      vertex 53.0359 -10.1979 14.99
    endloop
  endfacet
  facet normal -0.324692 -0.94582 -0
    outer loop
      vertex 53.4108 -10.3266 14.99
      vertex 53.0359 -10.1979 10
      vertex 53.4108 -10.3266 10
    endloop
  endfacet
  facet normal -0.837169 0.546945 0
    outer loop
      vertex 51.8893 -6.85773 10
      vertex 52.1061 -6.52589 14.99
      vertex 52.1061 -6.52589 10
    endloop
  endfacet
  facet normal -0.837169 0.546945 0
    outer loop
      vertex 52.1061 -6.52589 14.99
      vertex 51.8893 -6.85773 10
      vertex 51.8893 -6.85773 14.99
    endloop
  endfacet
  facet normal -0.837169 -0.546945 0
    outer loop
      vertex 52.1061 -9.47411 10
      vertex 51.8893 -9.14227 14.99
      vertex 51.8893 -9.14227 10
    endloop
  endfacet
  facet normal -0.837169 -0.546945 0
    outer loop
      vertex 51.8893 -9.14227 14.99
      vertex 52.1061 -9.47411 10
      vertex 52.1061 -9.47411 14.99
    endloop
  endfacet
  facet normal -0.969403 0.245473 0
    outer loop
      vertex 51.6327 -7.60497 10
      vertex 51.73 -7.22072 14.99
      vertex 51.73 -7.22072 10
    endloop
  endfacet
  facet normal -0.969403 0.245473 0
    outer loop
      vertex 51.73 -7.22072 14.99
      vertex 51.6327 -7.60497 10
      vertex 51.6327 -7.60497 14.99
    endloop
  endfacet
  facet normal 0.735805 -0.677194 0
    outer loop
      vertex 55.6255 -9.76574 14.99
      vertex 55.8939 -9.47411 10
      vertex 55.8939 -9.47411 14.99
    endloop
  endfacet
  facet normal 0.735805 -0.677194 0
    outer loop
      vertex 55.8939 -9.47411 10
      vertex 55.6255 -9.76574 14.99
      vertex 55.6255 -9.76574 10
    endloop
  endfacet
  facet normal -0.996591 0.0824964 0
    outer loop
      vertex 51.6 -8 10
      vertex 51.6327 -7.60497 14.99
      vertex 51.6327 -7.60497 10
    endloop
  endfacet
  facet normal -0.996591 0.0824964 0
    outer loop
      vertex 51.6327 -7.60497 14.99
      vertex 51.6 -8 10
      vertex 51.6 -8 14.99
    endloop
  endfacet
  facet normal -0.735805 0.677194 0
    outer loop
      vertex 52.1061 -6.52589 10
      vertex 52.3745 -6.23426 14.99
      vertex 52.3745 -6.23426 10
    endloop
  endfacet
  facet normal -0.735805 0.677194 0
    outer loop
      vertex 52.3745 -6.23426 14.99
      vertex 52.1061 -6.52589 10
      vertex 52.1061 -6.52589 14.99
    endloop
  endfacet
  facet normal -0.164579 0.986364 0
    outer loop
      vertex 53.8018 -5.6082 10
      vertex 53.4108 -5.67344 14.99
      vertex 53.8018 -5.6082 14.99
    endloop
  endfacet
  facet normal -0.164579 0.986364 0
    outer loop
      vertex 53.4108 -5.67344 14.99
      vertex 53.8018 -5.6082 10
      vertex 53.4108 -5.67344 10
    endloop
  endfacet
  facet normal -0.475961 0.879466 0
    outer loop
      vertex 53.0359 -5.80214 10
      vertex 52.6873 -5.9908 14.99
      vertex 53.0359 -5.80214 14.99
    endloop
  endfacet
  facet normal -0.475961 0.879466 0
    outer loop
      vertex 52.6873 -5.9908 14.99
      vertex 53.0359 -5.80214 10
      vertex 52.6873 -5.9908 10
    endloop
  endfacet
  facet normal 0 -1 0
    outer loop
      vertex 53.8018 -10.3918 10
      vertex 54.1982 -10.3918 14.99
      vertex 53.8018 -10.3918 14.99
    endloop
  endfacet
  facet normal 0 -1 -0
    outer loop
      vertex 54.1982 -10.3918 14.99
      vertex 53.8018 -10.3918 10
      vertex 54.1982 -10.3918 10
    endloop
  endfacet
  facet normal -0.164481 -0.98638 0
    outer loop
      vertex 53.4108 -10.3266 10
      vertex 53.8018 -10.3918 14.99
      vertex 53.4108 -10.3266 14.99
    endloop
  endfacet
  facet normal -0.164481 -0.98638 -0
    outer loop
      vertex 53.8018 -10.3918 14.99
      vertex 53.4108 -10.3266 10
      vertex 53.8018 -10.3918 10
    endloop
  endfacet
endsolid OpenSCAD_Model
