solid OpenSCAD_Model
  facet normal 0.988831 0.149039 0
    outer loop
      vertex 3.98012 23.9983 2
      vertex 3.92069 24.3926 0
      vertex 3.92069 24.3926 2
    endloop
  endfacet
  facet normal 0.988831 0.149039 0
    outer loop
      vertex 3.92069 24.3926 0
      vertex 3.98012 23.9983 2
      vertex 3.98012 23.9983 0
    endloop
  endfacet
  facet normal 0.998758 0.0498338 0
    outer loop
      vertex 3.99688 23.6624 2
      vertex 3.98012 23.9983 0
      vertex 3.98012 23.9983 2
    endloop
  endfacet
  facet normal 0.998758 0.0498338 0
    outer loop
      vertex 3.98012 23.9983 0
      vertex 3.99688 23.6624 2
      vertex 3.99688 23.6624 0
    endloop
  endfacet
  facet normal 0.969071 0.246782 0
    outer loop
      vertex 3.92069 24.3926 2
      vertex 3.82229 24.779 0
      vertex 3.82229 24.779 2
    endloop
  endfacet
  facet normal 0.969071 0.246782 0
    outer loop
      vertex 3.82229 24.779 0
      vertex 3.92069 24.3926 2
      vertex 3.92069 24.3926 0
    endloop
  endfacet
  facet normal 0.318484 0.947928 -0
    outer loop
      vertex 1.46136 27.3235 0
      vertex 1.08336 27.4505 2
      vertex 1.46136 27.3235 2
    endloop
  endfacet
  facet normal 0.318484 0.947928 0
    outer loop
      vertex 1.08336 27.4505 2
      vertex 1.46136 27.3235 0
      vertex 1.08336 27.4505 0
    endloop
  endfacet
  facet normal -0 0 1
    outer loop
      vertex -17.7224 3.30385 2
      vertex -17.7265 3.12567 2
      vertex -17.6764 3.38356 2
    endloop
  endfacet
  facet normal 0 0 1
    outer loop
      vertex -17.7224 3.30385 2
      vertex -17.8248 2.50512 2
      vertex -17.7265 3.12567 2
    endloop
  endfacet
  facet normal 0 0 1
    outer loop
      vertex -24 0 2
      vertex -18 0 2
      vertex -17.989 0.62819 2
    endloop
  endfacet
  facet normal 0 0 1
    outer loop
      vertex -18 0 2
      vertex -18.7382 -11.8 2
      vertex -18.3851 -15.4269 2
    endloop
  endfacet
  facet normal -0 0 1
    outer loop
      vertex -18.784 -12.192 2
      vertex -18.3851 -15.4269 2
      vertex -18.7382 -11.8 2
    endloop
  endfacet
  facet normal -0 0 1
    outer loop
      vertex -18.919 -12.563 2
      vertex -18.3851 -15.4269 2
      vertex -18.784 -12.192 2
    endloop
  endfacet
  facet normal -0 0 1
    outer loop
      vertex -23.9854 0.837587 2
      vertex -17.989 0.62819 2
      vertex -17.9562 1.25562 2
    endloop
  endfacet
  facet normal 0 0 1
    outer loop
      vertex -18 0 2
      vertex -18.784 -11.408 2
      vertex -18.7382 -11.8 2
    endloop
  endfacet
  facet normal 0 0 1
    outer loop
      vertex -18 0 2
      vertex -18.919 -11.037 2
      vertex -18.784 -11.408 2
    endloop
  endfacet
  facet normal 0 0 1
    outer loop
      vertex -18 0 2
      vertex -19.1359 -10.7073 2
      vertex -18.919 -11.037 2
    endloop
  endfacet
  facet normal -0 0 1
    outer loop
      vertex -23.9415 1.67416 2
      vertex -17.9562 1.25562 2
      vertex -17.9014 1.88151 2
    endloop
  endfacet
  facet normal 0 0 1
    outer loop
      vertex -18 0 2
      vertex -19.423 -10.4364 2
      vertex -19.1359 -10.7073 2
    endloop
  endfacet
  facet normal 0 0 1
    outer loop
      vertex -23.8685 2.50868 2
      vertex -17.9014 1.88151 2
      vertex -17.8248 2.50512 2
    endloop
  endfacet
  facet normal 0 0 1
    outer loop
      vertex -18 0 2
      vertex -19.7649 -10.239 2
      vertex -19.423 -10.4364 2
    endloop
  endfacet
  facet normal 0 0 1
    outer loop
      vertex -23.7664 3.34015 2
      vertex -17.8248 2.50512 2
      vertex -17.7224 3.30385 2
    endloop
  endfacet
  facet normal 0 0 1
    outer loop
      vertex -18 0 2
      vertex -23.2871 -5.80612 2
      vertex -23.0703 -6.6153 2
    endloop
  endfacet
  facet normal 0 0 1
    outer loop
      vertex -18 0 2
      vertex -23.0703 -6.6153 2
      vertex -19.7649 -10.239 2
    endloop
  endfacet
  facet normal -0 -0 1
    outer loop
      vertex -22.8254 -7.41641 2
      vertex -19.7649 -10.239 2
      vertex -23.0703 -6.6153 2
    endloop
  endfacet
  facet normal -0 -0 1
    outer loop
      vertex -22.5526 -8.20848 2
      vertex -20.143 -10.1258 2
      vertex -22.8254 -7.41641 2
    endloop
  endfacet
  facet normal 0 0 1
    outer loop
      vertex -20.143 -10.1258 2
      vertex -22.4907 -8.3698 2
      vertex -20.537 -10.1029 2
    endloop
  endfacet
  facet normal -0 0 1
    outer loop
      vertex -22.7732 -8.55225 2
      vertex -21.2882 -10.3278 2
      vertex -22.4907 -8.3698 2
    endloop
  endfacet
  facet normal 0 0 1
    outer loop
      vertex -21.2882 -10.3278 2
      vertex -22.7732 -8.55225 2
      vertex -21.6048 -10.5635 2
    endloop
  endfacet
  facet normal 0 0 1
    outer loop
      vertex -24.4332 -11.9994 2
      vertex -22.1267 -11.9974 2
      vertex -22.1267 -11.6026 2
    endloop
  endfacet
  facet normal 0 0 1
    outer loop
      vertex -21.6048 -10.5635 2
      vertex -23.3704 -9.07931 2
      vertex -21.8585 -10.8658 2
    endloop
  endfacet
  facet normal -0 0 1
    outer loop
      vertex -23.3704 -9.07931 2
      vertex -21.6048 -10.5635 2
      vertex -23.0849 -8.80087 2
    endloop
  endfacet
  facet normal -0 0 1
    outer loop
      vertex -23.0849 -8.80087 2
      vertex -21.6048 -10.5635 2
      vertex -22.7732 -8.55225 2
    endloop
  endfacet
  facet normal 0 0 1
    outer loop
      vertex -20.9258 -10.1714 2
      vertex -22.4907 -8.3698 2
      vertex -21.2882 -10.3278 2
    endloop
  endfacet
  facet normal 0 0 1
    outer loop
      vertex -20.537 -10.1029 2
      vertex -22.4907 -8.3698 2
      vertex -20.9258 -10.1714 2
    endloop
  endfacet
  facet normal -0 -0 1
    outer loop
      vertex -22.4907 -8.3698 2
      vertex -20.143 -10.1258 2
      vertex -22.5526 -8.20848 2
    endloop
  endfacet
  facet normal -0 0 1
    outer loop
      vertex -23.2871 5.80612 2
      vertex -17.7224 3.30385 2
      vertex -23.1222 6.42142 2
    endloop
  endfacet
  facet normal -0 0 1
    outer loop
      vertex -23.4755 4.98988 2
      vertex -17.7224 3.30385 2
      vertex -23.2871 5.80612 2
    endloop
  endfacet
  facet normal 0 0 1
    outer loop
      vertex -19.7649 -10.239 2
      vertex -22.8254 -7.41641 2
      vertex -20.143 -10.1258 2
    endloop
  endfacet
  facet normal -0 0 1
    outer loop
      vertex -23.6354 4.16756 2
      vertex -17.7224 3.30385 2
      vertex -23.4755 4.98988 2
    endloop
  endfacet
  facet normal 0 0 1
    outer loop
      vertex -18 0 2
      vertex -23.4755 -4.98988 2
      vertex -23.2871 -5.80612 2
    endloop
  endfacet
  facet normal -0 0 1
    outer loop
      vertex -23.7664 3.34015 2
      vertex -17.7224 3.30385 2
      vertex -23.6354 4.16756 2
    endloop
  endfacet
  facet normal 0 0 1
    outer loop
      vertex -18 0 2
      vertex -23.6354 -4.16756 2
      vertex -23.4755 -4.98988 2
    endloop
  endfacet
  facet normal 0 0 1
    outer loop
      vertex -17.8248 2.50512 2
      vertex -23.7664 3.34015 2
      vertex -23.8685 2.50868 2
    endloop
  endfacet
  facet normal 0 0 1
    outer loop
      vertex -18 0 2
      vertex -23.7664 -3.34015 2
      vertex -23.6354 -4.16756 2
    endloop
  endfacet
  facet normal 0 0 1
    outer loop
      vertex -17.9014 1.88151 2
      vertex -23.8685 2.50868 2
      vertex -23.9415 1.67416 2
    endloop
  endfacet
  facet normal 0 0 1
    outer loop
      vertex -18 0 2
      vertex -23.8685 -2.50868 2
      vertex -23.7664 -3.34015 2
    endloop
  endfacet
  facet normal 0 0 1
    outer loop
      vertex -17.9562 1.25562 2
      vertex -23.9415 1.67416 2
      vertex -23.9854 0.837587 2
    endloop
  endfacet
  facet normal 0 0 1
    outer loop
      vertex -18 0 2
      vertex -23.9415 -1.67416 2
      vertex -23.8685 -2.50868 2
    endloop
  endfacet
  facet normal 0 0 1
    outer loop
      vertex -17.989 0.62819 2
      vertex -23.9854 0.837587 2
      vertex -24 0 2
    endloop
  endfacet
  facet normal 0 0 1
    outer loop
      vertex -18 0 2
      vertex -23.9854 -0.837587 2
      vertex -23.9415 -1.67416 2
    endloop
  endfacet
  facet normal 0 0 1
    outer loop
      vertex -18 0 2
      vertex -24 0 2
      vertex -23.9854 -0.837587 2
    endloop
  endfacet
  facet normal 0 0 1
    outer loop
      vertex 3.98012 23.9983 2
      vertex 1.65418 23.992 2
      vertex 1.7 23.6 2
    endloop
  endfacet
  facet normal 0 0 1
    outer loop
      vertex 2.17018 26.9601 2
      vertex 1.51917 24.363 2
      vertex 1.65418 23.992 2
    endloop
  endfacet
  facet normal 0 0 1
    outer loop
      vertex 0.673335 25.161 2
      vertex 1.82484 27.1595 2
      vertex 1.46136 27.3235 2
    endloop
  endfacet
  facet normal 0 0 1
    outer loop
      vertex 2.17018 26.9601 2
      vertex 1.30227 24.6927 2
      vertex 1.51917 24.363 2
    endloop
  endfacet
  facet normal 0 0 1
    outer loop
      vertex 0.673335 25.161 2
      vertex 1.46136 27.3235 2
      vertex 1.08336 27.4505 2
    endloop
  endfacet
  facet normal 0 0 1
    outer loop
      vertex 2.17018 26.9601 2
      vertex 1.01517 24.9636 2
      vertex 1.30227 24.6927 2
    endloop
  endfacet
  facet normal 0 0 1
    outer loop
      vertex 0.295201 25.2742 2
      vertex 1.08336 27.4505 2
      vertex 0.694592 27.5392 2
    endloop
  endfacet
  facet normal 0 0 1
    outer loop
      vertex 1.82484 27.1595 2
      vertex 0.673335 25.161 2
      vertex 1.01517 24.9636 2
    endloop
  endfacet
  facet normal 0 0 1
    outer loop
      vertex 0.295201 25.2742 2
      vertex 0.694592 27.5392 2
      vertex 0.29892 27.5888 2
    endloop
  endfacet
  facet normal 0 0 1
    outer loop
      vertex 1.08336 27.4505 2
      vertex 0.295201 25.2742 2
      vertex 0.673335 25.161 2
    endloop
  endfacet
  facet normal 0 0 1
    outer loop
      vertex 0.29892 27.5888 2
      vertex -0.0988455 25.2971 2
      vertex 0.295201 25.2742 2
    endloop
  endfacet
  facet normal 0 0 1
    outer loop
      vertex -0.0997219 27.5988 2
      vertex -0.0988455 25.2971 2
      vertex 0.29892 27.5888 2
    endloop
  endfacet
  facet normal -0 0 1
    outer loop
      vertex -0.497375 27.569 2
      vertex -0.0988455 25.2971 2
      vertex -0.0997219 27.5988 2
    endloop
  endfacet
  facet normal 0 0 1
    outer loop
      vertex -0.0988455 25.2971 2
      vertex -0.497375 27.569 2
      vertex -0.487565 25.2286 2
    endloop
  endfacet
  facet normal -0 0 1
    outer loop
      vertex -0.890083 27.4997 2
      vertex -0.487565 25.2286 2
      vertex -0.497375 27.569 2
    endloop
  endfacet
  facet normal -0 0 1
    outer loop
      vertex -1.27395 27.3917 2
      vertex -0.487565 25.2286 2
      vertex -0.890083 27.4997 2
    endloop
  endfacet
  facet normal -0 0 1
    outer loop
      vertex -1.64515 27.246 2
      vertex -0.487565 25.2286 2
      vertex -1.27395 27.3917 2
    endloop
  endfacet
  facet normal 0 0 1
    outer loop
      vertex -0.487565 25.2286 2
      vertex -1.64515 27.246 2
      vertex -0.849999 25.0722 2
    endloop
  endfacet
  facet normal -0 0 1
    outer loop
      vertex -2 27.0641 2
      vertex -0.849999 25.0722 2
      vertex -1.64515 27.246 2
    endloop
  endfacet
  facet normal -0 0 1
    outer loop
      vertex -2.33497 26.8478 2
      vertex -0.849999 25.0722 2
      vertex -2 27.0641 2
    endloop
  endfacet
  facet normal 0 0 1
    outer loop
      vertex -0.849999 25.0722 2
      vertex -2.33497 26.8478 2
      vertex -1.16661 24.8365 2
    endloop
  endfacet
  facet normal -0 0 1
    outer loop
      vertex -2.64674 26.5991 2
      vertex -1.16661 24.8365 2
      vertex -2.33497 26.8478 2
    endloop
  endfacet
  facet normal -0 0 1
    outer loop
      vertex -3.99503 23.6627 2
      vertex -1.68851 23.4026 2
      vertex -1.68851 23.7974 2
    endloop
  endfacet
  facet normal -0 0 1
    outer loop
      vertex -2.93221 26.3207 2
      vertex -1.16661 24.8365 2
      vertex -2.64674 26.5991 2
    endloop
  endfacet
  facet normal 0 0 1
    outer loop
      vertex -1.16661 24.8365 2
      vertex -2.93221 26.3207 2
      vertex -1.42033 24.5342 2
    endloop
  endfacet
  facet normal -0 0 1
    outer loop
      vertex -3.18853 26.0152 2
      vertex -1.42033 24.5342 2
      vertex -2.93221 26.3207 2
    endloop
  endfacet
  facet normal 0 0 1
    outer loop
      vertex -1.68851 23.4026 2
      vertex -3.99503 23.6627 2
      vertex -2.50512 17.8248 2
    endloop
  endfacet
  facet normal -0 0 1
    outer loop
      vertex -3.41316 25.6857 2
      vertex -1.42033 24.5342 2
      vertex -3.18853 26.0152 2
    endloop
  endfacet
  facet normal -0 0 1
    outer loop
      vertex -3.60388 25.3355 2
      vertex -1.42033 24.5342 2
      vertex -3.41316 25.6857 2
    endloop
  endfacet
  facet normal 0 0 1
    outer loop
      vertex -1.68851 23.4026 2
      vertex -2.50512 17.8248 2
      vertex -1.88151 17.9014 2
    endloop
  endfacet
  facet normal 0 0 1
    outer loop
      vertex -1.42033 24.5342 2
      vertex -3.60388 25.3355 2
      vertex -1.59748 24.1814 2
    endloop
  endfacet
  facet normal -0 0 1
    outer loop
      vertex -3.75877 24.9681 2
      vertex -1.59748 24.1814 2
      vertex -3.60388 25.3355 2
    endloop
  endfacet
  facet normal -0 0 1
    outer loop
      vertex -3.87631 24.587 2
      vertex -1.59748 24.1814 2
      vertex -3.75877 24.9681 2
    endloop
  endfacet
  facet normal 0 0 1
    outer loop
      vertex -2.50512 17.8248 2
      vertex -3.99503 23.6627 2
      vertex -3.12567 17.7265 2
    endloop
  endfacet
  facet normal 0 0 1
    outer loop
      vertex -1.59748 24.1814 2
      vertex -3.87631 24.587 2
      vertex -1.68851 23.7974 2
    endloop
  endfacet
  facet normal -0 0 1
    outer loop
      vertex -3.95532 24.1962 2
      vertex -1.68851 23.7974 2
      vertex -3.87631 24.587 2
    endloop
  endfacet
  facet normal -0 0 1
    outer loop
      vertex -3.99503 23.7994 2
      vertex -1.68851 23.7974 2
      vertex -3.95532 24.1962 2
    endloop
  endfacet
  facet normal 0 0 1
    outer loop
      vertex -1.68851 23.7974 2
      vertex -3.99503 23.7994 2
      vertex -3.99503 23.6627 2
    endloop
  endfacet
  facet normal -0 0 1
    outer loop
      vertex -4.16756 23.6354 2
      vertex -3.12567 17.7265 2
      vertex -3.99503 23.6627 2
    endloop
  endfacet
  facet normal 0 0 1
    outer loop
      vertex -3.12567 17.7265 2
      vertex -4.16756 23.6354 2
      vertex -3.74241 17.6067 2
    endloop
  endfacet
  facet normal -0 0 1
    outer loop
      vertex -4.98988 23.4755 2
      vertex -3.74241 17.6067 2
      vertex -4.16756 23.6354 2
    endloop
  endfacet
  facet normal 0 0 1
    outer loop
      vertex -3.74241 17.6067 2
      vertex -4.98988 23.4755 2
      vertex -4.35459 17.4653 2
    endloop
  endfacet
  facet normal -0 0 1
    outer loop
      vertex -5.80612 23.2871 2
      vertex -4.35459 17.4653 2
      vertex -4.98988 23.4755 2
    endloop
  endfacet
  facet normal 0 0 1
    outer loop
      vertex -4.35459 17.4653 2
      vertex -5.80612 23.2871 2
      vertex -4.96147 17.3027 2
    endloop
  endfacet
  facet normal -0 0 1
    outer loop
      vertex -6.6153 23.0703 2
      vertex -4.96147 17.3027 2
      vertex -5.80612 23.2871 2
    endloop
  endfacet
  facet normal 0 0 1
    outer loop
      vertex -4.96147 17.3027 2
      vertex -6.6153 23.0703 2
      vertex -5.56231 17.119 2
    endloop
  endfacet
  facet normal -0 0 1
    outer loop
      vertex -7.41641 22.8254 2
      vertex -5.56231 17.119 2
      vertex -6.6153 23.0703 2
    endloop
  endfacet
  facet normal 0 0 1
    outer loop
      vertex -5.56231 17.119 2
      vertex -7.41641 22.8254 2
      vertex -6.15636 16.9145 2
    endloop
  endfacet
  facet normal -0 0 1
    outer loop
      vertex -8.20848 22.5526 2
      vertex -6.15636 16.9145 2
      vertex -7.41641 22.8254 2
    endloop
  endfacet
  facet normal 0 0 1
    outer loop
      vertex -6.15636 16.9145 2
      vertex -8.20848 22.5526 2
      vertex -6.74292 16.6893 2
    endloop
  endfacet
  facet normal -0 0 1
    outer loop
      vertex -8.99056 22.2524 2
      vertex -6.74292 16.6893 2
      vertex -8.20848 22.5526 2
    endloop
  endfacet
  facet normal 0 0 1
    outer loop
      vertex -6.74292 16.6893 2
      vertex -8.99056 22.2524 2
      vertex -7.32126 16.4438 2
    endloop
  endfacet
  facet normal -0 0 1
    outer loop
      vertex -9.76168 21.9251 2
      vertex -7.32126 16.4438 2
      vertex -8.99056 22.2524 2
    endloop
  endfacet
  facet normal 0 0 1
    outer loop
      vertex -7.32126 16.4438 2
      vertex -9.76168 21.9251 2
      vertex -7.89068 16.1783 2
    endloop
  endfacet
  facet normal -0 0 1
    outer loop
      vertex -10.5209 21.5711 2
      vertex -7.89068 16.1783 2
      vertex -9.76168 21.9251 2
    endloop
  endfacet
  facet normal 0 0 1
    outer loop
      vertex -7.89068 16.1783 2
      vertex -10.5209 21.5711 2
      vertex -8.45049 15.8931 2
    endloop
  endfacet
  facet normal -0 0 1
    outer loop
      vertex -11.2673 21.1907 2
      vertex -8.45049 15.8931 2
      vertex -10.5209 21.5711 2
    endloop
  endfacet
  facet normal 0 0 1
    outer loop
      vertex -8.45049 15.8931 2
      vertex -11.2673 21.1907 2
      vertex -9 15.5885 2
    endloop
  endfacet
  facet normal -0 0 1
    outer loop
      vertex -12 20.7846 2
      vertex -9 15.5885 2
      vertex -11.2673 21.1907 2
    endloop
  endfacet
  facet normal 0 0 1
    outer loop
      vertex -9 15.5885 2
      vertex -12 20.7846 2
      vertex -9.53855 15.2649 2
    endloop
  endfacet
  facet normal -0 0 1
    outer loop
      vertex -12.7181 20.3532 2
      vertex -9.53855 15.2649 2
      vertex -12 20.7846 2
    endloop
  endfacet
  facet normal 0 0 1
    outer loop
      vertex -9.53855 15.2649 2
      vertex -12.7181 20.3532 2
      vertex -10.0655 14.9227 2
    endloop
  endfacet
  facet normal -0 0 1
    outer loop
      vertex -13.4206 19.8969 2
      vertex -10.0655 14.9227 2
      vertex -12.7181 20.3532 2
    endloop
  endfacet
  facet normal 0 0 1
    outer loop
      vertex -10.0655 14.9227 2
      vertex -13.4206 19.8969 2
      vertex -10.5801 14.5623 2
    endloop
  endfacet
  facet normal -0 0 1
    outer loop
      vertex -14.1068 19.4164 2
      vertex -10.5801 14.5623 2
      vertex -13.4206 19.8969 2
    endloop
  endfacet
  facet normal 0 0 1
    outer loop
      vertex -10.5801 14.5623 2
      vertex -14.1068 19.4164 2
      vertex -11.0819 14.1842 2
    endloop
  endfacet
  facet normal -0 0 1
    outer loop
      vertex -14.7759 18.9123 2
      vertex -11.0819 14.1842 2
      vertex -14.1068 19.4164 2
    endloop
  endfacet
  facet normal 0 0 1
    outer loop
      vertex -11.0819 14.1842 2
      vertex -14.7759 18.9123 2
      vertex -11.5702 13.7888 2
    endloop
  endfacet
  facet normal 0 0 1
    outer loop
      vertex -11.5702 13.7888 2
      vertex -14.7759 18.9123 2
      vertex -11.7224 13.6962 2
    endloop
  endfacet
  facet normal -0 0 1
    outer loop
      vertex -15.4269 18.3851 2
      vertex -11.7224 13.6962 2
      vertex -14.7759 18.9123 2
    endloop
  endfacet
  facet normal -0 0 1
    outer loop
      vertex -16.0591 17.8355 2
      vertex -11.7224 13.6962 2
      vertex -15.4269 18.3851 2
    endloop
  endfacet
  facet normal -0 0 1
    outer loop
      vertex -16.6718 17.2642 2
      vertex -11.7224 13.6962 2
      vertex -16.0591 17.8355 2
    endloop
  endfacet
  facet normal 0 0 1
    outer loop
      vertex -11.7224 13.6962 2
      vertex -16.6718 17.2642 2
      vertex -17.1222 16.8137 2
    endloop
  endfacet
  facet normal 0 0 1
    outer loop
      vertex 22.49 -8.37156 2
      vertex 22.0924 -11.408 2
      vertex 22.1382 -11.8 2
    endloop
  endfacet
  facet normal 0 0 1
    outer loop
      vertex 22.49 -8.37156 2
      vertex 21.9574 -11.037 2
      vertex 22.0924 -11.408 2
    endloop
  endfacet
  facet normal 0 0 1
    outer loop
      vertex 16.6893 6.74292 2
      vertex 22.2524 8.99056 2
      vertex 21.9251 9.76168 2
    endloop
  endfacet
  facet normal 0 0 1
    outer loop
      vertex 22.49 -8.37156 2
      vertex 21.7405 -10.7073 2
      vertex 21.9574 -11.037 2
    endloop
  endfacet
  facet normal 0 0 1
    outer loop
      vertex 16.4438 7.32126 2
      vertex 21.9251 9.76168 2
      vertex 21.5711 10.5209 2
    endloop
  endfacet
  facet normal -0 0 1
    outer loop
      vertex 17.6067 -3.74241 2
      vertex 23.4755 -4.98988 2
      vertex 17.7265 -3.12567 2
    endloop
  endfacet
  facet normal 0 0 1
    outer loop
      vertex 16.1783 7.89068 2
      vertex 21.5711 10.5209 2
      vertex 21.1907 11.2673 2
    endloop
  endfacet
  facet normal 0 0 1
    outer loop
      vertex 23.4755 -4.98988 2
      vertex 17.6067 -3.74241 2
      vertex 23.2871 -5.80612 2
    endloop
  endfacet
  facet normal 0 0 1
    outer loop
      vertex 15.8931 8.45049 2
      vertex 21.1907 11.2673 2
      vertex 20.7846 12 2
    endloop
  endfacet
  facet normal 0 0 1
    outer loop
      vertex 22.2524 8.99056 2
      vertex 17.989 0.62819 2
      vertex 18 0 2
    endloop
  endfacet
  facet normal 0 0 1
    outer loop
      vertex 15.5885 9 2
      vertex 20.7846 12 2
      vertex 20.3532 12.7181 2
    endloop
  endfacet
  facet normal -0 0 1
    outer loop
      vertex 17.4653 -4.35459 2
      vertex 23.2871 -5.80612 2
      vertex 17.6067 -3.74241 2
    endloop
  endfacet
  facet normal 0 0 1
    outer loop
      vertex 22.49 -8.37156 2
      vertex 21.4534 -10.4364 2
      vertex 21.7405 -10.7073 2
    endloop
  endfacet
  facet normal 0 0 1
    outer loop
      vertex 15.2649 9.53855 2
      vertex 20.3532 12.7181 2
      vertex 19.8969 13.4206 2
    endloop
  endfacet
  facet normal 0 0 1
    outer loop
      vertex 23.2871 -5.80612 2
      vertex 17.4653 -4.35459 2
      vertex 23.0703 -6.6153 2
    endloop
  endfacet
  facet normal 0 0 1
    outer loop
      vertex 14.9227 10.0655 2
      vertex 19.8969 13.4206 2
      vertex 19.4164 14.1068 2
    endloop
  endfacet
  facet normal -0 0 1
    outer loop
      vertex 17.3027 -4.96147 2
      vertex 23.0703 -6.6153 2
      vertex 17.4653 -4.35459 2
    endloop
  endfacet
  facet normal 0 0 1
    outer loop
      vertex 22.49 -8.37156 2
      vertex 21.1115 -10.239 2
      vertex 21.4534 -10.4364 2
    endloop
  endfacet
  facet normal 0 0 1
    outer loop
      vertex 14.5623 10.5801 2
      vertex 19.4164 14.1068 2
      vertex 18.9123 14.7759 2
    endloop
  endfacet
  facet normal -0 0 1
    outer loop
      vertex 17.119 -5.56231 2
      vertex 22.8254 -7.41641 2
      vertex 17.3027 -4.96147 2
    endloop
  endfacet
  facet normal 0 0 1
    outer loop
      vertex 22.8254 -7.41641 2
      vertex 17.119 -5.56231 2
      vertex 22.5526 -8.20848 2
    endloop
  endfacet
  facet normal 0 0 1
    outer loop
      vertex 14.5623 -10.5801 2
      vertex 18.7497 -11.9974 2
      vertex 18.7497 -11.6026 2
    endloop
  endfacet
  facet normal 0 0 1
    outer loop
      vertex 22.49 -8.37156 2
      vertex 20.7334 -10.1258 2
      vertex 21.1115 -10.239 2
    endloop
  endfacet
  facet normal 0 0 1
    outer loop
      vertex 14.1842 11.0819 2
      vertex 18.9123 14.7759 2
      vertex 18.3851 15.4269 2
    endloop
  endfacet
  facet normal -0 0 1
    outer loop
      vertex 16.9145 -6.15636 2
      vertex 22.5526 -8.20848 2
      vertex 17.119 -5.56231 2
    endloop
  endfacet
  facet normal 0 -0 1
    outer loop
      vertex 20.3394 -10.1029 2
      vertex 22.5526 -8.20848 2
      vertex 16.9145 -6.15636 2
    endloop
  endfacet
  facet normal 0 0 1
    outer loop
      vertex 23.0703 -6.6153 2
      vertex 17.3027 -4.96147 2
      vertex 22.8254 -7.41641 2
    endloop
  endfacet
  facet normal 0 0 1
    outer loop
      vertex 22.2524 8.99056 2
      vertex 17.9562 1.25562 2
      vertex 17.989 0.62819 2
    endloop
  endfacet
  facet normal 0 0 1
    outer loop
      vertex 22.2524 8.99056 2
      vertex 17.9014 1.88151 2
      vertex 17.9562 1.25562 2
    endloop
  endfacet
  facet normal 0 0 1
    outer loop
      vertex 13.7888 11.5702 2
      vertex 18.3851 15.4269 2
      vertex 17.8355 16.0591 2
    endloop
  endfacet
  facet normal 0 0 1
    outer loop
      vertex 22.2524 8.99056 2
      vertex 17.8248 2.50512 2
      vertex 17.9014 1.88151 2
    endloop
  endfacet
  facet normal 0 0 1
    outer loop
      vertex 22.2524 8.99056 2
      vertex 17.7265 3.12567 2
      vertex 17.8248 2.50512 2
    endloop
  endfacet
  facet normal 0 0 1
    outer loop
      vertex 22.2524 8.99056 2
      vertex 17.6067 3.74241 2
      vertex 17.7265 3.12567 2
    endloop
  endfacet
  facet normal 0 0 1
    outer loop
      vertex 22.2524 8.99056 2
      vertex 17.4653 4.35459 2
      vertex 17.6067 3.74241 2
    endloop
  endfacet
  facet normal 0 0 1
    outer loop
      vertex 22.2524 8.99056 2
      vertex 17.3027 4.96147 2
      vertex 17.4653 4.35459 2
    endloop
  endfacet
  facet normal 0 0 1
    outer loop
      vertex 13.3766 12.0444 2
      vertex 17.8355 16.0591 2
      vertex 17.2642 16.6718 2
    endloop
  endfacet
  facet normal 0 0 1
    outer loop
      vertex 22.2524 8.99056 2
      vertex 17.119 5.56231 2
      vertex 17.3027 4.96147 2
    endloop
  endfacet
  facet normal 0 0 1
    outer loop
      vertex 22.2524 8.99056 2
      vertex 16.9145 6.15636 2
      vertex 17.119 5.56231 2
    endloop
  endfacet
  facet normal 0 0 1
    outer loop
      vertex 22.2524 8.99056 2
      vertex 16.6893 6.74292 2
      vertex 16.9145 6.15636 2
    endloop
  endfacet
  facet normal 0 0 1
    outer loop
      vertex 12.9481 12.5038 2
      vertex 17.2642 16.6718 2
      vertex 16.6718 17.2642 2
    endloop
  endfacet
  facet normal 0 0 1
    outer loop
      vertex 21.9251 9.76168 2
      vertex 16.4438 7.32126 2
      vertex 16.6893 6.74292 2
    endloop
  endfacet
  facet normal 0 0 1
    outer loop
      vertex 21.5711 10.5209 2
      vertex 16.1783 7.89068 2
      vertex 16.4438 7.32126 2
    endloop
  endfacet
  facet normal 0 0 1
    outer loop
      vertex 12.5038 12.9481 2
      vertex 16.6718 17.2642 2
      vertex 16.0591 17.8355 2
    endloop
  endfacet
  facet normal 0 0 1
    outer loop
      vertex 21.1907 11.2673 2
      vertex 15.8931 8.45049 2
      vertex 16.1783 7.89068 2
    endloop
  endfacet
  facet normal 0 0 1
    outer loop
      vertex 20.7846 12 2
      vertex 15.5885 9 2
      vertex 15.8931 8.45049 2
    endloop
  endfacet
  facet normal 0 0 1
    outer loop
      vertex 12.0444 13.3766 2
      vertex 16.0591 17.8355 2
      vertex 15.4269 18.3851 2
    endloop
  endfacet
  facet normal 0 0 1
    outer loop
      vertex 20.3532 12.7181 2
      vertex 15.2649 9.53855 2
      vertex 15.5885 9 2
    endloop
  endfacet
  facet normal 0 0 1
    outer loop
      vertex 19.8969 13.4206 2
      vertex 14.9227 10.0655 2
      vertex 15.2649 9.53855 2
    endloop
  endfacet
  facet normal 0 0 1
    outer loop
      vertex 11.5702 13.7888 2
      vertex 15.4269 18.3851 2
      vertex 14.7759 18.9123 2
    endloop
  endfacet
  facet normal 0 0 1
    outer loop
      vertex 19.4164 14.1068 2
      vertex 14.5623 10.5801 2
      vertex 14.9227 10.0655 2
    endloop
  endfacet
  facet normal 0 0 1
    outer loop
      vertex 18.9123 14.7759 2
      vertex 14.1842 11.0819 2
      vertex 14.5623 10.5801 2
    endloop
  endfacet
  facet normal 0 0 1
    outer loop
      vertex 11.0819 14.1842 2
      vertex 14.7759 18.9123 2
      vertex 14.1068 19.4164 2
    endloop
  endfacet
  facet normal 0 0 1
    outer loop
      vertex 18.3851 15.4269 2
      vertex 13.7888 11.5702 2
      vertex 14.1842 11.0819 2
    endloop
  endfacet
  facet normal 0 0 1
    outer loop
      vertex 10.5801 14.5623 2
      vertex 14.1068 19.4164 2
      vertex 13.4206 19.8969 2
    endloop
  endfacet
  facet normal 0 0 1
    outer loop
      vertex 17.8355 16.0591 2
      vertex 13.3766 12.0444 2
      vertex 13.7888 11.5702 2
    endloop
  endfacet
  facet normal 0 0 1
    outer loop
      vertex 17.2642 16.6718 2
      vertex 12.9481 12.5038 2
      vertex 13.3766 12.0444 2
    endloop
  endfacet
  facet normal 0 0 1
    outer loop
      vertex 10.0655 14.9227 2
      vertex 13.4206 19.8969 2
      vertex 12.7181 20.3532 2
    endloop
  endfacet
  facet normal 0 0 1
    outer loop
      vertex 16.6718 17.2642 2
      vertex 12.5038 12.9481 2
      vertex 12.9481 12.5038 2
    endloop
  endfacet
  facet normal 0 0 1
    outer loop
      vertex 16.0591 17.8355 2
      vertex 12.0444 13.3766 2
      vertex 12.5038 12.9481 2
    endloop
  endfacet
  facet normal 0 0 1
    outer loop
      vertex 9.53855 15.2649 2
      vertex 12.7181 20.3532 2
      vertex 12 20.7846 2
    endloop
  endfacet
  facet normal 0 0 1
    outer loop
      vertex 15.4269 18.3851 2
      vertex 11.5702 13.7888 2
      vertex 12.0444 13.3766 2
    endloop
  endfacet
  facet normal 0 0 1
    outer loop
      vertex 9 15.5885 2
      vertex 12 20.7846 2
      vertex 11.2673 21.1907 2
    endloop
  endfacet
  facet normal 0 0 1
    outer loop
      vertex 14.7759 18.9123 2
      vertex 11.0819 14.1842 2
      vertex 11.5702 13.7888 2
    endloop
  endfacet
  facet normal 0 0 1
    outer loop
      vertex 14.1068 19.4164 2
      vertex 10.5801 14.5623 2
      vertex 11.0819 14.1842 2
    endloop
  endfacet
  facet normal 0 0 1
    outer loop
      vertex 8.45049 15.8931 2
      vertex 11.2673 21.1907 2
      vertex 10.5209 21.5711 2
    endloop
  endfacet
  facet normal 0 0 1
    outer loop
      vertex 13.4206 19.8969 2
      vertex 10.0655 14.9227 2
      vertex 10.5801 14.5623 2
    endloop
  endfacet
  facet normal 0 0 1
    outer loop
      vertex 7.89068 16.1783 2
      vertex 10.5209 21.5711 2
      vertex 9.76168 21.9251 2
    endloop
  endfacet
  facet normal 0 0 1
    outer loop
      vertex 12.7181 20.3532 2
      vertex 9.53855 15.2649 2
      vertex 10.0655 14.9227 2
    endloop
  endfacet
  facet normal 0 0 1
    outer loop
      vertex 12 20.7846 2
      vertex 9 15.5885 2
      vertex 9.53855 15.2649 2
    endloop
  endfacet
  facet normal 0 0 1
    outer loop
      vertex 7.32126 16.4438 2
      vertex 9.76168 21.9251 2
      vertex 8.99056 22.2524 2
    endloop
  endfacet
  facet normal 0 0 1
    outer loop
      vertex 11.2673 21.1907 2
      vertex 8.45049 15.8931 2
      vertex 9 15.5885 2
    endloop
  endfacet
  facet normal 0 0 1
    outer loop
      vertex 6.74292 16.6893 2
      vertex 8.99056 22.2524 2
      vertex 8.20848 22.5526 2
    endloop
  endfacet
  facet normal 0 0 1
    outer loop
      vertex 10.5209 21.5711 2
      vertex 7.89068 16.1783 2
      vertex 8.45049 15.8931 2
    endloop
  endfacet
  facet normal 0 0 1
    outer loop
      vertex 6.15636 16.9145 2
      vertex 8.20848 22.5526 2
      vertex 7.41641 22.8254 2
    endloop
  endfacet
  facet normal 0 0 1
    outer loop
      vertex 9.76168 21.9251 2
      vertex 7.32126 16.4438 2
      vertex 7.89068 16.1783 2
    endloop
  endfacet
  facet normal 0 0 1
    outer loop
      vertex 8.99056 22.2524 2
      vertex 6.74292 16.6893 2
      vertex 7.32126 16.4438 2
    endloop
  endfacet
  facet normal 0 0 1
    outer loop
      vertex 5.56231 17.119 2
      vertex 7.41641 22.8254 2
      vertex 6.6153 23.0703 2
    endloop
  endfacet
  facet normal 0 0 1
    outer loop
      vertex 8.20848 22.5526 2
      vertex 6.15636 16.9145 2
      vertex 6.74292 16.6893 2
    endloop
  endfacet
  facet normal 0 0 1
    outer loop
      vertex 4.96147 17.3027 2
      vertex 6.6153 23.0703 2
      vertex 5.80612 23.2871 2
    endloop
  endfacet
  facet normal 0 0 1
    outer loop
      vertex 7.41641 22.8254 2
      vertex 5.56231 17.119 2
      vertex 6.15636 16.9145 2
    endloop
  endfacet
  facet normal 0 0 1
    outer loop
      vertex 4.35459 17.4653 2
      vertex 5.80612 23.2871 2
      vertex 4.98988 23.4755 2
    endloop
  endfacet
  facet normal 0 0 1
    outer loop
      vertex 6.6153 23.0703 2
      vertex 4.96147 17.3027 2
      vertex 5.56231 17.119 2
    endloop
  endfacet
  facet normal 0 0 1
    outer loop
      vertex 5.80612 23.2871 2
      vertex 4.35459 17.4653 2
      vertex 4.96147 17.3027 2
    endloop
  endfacet
  facet normal 0 0 1
    outer loop
      vertex 3.74241 17.6067 2
      vertex 4.98988 23.4755 2
      vertex 4.16756 23.6354 2
    endloop
  endfacet
  facet normal 0 0 1
    outer loop
      vertex 1.30227 22.5073 2
      vertex 4.16756 23.6354 2
      vertex 3.99688 23.6624 2
    endloop
  endfacet
  facet normal 0 0 1
    outer loop
      vertex 1.65418 23.992 2
      vertex 3.98012 23.9983 2
      vertex 3.92069 24.3926 2
    endloop
  endfacet
  facet normal 0 0 1
    outer loop
      vertex 3.98012 23.9983 2
      vertex 1.7 23.6 2
      vertex 3.99688 23.6624 2
    endloop
  endfacet
  facet normal 0 0 1
    outer loop
      vertex 1.65418 23.992 2
      vertex 3.92069 24.3926 2
      vertex 3.82229 24.779 2
    endloop
  endfacet
  facet normal 0 0 1
    outer loop
      vertex 4.98988 23.4755 2
      vertex 3.74241 17.6067 2
      vertex 4.35459 17.4653 2
    endloop
  endfacet
  facet normal 0 0 1
    outer loop
      vertex 1.65418 23.992 2
      vertex 3.82229 24.779 2
      vertex 3.6859 25.1537 2
    endloop
  endfacet
  facet normal 0 0 1
    outer loop
      vertex 1.65418 23.992 2
      vertex 3.6859 25.1537 2
      vertex 3.51289 25.513 2
    endloop
  endfacet
  facet normal 0 0 1
    outer loop
      vertex 1.65418 23.992 2
      vertex 3.51289 25.513 2
      vertex 3.30495 25.8533 2
    endloop
  endfacet
  facet normal 0 0 1
    outer loop
      vertex 3.99688 23.6624 2
      vertex 1.65418 23.208 2
      vertex 1.51917 22.837 2
    endloop
  endfacet
  facet normal 0 0 1
    outer loop
      vertex 1.65418 23.992 2
      vertex 3.30495 25.8533 2
      vertex 3.06418 26.1712 2
    endloop
  endfacet
  facet normal 0 0 1
    outer loop
      vertex 1.65418 23.992 2
      vertex 3.06418 26.1712 2
      vertex 2.79295 26.4635 2
    endloop
  endfacet
  facet normal 0 0 1
    outer loop
      vertex 1.30227 22.5073 2
      vertex 3.99688 23.6624 2
      vertex 1.51917 22.837 2
    endloop
  endfacet
  facet normal 0 0 1
    outer loop
      vertex 1.65418 23.992 2
      vertex 2.79295 26.4635 2
      vertex 2.49396 26.7273 2
    endloop
  endfacet
  facet normal 0 0 1
    outer loop
      vertex 1.65418 23.992 2
      vertex 2.49396 26.7273 2
      vertex 2.17018 26.9601 2
    endloop
  endfacet
  facet normal 0 0 1
    outer loop
      vertex 3.99688 23.6624 2
      vertex 1.7 23.6 2
      vertex 1.65418 23.208 2
    endloop
  endfacet
  facet normal 0 0 1
    outer loop
      vertex 1.01517 24.9636 2
      vertex 2.17018 26.9601 2
      vertex 1.82484 27.1595 2
    endloop
  endfacet
  facet normal 0 0 1
    outer loop
      vertex 4.16756 23.6354 2
      vertex 1.30227 22.5073 2
      vertex 3.12567 17.7265 2
    endloop
  endfacet
  facet normal 0 0 1
    outer loop
      vertex 4.16756 23.6354 2
      vertex 3.12567 17.7265 2
      vertex 3.74241 17.6067 2
    endloop
  endfacet
  facet normal 0 0 1
    outer loop
      vertex 3.12567 17.7265 2
      vertex 1.30227 22.5073 2
      vertex 2.50512 17.8248 2
    endloop
  endfacet
  facet normal -0 0 1
    outer loop
      vertex 1.01517 22.2364 2
      vertex 2.50512 17.8248 2
      vertex 1.30227 22.5073 2
    endloop
  endfacet
  facet normal 0 0 1
    outer loop
      vertex 2.50512 17.8248 2
      vertex 1.01517 22.2364 2
      vertex 1.88151 17.9014 2
    endloop
  endfacet
  facet normal -0 0 1
    outer loop
      vertex 0.673335 22.039 2
      vertex 1.88151 17.9014 2
      vertex 1.01517 22.2364 2
    endloop
  endfacet
  facet normal 0 0 1
    outer loop
      vertex 1.88151 17.9014 2
      vertex 0.673335 22.039 2
      vertex 1.25562 17.9562 2
    endloop
  endfacet
  facet normal -0 0 1
    outer loop
      vertex 0.295201 21.9258 2
      vertex 1.25562 17.9562 2
      vertex 0.673335 22.039 2
    endloop
  endfacet
  facet normal 0 0 1
    outer loop
      vertex 1.25562 17.9562 2
      vertex 0.295201 21.9258 2
      vertex 0.62819 17.989 2
    endloop
  endfacet
  facet normal 0 0 1
    outer loop
      vertex 0.295201 21.9258 2
      vertex 0 18 2
      vertex 0.62819 17.989 2
    endloop
  endfacet
  facet normal -0 0 1
    outer loop
      vertex -0.0988455 21.9029 2
      vertex 0 18 2
      vertex 0.295201 21.9258 2
    endloop
  endfacet
  facet normal 0 0 1
    outer loop
      vertex -0.62819 17.989 2
      vertex -0.0988455 21.9029 2
      vertex -0.487565 21.9714 2
    endloop
  endfacet
  facet normal 0 0 1
    outer loop
      vertex -0.0988455 21.9029 2
      vertex -0.62819 17.989 2
      vertex 0 18 2
    endloop
  endfacet
  facet normal 0 0 1
    outer loop
      vertex -1.25562 17.9562 2
      vertex -0.487565 21.9714 2
      vertex -0.849999 22.1278 2
    endloop
  endfacet
  facet normal 0 0 1
    outer loop
      vertex -1.88151 17.9014 2
      vertex -0.849999 22.1278 2
      vertex -1.16661 22.3635 2
    endloop
  endfacet
  facet normal 0 0 1
    outer loop
      vertex -0.487565 21.9714 2
      vertex -1.25562 17.9562 2
      vertex -0.62819 17.989 2
    endloop
  endfacet
  facet normal 0 0 1
    outer loop
      vertex -1.88151 17.9014 2
      vertex -1.16661 22.3635 2
      vertex -1.42033 22.6658 2
    endloop
  endfacet
  facet normal 0 0 1
    outer loop
      vertex -1.88151 17.9014 2
      vertex -1.42033 22.6658 2
      vertex -1.59748 23.0186 2
    endloop
  endfacet
  facet normal 0 0 1
    outer loop
      vertex -1.88151 17.9014 2
      vertex -1.59748 23.0186 2
      vertex -1.68851 23.4026 2
    endloop
  endfacet
  facet normal 0 0 1
    outer loop
      vertex -0.849999 22.1278 2
      vertex -1.88151 17.9014 2
      vertex -1.25562 17.9562 2
    endloop
  endfacet
  facet normal 0 0 1
    outer loop
      vertex 18 0 2
      vertex 24 0 2
      vertex 23.9854 0.837587 2
    endloop
  endfacet
  facet normal 0 0 1
    outer loop
      vertex 18 0 2
      vertex 23.9854 0.837587 2
      vertex 23.9415 1.67416 2
    endloop
  endfacet
  facet normal 0 0 1
    outer loop
      vertex 24 0 2
      vertex 18 0 2
      vertex 23.9854 -0.837587 2
    endloop
  endfacet
  facet normal 0 0 1
    outer loop
      vertex 18 0 2
      vertex 23.9415 1.67416 2
      vertex 23.8685 2.50868 2
    endloop
  endfacet
  facet normal -0 0 1
    outer loop
      vertex 17.989 -0.62819 2
      vertex 23.9854 -0.837587 2
      vertex 18 0 2
    endloop
  endfacet
  facet normal 0 0 1
    outer loop
      vertex 18 0 2
      vertex 23.8685 2.50868 2
      vertex 23.7664 3.34015 2
    endloop
  endfacet
  facet normal 0 0 1
    outer loop
      vertex 23.9854 -0.837587 2
      vertex 17.989 -0.62819 2
      vertex 23.9415 -1.67416 2
    endloop
  endfacet
  facet normal 0 0 1
    outer loop
      vertex 18 0 2
      vertex 23.7664 3.34015 2
      vertex 23.6354 4.16756 2
    endloop
  endfacet
  facet normal -0 0 1
    outer loop
      vertex 17.9562 -1.25562 2
      vertex 23.9415 -1.67416 2
      vertex 17.989 -0.62819 2
    endloop
  endfacet
  facet normal 0 0 1
    outer loop
      vertex 18 0 2
      vertex 23.6354 4.16756 2
      vertex 23.4755 4.98988 2
    endloop
  endfacet
  facet normal 0 0 1
    outer loop
      vertex 23.9415 -1.67416 2
      vertex 17.9562 -1.25562 2
      vertex 23.8685 -2.50868 2
    endloop
  endfacet
  facet normal 0 0 1
    outer loop
      vertex 18 0 2
      vertex 23.4755 4.98988 2
      vertex 23.2871 5.80612 2
    endloop
  endfacet
  facet normal -0 0 1
    outer loop
      vertex 17.9014 -1.88151 2
      vertex 23.8685 -2.50868 2
      vertex 17.9562 -1.25562 2
    endloop
  endfacet
  facet normal 0 0 1
    outer loop
      vertex 18 0 2
      vertex 23.2871 5.80612 2
      vertex 23.0703 6.6153 2
    endloop
  endfacet
  facet normal 0 0 1
    outer loop
      vertex 23.8685 -2.50868 2
      vertex 17.9014 -1.88151 2
      vertex 23.7664 -3.34015 2
    endloop
  endfacet
  facet normal 0 0 1
    outer loop
      vertex 18 0 2
      vertex 23.0703 6.6153 2
      vertex 22.8254 7.41641 2
    endloop
  endfacet
  facet normal -0 0 1
    outer loop
      vertex 17.8248 -2.50512 2
      vertex 23.7664 -3.34015 2
      vertex 17.9014 -1.88151 2
    endloop
  endfacet
  facet normal 0 0 1
    outer loop
      vertex 18 0 2
      vertex 22.8254 7.41641 2
      vertex 22.5526 8.20848 2
    endloop
  endfacet
  facet normal 0 0 1
    outer loop
      vertex 23.7664 -3.34015 2
      vertex 17.8248 -2.50512 2
      vertex 23.6354 -4.16756 2
    endloop
  endfacet
  facet normal -0 0 1
    outer loop
      vertex 17.7265 -3.12567 2
      vertex 23.6354 -4.16756 2
      vertex 17.8248 -2.50512 2
    endloop
  endfacet
  facet normal 0 0 1
    outer loop
      vertex 18 0 2
      vertex 22.5526 8.20848 2
      vertex 22.2524 8.99056 2
    endloop
  endfacet
  facet normal 0 0 1
    outer loop
      vertex 23.6354 -4.16756 2
      vertex 17.7265 -3.12567 2
      vertex 23.4755 -4.98988 2
    endloop
  endfacet
  facet normal 0 0 1
    outer loop
      vertex 22.49 -8.37156 2
      vertex 22.1382 -11.8 2
      vertex 22.263 -15.3595 2
    endloop
  endfacet
  facet normal -0 0 1
    outer loop
      vertex 22.0924 -12.192 2
      vertex 22.263 -15.3595 2
      vertex 22.1382 -11.8 2
    endloop
  endfacet
  facet normal -0 0 1
    outer loop
      vertex 21.9574 -12.563 2
      vertex 22.263 -15.3595 2
      vertex 22.0924 -12.192 2
    endloop
  endfacet
  facet normal -0 0 1
    outer loop
      vertex 21.7405 -12.8927 2
      vertex 22.263 -15.3595 2
      vertex 21.9574 -12.563 2
    endloop
  endfacet
  facet normal -0 0 1
    outer loop
      vertex 21.4534 -13.1636 2
      vertex 22.263 -15.3595 2
      vertex 21.7405 -12.8927 2
    endloop
  endfacet
  facet normal -0 0 1
    outer loop
      vertex 21.1115 -13.361 2
      vertex 22.263 -15.3595 2
      vertex 21.4534 -13.1636 2
    endloop
  endfacet
  facet normal 0 0 1
    outer loop
      vertex 22.263 -15.3595 2
      vertex 21.1115 -13.361 2
      vertex 21.8996 -15.5235 2
    endloop
  endfacet
  facet normal 0 0 1
    outer loop
      vertex 21.8996 -15.5235 2
      vertex 21.1115 -13.361 2
      vertex 21.5216 -15.6505 2
    endloop
  endfacet
  facet normal -0 0 1
    outer loop
      vertex 20.7334 -13.4742 2
      vertex 21.5216 -15.6505 2
      vertex 21.1115 -13.361 2
    endloop
  endfacet
  facet normal 0 0 1
    outer loop
      vertex 21.5216 -15.6505 2
      vertex 20.7334 -13.4742 2
      vertex 21.1328 -15.7392 2
    endloop
  endfacet
  facet normal 0 0 1
    outer loop
      vertex 21.1328 -15.7392 2
      vertex 20.7334 -13.4742 2
      vertex 20.7371 -15.7888 2
    endloop
  endfacet
  facet normal -0 0 1
    outer loop
      vertex 20.3394 -13.4971 2
      vertex 20.7371 -15.7888 2
      vertex 20.7334 -13.4742 2
    endloop
  endfacet
  facet normal 0 0 1
    outer loop
      vertex 20.3394 -13.4971 2
      vertex 20.3385 -15.7988 2
      vertex 20.7371 -15.7888 2
    endloop
  endfacet
  facet normal 0 0 1
    outer loop
      vertex 19.9408 -15.769 2
      vertex 20.3394 -13.4971 2
      vertex 19.9506 -13.4286 2
    endloop
  endfacet
  facet normal 0 0 1
    outer loop
      vertex 20.3394 -13.4971 2
      vertex 19.9408 -15.769 2
      vertex 20.3385 -15.7988 2
    endloop
  endfacet
  facet normal 0 0 1
    outer loop
      vertex 18.7931 -15.446 2
      vertex 19.9506 -13.4286 2
      vertex 19.5882 -13.2722 2
    endloop
  endfacet
  facet normal 0 0 1
    outer loop
      vertex 19.9506 -13.4286 2
      vertex 19.5481 -15.6997 2
      vertex 19.9408 -15.769 2
    endloop
  endfacet
  facet normal 0 0 1
    outer loop
      vertex 18.4938 -15.2926 2
      vertex 19.5882 -13.2722 2
      vertex 19.2716 -13.0365 2
    endloop
  endfacet
  facet normal 0 0 1
    outer loop
      vertex 19.9506 -13.4286 2
      vertex 19.1643 -15.5917 2
      vertex 19.5481 -15.6997 2
    endloop
  endfacet
  facet normal 0 0 1
    outer loop
      vertex 18.4938 -15.2926 2
      vertex 19.2716 -13.0365 2
      vertex 19.0179 -12.7342 2
    endloop
  endfacet
  facet normal 0 0 1
    outer loop
      vertex 18.4938 -15.2926 2
      vertex 19.0179 -12.7342 2
      vertex 18.8407 -12.3814 2
    endloop
  endfacet
  facet normal 0 0 1
    outer loop
      vertex 19.9506 -13.4286 2
      vertex 18.7931 -15.446 2
      vertex 19.1643 -15.5917 2
    endloop
  endfacet
  facet normal 0 0 1
    outer loop
      vertex 18.4938 -15.2926 2
      vertex 18.8407 -12.3814 2
      vertex 18.7497 -11.9974 2
    endloop
  endfacet
  facet normal 0 0 1
    outer loop
      vertex 19.5882 -13.2722 2
      vertex 18.4938 -15.2926 2
      vertex 18.7931 -15.446 2
    endloop
  endfacet
  facet normal 0 0 1
    outer loop
      vertex 24.4183 -11.4017 2
      vertex 24.4183 -12.1983 2
      vertex 24.4382 -11.8 2
    endloop
  endfacet
  facet normal 0 0 1
    outer loop
      vertex 24.3589 -11.0074 2
      vertex 24.4183 -12.1983 2
      vertex 24.4183 -11.4017 2
    endloop
  endfacet
  facet normal 0 0 1
    outer loop
      vertex 24.3589 -11.0074 2
      vertex 24.3589 -12.5926 2
      vertex 24.4183 -12.1983 2
    endloop
  endfacet
  facet normal 0 0 1
    outer loop
      vertex 24.2605 -10.621 2
      vertex 24.3589 -12.5926 2
      vertex 24.3589 -11.0074 2
    endloop
  endfacet
  facet normal 0 0 1
    outer loop
      vertex 24.2605 -10.621 2
      vertex 24.2605 -12.979 2
      vertex 24.3589 -12.5926 2
    endloop
  endfacet
  facet normal 0 0 1
    outer loop
      vertex 24.1241 -10.2463 2
      vertex 24.2605 -12.979 2
      vertex 24.2605 -10.621 2
    endloop
  endfacet
  facet normal 0 0 1
    outer loop
      vertex 24.1241 -10.2463 2
      vertex 24.1241 -13.3537 2
      vertex 24.2605 -12.979 2
    endloop
  endfacet
  facet normal 0 0 1
    outer loop
      vertex 23.9511 -9.88698 2
      vertex 24.1241 -13.3537 2
      vertex 24.1241 -10.2463 2
    endloop
  endfacet
  facet normal 0 0 1
    outer loop
      vertex 23.9511 -9.88698 2
      vertex 23.9511 -13.713 2
      vertex 24.1241 -13.3537 2
    endloop
  endfacet
  facet normal 0 0 1
    outer loop
      vertex 23.7432 -9.54672 2
      vertex 23.9511 -13.713 2
      vertex 23.9511 -9.88698 2
    endloop
  endfacet
  facet normal 0 0 1
    outer loop
      vertex 23.7432 -9.54672 2
      vertex 23.7432 -14.0533 2
      vertex 23.9511 -13.713 2
    endloop
  endfacet
  facet normal 0 0 1
    outer loop
      vertex 23.5024 -9.22885 2
      vertex 23.7432 -14.0533 2
      vertex 23.7432 -9.54672 2
    endloop
  endfacet
  facet normal 0 0 1
    outer loop
      vertex 23.5024 -9.22885 2
      vertex 23.5024 -14.3712 2
      vertex 23.7432 -14.0533 2
    endloop
  endfacet
  facet normal 0 0 1
    outer loop
      vertex 23.2311 -8.93653 2
      vertex 23.5024 -14.3712 2
      vertex 23.5024 -9.22885 2
    endloop
  endfacet
  facet normal 0 0 1
    outer loop
      vertex 23.2311 -8.93653 2
      vertex 23.2311 -14.6635 2
      vertex 23.5024 -14.3712 2
    endloop
  endfacet
  facet normal 0 0 1
    outer loop
      vertex 22.9322 -8.67267 2
      vertex 23.2311 -14.6635 2
      vertex 23.2311 -8.93653 2
    endloop
  endfacet
  facet normal 0 0 1
    outer loop
      vertex 22.9322 -8.67267 2
      vertex 22.9322 -14.9273 2
      vertex 23.2311 -14.6635 2
    endloop
  endfacet
  facet normal 0 0 1
    outer loop
      vertex 22.49 -8.37156 2
      vertex 22.9322 -8.67267 2
      vertex 22.6084 -8.4399 2
    endloop
  endfacet
  facet normal 0 0 1
    outer loop
      vertex 22.9322 -8.67267 2
      vertex 22.49 -8.37156 2
      vertex 22.9322 -14.9273 2
    endloop
  endfacet
  facet normal 0 0 1
    outer loop
      vertex 22.9322 -14.9273 2
      vertex 22.49 -8.37156 2
      vertex 22.6084 -15.1601 2
    endloop
  endfacet
  facet normal 0 0 1
    outer loop
      vertex 22.6084 -15.1601 2
      vertex 22.49 -8.37156 2
      vertex 22.263 -15.3595 2
    endloop
  endfacet
  facet normal 0 0 1
    outer loop
      vertex 22.49 -8.37156 2
      vertex 20.3394 -10.1029 2
      vertex 20.7334 -10.1258 2
    endloop
  endfacet
  facet normal 0 0 1
    outer loop
      vertex 22.5526 -8.20848 2
      vertex 20.3394 -10.1029 2
      vertex 22.49 -8.37156 2
    endloop
  endfacet
  facet normal 0 0 1
    outer loop
      vertex 20.3394 -10.1029 2
      vertex 16.9145 -6.15636 2
      vertex 19.9506 -10.1714 2
    endloop
  endfacet
  facet normal -0 0 1
    outer loop
      vertex 16.6893 -6.74292 2
      vertex 19.9506 -10.1714 2
      vertex 16.9145 -6.15636 2
    endloop
  endfacet
  facet normal 0 0 1
    outer loop
      vertex 19.9506 -10.1714 2
      vertex 16.6893 -6.74292 2
      vertex 19.5882 -10.3278 2
    endloop
  endfacet
  facet normal -0 0 1
    outer loop
      vertex 16.4438 -7.32126 2
      vertex 19.5882 -10.3278 2
      vertex 16.6893 -6.74292 2
    endloop
  endfacet
  facet normal -0 0 1
    outer loop
      vertex 16.1783 -7.89068 2
      vertex 19.5882 -10.3278 2
      vertex 16.4438 -7.32126 2
    endloop
  endfacet
  facet normal 0 0 1
    outer loop
      vertex 19.5882 -10.3278 2
      vertex 16.1783 -7.89068 2
      vertex 19.2716 -10.5635 2
    endloop
  endfacet
  facet normal -0 0 1
    outer loop
      vertex 15.8931 -8.45049 2
      vertex 19.2716 -10.5635 2
      vertex 16.1783 -7.89068 2
    endloop
  endfacet
  facet normal 0 0 1
    outer loop
      vertex 19.2716 -10.5635 2
      vertex 15.8931 -8.45049 2
      vertex 19.0179 -10.8658 2
    endloop
  endfacet
  facet normal -0 0 1
    outer loop
      vertex 15.5885 -9 2
      vertex 19.0179 -10.8658 2
      vertex 15.8931 -8.45049 2
    endloop
  endfacet
  facet normal 0 0 1
    outer loop
      vertex 19.0179 -10.8658 2
      vertex 15.5885 -9 2
      vertex 18.8407 -11.2186 2
    endloop
  endfacet
  facet normal -0 0 1
    outer loop
      vertex 15.2649 -9.53855 2
      vertex 18.8407 -11.2186 2
      vertex 15.5885 -9 2
    endloop
  endfacet
  facet normal -0 0 1
    outer loop
      vertex 14.9227 -10.0655 2
      vertex 18.8407 -11.2186 2
      vertex 15.2649 -9.53855 2
    endloop
  endfacet
  facet normal 0 0 1
    outer loop
      vertex 18.8407 -11.2186 2
      vertex 14.9227 -10.0655 2
      vertex 18.7497 -11.6026 2
    endloop
  endfacet
  facet normal -0 0 1
    outer loop
      vertex 14.5623 -10.5801 2
      vertex 18.7497 -11.6026 2
      vertex 14.9227 -10.0655 2
    endloop
  endfacet
  facet normal 0 0 1
    outer loop
      vertex 18.7497 -11.9974 2
      vertex 14.5623 -10.5801 2
      vertex 14.1842 -11.0819 2
    endloop
  endfacet
  facet normal 0 0 1
    outer loop
      vertex 18.7497 -11.9974 2
      vertex 14.1842 -11.0819 2
      vertex 13.7888 -11.5702 2
    endloop
  endfacet
  facet normal 0 0 1
    outer loop
      vertex 18.7497 -11.9974 2
      vertex 13.7888 -11.5702 2
      vertex 18.4938 -15.2926 2
    endloop
  endfacet
  facet normal 0 0 1
    outer loop
      vertex 18.4938 -15.2926 2
      vertex 13.7888 -11.5702 2
      vertex 18.3851 -15.4269 2
    endloop
  endfacet
  facet normal 0 0 1
    outer loop
      vertex 18.3851 -15.4269 2
      vertex 13.7888 -11.5702 2
      vertex 17.8355 -16.0591 2
    endloop
  endfacet
  facet normal -0 0 1
    outer loop
      vertex 13.3766 -12.0444 2
      vertex 17.8355 -16.0591 2
      vertex 13.7888 -11.5702 2
    endloop
  endfacet
  facet normal 0 0 1
    outer loop
      vertex 17.8355 -16.0591 2
      vertex 13.3766 -12.0444 2
      vertex 17.2642 -16.6718 2
    endloop
  endfacet
  facet normal -0 0 1
    outer loop
      vertex 12.9481 -12.5038 2
      vertex 17.2642 -16.6718 2
      vertex 13.3766 -12.0444 2
    endloop
  endfacet
  facet normal 0 0 1
    outer loop
      vertex 17.2642 -16.6718 2
      vertex 12.9481 -12.5038 2
      vertex 16.6718 -17.2642 2
    endloop
  endfacet
  facet normal -0 0 1
    outer loop
      vertex 12.5038 -12.9481 2
      vertex 16.6718 -17.2642 2
      vertex 12.9481 -12.5038 2
    endloop
  endfacet
  facet normal 0 0 1
    outer loop
      vertex 16.6718 -17.2642 2
      vertex 12.5038 -12.9481 2
      vertex 16.0591 -17.8355 2
    endloop
  endfacet
  facet normal -0 0 1
    outer loop
      vertex 12.0444 -13.3766 2
      vertex 16.0591 -17.8355 2
      vertex 12.5038 -12.9481 2
    endloop
  endfacet
  facet normal 0 0 1
    outer loop
      vertex 16.0591 -17.8355 2
      vertex 12.0444 -13.3766 2
      vertex 15.4269 -18.3851 2
    endloop
  endfacet
  facet normal -0 0 1
    outer loop
      vertex 11.5702 -13.7888 2
      vertex 15.4269 -18.3851 2
      vertex 12.0444 -13.3766 2
    endloop
  endfacet
  facet normal 0 0 1
    outer loop
      vertex 15.4269 -18.3851 2
      vertex 11.5702 -13.7888 2
      vertex 14.7759 -18.9123 2
    endloop
  endfacet
  facet normal -0 0 1
    outer loop
      vertex 11.0819 -14.1842 2
      vertex 14.7759 -18.9123 2
      vertex 11.5702 -13.7888 2
    endloop
  endfacet
  facet normal 0 0 1
    outer loop
      vertex 14.7759 -18.9123 2
      vertex 11.0819 -14.1842 2
      vertex 14.1068 -19.4164 2
    endloop
  endfacet
  facet normal -0 0 1
    outer loop
      vertex 10.5801 -14.5623 2
      vertex 14.1068 -19.4164 2
      vertex 11.0819 -14.1842 2
    endloop
  endfacet
  facet normal 0 0 1
    outer loop
      vertex 14.1068 -19.4164 2
      vertex 10.5801 -14.5623 2
      vertex 13.4206 -19.8969 2
    endloop
  endfacet
  facet normal -0 0 1
    outer loop
      vertex 10.0655 -14.9227 2
      vertex 13.4206 -19.8969 2
      vertex 10.5801 -14.5623 2
    endloop
  endfacet
  facet normal 0 0 1
    outer loop
      vertex 13.4206 -19.8969 2
      vertex 10.0655 -14.9227 2
      vertex 12.7181 -20.3532 2
    endloop
  endfacet
  facet normal -0 0 1
    outer loop
      vertex 9.53855 -15.2649 2
      vertex 12.7181 -20.3532 2
      vertex 10.0655 -14.9227 2
    endloop
  endfacet
  facet normal 0 0 1
    outer loop
      vertex 12.7181 -20.3532 2
      vertex 9.53855 -15.2649 2
      vertex 12 -20.7846 2
    endloop
  endfacet
  facet normal -0 0 1
    outer loop
      vertex 9 -15.5885 2
      vertex 12 -20.7846 2
      vertex 9.53855 -15.2649 2
    endloop
  endfacet
  facet normal 0 0 1
    outer loop
      vertex 12 -20.7846 2
      vertex 9 -15.5885 2
      vertex 11.2673 -21.1907 2
    endloop
  endfacet
  facet normal -0 0 1
    outer loop
      vertex 8.45049 -15.8931 2
      vertex 11.2673 -21.1907 2
      vertex 9 -15.5885 2
    endloop
  endfacet
  facet normal 0 0 1
    outer loop
      vertex 11.2673 -21.1907 2
      vertex 8.45049 -15.8931 2
      vertex 10.5209 -21.5711 2
    endloop
  endfacet
  facet normal -0 0 1
    outer loop
      vertex 7.89068 -16.1783 2
      vertex 10.5209 -21.5711 2
      vertex 8.45049 -15.8931 2
    endloop
  endfacet
  facet normal 0 0 1
    outer loop
      vertex 10.5209 -21.5711 2
      vertex 7.89068 -16.1783 2
      vertex 9.76168 -21.9251 2
    endloop
  endfacet
  facet normal -0 0 1
    outer loop
      vertex 7.32126 -16.4438 2
      vertex 9.76168 -21.9251 2
      vertex 7.89068 -16.1783 2
    endloop
  endfacet
  facet normal 0 0 1
    outer loop
      vertex 9.76168 -21.9251 2
      vertex 7.32126 -16.4438 2
      vertex 8.99056 -22.2524 2
    endloop
  endfacet
  facet normal -0 0 1
    outer loop
      vertex 6.74292 -16.6893 2
      vertex 8.99056 -22.2524 2
      vertex 7.32126 -16.4438 2
    endloop
  endfacet
  facet normal 0 0 1
    outer loop
      vertex 8.99056 -22.2524 2
      vertex 6.74292 -16.6893 2
      vertex 8.20848 -22.5526 2
    endloop
  endfacet
  facet normal -0 0 1
    outer loop
      vertex 6.15636 -16.9145 2
      vertex 8.20848 -22.5526 2
      vertex 6.74292 -16.6893 2
    endloop
  endfacet
  facet normal 0 0 1
    outer loop
      vertex 8.20848 -22.5526 2
      vertex 6.15636 -16.9145 2
      vertex 7.41641 -22.8254 2
    endloop
  endfacet
  facet normal -0 0 1
    outer loop
      vertex 5.56231 -17.119 2
      vertex 7.41641 -22.8254 2
      vertex 6.15636 -16.9145 2
    endloop
  endfacet
  facet normal 0 0 1
    outer loop
      vertex 7.41641 -22.8254 2
      vertex 5.56231 -17.119 2
      vertex 6.6153 -23.0703 2
    endloop
  endfacet
  facet normal -0 0 1
    outer loop
      vertex 4.96147 -17.3027 2
      vertex 6.6153 -23.0703 2
      vertex 5.56231 -17.119 2
    endloop
  endfacet
  facet normal 0 0 1
    outer loop
      vertex 6.6153 -23.0703 2
      vertex 4.96147 -17.3027 2
      vertex 5.80612 -23.2871 2
    endloop
  endfacet
  facet normal -0 0 1
    outer loop
      vertex 4.35459 -17.4653 2
      vertex 5.80612 -23.2871 2
      vertex 4.96147 -17.3027 2
    endloop
  endfacet
  facet normal 0 0 1
    outer loop
      vertex 5.80612 -23.2871 2
      vertex 4.35459 -17.4653 2
      vertex 4.98988 -23.4755 2
    endloop
  endfacet
  facet normal -0 0 1
    outer loop
      vertex 3.74241 -17.6067 2
      vertex 4.98988 -23.4755 2
      vertex 4.35459 -17.4653 2
    endloop
  endfacet
  facet normal 0 0 1
    outer loop
      vertex 4.98988 -23.4755 2
      vertex 3.74241 -17.6067 2
      vertex 4.16756 -23.6354 2
    endloop
  endfacet
  facet normal -0 0 1
    outer loop
      vertex 3.12567 -17.7265 2
      vertex 4.16756 -23.6354 2
      vertex 3.74241 -17.6067 2
    endloop
  endfacet
  facet normal 0 0 1
    outer loop
      vertex 4.16756 -23.6354 2
      vertex 3.12567 -17.7265 2
      vertex 3.34015 -23.7664 2
    endloop
  endfacet
  facet normal -0 0 1
    outer loop
      vertex 2.50512 -17.8248 2
      vertex 3.34015 -23.7664 2
      vertex 3.12567 -17.7265 2
    endloop
  endfacet
  facet normal 0 0 1
    outer loop
      vertex 3.34015 -23.7664 2
      vertex 2.50512 -17.8248 2
      vertex 2.50868 -23.8685 2
    endloop
  endfacet
  facet normal -0 0 1
    outer loop
      vertex 1.88151 -17.9014 2
      vertex 2.50868 -23.8685 2
      vertex 2.50512 -17.8248 2
    endloop
  endfacet
  facet normal 0 0 1
    outer loop
      vertex 1.88151 -17.9014 2
      vertex 1.67416 -23.9415 2
      vertex 2.50868 -23.8685 2
    endloop
  endfacet
  facet normal -0 0 1
    outer loop
      vertex 1.25562 -17.9562 2
      vertex 1.67416 -23.9415 2
      vertex 1.88151 -17.9014 2
    endloop
  endfacet
  facet normal 0 0 1
    outer loop
      vertex 1.25562 -17.9562 2
      vertex 0.837587 -23.9854 2
      vertex 1.67416 -23.9415 2
    endloop
  endfacet
  facet normal -0 0 1
    outer loop
      vertex 0.62819 -17.989 2
      vertex 0.837587 -23.9854 2
      vertex 1.25562 -17.9562 2
    endloop
  endfacet
  facet normal -0 0 1
    outer loop
      vertex 0 -18 2
      vertex 0.837587 -23.9854 2
      vertex 0.62819 -17.989 2
    endloop
  endfacet
  facet normal 0 0 1
    outer loop
      vertex 0 -18 2
      vertex 0 -24 2
      vertex 0.837587 -23.9854 2
    endloop
  endfacet
  facet normal 0 0 1
    outer loop
      vertex -0.62819 -17.989 2
      vertex 0 -24 2
      vertex 0 -18 2
    endloop
  endfacet
  facet normal 0 0 1
    outer loop
      vertex -0.62819 -17.989 2
      vertex -0.837587 -23.9854 2
      vertex 0 -24 2
    endloop
  endfacet
  facet normal 0 0 1
    outer loop
      vertex -1.25562 -17.9562 2
      vertex -0.837587 -23.9854 2
      vertex -0.62819 -17.989 2
    endloop
  endfacet
  facet normal 0 0 1
    outer loop
      vertex -1.25562 -17.9562 2
      vertex -1.67416 -23.9415 2
      vertex -0.837587 -23.9854 2
    endloop
  endfacet
  facet normal 0 0 1
    outer loop
      vertex -1.88151 -17.9014 2
      vertex -1.67416 -23.9415 2
      vertex -1.25562 -17.9562 2
    endloop
  endfacet
  facet normal 0 0 1
    outer loop
      vertex -2.50868 -23.8685 2
      vertex -1.88151 -17.9014 2
      vertex -2.50512 -17.8248 2
    endloop
  endfacet
  facet normal 0 0 1
    outer loop
      vertex -1.88151 -17.9014 2
      vertex -2.50868 -23.8685 2
      vertex -1.67416 -23.9415 2
    endloop
  endfacet
  facet normal 0 0 1
    outer loop
      vertex -3.34015 -23.7664 2
      vertex -2.50512 -17.8248 2
      vertex -3.12567 -17.7265 2
    endloop
  endfacet
  facet normal 0 0 1
    outer loop
      vertex -2.50512 -17.8248 2
      vertex -3.34015 -23.7664 2
      vertex -2.50868 -23.8685 2
    endloop
  endfacet
  facet normal 0 0 1
    outer loop
      vertex -4.16756 -23.6354 2
      vertex -3.12567 -17.7265 2
      vertex -3.74241 -17.6067 2
    endloop
  endfacet
  facet normal 0 0 1
    outer loop
      vertex -3.12567 -17.7265 2
      vertex -4.16756 -23.6354 2
      vertex -3.34015 -23.7664 2
    endloop
  endfacet
  facet normal 0 0 1
    outer loop
      vertex -4.98988 -23.4755 2
      vertex -3.74241 -17.6067 2
      vertex -4.35459 -17.4653 2
    endloop
  endfacet
  facet normal 0 0 1
    outer loop
      vertex -5.80612 -23.2871 2
      vertex -4.35459 -17.4653 2
      vertex -4.96147 -17.3027 2
    endloop
  endfacet
  facet normal 0 0 1
    outer loop
      vertex -3.74241 -17.6067 2
      vertex -4.98988 -23.4755 2
      vertex -4.16756 -23.6354 2
    endloop
  endfacet
  facet normal 0 0 1
    outer loop
      vertex -6.6153 -23.0703 2
      vertex -4.96147 -17.3027 2
      vertex -5.56231 -17.119 2
    endloop
  endfacet
  facet normal 0 0 1
    outer loop
      vertex -4.35459 -17.4653 2
      vertex -5.80612 -23.2871 2
      vertex -4.98988 -23.4755 2
    endloop
  endfacet
  facet normal 0 0 1
    outer loop
      vertex -7.41641 -22.8254 2
      vertex -5.56231 -17.119 2
      vertex -6.15636 -16.9145 2
    endloop
  endfacet
  facet normal 0 0 1
    outer loop
      vertex -4.96147 -17.3027 2
      vertex -6.6153 -23.0703 2
      vertex -5.80612 -23.2871 2
    endloop
  endfacet
  facet normal 0 0 1
    outer loop
      vertex -8.20848 -22.5526 2
      vertex -6.15636 -16.9145 2
      vertex -6.74292 -16.6893 2
    endloop
  endfacet
  facet normal 0 0 1
    outer loop
      vertex -8.99056 -22.2524 2
      vertex -6.74292 -16.6893 2
      vertex -7.32126 -16.4438 2
    endloop
  endfacet
  facet normal 0 0 1
    outer loop
      vertex -5.56231 -17.119 2
      vertex -7.41641 -22.8254 2
      vertex -6.6153 -23.0703 2
    endloop
  endfacet
  facet normal 0 0 1
    outer loop
      vertex -9.76168 -21.9251 2
      vertex -7.32126 -16.4438 2
      vertex -7.89068 -16.1783 2
    endloop
  endfacet
  facet normal 0 0 1
    outer loop
      vertex -6.15636 -16.9145 2
      vertex -8.20848 -22.5526 2
      vertex -7.41641 -22.8254 2
    endloop
  endfacet
  facet normal 0 0 1
    outer loop
      vertex -10.5209 -21.5711 2
      vertex -7.89068 -16.1783 2
      vertex -8.45049 -15.8931 2
    endloop
  endfacet
  facet normal 0 0 1
    outer loop
      vertex -6.74292 -16.6893 2
      vertex -8.99056 -22.2524 2
      vertex -8.20848 -22.5526 2
    endloop
  endfacet
  facet normal 0 0 1
    outer loop
      vertex -11.2673 -21.1907 2
      vertex -8.45049 -15.8931 2
      vertex -9 -15.5885 2
    endloop
  endfacet
  facet normal 0 0 1
    outer loop
      vertex -12 -20.7846 2
      vertex -9 -15.5885 2
      vertex -9.53855 -15.2649 2
    endloop
  endfacet
  facet normal 0 0 1
    outer loop
      vertex -7.32126 -16.4438 2
      vertex -9.76168 -21.9251 2
      vertex -8.99056 -22.2524 2
    endloop
  endfacet
  facet normal 0 0 1
    outer loop
      vertex -12.7181 -20.3532 2
      vertex -9.53855 -15.2649 2
      vertex -10.0655 -14.9227 2
    endloop
  endfacet
  facet normal 0 0 1
    outer loop
      vertex -7.89068 -16.1783 2
      vertex -10.5209 -21.5711 2
      vertex -9.76168 -21.9251 2
    endloop
  endfacet
  facet normal 0 0 1
    outer loop
      vertex -13.4206 -19.8969 2
      vertex -10.0655 -14.9227 2
      vertex -10.5801 -14.5623 2
    endloop
  endfacet
  facet normal 0 0 1
    outer loop
      vertex -14.1068 -19.4164 2
      vertex -10.5801 -14.5623 2
      vertex -11.0819 -14.1842 2
    endloop
  endfacet
  facet normal 0 0 1
    outer loop
      vertex -8.45049 -15.8931 2
      vertex -11.2673 -21.1907 2
      vertex -10.5209 -21.5711 2
    endloop
  endfacet
  facet normal 0 0 1
    outer loop
      vertex -14.7759 -18.9123 2
      vertex -11.0819 -14.1842 2
      vertex -11.5702 -13.7888 2
    endloop
  endfacet
  facet normal 0 0 1
    outer loop
      vertex -9 -15.5885 2
      vertex -12 -20.7846 2
      vertex -11.2673 -21.1907 2
    endloop
  endfacet
  facet normal 0 0 1
    outer loop
      vertex -15.4269 -18.3851 2
      vertex -11.5702 -13.7888 2
      vertex -12.0444 -13.3766 2
    endloop
  endfacet
  facet normal 0 0 1
    outer loop
      vertex -16.0591 -17.8355 2
      vertex -12.0444 -13.3766 2
      vertex -12.5038 -12.9481 2
    endloop
  endfacet
  facet normal 0 0 1
    outer loop
      vertex -9.53855 -15.2649 2
      vertex -12.7181 -20.3532 2
      vertex -12 -20.7846 2
    endloop
  endfacet
  facet normal 0 0 1
    outer loop
      vertex -16.6718 -17.2642 2
      vertex -12.5038 -12.9481 2
      vertex -12.9481 -12.5038 2
    endloop
  endfacet
  facet normal 0 0 1
    outer loop
      vertex -17.2642 -16.6718 2
      vertex -12.9481 -12.5038 2
      vertex -13.3766 -12.0444 2
    endloop
  endfacet
  facet normal 0 0 1
    outer loop
      vertex -10.0655 -14.9227 2
      vertex -13.4206 -19.8969 2
      vertex -12.7181 -20.3532 2
    endloop
  endfacet
  facet normal 0 0 1
    outer loop
      vertex -17.8355 -16.0591 2
      vertex -13.3766 -12.0444 2
      vertex -13.7888 -11.5702 2
    endloop
  endfacet
  facet normal 0 0 1
    outer loop
      vertex -10.5801 -14.5623 2
      vertex -14.1068 -19.4164 2
      vertex -13.4206 -19.8969 2
    endloop
  endfacet
  facet normal 0 0 1
    outer loop
      vertex -18.3851 -15.4269 2
      vertex -13.7888 -11.5702 2
      vertex -14.1842 -11.0819 2
    endloop
  endfacet
  facet normal 0 0 1
    outer loop
      vertex -18.3851 -15.4269 2
      vertex -14.1842 -11.0819 2
      vertex -14.5623 -10.5801 2
    endloop
  endfacet
  facet normal 0 0 1
    outer loop
      vertex -11.0819 -14.1842 2
      vertex -14.7759 -18.9123 2
      vertex -14.1068 -19.4164 2
    endloop
  endfacet
  facet normal 0 0 1
    outer loop
      vertex -18.3851 -15.4269 2
      vertex -14.5623 -10.5801 2
      vertex -14.9227 -10.0655 2
    endloop
  endfacet
  facet normal 0 0 1
    outer loop
      vertex -18.3851 -15.4269 2
      vertex -14.9227 -10.0655 2
      vertex -15.2649 -9.53855 2
    endloop
  endfacet
  facet normal 0 0 1
    outer loop
      vertex -11.5702 -13.7888 2
      vertex -15.4269 -18.3851 2
      vertex -14.7759 -18.9123 2
    endloop
  endfacet
  facet normal 0 0 1
    outer loop
      vertex -18.3851 -15.4269 2
      vertex -15.2649 -9.53855 2
      vertex -15.5885 -9 2
    endloop
  endfacet
  facet normal 0 0 1
    outer loop
      vertex -18.3851 -15.4269 2
      vertex -15.5885 -9 2
      vertex -15.8931 -8.45049 2
    endloop
  endfacet
  facet normal 0 0 1
    outer loop
      vertex -12.0444 -13.3766 2
      vertex -16.0591 -17.8355 2
      vertex -15.4269 -18.3851 2
    endloop
  endfacet
  facet normal 0 0 1
    outer loop
      vertex -18.3851 -15.4269 2
      vertex -15.8931 -8.45049 2
      vertex -16.1783 -7.89068 2
    endloop
  endfacet
  facet normal 0 0 1
    outer loop
      vertex -18.3851 -15.4269 2
      vertex -16.1783 -7.89068 2
      vertex -16.4438 -7.32126 2
    endloop
  endfacet
  facet normal 0 0 1
    outer loop
      vertex -12.5038 -12.9481 2
      vertex -16.6718 -17.2642 2
      vertex -16.0591 -17.8355 2
    endloop
  endfacet
  facet normal 0 0 1
    outer loop
      vertex -18.3851 -15.4269 2
      vertex -16.4438 -7.32126 2
      vertex -16.6893 -6.74292 2
    endloop
  endfacet
  facet normal 0 0 1
    outer loop
      vertex -18.3851 -15.4269 2
      vertex -16.6893 -6.74292 2
      vertex -16.9145 -6.15636 2
    endloop
  endfacet
  facet normal 0 0 1
    outer loop
      vertex -18.3851 -15.4269 2
      vertex -16.9145 -6.15636 2
      vertex -17.119 -5.56231 2
    endloop
  endfacet
  facet normal 0 0 1
    outer loop
      vertex -12.9481 -12.5038 2
      vertex -17.2642 -16.6718 2
      vertex -16.6718 -17.2642 2
    endloop
  endfacet
  facet normal 0 0 1
    outer loop
      vertex -18.3851 -15.4269 2
      vertex -17.119 -5.56231 2
      vertex -17.3027 -4.96147 2
    endloop
  endfacet
  facet normal 0 0 1
    outer loop
      vertex -18.3851 -15.4269 2
      vertex -17.3027 -4.96147 2
      vertex -17.4653 -4.35459 2
    endloop
  endfacet
  facet normal 0 0 1
    outer loop
      vertex -18.3851 -15.4269 2
      vertex -17.4653 -4.35459 2
      vertex -17.6067 -3.74241 2
    endloop
  endfacet
  facet normal 0 0 1
    outer loop
      vertex -18.3851 -15.4269 2
      vertex -17.6067 -3.74241 2
      vertex -17.7265 -3.12567 2
    endloop
  endfacet
  facet normal 0 0 1
    outer loop
      vertex -18.3851 -15.4269 2
      vertex -17.7265 -3.12567 2
      vertex -17.8248 -2.50512 2
    endloop
  endfacet
  facet normal 0 0 1
    outer loop
      vertex -13.3766 -12.0444 2
      vertex -17.8355 -16.0591 2
      vertex -17.2642 -16.6718 2
    endloop
  endfacet
  facet normal 0 0 1
    outer loop
      vertex -18.3851 -15.4269 2
      vertex -17.8248 -2.50512 2
      vertex -17.9014 -1.88151 2
    endloop
  endfacet
  facet normal 0 0 1
    outer loop
      vertex -18.3851 -15.4269 2
      vertex -17.9014 -1.88151 2
      vertex -17.9562 -1.25562 2
    endloop
  endfacet
  facet normal 0 0 1
    outer loop
      vertex -18.3851 -15.4269 2
      vertex -17.9562 -1.25562 2
      vertex -17.989 -0.62819 2
    endloop
  endfacet
  facet normal 0 0 1
    outer loop
      vertex -18.3851 -15.4269 2
      vertex -17.989 -0.62819 2
      vertex -18 0 2
    endloop
  endfacet
  facet normal 0 0 1
    outer loop
      vertex -13.7888 -11.5702 2
      vertex -18.3851 -15.4269 2
      vertex -17.8355 -16.0591 2
    endloop
  endfacet
  facet normal 0 0 1
    outer loop
      vertex -11.5702 13.7888 2
      vertex -11.7224 13.6962 2
      vertex -11.7685 13.6164 2
    endloop
  endfacet
  facet normal 0 0 1
    outer loop
      vertex -18.3851 -15.4269 2
      vertex -18.919 -12.563 2
      vertex -18.495 -15.2912 2
    endloop
  endfacet
  facet normal -0 0 1
    outer loop
      vertex -19.1359 -12.8927 2
      vertex -18.495 -15.2912 2
      vertex -18.919 -12.563 2
    endloop
  endfacet
  facet normal -0 0 1
    outer loop
      vertex -19.423 -13.1636 2
      vertex -18.495 -15.2912 2
      vertex -19.1359 -12.8927 2
    endloop
  endfacet
  facet normal -0 0 1
    outer loop
      vertex -19.7649 -13.361 2
      vertex -18.495 -15.2912 2
      vertex -19.423 -13.1636 2
    endloop
  endfacet
  facet normal 0 0 1
    outer loop
      vertex -18.495 -15.2912 2
      vertex -19.7649 -13.361 2
      vertex -18.6134 -15.3595 2
    endloop
  endfacet
  facet normal 0 0 1
    outer loop
      vertex -18.6134 -15.3595 2
      vertex -19.7649 -13.361 2
      vertex -18.9768 -15.5235 2
    endloop
  endfacet
  facet normal 0 0 1
    outer loop
      vertex -18.9768 -15.5235 2
      vertex -19.7649 -13.361 2
      vertex -19.3548 -15.6505 2
    endloop
  endfacet
  facet normal -0 0 1
    outer loop
      vertex -20.143 -13.4742 2
      vertex -19.3548 -15.6505 2
      vertex -19.7649 -13.361 2
    endloop
  endfacet
  facet normal 0 0 1
    outer loop
      vertex -19.3548 -15.6505 2
      vertex -20.143 -13.4742 2
      vertex -19.7436 -15.7392 2
    endloop
  endfacet
  facet normal 0 0 1
    outer loop
      vertex -19.7436 -15.7392 2
      vertex -20.143 -13.4742 2
      vertex -20.1393 -15.7888 2
    endloop
  endfacet
  facet normal -0 0 1
    outer loop
      vertex -20.537 -13.4971 2
      vertex -20.1393 -15.7888 2
      vertex -20.143 -13.4742 2
    endloop
  endfacet
  facet normal 0 0 1
    outer loop
      vertex -20.537 -13.4971 2
      vertex -20.5379 -15.7988 2
      vertex -20.1393 -15.7888 2
    endloop
  endfacet
  facet normal 0 0 1
    outer loop
      vertex -20.9356 -15.769 2
      vertex -20.537 -13.4971 2
      vertex -20.9258 -13.4286 2
    endloop
  endfacet
  facet normal 0 0 1
    outer loop
      vertex -20.537 -13.4971 2
      vertex -20.9356 -15.769 2
      vertex -20.5379 -15.7988 2
    endloop
  endfacet
  facet normal 0 0 1
    outer loop
      vertex -22.0833 -15.446 2
      vertex -20.9258 -13.4286 2
      vertex -21.2882 -13.2722 2
    endloop
  endfacet
  facet normal 0 0 1
    outer loop
      vertex -20.9258 -13.4286 2
      vertex -21.3283 -15.6997 2
      vertex -20.9356 -15.769 2
    endloop
  endfacet
  facet normal 0 0 1
    outer loop
      vertex -22.4382 -15.2641 2
      vertex -21.2882 -13.2722 2
      vertex -21.6048 -13.0365 2
    endloop
  endfacet
  facet normal 0 0 1
    outer loop
      vertex -20.9258 -13.4286 2
      vertex -21.7121 -15.5917 2
      vertex -21.3283 -15.6997 2
    endloop
  endfacet
  facet normal 0 0 1
    outer loop
      vertex -22.4382 -15.2641 2
      vertex -21.6048 -13.0365 2
      vertex -21.8585 -12.7342 2
    endloop
  endfacet
  facet normal 0 0 1
    outer loop
      vertex -22.4382 -15.2641 2
      vertex -21.8585 -12.7342 2
      vertex -22.0357 -12.3814 2
    endloop
  endfacet
  facet normal 0 0 1
    outer loop
      vertex -20.9258 -13.4286 2
      vertex -22.0833 -15.446 2
      vertex -21.7121 -15.5917 2
    endloop
  endfacet
  facet normal 0 0 1
    outer loop
      vertex -22.4382 -15.2641 2
      vertex -22.0357 -12.3814 2
      vertex -22.1267 -11.9974 2
    endloop
  endfacet
  facet normal 0 0 1
    outer loop
      vertex -21.2882 -13.2722 2
      vertex -22.4382 -15.2641 2
      vertex -22.0833 -15.446 2
    endloop
  endfacet
  facet normal -0 0 1
    outer loop
      vertex -23.6267 -9.38478 2
      vertex -21.8585 -10.8658 2
      vertex -23.3704 -9.07931 2
    endloop
  endfacet
  facet normal 0 0 1
    outer loop
      vertex -22.1267 -11.9974 2
      vertex -22.7732 -15.0478 2
      vertex -22.4382 -15.2641 2
    endloop
  endfacet
  facet normal -0 0 1
    outer loop
      vertex -23.8514 -9.71426 2
      vertex -21.8585 -10.8658 2
      vertex -23.6267 -9.38478 2
    endloop
  endfacet
  facet normal 0 0 1
    outer loop
      vertex -22.1267 -11.9974 2
      vertex -23.0849 -14.7991 2
      vertex -22.7732 -15.0478 2
    endloop
  endfacet
  facet normal -0 0 1
    outer loop
      vertex -24.0421 -10.0645 2
      vertex -21.8585 -10.8658 2
      vertex -23.8514 -9.71426 2
    endloop
  endfacet
  facet normal 0 0 1
    outer loop
      vertex -22.1267 -11.9974 2
      vertex -23.3704 -14.5207 2
      vertex -23.0849 -14.7991 2
    endloop
  endfacet
  facet normal 0 0 1
    outer loop
      vertex -21.8585 -10.8658 2
      vertex -24.0421 -10.0645 2
      vertex -22.0357 -11.2186 2
    endloop
  endfacet
  facet normal 0 0 1
    outer loop
      vertex -22.1267 -11.9974 2
      vertex -23.6267 -14.2152 2
      vertex -23.3704 -14.5207 2
    endloop
  endfacet
  facet normal -0 0 1
    outer loop
      vertex -24.197 -10.4319 2
      vertex -22.0357 -11.2186 2
      vertex -24.0421 -10.0645 2
    endloop
  endfacet
  facet normal 0 0 1
    outer loop
      vertex -22.1267 -11.9974 2
      vertex -23.8514 -13.8857 2
      vertex -23.6267 -14.2152 2
    endloop
  endfacet
  facet normal -0 0 1
    outer loop
      vertex -24.3145 -10.813 2
      vertex -22.0357 -11.2186 2
      vertex -24.197 -10.4319 2
    endloop
  endfacet
  facet normal 0 0 1
    outer loop
      vertex -22.1267 -11.9974 2
      vertex -24.0421 -13.5355 2
      vertex -23.8514 -13.8857 2
    endloop
  endfacet
  facet normal 0 0 1
    outer loop
      vertex -22.0357 -11.2186 2
      vertex -24.3145 -10.813 2
      vertex -22.1267 -11.6026 2
    endloop
  endfacet
  facet normal 0 0 1
    outer loop
      vertex -22.1267 -11.9974 2
      vertex -24.197 -13.1681 2
      vertex -24.0421 -13.5355 2
    endloop
  endfacet
  facet normal -0 0 1
    outer loop
      vertex -24.3935 -11.2038 2
      vertex -22.1267 -11.6026 2
      vertex -24.3145 -10.813 2
    endloop
  endfacet
  facet normal 0 0 1
    outer loop
      vertex -22.1267 -11.9974 2
      vertex -24.3145 -12.787 2
      vertex -24.197 -13.1681 2
    endloop
  endfacet
  facet normal -0 0 1
    outer loop
      vertex -24.4332 -11.6006 2
      vertex -22.1267 -11.6026 2
      vertex -24.3935 -11.2038 2
    endloop
  endfacet
  facet normal 0 0 1
    outer loop
      vertex -22.1267 -11.9974 2
      vertex -24.3935 -12.3962 2
      vertex -24.3145 -12.787 2
    endloop
  endfacet
  facet normal 0 0 1
    outer loop
      vertex -24.4332 -11.9994 2
      vertex -22.1267 -11.6026 2
      vertex -24.4332 -11.6006 2
    endloop
  endfacet
  facet normal 0 0 1
    outer loop
      vertex -22.1267 -11.9974 2
      vertex -24.4332 -11.9994 2
      vertex -24.3935 -12.3962 2
    endloop
  endfacet
  facet normal -0.955583 0.294724 0
    outer loop
      vertex -3.87631 24.587 0
      vertex -3.75877 24.9681 2
      vertex -3.75877 24.9681 0
    endloop
  endfacet
  facet normal -0.955583 0.294724 0
    outer loop
      vertex -3.75877 24.9681 2
      vertex -3.87631 24.587 0
      vertex -3.87631 24.587 2
    endloop
  endfacet
  facet normal -0.270833 0.962626 0
    outer loop
      vertex -0.890083 27.4997 0
      vertex -1.27395 27.3917 2
      vertex -0.890083 27.4997 2
    endloop
  endfacet
  facet normal -0.270833 0.962626 0
    outer loop
      vertex -1.27395 27.3917 2
      vertex -0.890083 27.4997 0
      vertex -1.27395 27.3917 0
    endloop
  endfacet
  facet normal 0.124383 0.992234 -0
    outer loop
      vertex 0.694592 27.5392 0
      vertex 0.29892 27.5888 2
      vertex 0.694592 27.5392 2
    endloop
  endfacet
  facet normal 0.124383 0.992234 0
    outer loop
      vertex 0.29892 27.5888 2
      vertex 0.694592 27.5392 0
      vertex 0.29892 27.5888 0
    endloop
  endfacet
  facet normal 0.41127 0.911514 -0
    outer loop
      vertex 1.82484 27.1595 0
      vertex 1.46136 27.3235 2
      vertex 1.82484 27.1595 2
    endloop
  endfacet
  facet normal 0.41127 0.911514 0
    outer loop
      vertex 1.46136 27.3235 2
      vertex 1.82484 27.1595 0
      vertex 1.46136 27.3235 0
    endloop
  endfacet
  facet normal -0.0747301 0.997204 0
    outer loop
      vertex -0.0997219 27.5988 0
      vertex -0.497375 27.569 2
      vertex -0.0997219 27.5988 2
    endloop
  endfacet
  facet normal -0.0747301 0.997204 0
    outer loop
      vertex -0.497375 27.569 2
      vertex -0.0997219 27.5988 0
      vertex -0.497375 27.569 0
    endloop
  endfacet
  facet normal -0.456169 0.889893 0
    outer loop
      vertex -1.64515 27.246 0
      vertex -2 27.0641 2
      vertex -1.64515 27.246 2
    endloop
  endfacet
  facet normal -0.456169 0.889893 0
    outer loop
      vertex -2 27.0641 2
      vertex -1.64515 27.246 0
      vertex -2 27.0641 0
    endloop
  endfacet
  facet normal -0.698186 0.715916 0
    outer loop
      vertex -2.64674 26.5991 0
      vertex -2.93221 26.3207 2
      vertex -2.64674 26.5991 2
    endloop
  endfacet
  facet normal -0.698186 0.715916 0
    outer loop
      vertex -2.93221 26.3207 2
      vertex -2.64674 26.5991 0
      vertex -2.93221 26.3207 0
    endloop
  endfacet
  facet normal -0.365373 0.930861 0
    outer loop
      vertex -1.27395 27.3917 0
      vertex -1.64515 27.246 2
      vertex -1.27395 27.3917 2
    endloop
  endfacet
  facet normal -0.365373 0.930861 0
    outer loop
      vertex -1.64515 27.246 2
      vertex -1.27395 27.3917 0
      vertex -1.64515 27.246 0
    endloop
  endfacet
  facet normal 0.797169 0.603757 0
    outer loop
      vertex 3.30495 25.8533 2
      vertex 3.06418 26.1712 0
      vertex 3.06418 26.1712 2
    endloop
  endfacet
  facet normal 0.797169 0.603757 0
    outer loop
      vertex 3.06418 26.1712 0
      vertex 3.30495 25.8533 2
      vertex 3.30495 25.8533 0
    endloop
  endfacet
  facet normal -0.980169 0.198166 0
    outer loop
      vertex -3.95532 24.1962 0
      vertex -3.87631 24.587 2
      vertex -3.87631 24.587 0
    endloop
  endfacet
  facet normal -0.980169 0.198166 0
    outer loop
      vertex -3.87631 24.587 2
      vertex -3.95532 24.1962 0
      vertex -3.95532 24.1962 2
    endloop
  endfacet
  facet normal -0.826261 0.563287 0
    outer loop
      vertex -3.41316 25.6857 0
      vertex -3.18853 26.0152 2
      vertex -3.18853 26.0152 0
    endloop
  endfacet
  facet normal -0.826261 0.563287 0
    outer loop
      vertex -3.18853 26.0152 2
      vertex -3.41316 25.6857 0
      vertex -3.41316 25.6857 2
    endloop
  endfacet
  facet normal 0.583773 0.811917 -0
    outer loop
      vertex 2.49396 26.7273 0
      vertex 2.17018 26.9601 2
      vertex 2.49396 26.7273 2
    endloop
  endfacet
  facet normal 0.583773 0.811917 0
    outer loop
      vertex 2.17018 26.9601 2
      vertex 2.49396 26.7273 0
      vertex 2.17018 26.9601 0
    endloop
  endfacet
  facet normal 0.500034 0.866006 -0
    outer loop
      vertex 2.17018 26.9601 0
      vertex 1.82484 27.1595 2
      vertex 2.17018 26.9601 2
    endloop
  endfacet
  facet normal 0.500034 0.866006 0
    outer loop
      vertex 1.82484 27.1595 2
      vertex 2.17018 26.9601 0
      vertex 1.82484 27.1595 0
    endloop
  endfacet
  facet normal 0.939684 0.342043 0
    outer loop
      vertex 3.82229 24.779 2
      vertex 3.6859 25.1537 0
      vertex 3.6859 25.1537 2
    endloop
  endfacet
  facet normal 0.939684 0.342043 0
    outer loop
      vertex 3.6859 25.1537 0
      vertex 3.82229 24.779 2
      vertex 3.82229 24.779 0
    endloop
  endfacet
  facet normal -0.173782 0.984784 0
    outer loop
      vertex -0.497375 27.569 0
      vertex -0.890083 27.4997 2
      vertex -0.497375 27.569 2
    endloop
  endfacet
  facet normal -0.173782 0.984784 0
    outer loop
      vertex -0.890083 27.4997 2
      vertex -0.497375 27.569 0
      vertex -0.890083 27.4997 0
    endloop
  endfacet
  facet normal 0.733033 0.680193 0
    outer loop
      vertex 3.06418 26.1712 2
      vertex 2.79295 26.4635 0
      vertex 2.79295 26.4635 2
    endloop
  endfacet
  facet normal 0.733033 0.680193 0
    outer loop
      vertex 2.79295 26.4635 0
      vertex 3.06418 26.1712 2
      vertex 3.06418 26.1712 0
    endloop
  endfacet
  facet normal 0.0250773 0.999686 -0
    outer loop
      vertex 0.29892 27.5888 0
      vertex -0.0997219 27.5988 2
      vertex 0.29892 27.5888 2
    endloop
  endfacet
  facet normal 0.0250773 0.999686 0
    outer loop
      vertex -0.0997219 27.5988 2
      vertex 0.29892 27.5888 0
      vertex -0.0997219 27.5988 0
    endloop
  endfacet
  facet normal 0.900988 0.433844 0
    outer loop
      vertex 3.6859 25.1537 2
      vertex 3.51289 25.513 0
      vertex 3.51289 25.513 2
    endloop
  endfacet
  facet normal 0.900988 0.433844 0
    outer loop
      vertex 3.51289 25.513 0
      vertex 3.6859 25.1537 2
      vertex 3.6859 25.1537 0
    endloop
  endfacet
  facet normal 0.853305 0.521411 0
    outer loop
      vertex 3.51289 25.513 2
      vertex 3.30495 25.8533 0
      vertex 3.30495 25.8533 2
    endloop
  endfacet
  facet normal 0.853305 0.521411 0
    outer loop
      vertex 3.30495 25.8533 0
      vertex 3.51289 25.513 2
      vertex 3.51289 25.513 0
    endloop
  endfacet
  facet normal -0.766075 0.642751 0
    outer loop
      vertex -3.18853 26.0152 0
      vertex -2.93221 26.3207 2
      vertex -2.93221 26.3207 0
    endloop
  endfacet
  facet normal -0.766075 0.642751 0
    outer loop
      vertex -2.93221 26.3207 2
      vertex -3.18853 26.0152 0
      vertex -3.18853 26.0152 2
    endloop
  endfacet
  facet normal 0.661601 0.749856 -0
    outer loop
      vertex 2.79295 26.4635 0
      vertex 2.49396 26.7273 2
      vertex 2.79295 26.4635 2
    endloop
  endfacet
  facet normal 0.661601 0.749856 0
    outer loop
      vertex 2.49396 26.7273 2
      vertex 2.79295 26.4635 0
      vertex 2.49396 26.7273 0
    endloop
  endfacet
  facet normal 0.22244 0.974946 -0
    outer loop
      vertex 1.08336 27.4505 0
      vertex 0.694592 27.5392 2
      vertex 1.08336 27.4505 2
    endloop
  endfacet
  facet normal 0.22244 0.974946 0
    outer loop
      vertex 0.694592 27.5392 2
      vertex 1.08336 27.4505 0
      vertex 0.694592 27.5392 0
    endloop
  endfacet
  facet normal -0.542464 0.840079 0
    outer loop
      vertex -2 27.0641 0
      vertex -2.33497 26.8478 2
      vertex -2 27.0641 2
    endloop
  endfacet
  facet normal -0.542464 0.840079 0
    outer loop
      vertex -2.33497 26.8478 2
      vertex -2 27.0641 0
      vertex -2.33497 26.8478 0
    endloop
  endfacet
  facet normal -0.6236 0.781744 0
    outer loop
      vertex -2.33497 26.8478 0
      vertex -2.64674 26.5991 2
      vertex -2.33497 26.8478 2
    endloop
  endfacet
  facet normal -0.6236 0.781744 0
    outer loop
      vertex -2.64674 26.5991 2
      vertex -2.33497 26.8478 0
      vertex -2.64674 26.5991 0
    endloop
  endfacet
  facet normal 0 0 -1
    outer loop
      vertex -11.5702 13.7888 0
      vertex -11.7685 13.6164 0
      vertex -11.7224 13.6962 0
    endloop
  endfacet
  facet normal 0 0 -1
    outer loop
      vertex -1.68851 23.7974 0
      vertex -3.99503 23.7994 0
      vertex -3.95532 24.1962 0
    endloop
  endfacet
  facet normal 0 0 -1
    outer loop
      vertex 22.1382 -11.8 0
      vertex 24.4382 -11.8 0
      vertex 24.4183 -12.1983 0
    endloop
  endfacet
  facet normal 0 0 -1
    outer loop
      vertex 22.0924 -12.192 0
      vertex 24.4183 -12.1983 0
      vertex 24.3589 -12.5926 0
    endloop
  endfacet
  facet normal 0 0 -1
    outer loop
      vertex 24.4382 -11.8 0
      vertex 22.1382 -11.8 0
      vertex 24.4183 -11.4017 0
    endloop
  endfacet
  facet normal 0 0 -1
    outer loop
      vertex 22.0924 -12.192 0
      vertex 24.3589 -12.5926 0
      vertex 24.2605 -12.979 0
    endloop
  endfacet
  facet normal 0 0 -1
    outer loop
      vertex 22.0924 -11.408 0
      vertex 24.4183 -11.4017 0
      vertex 22.1382 -11.8 0
    endloop
  endfacet
  facet normal 0 0 -1
    outer loop
      vertex 22.0924 -12.192 0
      vertex 24.2605 -12.979 0
      vertex 24.1241 -13.3537 0
    endloop
  endfacet
  facet normal -0 0 -1
    outer loop
      vertex 24.4183 -11.4017 0
      vertex 22.0924 -11.408 0
      vertex 24.3589 -11.0074 0
    endloop
  endfacet
  facet normal 0 0 -1
    outer loop
      vertex 21.9574 -12.563 0
      vertex 24.1241 -13.3537 0
      vertex 23.9511 -13.713 0
    endloop
  endfacet
  facet normal -0 0 -1
    outer loop
      vertex 24.3589 -11.0074 0
      vertex 22.0924 -11.408 0
      vertex 24.2605 -10.621 0
    endloop
  endfacet
  facet normal 0 0 -1
    outer loop
      vertex 21.9574 -12.563 0
      vertex 23.9511 -13.713 0
      vertex 23.7432 -14.0533 0
    endloop
  endfacet
  facet normal -0 0 -1
    outer loop
      vertex 24.2605 -10.621 0
      vertex 22.0924 -11.408 0
      vertex 24.1241 -10.2463 0
    endloop
  endfacet
  facet normal 0 0 -1
    outer loop
      vertex 21.7405 -12.8927 0
      vertex 23.7432 -14.0533 0
      vertex 23.5024 -14.3712 0
    endloop
  endfacet
  facet normal 0 0 -1
    outer loop
      vertex 21.9574 -11.037 0
      vertex 24.1241 -10.2463 0
      vertex 22.0924 -11.408 0
    endloop
  endfacet
  facet normal 0 0 -1
    outer loop
      vertex 21.7405 -12.8927 0
      vertex 23.5024 -14.3712 0
      vertex 23.2311 -14.6635 0
    endloop
  endfacet
  facet normal -0 0 -1
    outer loop
      vertex 24.1241 -10.2463 0
      vertex 21.9574 -11.037 0
      vertex 23.9511 -9.88698 0
    endloop
  endfacet
  facet normal 0 0 -1
    outer loop
      vertex 21.4534 -13.1636 0
      vertex 23.2311 -14.6635 0
      vertex 22.9322 -14.9273 0
    endloop
  endfacet
  facet normal -0 0 -1
    outer loop
      vertex 23.9511 -9.88698 0
      vertex 21.9574 -11.037 0
      vertex 23.7432 -9.54672 0
    endloop
  endfacet
  facet normal 0 0 -1
    outer loop
      vertex 21.4534 -13.1636 0
      vertex 22.9322 -14.9273 0
      vertex 22.6084 -15.1601 0
    endloop
  endfacet
  facet normal 0 0 -1
    outer loop
      vertex 21.7405 -10.7073 0
      vertex 23.7432 -9.54672 0
      vertex 21.9574 -11.037 0
    endloop
  endfacet
  facet normal -0 0 -1
    outer loop
      vertex 23.7432 -9.54672 0
      vertex 21.7405 -10.7073 0
      vertex 23.5024 -9.22885 0
    endloop
  endfacet
  facet normal 0 0 -1
    outer loop
      vertex 21.4534 -13.1636 0
      vertex 22.6084 -15.1601 0
      vertex 22.263 -15.3595 0
    endloop
  endfacet
  facet normal 0 0 -1
    outer loop
      vertex 18 0 0
      vertex 24 0 0
      vertex 23.9854 -0.837587 0
    endloop
  endfacet
  facet normal 0 0 -1
    outer loop
      vertex 17.989 -0.62819 0
      vertex 23.9854 -0.837587 0
      vertex 23.9415 -1.67416 0
    endloop
  endfacet
  facet normal 0 0 -1
    outer loop
      vertex 24 0 0
      vertex 18 0 0
      vertex 23.9854 0.837587 0
    endloop
  endfacet
  facet normal 0 0 -1
    outer loop
      vertex 17.9562 -1.25562 0
      vertex 23.9415 -1.67416 0
      vertex 23.8685 -2.50868 0
    endloop
  endfacet
  facet normal 0 0 -1
    outer loop
      vertex 17.989 0.62819 0
      vertex 23.9854 0.837587 0
      vertex 18 0 0
    endloop
  endfacet
  facet normal 0 0 -1
    outer loop
      vertex 17.9014 -1.88151 0
      vertex 23.8685 -2.50868 0
      vertex 23.7664 -3.34015 0
    endloop
  endfacet
  facet normal -0 0 -1
    outer loop
      vertex 23.9854 0.837587 0
      vertex 17.989 0.62819 0
      vertex 23.9415 1.67416 0
    endloop
  endfacet
  facet normal 0 0 -1
    outer loop
      vertex 17.8248 -2.50512 0
      vertex 23.7664 -3.34015 0
      vertex 23.6354 -4.16756 0
    endloop
  endfacet
  facet normal 0 0 -1
    outer loop
      vertex 17.9562 1.25562 0
      vertex 23.9415 1.67416 0
      vertex 17.989 0.62819 0
    endloop
  endfacet
  facet normal 0 0 -1
    outer loop
      vertex 17.7265 -3.12567 0
      vertex 23.6354 -4.16756 0
      vertex 23.4755 -4.98988 0
    endloop
  endfacet
  facet normal -0 0 -1
    outer loop
      vertex 23.9415 1.67416 0
      vertex 17.9562 1.25562 0
      vertex 23.8685 2.50868 0
    endloop
  endfacet
  facet normal 0 0 -1
    outer loop
      vertex 17.6067 -3.74241 0
      vertex 23.4755 -4.98988 0
      vertex 23.2871 -5.80612 0
    endloop
  endfacet
  facet normal 0 0 -1
    outer loop
      vertex 17.9014 1.88151 0
      vertex 23.8685 2.50868 0
      vertex 17.9562 1.25562 0
    endloop
  endfacet
  facet normal 0 0 -1
    outer loop
      vertex 17.4653 -4.35459 0
      vertex 23.2871 -5.80612 0
      vertex 23.0703 -6.6153 0
    endloop
  endfacet
  facet normal -0 0 -1
    outer loop
      vertex 23.8685 2.50868 0
      vertex 17.9014 1.88151 0
      vertex 23.7664 3.34015 0
    endloop
  endfacet
  facet normal 0 0 -1
    outer loop
      vertex 17.3027 -4.96147 0
      vertex 23.0703 -6.6153 0
      vertex 22.8254 -7.41641 0
    endloop
  endfacet
  facet normal 0 0 -1
    outer loop
      vertex 17.8248 2.50512 0
      vertex 23.7664 3.34015 0
      vertex 17.9014 1.88151 0
    endloop
  endfacet
  facet normal 0 0 -1
    outer loop
      vertex 17.119 -5.56231 0
      vertex 22.8254 -7.41641 0
      vertex 22.5526 -8.20848 0
    endloop
  endfacet
  facet normal -0 0 -1
    outer loop
      vertex 23.7664 3.34015 0
      vertex 17.8248 2.50512 0
      vertex 23.6354 4.16756 0
    endloop
  endfacet
  facet normal 0 0 -1
    outer loop
      vertex 20.3394 -10.1029 0
      vertex 22.5526 -8.20848 0
      vertex 22.49 -8.37156 0
    endloop
  endfacet
  facet normal -0 0 -1
    outer loop
      vertex 23.5024 -9.22885 0
      vertex 21.7405 -10.7073 0
      vertex 23.2311 -8.93653 0
    endloop
  endfacet
  facet normal 0 0 -1
    outer loop
      vertex 21.4534 -10.4364 0
      vertex 23.2311 -8.93653 0
      vertex 21.7405 -10.7073 0
    endloop
  endfacet
  facet normal -0 0 -1
    outer loop
      vertex 23.2311 -8.93653 0
      vertex 21.4534 -10.4364 0
      vertex 22.9322 -8.67267 0
    endloop
  endfacet
  facet normal 0 0 -1
    outer loop
      vertex 24.4183 -12.1983 0
      vertex 22.0924 -12.192 0
      vertex 22.1382 -11.8 0
    endloop
  endfacet
  facet normal 0 0 -1
    outer loop
      vertex 24.1241 -13.3537 0
      vertex 21.9574 -12.563 0
      vertex 22.0924 -12.192 0
    endloop
  endfacet
  facet normal 0 0 -1
    outer loop
      vertex 21.1115 -13.361 0
      vertex 22.263 -15.3595 0
      vertex 21.8996 -15.5235 0
    endloop
  endfacet
  facet normal 0 0 -1
    outer loop
      vertex 23.7432 -14.0533 0
      vertex 21.7405 -12.8927 0
      vertex 21.9574 -12.563 0
    endloop
  endfacet
  facet normal 0 0 -1
    outer loop
      vertex 21.1115 -13.361 0
      vertex 21.8996 -15.5235 0
      vertex 21.5216 -15.6505 0
    endloop
  endfacet
  facet normal 0 0 -1
    outer loop
      vertex 23.2311 -14.6635 0
      vertex 21.4534 -13.1636 0
      vertex 21.7405 -12.8927 0
    endloop
  endfacet
  facet normal 0 0 -1
    outer loop
      vertex 20.7334 -13.4742 0
      vertex 21.5216 -15.6505 0
      vertex 21.1328 -15.7392 0
    endloop
  endfacet
  facet normal 0 0 -1
    outer loop
      vertex 22.263 -15.3595 0
      vertex 21.1115 -13.361 0
      vertex 21.4534 -13.1636 0
    endloop
  endfacet
  facet normal 0 0 -1
    outer loop
      vertex 20.7334 -13.4742 0
      vertex 21.1328 -15.7392 0
      vertex 20.7371 -15.7888 0
    endloop
  endfacet
  facet normal 0 0 -1
    outer loop
      vertex 21.5216 -15.6505 0
      vertex 20.7334 -13.4742 0
      vertex 21.1115 -13.361 0
    endloop
  endfacet
  facet normal 0 0 -1
    outer loop
      vertex 20.7371 -15.7888 0
      vertex 20.3394 -13.4971 0
      vertex 20.7334 -13.4742 0
    endloop
  endfacet
  facet normal 0 0 -1
    outer loop
      vertex 20.3385 -15.7988 0
      vertex 20.3394 -13.4971 0
      vertex 20.7371 -15.7888 0
    endloop
  endfacet
  facet normal 0 0 -1
    outer loop
      vertex 19.9408 -15.769 0
      vertex 20.3394 -13.4971 0
      vertex 20.3385 -15.7988 0
    endloop
  endfacet
  facet normal -0 0 -1
    outer loop
      vertex 20.3394 -13.4971 0
      vertex 19.9408 -15.769 0
      vertex 19.9506 -13.4286 0
    endloop
  endfacet
  facet normal 0 0 -1
    outer loop
      vertex 19.5481 -15.6997 0
      vertex 19.9506 -13.4286 0
      vertex 19.9408 -15.769 0
    endloop
  endfacet
  facet normal 0 0 -1
    outer loop
      vertex 19.1643 -15.5917 0
      vertex 19.9506 -13.4286 0
      vertex 19.5481 -15.6997 0
    endloop
  endfacet
  facet normal 0 0 -1
    outer loop
      vertex 18.7931 -15.446 0
      vertex 19.9506 -13.4286 0
      vertex 19.1643 -15.5917 0
    endloop
  endfacet
  facet normal -0 0 -1
    outer loop
      vertex 19.9506 -13.4286 0
      vertex 18.7931 -15.446 0
      vertex 19.5882 -13.2722 0
    endloop
  endfacet
  facet normal 0 0 -1
    outer loop
      vertex 18.4938 -15.2926 0
      vertex 19.5882 -13.2722 0
      vertex 18.7931 -15.446 0
    endloop
  endfacet
  facet normal -0 0 -1
    outer loop
      vertex 19.5882 -13.2722 0
      vertex 18.4938 -15.2926 0
      vertex 19.2716 -13.0365 0
    endloop
  endfacet
  facet normal -0 0 -1
    outer loop
      vertex 19.2716 -13.0365 0
      vertex 18.4938 -15.2926 0
      vertex 19.0179 -12.7342 0
    endloop
  endfacet
  facet normal -0 0 -1
    outer loop
      vertex 19.0179 -12.7342 0
      vertex 18.4938 -15.2926 0
      vertex 18.8407 -12.3814 0
    endloop
  endfacet
  facet normal 0 -0 -1
    outer loop
      vertex 14.1842 -11.0819 0
      vertex 18.8407 -12.3814 0
      vertex 13.7888 -11.5702 0
    endloop
  endfacet
  facet normal 0 0 -1
    outer loop
      vertex 18.3851 -15.4269 0
      vertex 18.8407 -12.3814 0
      vertex 18.4938 -15.2926 0
    endloop
  endfacet
  facet normal 0 0 -1
    outer loop
      vertex -17.7265 3.12567 0
      vertex -17.7224 3.30385 0
      vertex -17.6764 3.38356 0
    endloop
  endfacet
  facet normal 0 0 -1
    outer loop
      vertex -17.8248 2.50512 0
      vertex -17.7224 3.30385 0
      vertex -17.7265 3.12567 0
    endloop
  endfacet
  facet normal -0 0 -1
    outer loop
      vertex -17.119 -5.56231 0
      vertex -22.8254 -7.41641 0
      vertex -17.3027 -4.96147 0
    endloop
  endfacet
  facet normal 0 0 -1
    outer loop
      vertex -18.919 -12.563 0
      vertex -18.3851 -15.4269 0
      vertex -18.495 -15.2912 0
    endloop
  endfacet
  facet normal 0 0 -1
    outer loop
      vertex -19.7649 -13.361 0
      vertex -18.495 -15.2912 0
      vertex -18.6134 -15.3595 0
    endloop
  endfacet
  facet normal 0 0 -1
    outer loop
      vertex -23.0703 -6.6153 0
      vertex -17.3027 -4.96147 0
      vertex -22.8254 -7.41641 0
    endloop
  endfacet
  facet normal 0 0 -1
    outer loop
      vertex -23.2871 -5.80612 0
      vertex -17.4653 -4.35459 0
      vertex -23.0703 -6.6153 0
    endloop
  endfacet
  facet normal 0 0 -1
    outer loop
      vertex -23.4755 -4.98988 0
      vertex -17.6067 -3.74241 0
      vertex -23.2871 -5.80612 0
    endloop
  endfacet
  facet normal -0 0 -1
    outer loop
      vertex -17.6067 -3.74241 0
      vertex -23.4755 -4.98988 0
      vertex -17.7265 -3.12567 0
    endloop
  endfacet
  facet normal -0 0 -1
    outer loop
      vertex -17.7265 -3.12567 0
      vertex -23.6354 -4.16756 0
      vertex -17.8248 -2.50512 0
    endloop
  endfacet
  facet normal 0 0 -1
    outer loop
      vertex -23.7664 -3.34015 0
      vertex -17.8248 -2.50512 0
      vertex -23.6354 -4.16756 0
    endloop
  endfacet
  facet normal -0 0 -1
    outer loop
      vertex -17.8248 -2.50512 0
      vertex -23.7664 -3.34015 0
      vertex -17.9014 -1.88151 0
    endloop
  endfacet
  facet normal 0 0 -1
    outer loop
      vertex -23.8685 -2.50868 0
      vertex -17.9014 -1.88151 0
      vertex -23.7664 -3.34015 0
    endloop
  endfacet
  facet normal 0 0 -1
    outer loop
      vertex -23.9415 -1.67416 0
      vertex -17.9562 -1.25562 0
      vertex -23.8685 -2.50868 0
    endloop
  endfacet
  facet normal -0 0 -1
    outer loop
      vertex -17.9562 -1.25562 0
      vertex -23.9415 -1.67416 0
      vertex -17.989 -0.62819 0
    endloop
  endfacet
  facet normal -0 0 -1
    outer loop
      vertex -17.4653 -4.35459 0
      vertex -23.2871 -5.80612 0
      vertex -17.6067 -3.74241 0
    endloop
  endfacet
  facet normal 0 0 -1
    outer loop
      vertex -22.4907 -8.3698 0
      vertex -20.143 -10.1258 0
      vertex -20.537 -10.1029 0
    endloop
  endfacet
  facet normal 0 0 -1
    outer loop
      vertex -22.4907 -8.3698 0
      vertex -20.537 -10.1029 0
      vertex -20.9258 -10.1714 0
    endloop
  endfacet
  facet normal 0 0 -1
    outer loop
      vertex -22.4907 -8.3698 0
      vertex -20.9258 -10.1714 0
      vertex -21.2882 -10.3278 0
    endloop
  endfacet
  facet normal 0 0 -1
    outer loop
      vertex -22.7732 -8.55225 0
      vertex -21.2882 -10.3278 0
      vertex -21.6048 -10.5635 0
    endloop
  endfacet
  facet normal 0 0 -1
    outer loop
      vertex -22.7732 -8.55225 0
      vertex -21.6048 -10.5635 0
      vertex -21.8585 -10.8658 0
    endloop
  endfacet
  facet normal 0 0 -1
    outer loop
      vertex -22.7732 -8.55225 0
      vertex -21.8585 -10.8658 0
      vertex -22.0357 -11.2186 0
    endloop
  endfacet
  facet normal 0 0 -1
    outer loop
      vertex -23.6267 -14.2152 0
      vertex -21.8585 -12.7342 0
      vertex -23.3704 -14.5207 0
    endloop
  endfacet
  facet normal 0 0 -1
    outer loop
      vertex -22.7732 -8.55225 0
      vertex -22.0357 -11.2186 0
      vertex -22.1267 -11.6026 0
    endloop
  endfacet
  facet normal 0 0 -1
    outer loop
      vertex -20.143 -10.1258 0
      vertex -22.4907 -8.3698 0
      vertex -22.5526 -8.20848 0
    endloop
  endfacet
  facet normal -0 0 -1
    outer loop
      vertex -17.3027 -4.96147 0
      vertex -23.0703 -6.6153 0
      vertex -17.4653 -4.35459 0
    endloop
  endfacet
  facet normal 0 0 -1
    outer loop
      vertex -23.6354 -4.16756 0
      vertex -17.7265 -3.12567 0
      vertex -23.4755 -4.98988 0
    endloop
  endfacet
  facet normal -0 0 -1
    outer loop
      vertex -17.9014 -1.88151 0
      vertex -23.8685 -2.50868 0
      vertex -17.9562 -1.25562 0
    endloop
  endfacet
  facet normal 0 0 -1
    outer loop
      vertex -23.9854 -0.837587 0
      vertex -17.989 -0.62819 0
      vertex -23.9415 -1.67416 0
    endloop
  endfacet
  facet normal -0 0 -1
    outer loop
      vertex -17.989 -0.62819 0
      vertex -23.9854 -0.837587 0
      vertex -18 0 0
    endloop
  endfacet
  facet normal 0 0 -1
    outer loop
      vertex -17.7224 3.30385 0
      vertex -23.2871 5.80612 0
      vertex -23.1222 6.42142 0
    endloop
  endfacet
  facet normal 0 0 -1
    outer loop
      vertex -24 0 0
      vertex -18 0 0
      vertex -23.9854 -0.837587 0
    endloop
  endfacet
  facet normal 0 0 -1
    outer loop
      vertex -17.7224 3.30385 0
      vertex -23.4755 4.98988 0
      vertex -23.2871 5.80612 0
    endloop
  endfacet
  facet normal 0 0 -1
    outer loop
      vertex -18 0 0
      vertex -24 0 0
      vertex -17.989 0.62819 0
    endloop
  endfacet
  facet normal 0 0 -1
    outer loop
      vertex -17.7224 3.30385 0
      vertex -23.6354 4.16756 0
      vertex -23.4755 4.98988 0
    endloop
  endfacet
  facet normal 0 -0 -1
    outer loop
      vertex -23.9854 0.837587 0
      vertex -17.989 0.62819 0
      vertex -24 0 0
    endloop
  endfacet
  facet normal 0 0 -1
    outer loop
      vertex -17.7224 3.30385 0
      vertex -23.7664 3.34015 0
      vertex -23.6354 4.16756 0
    endloop
  endfacet
  facet normal 0 0 -1
    outer loop
      vertex -17.989 0.62819 0
      vertex -23.9854 0.837587 0
      vertex -17.9562 1.25562 0
    endloop
  endfacet
  facet normal 0 0 -1
    outer loop
      vertex -17.8248 2.50512 0
      vertex -23.7664 3.34015 0
      vertex -17.7224 3.30385 0
    endloop
  endfacet
  facet normal 0 -0 -1
    outer loop
      vertex -23.9415 1.67416 0
      vertex -17.9562 1.25562 0
      vertex -23.9854 0.837587 0
    endloop
  endfacet
  facet normal 0 -0 -1
    outer loop
      vertex -23.7664 3.34015 0
      vertex -17.8248 2.50512 0
      vertex -23.8685 2.50868 0
    endloop
  endfacet
  facet normal 0 0 -1
    outer loop
      vertex -17.9562 1.25562 0
      vertex -23.9415 1.67416 0
      vertex -17.9014 1.88151 0
    endloop
  endfacet
  facet normal 0 0 -1
    outer loop
      vertex -17.9014 1.88151 0
      vertex -23.8685 2.50868 0
      vertex -17.8248 2.50512 0
    endloop
  endfacet
  facet normal 0 -0 -1
    outer loop
      vertex -23.8685 2.50868 0
      vertex -17.9014 1.88151 0
      vertex -23.9415 1.67416 0
    endloop
  endfacet
  facet normal 0 0 -1
    outer loop
      vertex -23.8514 -13.8857 0
      vertex -21.8585 -12.7342 0
      vertex -23.6267 -14.2152 0
    endloop
  endfacet
  facet normal 0 0 -1
    outer loop
      vertex -21.2882 -10.3278 0
      vertex -22.7732 -8.55225 0
      vertex -22.4907 -8.3698 0
    endloop
  endfacet
  facet normal 0 0 -1
    outer loop
      vertex -24.0421 -13.5355 0
      vertex -21.8585 -12.7342 0
      vertex -23.8514 -13.8857 0
    endloop
  endfacet
  facet normal 0 0 -1
    outer loop
      vertex -22.1267 -11.6026 0
      vertex -23.0849 -8.80087 0
      vertex -22.7732 -8.55225 0
    endloop
  endfacet
  facet normal -0 0 -1
    outer loop
      vertex -21.8585 -12.7342 0
      vertex -24.0421 -13.5355 0
      vertex -22.0357 -12.3814 0
    endloop
  endfacet
  facet normal 0 0 -1
    outer loop
      vertex -22.1267 -11.6026 0
      vertex -23.3704 -9.07931 0
      vertex -23.0849 -8.80087 0
    endloop
  endfacet
  facet normal 0 0 -1
    outer loop
      vertex -24.197 -13.1681 0
      vertex -22.0357 -12.3814 0
      vertex -24.0421 -13.5355 0
    endloop
  endfacet
  facet normal 0 0 -1
    outer loop
      vertex -22.1267 -11.6026 0
      vertex -23.6267 -9.38478 0
      vertex -23.3704 -9.07931 0
    endloop
  endfacet
  facet normal 0 0 -1
    outer loop
      vertex -24.3145 -12.787 0
      vertex -22.0357 -12.3814 0
      vertex -24.197 -13.1681 0
    endloop
  endfacet
  facet normal 0 0 -1
    outer loop
      vertex -22.1267 -11.6026 0
      vertex -23.8514 -9.71426 0
      vertex -23.6267 -9.38478 0
    endloop
  endfacet
  facet normal -0 0 -1
    outer loop
      vertex -22.0357 -12.3814 0
      vertex -24.3145 -12.787 0
      vertex -22.1267 -11.9974 0
    endloop
  endfacet
  facet normal 0 0 -1
    outer loop
      vertex -22.1267 -11.6026 0
      vertex -24.0421 -10.0645 0
      vertex -23.8514 -9.71426 0
    endloop
  endfacet
  facet normal 0 0 -1
    outer loop
      vertex -24.3935 -12.3962 0
      vertex -22.1267 -11.9974 0
      vertex -24.3145 -12.787 0
    endloop
  endfacet
  facet normal 0 0 -1
    outer loop
      vertex -22.1267 -11.6026 0
      vertex -24.197 -10.4319 0
      vertex -24.0421 -10.0645 0
    endloop
  endfacet
  facet normal 0 0 -1
    outer loop
      vertex -24.4332 -11.9994 0
      vertex -22.1267 -11.9974 0
      vertex -24.3935 -12.3962 0
    endloop
  endfacet
  facet normal 0 0 -1
    outer loop
      vertex -22.1267 -11.6026 0
      vertex -24.3145 -10.813 0
      vertex -24.197 -10.4319 0
    endloop
  endfacet
  facet normal -0 0 -1
    outer loop
      vertex -22.1267 -11.9974 0
      vertex -24.4332 -11.9994 0
      vertex -22.1267 -11.6026 0
    endloop
  endfacet
  facet normal 0 0 -1
    outer loop
      vertex -22.1267 -11.6026 0
      vertex -24.3935 -11.2038 0
      vertex -24.3145 -10.813 0
    endloop
  endfacet
  facet normal 0 0 -1
    outer loop
      vertex -24.4332 -11.6006 0
      vertex -22.1267 -11.6026 0
      vertex -24.4332 -11.9994 0
    endloop
  endfacet
  facet normal 0 0 -1
    outer loop
      vertex -22.1267 -11.6026 0
      vertex -24.4332 -11.6006 0
      vertex -24.3935 -11.2038 0
    endloop
  endfacet
  facet normal 0 0 -1
    outer loop
      vertex -18.3851 -15.4269 0
      vertex -18.784 -12.192 0
      vertex -18.7382 -11.8 0
    endloop
  endfacet
  facet normal 0 0 -1
    outer loop
      vertex -18.3851 -15.4269 0
      vertex -18.919 -12.563 0
      vertex -18.784 -12.192 0
    endloop
  endfacet
  facet normal 0 0 -1
    outer loop
      vertex -19.7649 -13.361 0
      vertex -18.6134 -15.3595 0
      vertex -18.9768 -15.5235 0
    endloop
  endfacet
  facet normal 0 0 -1
    outer loop
      vertex -18.495 -15.2912 0
      vertex -19.1359 -12.8927 0
      vertex -18.919 -12.563 0
    endloop
  endfacet
  facet normal 0 0 -1
    outer loop
      vertex -19.7649 -13.361 0
      vertex -18.9768 -15.5235 0
      vertex -19.3548 -15.6505 0
    endloop
  endfacet
  facet normal 0 0 -1
    outer loop
      vertex -18.495 -15.2912 0
      vertex -19.423 -13.1636 0
      vertex -19.1359 -12.8927 0
    endloop
  endfacet
  facet normal 0 0 -1
    outer loop
      vertex -20.143 -13.4742 0
      vertex -19.3548 -15.6505 0
      vertex -19.7436 -15.7392 0
    endloop
  endfacet
  facet normal 0 0 -1
    outer loop
      vertex -18.495 -15.2912 0
      vertex -19.7649 -13.361 0
      vertex -19.423 -13.1636 0
    endloop
  endfacet
  facet normal 0 0 -1
    outer loop
      vertex -20.143 -13.4742 0
      vertex -19.7436 -15.7392 0
      vertex -20.1393 -15.7888 0
    endloop
  endfacet
  facet normal 0 0 -1
    outer loop
      vertex -19.3548 -15.6505 0
      vertex -20.143 -13.4742 0
      vertex -19.7649 -13.361 0
    endloop
  endfacet
  facet normal 0 0 -1
    outer loop
      vertex -20.1393 -15.7888 0
      vertex -20.537 -13.4971 0
      vertex -20.143 -13.4742 0
    endloop
  endfacet
  facet normal 0 0 -1
    outer loop
      vertex -20.5379 -15.7988 0
      vertex -20.537 -13.4971 0
      vertex -20.1393 -15.7888 0
    endloop
  endfacet
  facet normal 0 0 -1
    outer loop
      vertex -20.9356 -15.769 0
      vertex -20.537 -13.4971 0
      vertex -20.5379 -15.7988 0
    endloop
  endfacet
  facet normal -0 0 -1
    outer loop
      vertex -20.537 -13.4971 0
      vertex -20.9356 -15.769 0
      vertex -20.9258 -13.4286 0
    endloop
  endfacet
  facet normal 0 0 -1
    outer loop
      vertex -21.3283 -15.6997 0
      vertex -20.9258 -13.4286 0
      vertex -20.9356 -15.769 0
    endloop
  endfacet
  facet normal 0 0 -1
    outer loop
      vertex -21.7121 -15.5917 0
      vertex -20.9258 -13.4286 0
      vertex -21.3283 -15.6997 0
    endloop
  endfacet
  facet normal 0 0 -1
    outer loop
      vertex -22.0833 -15.446 0
      vertex -20.9258 -13.4286 0
      vertex -21.7121 -15.5917 0
    endloop
  endfacet
  facet normal -0 0 -1
    outer loop
      vertex -20.9258 -13.4286 0
      vertex -22.0833 -15.446 0
      vertex -21.2882 -13.2722 0
    endloop
  endfacet
  facet normal 0 0 -1
    outer loop
      vertex -22.4382 -15.2641 0
      vertex -21.2882 -13.2722 0
      vertex -22.0833 -15.446 0
    endloop
  endfacet
  facet normal 0 0 -1
    outer loop
      vertex -22.7732 -15.0478 0
      vertex -21.2882 -13.2722 0
      vertex -22.4382 -15.2641 0
    endloop
  endfacet
  facet normal -0 0 -1
    outer loop
      vertex -21.2882 -13.2722 0
      vertex -22.7732 -15.0478 0
      vertex -21.6048 -13.0365 0
    endloop
  endfacet
  facet normal 0 0 -1
    outer loop
      vertex -23.0849 -14.7991 0
      vertex -21.6048 -13.0365 0
      vertex -22.7732 -15.0478 0
    endloop
  endfacet
  facet normal -0 0 -1
    outer loop
      vertex -21.6048 -13.0365 0
      vertex -23.3704 -14.5207 0
      vertex -21.8585 -12.7342 0
    endloop
  endfacet
  facet normal 0 0 -1
    outer loop
      vertex -23.3704 -14.5207 0
      vertex -21.6048 -13.0365 0
      vertex -23.0849 -14.7991 0
    endloop
  endfacet
  facet normal -0 0 -1
    outer loop
      vertex 22.5526 8.20848 0
      vertex 16.9145 6.15636 0
      vertex 22.2524 8.99056 0
    endloop
  endfacet
  facet normal 0 0 -1
    outer loop
      vertex 16.6893 6.74292 0
      vertex 22.2524 8.99056 0
      vertex 16.9145 6.15636 0
    endloop
  endfacet
  facet normal -0 0 -1
    outer loop
      vertex 22.2524 8.99056 0
      vertex 16.6893 6.74292 0
      vertex 21.9251 9.76168 0
    endloop
  endfacet
  facet normal 0 0 -1
    outer loop
      vertex 16.4438 7.32126 0
      vertex 21.9251 9.76168 0
      vertex 16.6893 6.74292 0
    endloop
  endfacet
  facet normal -0 0 -1
    outer loop
      vertex 21.9251 9.76168 0
      vertex 16.4438 7.32126 0
      vertex 21.5711 10.5209 0
    endloop
  endfacet
  facet normal 0 0 -1
    outer loop
      vertex 16.1783 7.89068 0
      vertex 21.5711 10.5209 0
      vertex 16.4438 7.32126 0
    endloop
  endfacet
  facet normal -0 0 -1
    outer loop
      vertex 21.5711 10.5209 0
      vertex 16.1783 7.89068 0
      vertex 21.1907 11.2673 0
    endloop
  endfacet
  facet normal 0 0 -1
    outer loop
      vertex 15.8931 8.45049 0
      vertex 21.1907 11.2673 0
      vertex 16.1783 7.89068 0
    endloop
  endfacet
  facet normal -0 0 -1
    outer loop
      vertex 21.1907 11.2673 0
      vertex 15.8931 8.45049 0
      vertex 20.7846 12 0
    endloop
  endfacet
  facet normal 0 0 -1
    outer loop
      vertex 15.5885 9 0
      vertex 20.7846 12 0
      vertex 15.8931 8.45049 0
    endloop
  endfacet
  facet normal -0 0 -1
    outer loop
      vertex 20.7846 12 0
      vertex 15.5885 9 0
      vertex 20.3532 12.7181 0
    endloop
  endfacet
  facet normal 0 0 -1
    outer loop
      vertex 15.2649 9.53855 0
      vertex 20.3532 12.7181 0
      vertex 15.5885 9 0
    endloop
  endfacet
  facet normal -0 0 -1
    outer loop
      vertex 20.3532 12.7181 0
      vertex 15.2649 9.53855 0
      vertex 19.8969 13.4206 0
    endloop
  endfacet
  facet normal 0 0 -1
    outer loop
      vertex 14.9227 10.0655 0
      vertex 19.8969 13.4206 0
      vertex 15.2649 9.53855 0
    endloop
  endfacet
  facet normal -0 0 -1
    outer loop
      vertex 19.8969 13.4206 0
      vertex 14.9227 10.0655 0
      vertex 19.4164 14.1068 0
    endloop
  endfacet
  facet normal 0 0 -1
    outer loop
      vertex 14.5623 10.5801 0
      vertex 19.4164 14.1068 0
      vertex 14.9227 10.0655 0
    endloop
  endfacet
  facet normal -0 0 -1
    outer loop
      vertex 19.4164 14.1068 0
      vertex 14.5623 10.5801 0
      vertex 18.9123 14.7759 0
    endloop
  endfacet
  facet normal 0 0 -1
    outer loop
      vertex 14.1842 11.0819 0
      vertex 18.9123 14.7759 0
      vertex 14.5623 10.5801 0
    endloop
  endfacet
  facet normal -0 0 -1
    outer loop
      vertex 18.9123 14.7759 0
      vertex 14.1842 11.0819 0
      vertex 18.3851 15.4269 0
    endloop
  endfacet
  facet normal 0 0 -1
    outer loop
      vertex 13.7888 11.5702 0
      vertex 18.3851 15.4269 0
      vertex 14.1842 11.0819 0
    endloop
  endfacet
  facet normal -0 0 -1
    outer loop
      vertex 18.3851 15.4269 0
      vertex 13.7888 11.5702 0
      vertex 17.8355 16.0591 0
    endloop
  endfacet
  facet normal 0 0 -1
    outer loop
      vertex 13.3766 12.0444 0
      vertex 17.8355 16.0591 0
      vertex 13.7888 11.5702 0
    endloop
  endfacet
  facet normal -0 0 -1
    outer loop
      vertex 17.8355 16.0591 0
      vertex 13.3766 12.0444 0
      vertex 17.2642 16.6718 0
    endloop
  endfacet
  facet normal 0 0 -1
    outer loop
      vertex 12.9481 12.5038 0
      vertex 17.2642 16.6718 0
      vertex 13.3766 12.0444 0
    endloop
  endfacet
  facet normal -0 0 -1
    outer loop
      vertex 17.2642 16.6718 0
      vertex 12.9481 12.5038 0
      vertex 16.6718 17.2642 0
    endloop
  endfacet
  facet normal 0 0 -1
    outer loop
      vertex 12.5038 12.9481 0
      vertex 16.6718 17.2642 0
      vertex 12.9481 12.5038 0
    endloop
  endfacet
  facet normal -0 0 -1
    outer loop
      vertex 16.6718 17.2642 0
      vertex 12.5038 12.9481 0
      vertex 16.0591 17.8355 0
    endloop
  endfacet
  facet normal 0 0 -1
    outer loop
      vertex 12.0444 13.3766 0
      vertex 16.0591 17.8355 0
      vertex 12.5038 12.9481 0
    endloop
  endfacet
  facet normal -0 0 -1
    outer loop
      vertex 16.0591 17.8355 0
      vertex 12.0444 13.3766 0
      vertex 15.4269 18.3851 0
    endloop
  endfacet
  facet normal 0 0 -1
    outer loop
      vertex 11.5702 13.7888 0
      vertex 15.4269 18.3851 0
      vertex 12.0444 13.3766 0
    endloop
  endfacet
  facet normal -0 0 -1
    outer loop
      vertex 15.4269 18.3851 0
      vertex 11.5702 13.7888 0
      vertex 14.7759 18.9123 0
    endloop
  endfacet
  facet normal 0 0 -1
    outer loop
      vertex 11.0819 14.1842 0
      vertex 14.7759 18.9123 0
      vertex 11.5702 13.7888 0
    endloop
  endfacet
  facet normal -0 0 -1
    outer loop
      vertex 14.7759 18.9123 0
      vertex 11.0819 14.1842 0
      vertex 14.1068 19.4164 0
    endloop
  endfacet
  facet normal 0 0 -1
    outer loop
      vertex 10.5801 14.5623 0
      vertex 14.1068 19.4164 0
      vertex 11.0819 14.1842 0
    endloop
  endfacet
  facet normal -0 0 -1
    outer loop
      vertex 14.1068 19.4164 0
      vertex 10.5801 14.5623 0
      vertex 13.4206 19.8969 0
    endloop
  endfacet
  facet normal 0 0 -1
    outer loop
      vertex 10.0655 14.9227 0
      vertex 13.4206 19.8969 0
      vertex 10.5801 14.5623 0
    endloop
  endfacet
  facet normal -0 0 -1
    outer loop
      vertex 13.4206 19.8969 0
      vertex 10.0655 14.9227 0
      vertex 12.7181 20.3532 0
    endloop
  endfacet
  facet normal 0 0 -1
    outer loop
      vertex 9.53855 15.2649 0
      vertex 12.7181 20.3532 0
      vertex 10.0655 14.9227 0
    endloop
  endfacet
  facet normal -0 0 -1
    outer loop
      vertex 12.7181 20.3532 0
      vertex 9.53855 15.2649 0
      vertex 12 20.7846 0
    endloop
  endfacet
  facet normal 0 0 -1
    outer loop
      vertex 9 15.5885 0
      vertex 12 20.7846 0
      vertex 9.53855 15.2649 0
    endloop
  endfacet
  facet normal -0 0 -1
    outer loop
      vertex 12 20.7846 0
      vertex 9 15.5885 0
      vertex 11.2673 21.1907 0
    endloop
  endfacet
  facet normal 0 0 -1
    outer loop
      vertex 8.45049 15.8931 0
      vertex 11.2673 21.1907 0
      vertex 9 15.5885 0
    endloop
  endfacet
  facet normal -0 0 -1
    outer loop
      vertex 11.2673 21.1907 0
      vertex 8.45049 15.8931 0
      vertex 10.5209 21.5711 0
    endloop
  endfacet
  facet normal 0 0 -1
    outer loop
      vertex 7.89068 16.1783 0
      vertex 10.5209 21.5711 0
      vertex 8.45049 15.8931 0
    endloop
  endfacet
  facet normal -0 0 -1
    outer loop
      vertex 10.5209 21.5711 0
      vertex 7.89068 16.1783 0
      vertex 9.76168 21.9251 0
    endloop
  endfacet
  facet normal 0 0 -1
    outer loop
      vertex 7.32126 16.4438 0
      vertex 9.76168 21.9251 0
      vertex 7.89068 16.1783 0
    endloop
  endfacet
  facet normal -0 0 -1
    outer loop
      vertex 9.76168 21.9251 0
      vertex 7.32126 16.4438 0
      vertex 8.99056 22.2524 0
    endloop
  endfacet
  facet normal 0 0 -1
    outer loop
      vertex 6.74292 16.6893 0
      vertex 8.99056 22.2524 0
      vertex 7.32126 16.4438 0
    endloop
  endfacet
  facet normal -0 0 -1
    outer loop
      vertex 8.99056 22.2524 0
      vertex 6.74292 16.6893 0
      vertex 8.20848 22.5526 0
    endloop
  endfacet
  facet normal 0 0 -1
    outer loop
      vertex 6.15636 16.9145 0
      vertex 8.20848 22.5526 0
      vertex 6.74292 16.6893 0
    endloop
  endfacet
  facet normal -0 0 -1
    outer loop
      vertex 8.20848 22.5526 0
      vertex 6.15636 16.9145 0
      vertex 7.41641 22.8254 0
    endloop
  endfacet
  facet normal 0 0 -1
    outer loop
      vertex 5.56231 17.119 0
      vertex 7.41641 22.8254 0
      vertex 6.15636 16.9145 0
    endloop
  endfacet
  facet normal -0 0 -1
    outer loop
      vertex 7.41641 22.8254 0
      vertex 5.56231 17.119 0
      vertex 6.6153 23.0703 0
    endloop
  endfacet
  facet normal 0 0 -1
    outer loop
      vertex 4.96147 17.3027 0
      vertex 6.6153 23.0703 0
      vertex 5.56231 17.119 0
    endloop
  endfacet
  facet normal -0 0 -1
    outer loop
      vertex 6.6153 23.0703 0
      vertex 4.96147 17.3027 0
      vertex 5.80612 23.2871 0
    endloop
  endfacet
  facet normal 0 0 -1
    outer loop
      vertex 4.35459 17.4653 0
      vertex 5.80612 23.2871 0
      vertex 4.96147 17.3027 0
    endloop
  endfacet
  facet normal -0 0 -1
    outer loop
      vertex 5.80612 23.2871 0
      vertex 4.35459 17.4653 0
      vertex 4.98988 23.4755 0
    endloop
  endfacet
  facet normal 0 0 -1
    outer loop
      vertex 3.74241 17.6067 0
      vertex 4.98988 23.4755 0
      vertex 4.35459 17.4653 0
    endloop
  endfacet
  facet normal -0 0 -1
    outer loop
      vertex 4.98988 23.4755 0
      vertex 3.74241 17.6067 0
      vertex 4.16756 23.6354 0
    endloop
  endfacet
  facet normal 0 0 -1
    outer loop
      vertex 1.7 23.6 0
      vertex 3.98012 23.9983 0
      vertex 3.99688 23.6624 0
    endloop
  endfacet
  facet normal 0 0 -1
    outer loop
      vertex 3.12567 17.7265 0
      vertex 4.16756 23.6354 0
      vertex 3.74241 17.6067 0
    endloop
  endfacet
  facet normal 0 0 -1
    outer loop
      vertex 1.30227 22.5073 0
      vertex 4.16756 23.6354 0
      vertex 3.12567 17.7265 0
    endloop
  endfacet
  facet normal 0 -0 -1
    outer loop
      vertex 1.65418 23.208 0
      vertex 3.99688 23.6624 0
      vertex 1.51917 22.837 0
    endloop
  endfacet
  facet normal 0 -0 -1
    outer loop
      vertex 1.7 23.6 0
      vertex 3.99688 23.6624 0
      vertex 1.65418 23.208 0
    endloop
  endfacet
  facet normal 0 0 -1
    outer loop
      vertex 1.65418 23.992 0
      vertex 3.98012 23.9983 0
      vertex 1.7 23.6 0
    endloop
  endfacet
  facet normal -0 0 -1
    outer loop
      vertex 3.92069 24.3926 0
      vertex 1.65418 23.992 0
      vertex 3.82229 24.779 0
    endloop
  endfacet
  facet normal -0 0 -1
    outer loop
      vertex 4.16756 23.6354 0
      vertex 1.30227 22.5073 0
      vertex 3.99688 23.6624 0
    endloop
  endfacet
  facet normal -0 0 -1
    outer loop
      vertex 3.82229 24.779 0
      vertex 1.65418 23.992 0
      vertex 3.6859 25.1537 0
    endloop
  endfacet
  facet normal 0 0 -1
    outer loop
      vertex 1.51917 24.363 0
      vertex 3.6859 25.1537 0
      vertex 1.65418 23.992 0
    endloop
  endfacet
  facet normal 0 0 -1
    outer loop
      vertex 1.30227 22.5073 0
      vertex 3.12567 17.7265 0
      vertex 2.50512 17.8248 0
    endloop
  endfacet
  facet normal -0 0 -1
    outer loop
      vertex 3.6859 25.1537 0
      vertex 1.51917 24.363 0
      vertex 3.51289 25.513 0
    endloop
  endfacet
  facet normal 0 0 -1
    outer loop
      vertex 1.30227 24.6927 0
      vertex 3.30495 25.8533 0
      vertex 1.51917 24.363 0
    endloop
  endfacet
  facet normal 0 0 -1
    outer loop
      vertex 1.01517 22.2364 0
      vertex 2.50512 17.8248 0
      vertex 1.88151 17.9014 0
    endloop
  endfacet
  facet normal -0 0 -1
    outer loop
      vertex 3.30495 25.8533 0
      vertex 1.30227 24.6927 0
      vertex 3.06418 26.1712 0
    endloop
  endfacet
  facet normal -0 0 -1
    outer loop
      vertex 3.06418 26.1712 0
      vertex 1.30227 24.6927 0
      vertex 2.79295 26.4635 0
    endloop
  endfacet
  facet normal -0 0 -1
    outer loop
      vertex 3.51289 25.513 0
      vertex 1.51917 24.363 0
      vertex 3.30495 25.8533 0
    endloop
  endfacet
  facet normal -0 0 -1
    outer loop
      vertex 3.98012 23.9983 0
      vertex 1.65418 23.992 0
      vertex 3.92069 24.3926 0
    endloop
  endfacet
  facet normal 0 0 -1
    outer loop
      vertex 3.99688 23.6624 0
      vertex 1.30227 22.5073 0
      vertex 1.51917 22.837 0
    endloop
  endfacet
  facet normal 0 0 -1
    outer loop
      vertex 0.673335 22.039 0
      vertex 1.88151 17.9014 0
      vertex 1.25562 17.9562 0
    endloop
  endfacet
  facet normal 0 0 -1
    outer loop
      vertex 2.50512 17.8248 0
      vertex 1.01517 22.2364 0
      vertex 1.30227 22.5073 0
    endloop
  endfacet
  facet normal 0 0 -1
    outer loop
      vertex 1.88151 17.9014 0
      vertex 0.673335 22.039 0
      vertex 1.01517 22.2364 0
    endloop
  endfacet
  facet normal 0 0 -1
    outer loop
      vertex 0.295201 21.9258 0
      vertex 1.25562 17.9562 0
      vertex 0.62819 17.989 0
    endloop
  endfacet
  facet normal 0 0 -1
    outer loop
      vertex 1.25562 17.9562 0
      vertex 0.295201 21.9258 0
      vertex 0.673335 22.039 0
    endloop
  endfacet
  facet normal 0 0 -1
    outer loop
      vertex 0 18 0
      vertex 0.295201 21.9258 0
      vertex 0.62819 17.989 0
    endloop
  endfacet
  facet normal 0 0 -1
    outer loop
      vertex 0 18 0
      vertex -0.0988455 21.9029 0
      vertex 0.295201 21.9258 0
    endloop
  endfacet
  facet normal 0 0 -1
    outer loop
      vertex -0.62819 17.989 0
      vertex -0.0988455 21.9029 0
      vertex 0 18 0
    endloop
  endfacet
  facet normal -0 0 -1
    outer loop
      vertex -0.0988455 21.9029 0
      vertex -0.62819 17.989 0
      vertex -0.487565 21.9714 0
    endloop
  endfacet
  facet normal 0 0 -1
    outer loop
      vertex -1.25562 17.9562 0
      vertex -0.487565 21.9714 0
      vertex -0.62819 17.989 0
    endloop
  endfacet
  facet normal -0 0 -1
    outer loop
      vertex -0.487565 21.9714 0
      vertex -1.25562 17.9562 0
      vertex -0.849999 22.1278 0
    endloop
  endfacet
  facet normal 0 0 -1
    outer loop
      vertex -1.88151 17.9014 0
      vertex -0.849999 22.1278 0
      vertex -1.25562 17.9562 0
    endloop
  endfacet
  facet normal -0 0 -1
    outer loop
      vertex -0.849999 22.1278 0
      vertex -1.88151 17.9014 0
      vertex -1.16661 22.3635 0
    endloop
  endfacet
  facet normal 0 0 -1
    outer loop
      vertex -2.50512 17.8248 0
      vertex -1.16661 22.3635 0
      vertex -1.88151 17.9014 0
    endloop
  endfacet
  facet normal 0 0 -1
    outer loop
      vertex -3.12567 17.7265 0
      vertex -1.16661 22.3635 0
      vertex -2.50512 17.8248 0
    endloop
  endfacet
  facet normal 0 0 -1
    outer loop
      vertex -4.16756 23.6354 0
      vertex -1.42033 22.6658 0
      vertex -3.12567 17.7265 0
    endloop
  endfacet
  facet normal -0 0 -1
    outer loop
      vertex -1.16661 22.3635 0
      vertex -3.12567 17.7265 0
      vertex -1.42033 22.6658 0
    endloop
  endfacet
  facet normal 0 0 -1
    outer loop
      vertex 1.01517 24.9636 0
      vertex 2.79295 26.4635 0
      vertex 1.30227 24.6927 0
    endloop
  endfacet
  facet normal -0 0 -1
    outer loop
      vertex 2.79295 26.4635 0
      vertex 1.01517 24.9636 0
      vertex 2.49396 26.7273 0
    endloop
  endfacet
  facet normal -0 0 -1
    outer loop
      vertex 2.49396 26.7273 0
      vertex 1.01517 24.9636 0
      vertex 2.17018 26.9601 0
    endloop
  endfacet
  facet normal -0 0 -1
    outer loop
      vertex 2.17018 26.9601 0
      vertex 1.01517 24.9636 0
      vertex 1.82484 27.1595 0
    endloop
  endfacet
  facet normal 0 0 -1
    outer loop
      vertex 0.673335 25.161 0
      vertex 1.82484 27.1595 0
      vertex 1.01517 24.9636 0
    endloop
  endfacet
  facet normal -0 0 -1
    outer loop
      vertex 1.82484 27.1595 0
      vertex 0.673335 25.161 0
      vertex 1.46136 27.3235 0
    endloop
  endfacet
  facet normal -0 0 -1
    outer loop
      vertex 1.46136 27.3235 0
      vertex 0.673335 25.161 0
      vertex 1.08336 27.4505 0
    endloop
  endfacet
  facet normal 0 0 -1
    outer loop
      vertex 0.295201 25.2742 0
      vertex 1.08336 27.4505 0
      vertex 0.673335 25.161 0
    endloop
  endfacet
  facet normal -0 0 -1
    outer loop
      vertex 1.08336 27.4505 0
      vertex 0.295201 25.2742 0
      vertex 0.694592 27.5392 0
    endloop
  endfacet
  facet normal -0 0 -1
    outer loop
      vertex 0.694592 27.5392 0
      vertex 0.295201 25.2742 0
      vertex 0.29892 27.5888 0
    endloop
  endfacet
  facet normal 0 0 -1
    outer loop
      vertex -0.0988455 25.2971 0
      vertex 0.29892 27.5888 0
      vertex 0.295201 25.2742 0
    endloop
  endfacet
  facet normal 0 0 -1
    outer loop
      vertex -0.0988455 25.2971 0
      vertex -0.0997219 27.5988 0
      vertex 0.29892 27.5888 0
    endloop
  endfacet
  facet normal 0 0 -1
    outer loop
      vertex -0.497375 27.569 0
      vertex -0.0988455 25.2971 0
      vertex -0.487565 25.2286 0
    endloop
  endfacet
  facet normal 0 0 -1
    outer loop
      vertex -0.0988455 25.2971 0
      vertex -0.497375 27.569 0
      vertex -0.0997219 27.5988 0
    endloop
  endfacet
  facet normal 0 0 -1
    outer loop
      vertex -1.64515 27.246 0
      vertex -0.487565 25.2286 0
      vertex -0.849999 25.0722 0
    endloop
  endfacet
  facet normal 0 0 -1
    outer loop
      vertex -0.487565 25.2286 0
      vertex -0.890083 27.4997 0
      vertex -0.497375 27.569 0
    endloop
  endfacet
  facet normal 0 0 -1
    outer loop
      vertex -2.33497 26.8478 0
      vertex -0.849999 25.0722 0
      vertex -1.16661 24.8365 0
    endloop
  endfacet
  facet normal 0 0 -1
    outer loop
      vertex -0.487565 25.2286 0
      vertex -1.27395 27.3917 0
      vertex -0.890083 27.4997 0
    endloop
  endfacet
  facet normal 0 0 -1
    outer loop
      vertex -2.93221 26.3207 0
      vertex -1.16661 24.8365 0
      vertex -1.42033 24.5342 0
    endloop
  endfacet
  facet normal 0 0 -1
    outer loop
      vertex -3.60388 25.3355 0
      vertex -1.42033 24.5342 0
      vertex -1.59748 24.1814 0
    endloop
  endfacet
  facet normal 0 0 -1
    outer loop
      vertex -0.487565 25.2286 0
      vertex -1.64515 27.246 0
      vertex -1.27395 27.3917 0
    endloop
  endfacet
  facet normal 0 0 -1
    outer loop
      vertex -3.87631 24.587 0
      vertex -1.59748 24.1814 0
      vertex -1.68851 23.7974 0
    endloop
  endfacet
  facet normal 0 0 -1
    outer loop
      vertex -1.59748 23.0186 0
      vertex -3.99503 23.6627 0
      vertex -1.68851 23.4026 0
    endloop
  endfacet
  facet normal 0 0 -1
    outer loop
      vertex -3.99503 23.7994 0
      vertex -1.68851 23.7974 0
      vertex -3.99503 23.6627 0
    endloop
  endfacet
  facet normal 0 0 -1
    outer loop
      vertex -0.849999 25.0722 0
      vertex -2 27.0641 0
      vertex -1.64515 27.246 0
    endloop
  endfacet
  facet normal 0 0 -1
    outer loop
      vertex -1.68851 23.4026 0
      vertex -3.99503 23.6627 0
      vertex -1.68851 23.7974 0
    endloop
  endfacet
  facet normal 0 0 -1
    outer loop
      vertex -0.849999 25.0722 0
      vertex -2.33497 26.8478 0
      vertex -2 27.0641 0
    endloop
  endfacet
  facet normal 0 0 -1
    outer loop
      vertex -1.16661 24.8365 0
      vertex -2.64674 26.5991 0
      vertex -2.33497 26.8478 0
    endloop
  endfacet
  facet normal 0 0 -1
    outer loop
      vertex -1.42033 22.6658 0
      vertex -3.99503 23.6627 0
      vertex -1.59748 23.0186 0
    endloop
  endfacet
  facet normal 0 0 -1
    outer loop
      vertex -1.16661 24.8365 0
      vertex -2.93221 26.3207 0
      vertex -2.64674 26.5991 0
    endloop
  endfacet
  facet normal 0 0 -1
    outer loop
      vertex -1.42033 24.5342 0
      vertex -3.18853 26.0152 0
      vertex -2.93221 26.3207 0
    endloop
  endfacet
  facet normal 0 0 -1
    outer loop
      vertex -1.42033 24.5342 0
      vertex -3.41316 25.6857 0
      vertex -3.18853 26.0152 0
    endloop
  endfacet
  facet normal 0 0 -1
    outer loop
      vertex -4.16756 23.6354 0
      vertex -3.12567 17.7265 0
      vertex -3.74241 17.6067 0
    endloop
  endfacet
  facet normal 0 0 -1
    outer loop
      vertex -1.42033 24.5342 0
      vertex -3.60388 25.3355 0
      vertex -3.41316 25.6857 0
    endloop
  endfacet
  facet normal 0 0 -1
    outer loop
      vertex -1.59748 24.1814 0
      vertex -3.75877 24.9681 0
      vertex -3.60388 25.3355 0
    endloop
  endfacet
  facet normal 0 0 -1
    outer loop
      vertex -1.59748 24.1814 0
      vertex -3.87631 24.587 0
      vertex -3.75877 24.9681 0
    endloop
  endfacet
  facet normal 0 0 -1
    outer loop
      vertex -1.68851 23.7974 0
      vertex -3.95532 24.1962 0
      vertex -3.87631 24.587 0
    endloop
  endfacet
  facet normal 0 0 -1
    outer loop
      vertex -1.42033 22.6658 0
      vertex -4.16756 23.6354 0
      vertex -3.99503 23.6627 0
    endloop
  endfacet
  facet normal 0 0 -1
    outer loop
      vertex -4.98988 23.4755 0
      vertex -3.74241 17.6067 0
      vertex -4.35459 17.4653 0
    endloop
  endfacet
  facet normal 0 0 -1
    outer loop
      vertex -5.80612 23.2871 0
      vertex -4.35459 17.4653 0
      vertex -4.96147 17.3027 0
    endloop
  endfacet
  facet normal 0 0 -1
    outer loop
      vertex -3.74241 17.6067 0
      vertex -4.98988 23.4755 0
      vertex -4.16756 23.6354 0
    endloop
  endfacet
  facet normal 0 0 -1
    outer loop
      vertex -6.6153 23.0703 0
      vertex -4.96147 17.3027 0
      vertex -5.56231 17.119 0
    endloop
  endfacet
  facet normal 0 0 -1
    outer loop
      vertex -4.35459 17.4653 0
      vertex -5.80612 23.2871 0
      vertex -4.98988 23.4755 0
    endloop
  endfacet
  facet normal 0 0 -1
    outer loop
      vertex -7.41641 22.8254 0
      vertex -5.56231 17.119 0
      vertex -6.15636 16.9145 0
    endloop
  endfacet
  facet normal 0 0 -1
    outer loop
      vertex -4.96147 17.3027 0
      vertex -6.6153 23.0703 0
      vertex -5.80612 23.2871 0
    endloop
  endfacet
  facet normal 0 0 -1
    outer loop
      vertex -8.20848 22.5526 0
      vertex -6.15636 16.9145 0
      vertex -6.74292 16.6893 0
    endloop
  endfacet
  facet normal 0 0 -1
    outer loop
      vertex -8.99056 22.2524 0
      vertex -6.74292 16.6893 0
      vertex -7.32126 16.4438 0
    endloop
  endfacet
  facet normal 0 0 -1
    outer loop
      vertex -5.56231 17.119 0
      vertex -7.41641 22.8254 0
      vertex -6.6153 23.0703 0
    endloop
  endfacet
  facet normal 0 0 -1
    outer loop
      vertex -9.76168 21.9251 0
      vertex -7.32126 16.4438 0
      vertex -7.89068 16.1783 0
    endloop
  endfacet
  facet normal 0 0 -1
    outer loop
      vertex -6.15636 16.9145 0
      vertex -8.20848 22.5526 0
      vertex -7.41641 22.8254 0
    endloop
  endfacet
  facet normal 0 0 -1
    outer loop
      vertex -10.5209 21.5711 0
      vertex -7.89068 16.1783 0
      vertex -8.45049 15.8931 0
    endloop
  endfacet
  facet normal 0 0 -1
    outer loop
      vertex -6.74292 16.6893 0
      vertex -8.99056 22.2524 0
      vertex -8.20848 22.5526 0
    endloop
  endfacet
  facet normal 0 0 -1
    outer loop
      vertex -11.2673 21.1907 0
      vertex -8.45049 15.8931 0
      vertex -9 15.5885 0
    endloop
  endfacet
  facet normal 0 0 -1
    outer loop
      vertex -12 20.7846 0
      vertex -9 15.5885 0
      vertex -9.53855 15.2649 0
    endloop
  endfacet
  facet normal 0 0 -1
    outer loop
      vertex -7.32126 16.4438 0
      vertex -9.76168 21.9251 0
      vertex -8.99056 22.2524 0
    endloop
  endfacet
  facet normal 0 0 -1
    outer loop
      vertex -12.7181 20.3532 0
      vertex -9.53855 15.2649 0
      vertex -10.0655 14.9227 0
    endloop
  endfacet
  facet normal 0 0 -1
    outer loop
      vertex -7.89068 16.1783 0
      vertex -10.5209 21.5711 0
      vertex -9.76168 21.9251 0
    endloop
  endfacet
  facet normal 0 0 -1
    outer loop
      vertex -13.4206 19.8969 0
      vertex -10.0655 14.9227 0
      vertex -10.5801 14.5623 0
    endloop
  endfacet
  facet normal 0 0 -1
    outer loop
      vertex -14.1068 19.4164 0
      vertex -10.5801 14.5623 0
      vertex -11.0819 14.1842 0
    endloop
  endfacet
  facet normal 0 0 -1
    outer loop
      vertex -8.45049 15.8931 0
      vertex -11.2673 21.1907 0
      vertex -10.5209 21.5711 0
    endloop
  endfacet
  facet normal 0 0 -1
    outer loop
      vertex -14.7759 18.9123 0
      vertex -11.0819 14.1842 0
      vertex -11.5702 13.7888 0
    endloop
  endfacet
  facet normal 0 0 -1
    outer loop
      vertex -14.7759 18.9123 0
      vertex -11.5702 13.7888 0
      vertex -11.7224 13.6962 0
    endloop
  endfacet
  facet normal 0 0 -1
    outer loop
      vertex -9 15.5885 0
      vertex -12 20.7846 0
      vertex -11.2673 21.1907 0
    endloop
  endfacet
  facet normal 0 0 -1
    outer loop
      vertex -9.53855 15.2649 0
      vertex -12.7181 20.3532 0
      vertex -12 20.7846 0
    endloop
  endfacet
  facet normal 0 0 -1
    outer loop
      vertex -10.0655 14.9227 0
      vertex -13.4206 19.8969 0
      vertex -12.7181 20.3532 0
    endloop
  endfacet
  facet normal 0 0 -1
    outer loop
      vertex -10.5801 14.5623 0
      vertex -14.1068 19.4164 0
      vertex -13.4206 19.8969 0
    endloop
  endfacet
  facet normal 0 0 -1
    outer loop
      vertex -11.0819 14.1842 0
      vertex -14.7759 18.9123 0
      vertex -14.1068 19.4164 0
    endloop
  endfacet
  facet normal 0 0 -1
    outer loop
      vertex -11.7224 13.6962 0
      vertex -15.4269 18.3851 0
      vertex -14.7759 18.9123 0
    endloop
  endfacet
  facet normal 0 0 -1
    outer loop
      vertex -11.7224 13.6962 0
      vertex -16.0591 17.8355 0
      vertex -15.4269 18.3851 0
    endloop
  endfacet
  facet normal 0 0 -1
    outer loop
      vertex -11.7224 13.6962 0
      vertex -16.6718 17.2642 0
      vertex -16.0591 17.8355 0
    endloop
  endfacet
  facet normal 0 -0 -1
    outer loop
      vertex -16.6718 17.2642 0
      vertex -11.7224 13.6962 0
      vertex -17.1222 16.8137 0
    endloop
  endfacet
  facet normal -0 0 -1
    outer loop
      vertex 22.9322 -8.67267 0
      vertex 21.4534 -10.4364 0
      vertex 22.6084 -8.4399 0
    endloop
  endfacet
  facet normal -0 0 -1
    outer loop
      vertex 22.6084 -8.4399 0
      vertex 21.4534 -10.4364 0
      vertex 22.49 -8.37156 0
    endloop
  endfacet
  facet normal 0 0 -1
    outer loop
      vertex 23.9854 -0.837587 0
      vertex 17.989 -0.62819 0
      vertex 18 0 0
    endloop
  endfacet
  facet normal 0 0 -1
    outer loop
      vertex 17.7265 3.12567 0
      vertex 23.6354 4.16756 0
      vertex 17.8248 2.50512 0
    endloop
  endfacet
  facet normal 0 0 -1
    outer loop
      vertex 17.6067 3.74241 0
      vertex 23.4755 4.98988 0
      vertex 17.7265 3.12567 0
    endloop
  endfacet
  facet normal 0 0 -1
    outer loop
      vertex 21.1115 -10.239 0
      vertex 22.49 -8.37156 0
      vertex 21.4534 -10.4364 0
    endloop
  endfacet
  facet normal -0 0 -1
    outer loop
      vertex 23.4755 4.98988 0
      vertex 17.6067 3.74241 0
      vertex 23.2871 5.80612 0
    endloop
  endfacet
  facet normal 0 0 -1
    outer loop
      vertex 20.7334 -10.1258 0
      vertex 22.49 -8.37156 0
      vertex 21.1115 -10.239 0
    endloop
  endfacet
  facet normal 0 0 -1
    outer loop
      vertex 17.4653 4.35459 0
      vertex 23.2871 5.80612 0
      vertex 17.6067 3.74241 0
    endloop
  endfacet
  facet normal 0 0 -1
    outer loop
      vertex 20.3394 -10.1029 0
      vertex 22.49 -8.37156 0
      vertex 20.7334 -10.1258 0
    endloop
  endfacet
  facet normal -0 0 -1
    outer loop
      vertex 23.2871 5.80612 0
      vertex 17.4653 4.35459 0
      vertex 23.0703 6.6153 0
    endloop
  endfacet
  facet normal -0 0 -1
    outer loop
      vertex 22.5526 -8.20848 0
      vertex 20.3394 -10.1029 0
      vertex 16.9145 -6.15636 0
    endloop
  endfacet
  facet normal 0 0 -1
    outer loop
      vertex 16.9145 -6.15636 0
      vertex 20.3394 -10.1029 0
      vertex 19.9506 -10.1714 0
    endloop
  endfacet
  facet normal 0 0 -1
    outer loop
      vertex 17.3027 4.96147 0
      vertex 23.0703 6.6153 0
      vertex 17.4653 4.35459 0
    endloop
  endfacet
  facet normal 0 0 -1
    outer loop
      vertex 16.6893 -6.74292 0
      vertex 19.9506 -10.1714 0
      vertex 19.5882 -10.3278 0
    endloop
  endfacet
  facet normal -0 0 -1
    outer loop
      vertex 23.0703 6.6153 0
      vertex 17.3027 4.96147 0
      vertex 22.8254 7.41641 0
    endloop
  endfacet
  facet normal 0 0 -1
    outer loop
      vertex 16.1783 -7.89068 0
      vertex 19.5882 -10.3278 0
      vertex 19.2716 -10.5635 0
    endloop
  endfacet
  facet normal 0 0 -1
    outer loop
      vertex 15.8931 -8.45049 0
      vertex 19.2716 -10.5635 0
      vertex 19.0179 -10.8658 0
    endloop
  endfacet
  facet normal 0 0 -1
    outer loop
      vertex 17.119 5.56231 0
      vertex 22.8254 7.41641 0
      vertex 17.3027 4.96147 0
    endloop
  endfacet
  facet normal 0 0 -1
    outer loop
      vertex 15.5885 -9 0
      vertex 19.0179 -10.8658 0
      vertex 18.8407 -11.2186 0
    endloop
  endfacet
  facet normal 0 0 -1
    outer loop
      vertex 14.9227 -10.0655 0
      vertex 18.8407 -11.2186 0
      vertex 18.7497 -11.6026 0
    endloop
  endfacet
  facet normal 0 0 -1
    outer loop
      vertex 18.8407 -12.3814 0
      vertex 14.1842 -11.0819 0
      vertex 18.7497 -11.9974 0
    endloop
  endfacet
  facet normal -0 0 -1
    outer loop
      vertex 18.8407 -12.3814 0
      vertex 18.3851 -15.4269 0
      vertex 13.7888 -11.5702 0
    endloop
  endfacet
  facet normal -0 0 -1
    outer loop
      vertex 22.8254 7.41641 0
      vertex 17.119 5.56231 0
      vertex 22.5526 8.20848 0
    endloop
  endfacet
  facet normal 0 0 -1
    outer loop
      vertex 16.9145 6.15636 0
      vertex 22.5526 8.20848 0
      vertex 17.119 5.56231 0
    endloop
  endfacet
  facet normal -0 0 -1
    outer loop
      vertex 23.6354 4.16756 0
      vertex 17.7265 3.12567 0
      vertex 23.4755 4.98988 0
    endloop
  endfacet
  facet normal 0 0 -1
    outer loop
      vertex 23.9415 -1.67416 0
      vertex 17.9562 -1.25562 0
      vertex 17.989 -0.62819 0
    endloop
  endfacet
  facet normal 0 0 -1
    outer loop
      vertex 23.8685 -2.50868 0
      vertex 17.9014 -1.88151 0
      vertex 17.9562 -1.25562 0
    endloop
  endfacet
  facet normal 0 0 -1
    outer loop
      vertex 13.7888 -11.5702 0
      vertex 18.3851 -15.4269 0
      vertex 17.8355 -16.0591 0
    endloop
  endfacet
  facet normal 0 0 -1
    outer loop
      vertex 23.7664 -3.34015 0
      vertex 17.8248 -2.50512 0
      vertex 17.9014 -1.88151 0
    endloop
  endfacet
  facet normal 0 0 -1
    outer loop
      vertex 23.6354 -4.16756 0
      vertex 17.7265 -3.12567 0
      vertex 17.8248 -2.50512 0
    endloop
  endfacet
  facet normal 0 0 -1
    outer loop
      vertex 23.4755 -4.98988 0
      vertex 17.6067 -3.74241 0
      vertex 17.7265 -3.12567 0
    endloop
  endfacet
  facet normal 0 0 -1
    outer loop
      vertex 23.2871 -5.80612 0
      vertex 17.4653 -4.35459 0
      vertex 17.6067 -3.74241 0
    endloop
  endfacet
  facet normal 0 0 -1
    outer loop
      vertex 23.0703 -6.6153 0
      vertex 17.3027 -4.96147 0
      vertex 17.4653 -4.35459 0
    endloop
  endfacet
  facet normal 0 0 -1
    outer loop
      vertex 13.3766 -12.0444 0
      vertex 17.8355 -16.0591 0
      vertex 17.2642 -16.6718 0
    endloop
  endfacet
  facet normal 0 0 -1
    outer loop
      vertex 22.8254 -7.41641 0
      vertex 17.119 -5.56231 0
      vertex 17.3027 -4.96147 0
    endloop
  endfacet
  facet normal 0 0 -1
    outer loop
      vertex 22.5526 -8.20848 0
      vertex 16.9145 -6.15636 0
      vertex 17.119 -5.56231 0
    endloop
  endfacet
  facet normal 0 0 -1
    outer loop
      vertex 19.9506 -10.1714 0
      vertex 16.6893 -6.74292 0
      vertex 16.9145 -6.15636 0
    endloop
  endfacet
  facet normal 0 0 -1
    outer loop
      vertex 12.9481 -12.5038 0
      vertex 17.2642 -16.6718 0
      vertex 16.6718 -17.2642 0
    endloop
  endfacet
  facet normal 0 0 -1
    outer loop
      vertex 19.5882 -10.3278 0
      vertex 16.4438 -7.32126 0
      vertex 16.6893 -6.74292 0
    endloop
  endfacet
  facet normal 0 0 -1
    outer loop
      vertex 19.5882 -10.3278 0
      vertex 16.1783 -7.89068 0
      vertex 16.4438 -7.32126 0
    endloop
  endfacet
  facet normal 0 0 -1
    outer loop
      vertex 12.5038 -12.9481 0
      vertex 16.6718 -17.2642 0
      vertex 16.0591 -17.8355 0
    endloop
  endfacet
  facet normal 0 0 -1
    outer loop
      vertex 19.2716 -10.5635 0
      vertex 15.8931 -8.45049 0
      vertex 16.1783 -7.89068 0
    endloop
  endfacet
  facet normal 0 0 -1
    outer loop
      vertex 19.0179 -10.8658 0
      vertex 15.5885 -9 0
      vertex 15.8931 -8.45049 0
    endloop
  endfacet
  facet normal 0 0 -1
    outer loop
      vertex 12.0444 -13.3766 0
      vertex 16.0591 -17.8355 0
      vertex 15.4269 -18.3851 0
    endloop
  endfacet
  facet normal 0 0 -1
    outer loop
      vertex 18.8407 -11.2186 0
      vertex 15.2649 -9.53855 0
      vertex 15.5885 -9 0
    endloop
  endfacet
  facet normal 0 0 -1
    outer loop
      vertex 18.8407 -11.2186 0
      vertex 14.9227 -10.0655 0
      vertex 15.2649 -9.53855 0
    endloop
  endfacet
  facet normal 0 0 -1
    outer loop
      vertex 11.5702 -13.7888 0
      vertex 15.4269 -18.3851 0
      vertex 14.7759 -18.9123 0
    endloop
  endfacet
  facet normal 0 0 -1
    outer loop
      vertex 18.7497 -11.6026 0
      vertex 14.5623 -10.5801 0
      vertex 14.9227 -10.0655 0
    endloop
  endfacet
  facet normal 0 0 -1
    outer loop
      vertex 18.7497 -11.9974 0
      vertex 14.5623 -10.5801 0
      vertex 18.7497 -11.6026 0
    endloop
  endfacet
  facet normal 0 0 -1
    outer loop
      vertex 11.0819 -14.1842 0
      vertex 14.7759 -18.9123 0
      vertex 14.1068 -19.4164 0
    endloop
  endfacet
  facet normal 0 -0 -1
    outer loop
      vertex 14.5623 -10.5801 0
      vertex 18.7497 -11.9974 0
      vertex 14.1842 -11.0819 0
    endloop
  endfacet
  facet normal 0 0 -1
    outer loop
      vertex 10.5801 -14.5623 0
      vertex 14.1068 -19.4164 0
      vertex 13.4206 -19.8969 0
    endloop
  endfacet
  facet normal 0 0 -1
    outer loop
      vertex 17.8355 -16.0591 0
      vertex 13.3766 -12.0444 0
      vertex 13.7888 -11.5702 0
    endloop
  endfacet
  facet normal 0 0 -1
    outer loop
      vertex 17.2642 -16.6718 0
      vertex 12.9481 -12.5038 0
      vertex 13.3766 -12.0444 0
    endloop
  endfacet
  facet normal 0 0 -1
    outer loop
      vertex 10.0655 -14.9227 0
      vertex 13.4206 -19.8969 0
      vertex 12.7181 -20.3532 0
    endloop
  endfacet
  facet normal 0 0 -1
    outer loop
      vertex 16.6718 -17.2642 0
      vertex 12.5038 -12.9481 0
      vertex 12.9481 -12.5038 0
    endloop
  endfacet
  facet normal 0 0 -1
    outer loop
      vertex 16.0591 -17.8355 0
      vertex 12.0444 -13.3766 0
      vertex 12.5038 -12.9481 0
    endloop
  endfacet
  facet normal 0 0 -1
    outer loop
      vertex 9.53855 -15.2649 0
      vertex 12.7181 -20.3532 0
      vertex 12 -20.7846 0
    endloop
  endfacet
  facet normal 0 0 -1
    outer loop
      vertex 15.4269 -18.3851 0
      vertex 11.5702 -13.7888 0
      vertex 12.0444 -13.3766 0
    endloop
  endfacet
  facet normal 0 0 -1
    outer loop
      vertex 9 -15.5885 0
      vertex 12 -20.7846 0
      vertex 11.2673 -21.1907 0
    endloop
  endfacet
  facet normal 0 0 -1
    outer loop
      vertex 14.7759 -18.9123 0
      vertex 11.0819 -14.1842 0
      vertex 11.5702 -13.7888 0
    endloop
  endfacet
  facet normal 0 0 -1
    outer loop
      vertex 14.1068 -19.4164 0
      vertex 10.5801 -14.5623 0
      vertex 11.0819 -14.1842 0
    endloop
  endfacet
  facet normal 0 0 -1
    outer loop
      vertex 8.45049 -15.8931 0
      vertex 11.2673 -21.1907 0
      vertex 10.5209 -21.5711 0
    endloop
  endfacet
  facet normal 0 0 -1
    outer loop
      vertex 13.4206 -19.8969 0
      vertex 10.0655 -14.9227 0
      vertex 10.5801 -14.5623 0
    endloop
  endfacet
  facet normal 0 0 -1
    outer loop
      vertex 7.89068 -16.1783 0
      vertex 10.5209 -21.5711 0
      vertex 9.76168 -21.9251 0
    endloop
  endfacet
  facet normal 0 0 -1
    outer loop
      vertex 12.7181 -20.3532 0
      vertex 9.53855 -15.2649 0
      vertex 10.0655 -14.9227 0
    endloop
  endfacet
  facet normal 0 0 -1
    outer loop
      vertex 12 -20.7846 0
      vertex 9 -15.5885 0
      vertex 9.53855 -15.2649 0
    endloop
  endfacet
  facet normal 0 0 -1
    outer loop
      vertex 7.32126 -16.4438 0
      vertex 9.76168 -21.9251 0
      vertex 8.99056 -22.2524 0
    endloop
  endfacet
  facet normal 0 0 -1
    outer loop
      vertex 11.2673 -21.1907 0
      vertex 8.45049 -15.8931 0
      vertex 9 -15.5885 0
    endloop
  endfacet
  facet normal 0 0 -1
    outer loop
      vertex 6.74292 -16.6893 0
      vertex 8.99056 -22.2524 0
      vertex 8.20848 -22.5526 0
    endloop
  endfacet
  facet normal 0 0 -1
    outer loop
      vertex 10.5209 -21.5711 0
      vertex 7.89068 -16.1783 0
      vertex 8.45049 -15.8931 0
    endloop
  endfacet
  facet normal 0 0 -1
    outer loop
      vertex 6.15636 -16.9145 0
      vertex 8.20848 -22.5526 0
      vertex 7.41641 -22.8254 0
    endloop
  endfacet
  facet normal 0 0 -1
    outer loop
      vertex 9.76168 -21.9251 0
      vertex 7.32126 -16.4438 0
      vertex 7.89068 -16.1783 0
    endloop
  endfacet
  facet normal 0 0 -1
    outer loop
      vertex 8.99056 -22.2524 0
      vertex 6.74292 -16.6893 0
      vertex 7.32126 -16.4438 0
    endloop
  endfacet
  facet normal 0 0 -1
    outer loop
      vertex 5.56231 -17.119 0
      vertex 7.41641 -22.8254 0
      vertex 6.6153 -23.0703 0
    endloop
  endfacet
  facet normal 0 0 -1
    outer loop
      vertex 8.20848 -22.5526 0
      vertex 6.15636 -16.9145 0
      vertex 6.74292 -16.6893 0
    endloop
  endfacet
  facet normal 0 0 -1
    outer loop
      vertex 4.96147 -17.3027 0
      vertex 6.6153 -23.0703 0
      vertex 5.80612 -23.2871 0
    endloop
  endfacet
  facet normal 0 0 -1
    outer loop
      vertex 7.41641 -22.8254 0
      vertex 5.56231 -17.119 0
      vertex 6.15636 -16.9145 0
    endloop
  endfacet
  facet normal 0 0 -1
    outer loop
      vertex 4.35459 -17.4653 0
      vertex 5.80612 -23.2871 0
      vertex 4.98988 -23.4755 0
    endloop
  endfacet
  facet normal 0 0 -1
    outer loop
      vertex 6.6153 -23.0703 0
      vertex 4.96147 -17.3027 0
      vertex 5.56231 -17.119 0
    endloop
  endfacet
  facet normal 0 0 -1
    outer loop
      vertex 5.80612 -23.2871 0
      vertex 4.35459 -17.4653 0
      vertex 4.96147 -17.3027 0
    endloop
  endfacet
  facet normal 0 0 -1
    outer loop
      vertex 3.74241 -17.6067 0
      vertex 4.98988 -23.4755 0
      vertex 4.16756 -23.6354 0
    endloop
  endfacet
  facet normal 0 0 -1
    outer loop
      vertex 4.98988 -23.4755 0
      vertex 3.74241 -17.6067 0
      vertex 4.35459 -17.4653 0
    endloop
  endfacet
  facet normal 0 0 -1
    outer loop
      vertex 3.12567 -17.7265 0
      vertex 4.16756 -23.6354 0
      vertex 3.34015 -23.7664 0
    endloop
  endfacet
  facet normal 0 0 -1
    outer loop
      vertex 4.16756 -23.6354 0
      vertex 3.12567 -17.7265 0
      vertex 3.74241 -17.6067 0
    endloop
  endfacet
  facet normal 0 0 -1
    outer loop
      vertex 2.50512 -17.8248 0
      vertex 3.34015 -23.7664 0
      vertex 2.50868 -23.8685 0
    endloop
  endfacet
  facet normal 0 0 -1
    outer loop
      vertex 3.34015 -23.7664 0
      vertex 2.50512 -17.8248 0
      vertex 3.12567 -17.7265 0
    endloop
  endfacet
  facet normal 0 0 -1
    outer loop
      vertex 2.50868 -23.8685 0
      vertex 1.88151 -17.9014 0
      vertex 2.50512 -17.8248 0
    endloop
  endfacet
  facet normal 0 0 -1
    outer loop
      vertex 1.67416 -23.9415 0
      vertex 1.88151 -17.9014 0
      vertex 2.50868 -23.8685 0
    endloop
  endfacet
  facet normal 0 0 -1
    outer loop
      vertex 1.67416 -23.9415 0
      vertex 1.25562 -17.9562 0
      vertex 1.88151 -17.9014 0
    endloop
  endfacet
  facet normal 0 0 -1
    outer loop
      vertex 0.837587 -23.9854 0
      vertex 1.25562 -17.9562 0
      vertex 1.67416 -23.9415 0
    endloop
  endfacet
  facet normal 0 0 -1
    outer loop
      vertex 0.837587 -23.9854 0
      vertex 0.62819 -17.989 0
      vertex 1.25562 -17.9562 0
    endloop
  endfacet
  facet normal 0 0 -1
    outer loop
      vertex 0 -24 0
      vertex 0.62819 -17.989 0
      vertex 0.837587 -23.9854 0
    endloop
  endfacet
  facet normal 0 0 -1
    outer loop
      vertex 0 -24 0
      vertex 0 -18 0
      vertex 0.62819 -17.989 0
    endloop
  endfacet
  facet normal 0 0 -1
    outer loop
      vertex 0 -24 0
      vertex -0.62819 -17.989 0
      vertex 0 -18 0
    endloop
  endfacet
  facet normal 0 0 -1
    outer loop
      vertex -0.837587 -23.9854 0
      vertex -0.62819 -17.989 0
      vertex 0 -24 0
    endloop
  endfacet
  facet normal 0 0 -1
    outer loop
      vertex -0.837587 -23.9854 0
      vertex -1.25562 -17.9562 0
      vertex -0.62819 -17.989 0
    endloop
  endfacet
  facet normal 0 0 -1
    outer loop
      vertex -1.67416 -23.9415 0
      vertex -1.25562 -17.9562 0
      vertex -0.837587 -23.9854 0
    endloop
  endfacet
  facet normal 0 0 -1
    outer loop
      vertex -1.67416 -23.9415 0
      vertex -1.88151 -17.9014 0
      vertex -1.25562 -17.9562 0
    endloop
  endfacet
  facet normal 0 0 -1
    outer loop
      vertex -2.50868 -23.8685 0
      vertex -1.88151 -17.9014 0
      vertex -1.67416 -23.9415 0
    endloop
  endfacet
  facet normal -0 0 -1
    outer loop
      vertex -1.88151 -17.9014 0
      vertex -2.50868 -23.8685 0
      vertex -2.50512 -17.8248 0
    endloop
  endfacet
  facet normal 0 0 -1
    outer loop
      vertex -3.34015 -23.7664 0
      vertex -2.50512 -17.8248 0
      vertex -2.50868 -23.8685 0
    endloop
  endfacet
  facet normal -0 0 -1
    outer loop
      vertex -2.50512 -17.8248 0
      vertex -3.34015 -23.7664 0
      vertex -3.12567 -17.7265 0
    endloop
  endfacet
  facet normal 0 0 -1
    outer loop
      vertex -4.16756 -23.6354 0
      vertex -3.12567 -17.7265 0
      vertex -3.34015 -23.7664 0
    endloop
  endfacet
  facet normal -0 0 -1
    outer loop
      vertex -3.12567 -17.7265 0
      vertex -4.16756 -23.6354 0
      vertex -3.74241 -17.6067 0
    endloop
  endfacet
  facet normal 0 0 -1
    outer loop
      vertex -4.98988 -23.4755 0
      vertex -3.74241 -17.6067 0
      vertex -4.16756 -23.6354 0
    endloop
  endfacet
  facet normal -0 0 -1
    outer loop
      vertex -3.74241 -17.6067 0
      vertex -4.98988 -23.4755 0
      vertex -4.35459 -17.4653 0
    endloop
  endfacet
  facet normal 0 0 -1
    outer loop
      vertex -5.80612 -23.2871 0
      vertex -4.35459 -17.4653 0
      vertex -4.98988 -23.4755 0
    endloop
  endfacet
  facet normal -0 0 -1
    outer loop
      vertex -4.35459 -17.4653 0
      vertex -5.80612 -23.2871 0
      vertex -4.96147 -17.3027 0
    endloop
  endfacet
  facet normal 0 0 -1
    outer loop
      vertex -6.6153 -23.0703 0
      vertex -4.96147 -17.3027 0
      vertex -5.80612 -23.2871 0
    endloop
  endfacet
  facet normal -0 0 -1
    outer loop
      vertex -4.96147 -17.3027 0
      vertex -6.6153 -23.0703 0
      vertex -5.56231 -17.119 0
    endloop
  endfacet
  facet normal 0 0 -1
    outer loop
      vertex -7.41641 -22.8254 0
      vertex -5.56231 -17.119 0
      vertex -6.6153 -23.0703 0
    endloop
  endfacet
  facet normal -0 0 -1
    outer loop
      vertex -5.56231 -17.119 0
      vertex -7.41641 -22.8254 0
      vertex -6.15636 -16.9145 0
    endloop
  endfacet
  facet normal 0 0 -1
    outer loop
      vertex -8.20848 -22.5526 0
      vertex -6.15636 -16.9145 0
      vertex -7.41641 -22.8254 0
    endloop
  endfacet
  facet normal -0 0 -1
    outer loop
      vertex -6.15636 -16.9145 0
      vertex -8.20848 -22.5526 0
      vertex -6.74292 -16.6893 0
    endloop
  endfacet
  facet normal 0 0 -1
    outer loop
      vertex -8.99056 -22.2524 0
      vertex -6.74292 -16.6893 0
      vertex -8.20848 -22.5526 0
    endloop
  endfacet
  facet normal -0 0 -1
    outer loop
      vertex -6.74292 -16.6893 0
      vertex -8.99056 -22.2524 0
      vertex -7.32126 -16.4438 0
    endloop
  endfacet
  facet normal 0 0 -1
    outer loop
      vertex -9.76168 -21.9251 0
      vertex -7.32126 -16.4438 0
      vertex -8.99056 -22.2524 0
    endloop
  endfacet
  facet normal -0 0 -1
    outer loop
      vertex -7.32126 -16.4438 0
      vertex -9.76168 -21.9251 0
      vertex -7.89068 -16.1783 0
    endloop
  endfacet
  facet normal 0 0 -1
    outer loop
      vertex -10.5209 -21.5711 0
      vertex -7.89068 -16.1783 0
      vertex -9.76168 -21.9251 0
    endloop
  endfacet
  facet normal -0 0 -1
    outer loop
      vertex -7.89068 -16.1783 0
      vertex -10.5209 -21.5711 0
      vertex -8.45049 -15.8931 0
    endloop
  endfacet
  facet normal 0 0 -1
    outer loop
      vertex -11.2673 -21.1907 0
      vertex -8.45049 -15.8931 0
      vertex -10.5209 -21.5711 0
    endloop
  endfacet
  facet normal -0 0 -1
    outer loop
      vertex -8.45049 -15.8931 0
      vertex -11.2673 -21.1907 0
      vertex -9 -15.5885 0
    endloop
  endfacet
  facet normal 0 0 -1
    outer loop
      vertex -12 -20.7846 0
      vertex -9 -15.5885 0
      vertex -11.2673 -21.1907 0
    endloop
  endfacet
  facet normal -0 0 -1
    outer loop
      vertex -9 -15.5885 0
      vertex -12 -20.7846 0
      vertex -9.53855 -15.2649 0
    endloop
  endfacet
  facet normal 0 0 -1
    outer loop
      vertex -12.7181 -20.3532 0
      vertex -9.53855 -15.2649 0
      vertex -12 -20.7846 0
    endloop
  endfacet
  facet normal -0 0 -1
    outer loop
      vertex -9.53855 -15.2649 0
      vertex -12.7181 -20.3532 0
      vertex -10.0655 -14.9227 0
    endloop
  endfacet
  facet normal 0 0 -1
    outer loop
      vertex -13.4206 -19.8969 0
      vertex -10.0655 -14.9227 0
      vertex -12.7181 -20.3532 0
    endloop
  endfacet
  facet normal -0 0 -1
    outer loop
      vertex -10.0655 -14.9227 0
      vertex -13.4206 -19.8969 0
      vertex -10.5801 -14.5623 0
    endloop
  endfacet
  facet normal 0 0 -1
    outer loop
      vertex -14.1068 -19.4164 0
      vertex -10.5801 -14.5623 0
      vertex -13.4206 -19.8969 0
    endloop
  endfacet
  facet normal -0 0 -1
    outer loop
      vertex -10.5801 -14.5623 0
      vertex -14.1068 -19.4164 0
      vertex -11.0819 -14.1842 0
    endloop
  endfacet
  facet normal 0 0 -1
    outer loop
      vertex -14.7759 -18.9123 0
      vertex -11.0819 -14.1842 0
      vertex -14.1068 -19.4164 0
    endloop
  endfacet
  facet normal -0 0 -1
    outer loop
      vertex -11.0819 -14.1842 0
      vertex -14.7759 -18.9123 0
      vertex -11.5702 -13.7888 0
    endloop
  endfacet
  facet normal 0 0 -1
    outer loop
      vertex -15.4269 -18.3851 0
      vertex -11.5702 -13.7888 0
      vertex -14.7759 -18.9123 0
    endloop
  endfacet
  facet normal -0 0 -1
    outer loop
      vertex -11.5702 -13.7888 0
      vertex -15.4269 -18.3851 0
      vertex -12.0444 -13.3766 0
    endloop
  endfacet
  facet normal 0 0 -1
    outer loop
      vertex -16.0591 -17.8355 0
      vertex -12.0444 -13.3766 0
      vertex -15.4269 -18.3851 0
    endloop
  endfacet
  facet normal -0 0 -1
    outer loop
      vertex -12.0444 -13.3766 0
      vertex -16.0591 -17.8355 0
      vertex -12.5038 -12.9481 0
    endloop
  endfacet
  facet normal 0 0 -1
    outer loop
      vertex -16.6718 -17.2642 0
      vertex -12.5038 -12.9481 0
      vertex -16.0591 -17.8355 0
    endloop
  endfacet
  facet normal -0 0 -1
    outer loop
      vertex -12.5038 -12.9481 0
      vertex -16.6718 -17.2642 0
      vertex -12.9481 -12.5038 0
    endloop
  endfacet
  facet normal 0 0 -1
    outer loop
      vertex -17.2642 -16.6718 0
      vertex -12.9481 -12.5038 0
      vertex -16.6718 -17.2642 0
    endloop
  endfacet
  facet normal -0 0 -1
    outer loop
      vertex -12.9481 -12.5038 0
      vertex -17.2642 -16.6718 0
      vertex -13.3766 -12.0444 0
    endloop
  endfacet
  facet normal 0 0 -1
    outer loop
      vertex -17.8355 -16.0591 0
      vertex -13.3766 -12.0444 0
      vertex -17.2642 -16.6718 0
    endloop
  endfacet
  facet normal -0 0 -1
    outer loop
      vertex -13.3766 -12.0444 0
      vertex -17.8355 -16.0591 0
      vertex -13.7888 -11.5702 0
    endloop
  endfacet
  facet normal 0 0 -1
    outer loop
      vertex -18.3851 -15.4269 0
      vertex -13.7888 -11.5702 0
      vertex -17.8355 -16.0591 0
    endloop
  endfacet
  facet normal 0 0 -1
    outer loop
      vertex -18.7382 -11.8 0
      vertex -13.7888 -11.5702 0
      vertex -18.3851 -15.4269 0
    endloop
  endfacet
  facet normal -0 0 -1
    outer loop
      vertex -13.7888 -11.5702 0
      vertex -18.7382 -11.8 0
      vertex -14.1842 -11.0819 0
    endloop
  endfacet
  facet normal -0 0 -1
    outer loop
      vertex -14.1842 -11.0819 0
      vertex -18.7382 -11.8 0
      vertex -14.5623 -10.5801 0
    endloop
  endfacet
  facet normal -0 0 -1
    outer loop
      vertex -14.5623 -10.5801 0
      vertex -18.7382 -11.8 0
      vertex -14.9227 -10.0655 0
    endloop
  endfacet
  facet normal 0 0 -1
    outer loop
      vertex -18.784 -11.408 0
      vertex -14.9227 -10.0655 0
      vertex -18.7382 -11.8 0
    endloop
  endfacet
  facet normal -0 0 -1
    outer loop
      vertex -14.9227 -10.0655 0
      vertex -18.784 -11.408 0
      vertex -15.2649 -9.53855 0
    endloop
  endfacet
  facet normal 0 0 -1
    outer loop
      vertex -18.919 -11.037 0
      vertex -15.2649 -9.53855 0
      vertex -18.784 -11.408 0
    endloop
  endfacet
  facet normal -0 0 -1
    outer loop
      vertex -15.2649 -9.53855 0
      vertex -18.919 -11.037 0
      vertex -15.5885 -9 0
    endloop
  endfacet
  facet normal 0 0 -1
    outer loop
      vertex -19.1359 -10.7073 0
      vertex -15.5885 -9 0
      vertex -18.919 -11.037 0
    endloop
  endfacet
  facet normal -0 0 -1
    outer loop
      vertex -15.5885 -9 0
      vertex -19.1359 -10.7073 0
      vertex -15.8931 -8.45049 0
    endloop
  endfacet
  facet normal -0 0 -1
    outer loop
      vertex -15.8931 -8.45049 0
      vertex -19.1359 -10.7073 0
      vertex -16.1783 -7.89068 0
    endloop
  endfacet
  facet normal 0 0 -1
    outer loop
      vertex -19.423 -10.4364 0
      vertex -16.1783 -7.89068 0
      vertex -19.1359 -10.7073 0
    endloop
  endfacet
  facet normal -0 0 -1
    outer loop
      vertex -16.1783 -7.89068 0
      vertex -19.423 -10.4364 0
      vertex -16.4438 -7.32126 0
    endloop
  endfacet
  facet normal 0 0 -1
    outer loop
      vertex -19.7649 -10.239 0
      vertex -16.4438 -7.32126 0
      vertex -19.423 -10.4364 0
    endloop
  endfacet
  facet normal -0 0 -1
    outer loop
      vertex -16.4438 -7.32126 0
      vertex -19.7649 -10.239 0
      vertex -16.6893 -6.74292 0
    endloop
  endfacet
  facet normal 0 0 -1
    outer loop
      vertex -20.143 -10.1258 0
      vertex -16.6893 -6.74292 0
      vertex -19.7649 -10.239 0
    endloop
  endfacet
  facet normal -0 0 -1
    outer loop
      vertex -16.6893 -6.74292 0
      vertex -20.143 -10.1258 0
      vertex -16.9145 -6.15636 0
    endloop
  endfacet
  facet normal 0 0 -1
    outer loop
      vertex -22.5526 -8.20848 0
      vertex -16.9145 -6.15636 0
      vertex -20.143 -10.1258 0
    endloop
  endfacet
  facet normal -0 0 -1
    outer loop
      vertex -16.9145 -6.15636 0
      vertex -22.5526 -8.20848 0
      vertex -17.119 -5.56231 0
    endloop
  endfacet
  facet normal 0 0 -1
    outer loop
      vertex -22.8254 -7.41641 0
      vertex -17.119 -5.56231 0
      vertex -22.5526 -8.20848 0
    endloop
  endfacet
  facet normal -0.99503 0.0995782 0
    outer loop
      vertex -3.99503 23.7994 0
      vertex -3.95532 24.1962 2
      vertex -3.95532 24.1962 0
    endloop
  endfacet
  facet normal -0.99503 0.0995782 0
    outer loop
      vertex -3.95532 24.1962 2
      vertex -3.99503 23.7994 0
      vertex -3.99503 23.7994 2
    endloop
  endfacet
  facet normal -1 0 0
    outer loop
      vertex -3.99503 23.6627 0
      vertex -3.99503 23.7994 2
      vertex -3.99503 23.7994 0
    endloop
  endfacet
  facet normal -1 -0 0
    outer loop
      vertex -3.99503 23.7994 2
      vertex -3.99503 23.6627 0
      vertex -3.99503 23.6627 2
    endloop
  endfacet
  facet normal -0.92146 0.388473 0
    outer loop
      vertex -3.75877 24.9681 0
      vertex -3.60388 25.3355 2
      vertex -3.60388 25.3355 0
    endloop
  endfacet
  facet normal -0.92146 0.388473 0
    outer loop
      vertex -3.60388 25.3355 2
      vertex -3.75877 24.9681 0
      vertex -3.75877 24.9681 2
    endloop
  endfacet
  facet normal -0.87821 0.478276 0
    outer loop
      vertex -3.60388 25.3355 0
      vertex -3.41316 25.6857 2
      vertex -3.41316 25.6857 0
    endloop
  endfacet
  facet normal -0.87821 0.478276 0
    outer loop
      vertex -3.41316 25.6857 2
      vertex -3.60388 25.3355 0
      vertex -3.60388 25.3355 2
    endloop
  endfacet
  facet normal -0.878254 0.478195 0
    outer loop
      vertex -24.0421 -10.0645 0
      vertex -23.8514 -9.71426 2
      vertex -23.8514 -9.71426 0
    endloop
  endfacet
  facet normal -0.878254 0.478195 0
    outer loop
      vertex -23.8514 -9.71426 2
      vertex -24.0421 -10.0645 0
      vertex -24.0421 -10.0645 2
    endloop
  endfacet
  facet normal -0.270876 -0.962614 0
    outer loop
      vertex -21.7121 -15.5917 0
      vertex -21.3283 -15.6997 2
      vertex -21.7121 -15.5917 2
    endloop
  endfacet
  facet normal -0.270876 -0.962614 -0
    outer loop
      vertex -21.3283 -15.6997 2
      vertex -21.7121 -15.5917 0
      vertex -21.3283 -15.6997 0
    endloop
  endfacet
  facet normal -0.698148 -0.715953 0
    outer loop
      vertex -23.3704 -14.5207 0
      vertex -23.0849 -14.7991 2
      vertex -23.3704 -14.5207 2
    endloop
  endfacet
  facet normal -0.698148 -0.715953 -0
    outer loop
      vertex -23.0849 -14.7991 2
      vertex -23.3704 -14.5207 0
      vertex -23.0849 -14.7991 0
    endloop
  endfacet
  facet normal 0.411345 -0.91148 0
    outer loop
      vertex -18.9768 -15.5235 0
      vertex -18.6134 -15.3595 2
      vertex -18.9768 -15.5235 2
    endloop
  endfacet
  facet normal 0.411345 -0.91148 0
    outer loop
      vertex -18.6134 -15.3595 2
      vertex -18.9768 -15.5235 0
      vertex -18.6134 -15.3595 0
    endloop
  endfacet
  facet normal -0.82618 -0.563407 0
    outer loop
      vertex -23.6267 -14.2152 0
      vertex -23.8514 -13.8857 2
      vertex -23.8514 -13.8857 0
    endloop
  endfacet
  facet normal -0.82618 -0.563407 0
    outer loop
      vertex -23.8514 -13.8857 2
      vertex -23.6267 -14.2152 0
      vertex -23.6267 -14.2152 2
    endloop
  endfacet
  facet normal 0.318484 -0.947928 0
    outer loop
      vertex -19.3548 -15.6505 0
      vertex -18.9768 -15.5235 2
      vertex -19.3548 -15.6505 2
    endloop
  endfacet
  facet normal 0.318484 -0.947928 0
    outer loop
      vertex -18.9768 -15.5235 2
      vertex -19.3548 -15.6505 0
      vertex -18.9768 -15.5235 0
    endloop
  endfacet
  facet normal -0.54253 0.840037 0
    outer loop
      vertex -22.4907 -8.3698 0
      vertex -22.7732 -8.55225 2
      vertex -22.4907 -8.3698 2
    endloop
  endfacet
  facet normal -0.54253 0.840037 0
    outer loop
      vertex -22.7732 -8.55225 2
      vertex -22.4907 -8.3698 0
      vertex -22.7732 -8.55225 0
    endloop
  endfacet
  facet normal -0.995032 -0.0995534 0
    outer loop
      vertex -24.3935 -12.3962 0
      vertex -24.4332 -11.9994 2
      vertex -24.4332 -11.9994 0
    endloop
  endfacet
  facet normal -0.995032 -0.0995534 0
    outer loop
      vertex -24.4332 -11.9994 2
      vertex -24.3935 -12.3962 0
      vertex -24.3935 -12.3962 2
    endloop
  endfacet
  facet normal 0.222423 -0.97495 0
    outer loop
      vertex -19.7436 -15.7392 0
      vertex -19.3548 -15.6505 2
      vertex -19.7436 -15.7392 2
    endloop
  endfacet
  facet normal 0.222423 -0.97495 0
    outer loop
      vertex -19.3548 -15.6505 2
      vertex -19.7436 -15.7392 0
      vertex -19.3548 -15.6505 0
    endloop
  endfacet
  facet normal 0.0250799 -0.999685 0
    outer loop
      vertex -20.5379 -15.7988 0
      vertex -20.1393 -15.7888 2
      vertex -20.5379 -15.7988 2
    endloop
  endfacet
  facet normal 0.0250799 -0.999685 0
    outer loop
      vertex -20.1393 -15.7888 2
      vertex -20.5379 -15.7988 0
      vertex -20.1393 -15.7888 0
    endloop
  endfacet
  facet normal 0.49968 -0.86621 0
    outer loop
      vertex -18.6134 -15.3595 0
      vertex -18.495 -15.2912 2
      vertex -18.6134 -15.3595 2
    endloop
  endfacet
  facet normal 0.49968 -0.86621 0
    outer loop
      vertex -18.495 -15.2912 2
      vertex -18.6134 -15.3595 0
      vertex -18.495 -15.2912 0
    endloop
  endfacet
  facet normal -0.980173 -0.198142 0
    outer loop
      vertex -24.3145 -12.787 0
      vertex -24.3935 -12.3962 2
      vertex -24.3935 -12.3962 0
    endloop
  endfacet
  facet normal -0.980173 -0.198142 0
    outer loop
      vertex -24.3935 -12.3962 2
      vertex -24.3145 -12.787 0
      vertex -24.3145 -12.787 2
    endloop
  endfacet
  facet normal -0.955611 -0.294632 0
    outer loop
      vertex -24.197 -13.1681 0
      vertex -24.3145 -12.787 2
      vertex -24.3145 -12.787 0
    endloop
  endfacet
  facet normal -0.955611 -0.294632 0
    outer loop
      vertex -24.3145 -12.787 2
      vertex -24.197 -13.1681 0
      vertex -24.197 -13.1681 2
    endloop
  endfacet
  facet normal -0.921451 0.388494 0
    outer loop
      vertex -24.197 -10.4319 0
      vertex -24.0421 -10.0645 2
      vertex -24.0421 -10.0645 0
    endloop
  endfacet
  facet normal -0.921451 0.388494 0
    outer loop
      vertex -24.0421 -10.0645 2
      vertex -24.197 -10.4319 0
      vertex -24.197 -10.4319 2
    endloop
  endfacet
  facet normal -0.980173 0.198142 0
    outer loop
      vertex -24.3935 -11.2038 0
      vertex -24.3145 -10.813 2
      vertex -24.3145 -10.813 0
    endloop
  endfacet
  facet normal -0.980173 0.198142 0
    outer loop
      vertex -24.3145 -10.813 2
      vertex -24.3935 -11.2038 0
      vertex -24.3935 -11.2038 2
    endloop
  endfacet
  facet normal -0.955611 0.294632 0
    outer loop
      vertex -24.3145 -10.813 0
      vertex -24.197 -10.4319 2
      vertex -24.197 -10.4319 0
    endloop
  endfacet
  facet normal -0.955611 0.294632 0
    outer loop
      vertex -24.197 -10.4319 2
      vertex -24.3145 -10.813 0
      vertex -24.3145 -10.813 2
    endloop
  endfacet
  facet normal -0.54243 -0.840101 0
    outer loop
      vertex -22.7732 -15.0478 0
      vertex -22.4382 -15.2641 2
      vertex -22.7732 -15.0478 2
    endloop
  endfacet
  facet normal -0.54243 -0.840101 -0
    outer loop
      vertex -22.4382 -15.2641 2
      vertex -22.7732 -15.0478 0
      vertex -22.4382 -15.2641 0
    endloop
  endfacet
  facet normal -0.623563 0.781773 0
    outer loop
      vertex -22.7732 -8.55225 0
      vertex -23.0849 -8.80087 2
      vertex -22.7732 -8.55225 2
    endloop
  endfacet
  facet normal -0.623563 0.781773 0
    outer loop
      vertex -23.0849 -8.80087 2
      vertex -22.7732 -8.55225 0
      vertex -23.0849 -8.80087 0
    endloop
  endfacet
  facet normal -0.826164 0.56343 0
    outer loop
      vertex -23.8514 -9.71426 0
      vertex -23.6267 -9.38478 2
      vertex -23.6267 -9.38478 0
    endloop
  endfacet
  facet normal -0.826164 0.56343 0
    outer loop
      vertex -23.6267 -9.38478 2
      vertex -23.8514 -9.71426 0
      vertex -23.8514 -9.71426 2
    endloop
  endfacet
  facet normal -0.7661 -0.642721 0
    outer loop
      vertex -23.3704 -14.5207 0
      vertex -23.6267 -14.2152 2
      vertex -23.6267 -14.2152 0
    endloop
  endfacet
  facet normal -0.7661 -0.642721 0
    outer loop
      vertex -23.6267 -14.2152 2
      vertex -23.3704 -14.5207 0
      vertex -23.3704 -14.5207 2
    endloop
  endfacet
  facet normal -0.878231 -0.478237 0
    outer loop
      vertex -23.8514 -13.8857 0
      vertex -24.0421 -13.5355 2
      vertex -24.0421 -13.5355 0
    endloop
  endfacet
  facet normal -0.878231 -0.478237 0
    outer loop
      vertex -24.0421 -13.5355 2
      vertex -23.8514 -13.8857 0
      vertex -23.8514 -13.8857 2
    endloop
  endfacet
  facet normal -0.456118 -0.889919 0
    outer loop
      vertex -22.4382 -15.2641 0
      vertex -22.0833 -15.446 2
      vertex -22.4382 -15.2641 2
    endloop
  endfacet
  facet normal -0.456118 -0.889919 -0
    outer loop
      vertex -22.0833 -15.446 2
      vertex -22.4382 -15.2641 0
      vertex -22.0833 -15.446 0
    endloop
  endfacet
  facet normal -0.6982 0.715903 0
    outer loop
      vertex -23.0849 -8.80087 0
      vertex -23.3704 -9.07931 2
      vertex -23.0849 -8.80087 2
    endloop
  endfacet
  facet normal -0.6982 0.715903 0
    outer loop
      vertex -23.3704 -9.07931 2
      vertex -23.0849 -8.80087 0
      vertex -23.3704 -9.07931 0
    endloop
  endfacet
  facet normal -0.0747214 -0.997204 0
    outer loop
      vertex -20.9356 -15.769 0
      vertex -20.5379 -15.7988 2
      vertex -20.9356 -15.769 2
    endloop
  endfacet
  facet normal -0.0747214 -0.997204 -0
    outer loop
      vertex -20.5379 -15.7988 2
      vertex -20.9356 -15.769 0
      vertex -20.5379 -15.7988 0
    endloop
  endfacet
  facet normal -0.766069 0.642759 0
    outer loop
      vertex -23.6267 -9.38478 0
      vertex -23.3704 -9.07931 2
      vertex -23.3704 -9.07931 0
    endloop
  endfacet
  facet normal -0.766069 0.642759 0
    outer loop
      vertex -23.3704 -9.07931 2
      vertex -23.6267 -9.38478 0
      vertex -23.6267 -9.38478 2
    endloop
  endfacet
  facet normal -0.921451 -0.388494 0
    outer loop
      vertex -24.0421 -13.5355 0
      vertex -24.197 -13.1681 2
      vertex -24.197 -13.1681 0
    endloop
  endfacet
  facet normal -0.921451 -0.388494 0
    outer loop
      vertex -24.197 -13.1681 2
      vertex -24.0421 -13.5355 0
      vertex -24.0421 -13.5355 2
    endloop
  endfacet
  facet normal 0.124374 -0.992235 0
    outer loop
      vertex -20.1393 -15.7888 0
      vertex -19.7436 -15.7392 2
      vertex -20.1393 -15.7888 2
    endloop
  endfacet
  facet normal 0.124374 -0.992235 0
    outer loop
      vertex -19.7436 -15.7392 2
      vertex -20.1393 -15.7888 0
      vertex -19.7436 -15.7392 0
    endloop
  endfacet
  facet normal -0.995032 0.0995534 0
    outer loop
      vertex -24.4332 -11.6006 0
      vertex -24.3935 -11.2038 2
      vertex -24.3935 -11.2038 0
    endloop
  endfacet
  facet normal -0.995032 0.0995534 0
    outer loop
      vertex -24.3935 -11.2038 2
      vertex -24.4332 -11.6006 0
      vertex -24.4332 -11.6006 2
    endloop
  endfacet
  facet normal -0.365373 -0.930861 0
    outer loop
      vertex -22.0833 -15.446 0
      vertex -21.7121 -15.5917 2
      vertex -22.0833 -15.446 2
    endloop
  endfacet
  facet normal -0.365373 -0.930861 -0
    outer loop
      vertex -21.7121 -15.5917 2
      vertex -22.0833 -15.446 0
      vertex -21.7121 -15.5917 0
    endloop
  endfacet
  facet normal -0.623685 -0.781676 0
    outer loop
      vertex -23.0849 -14.7991 0
      vertex -22.7732 -15.0478 2
      vertex -23.0849 -14.7991 2
    endloop
  endfacet
  facet normal -0.623685 -0.781676 -0
    outer loop
      vertex -22.7732 -15.0478 2
      vertex -23.0849 -14.7991 0
      vertex -22.7732 -15.0478 0
    endloop
  endfacet
  facet normal -1 0 0
    outer loop
      vertex -24.4332 -11.9994 0
      vertex -24.4332 -11.6006 2
      vertex -24.4332 -11.6006 0
    endloop
  endfacet
  facet normal -1 -0 0
    outer loop
      vertex -24.4332 -11.6006 2
      vertex -24.4332 -11.9994 0
      vertex -24.4332 -11.9994 2
    endloop
  endfacet
  facet normal -0.173785 -0.984784 0
    outer loop
      vertex -21.3283 -15.6997 0
      vertex -20.9356 -15.769 2
      vertex -21.3283 -15.6997 2
    endloop
  endfacet
  facet normal -0.173785 -0.984784 -0
    outer loop
      vertex -20.9356 -15.769 2
      vertex -21.3283 -15.6997 0
      vertex -20.9356 -15.769 0
    endloop
  endfacet
  facet normal 0.988842 0.148966 0
    outer loop
      vertex 24.4183 -11.4017 2
      vertex 24.3589 -11.0074 0
      vertex 24.3589 -11.0074 2
    endloop
  endfacet
  facet normal 0.988842 0.148966 0
    outer loop
      vertex 24.3589 -11.0074 0
      vertex 24.4183 -11.4017 2
      vertex 24.4183 -11.4017 0
    endloop
  endfacet
  facet normal 0.998754 0.0499001 0
    outer loop
      vertex 24.4382 -11.8 2
      vertex 24.4183 -11.4017 0
      vertex 24.4183 -11.4017 2
    endloop
  endfacet
  facet normal 0.998754 0.0499001 0
    outer loop
      vertex 24.4183 -11.4017 0
      vertex 24.4382 -11.8 2
      vertex 24.4382 -11.8 0
    endloop
  endfacet
  facet normal 0.969071 0.246782 0
    outer loop
      vertex 24.3589 -11.0074 2
      vertex 24.2605 -10.621 0
      vertex 24.2605 -10.621 2
    endloop
  endfacet
  facet normal 0.969071 0.246782 0
    outer loop
      vertex 24.2605 -10.621 0
      vertex 24.3589 -11.0074 2
      vertex 24.3589 -11.0074 0
    endloop
  endfacet
  facet normal 0.797105 0.603841 0
    outer loop
      vertex 23.7432 -9.54672 2
      vertex 23.5024 -9.22885 0
      vertex 23.5024 -9.22885 2
    endloop
  endfacet
  facet normal 0.797105 0.603841 0
    outer loop
      vertex 23.5024 -9.22885 0
      vertex 23.7432 -9.54672 2
      vertex 23.7432 -9.54672 0
    endloop
  endfacet
  facet normal 0.5837 0.811969 -0
    outer loop
      vertex 22.9322 -8.67267 0
      vertex 22.6084 -8.4399 2
      vertex 22.9322 -8.67267 2
    endloop
  endfacet
  facet normal 0.5837 0.811969 0
    outer loop
      vertex 22.6084 -8.4399 2
      vertex 22.9322 -8.67267 0
      vertex 22.6084 -8.4399 0
    endloop
  endfacet
  facet normal 0.998754 -0.0499001 0
    outer loop
      vertex 24.4183 -12.1983 2
      vertex 24.4382 -11.8 0
      vertex 24.4382 -11.8 2
    endloop
  endfacet
  facet normal 0.998754 -0.0499001 0
    outer loop
      vertex 24.4382 -11.8 0
      vertex 24.4183 -12.1983 2
      vertex 24.4183 -12.1983 0
    endloop
  endfacet
  facet normal -0.173785 -0.984784 0
    outer loop
      vertex 19.5481 -15.6997 0
      vertex 19.9408 -15.769 2
      vertex 19.5481 -15.6997 2
    endloop
  endfacet
  facet normal -0.173785 -0.984784 -0
    outer loop
      vertex 19.9408 -15.769 2
      vertex 19.5481 -15.6997 0
      vertex 19.9408 -15.769 0
    endloop
  endfacet
  facet normal -0.270876 -0.962614 0
    outer loop
      vertex 19.1643 -15.5917 0
      vertex 19.5481 -15.6997 2
      vertex 19.1643 -15.5917 2
    endloop
  endfacet
  facet normal -0.270876 -0.962614 -0
    outer loop
      vertex 19.5481 -15.6997 2
      vertex 19.1643 -15.5917 0
      vertex 19.5481 -15.6997 0
    endloop
  endfacet
  facet normal 0.411345 -0.91148 0
    outer loop
      vertex 21.8996 -15.5235 0
      vertex 22.263 -15.3595 2
      vertex 21.8996 -15.5235 2
    endloop
  endfacet
  facet normal 0.411345 -0.91148 0
    outer loop
      vertex 22.263 -15.3595 2
      vertex 21.8996 -15.5235 0
      vertex 22.263 -15.3595 0
    endloop
  endfacet
  facet normal 0.318484 -0.947928 0
    outer loop
      vertex 21.5216 -15.6505 0
      vertex 21.8996 -15.5235 2
      vertex 21.5216 -15.6505 2
    endloop
  endfacet
  facet normal 0.318484 -0.947928 0
    outer loop
      vertex 21.8996 -15.5235 2
      vertex 21.5216 -15.6505 0
      vertex 21.8996 -15.5235 0
    endloop
  endfacet
  facet normal 0.222423 -0.97495 0
    outer loop
      vertex 21.1328 -15.7392 0
      vertex 21.5216 -15.6505 2
      vertex 21.1328 -15.7392 2
    endloop
  endfacet
  facet normal 0.222423 -0.97495 0
    outer loop
      vertex 21.5216 -15.6505 2
      vertex 21.1328 -15.7392 0
      vertex 21.5216 -15.6505 0
    endloop
  endfacet
  facet normal 0.0250799 -0.999685 0
    outer loop
      vertex 20.3385 -15.7988 0
      vertex 20.7371 -15.7888 2
      vertex 20.3385 -15.7988 2
    endloop
  endfacet
  facet normal 0.0250799 -0.999685 0
    outer loop
      vertex 20.7371 -15.7888 2
      vertex 20.3385 -15.7988 0
      vertex 20.7371 -15.7888 0
    endloop
  endfacet
  facet normal 0.58375 -0.811934 0
    outer loop
      vertex 22.6084 -15.1601 0
      vertex 22.9322 -14.9273 2
      vertex 22.6084 -15.1601 2
    endloop
  endfacet
  facet normal 0.58375 -0.811934 0
    outer loop
      vertex 22.9322 -14.9273 2
      vertex 22.6084 -15.1601 0
      vertex 22.9322 -14.9273 0
    endloop
  endfacet
  facet normal 0.499968 -0.866044 0
    outer loop
      vertex 22.263 -15.3595 0
      vertex 22.6084 -15.1601 2
      vertex 22.263 -15.3595 2
    endloop
  endfacet
  facet normal 0.499968 -0.866044 0
    outer loop
      vertex 22.6084 -15.1601 2
      vertex 22.263 -15.3595 0
      vertex 22.6084 -15.1601 0
    endloop
  endfacet
  facet normal 0.969071 -0.246782 0
    outer loop
      vertex 24.2605 -12.979 2
      vertex 24.3589 -12.5926 0
      vertex 24.3589 -12.5926 2
    endloop
  endfacet
  facet normal 0.969071 -0.246782 0
    outer loop
      vertex 24.3589 -12.5926 0
      vertex 24.2605 -12.979 2
      vertex 24.2605 -12.979 0
    endloop
  endfacet
  facet normal 0.901007 0.433804 0
    outer loop
      vertex 24.1241 -10.2463 2
      vertex 23.9511 -9.88698 0
      vertex 23.9511 -9.88698 2
    endloop
  endfacet
  facet normal 0.901007 0.433804 0
    outer loop
      vertex 23.9511 -9.88698 0
      vertex 24.1241 -10.2463 2
      vertex 24.1241 -10.2463 0
    endloop
  endfacet
  facet normal 0.797132 -0.603805 0
    outer loop
      vertex 23.5024 -14.3712 2
      vertex 23.7432 -14.0533 0
      vertex 23.7432 -14.0533 2
    endloop
  endfacet
  facet normal 0.797132 -0.603805 0
    outer loop
      vertex 23.7432 -14.0533 0
      vertex 23.5024 -14.3712 2
      vertex 23.5024 -14.3712 0
    endloop
  endfacet
  facet normal 0.939676 0.342065 0
    outer loop
      vertex 24.2605 -10.621 2
      vertex 24.1241 -10.2463 0
      vertex 24.1241 -10.2463 2
    endloop
  endfacet
  facet normal 0.939676 0.342065 0
    outer loop
      vertex 24.1241 -10.2463 0
      vertex 24.2605 -10.621 2
      vertex 24.2605 -10.621 0
    endloop
  endfacet
  facet normal 0.85335 -0.521338 0
    outer loop
      vertex 23.7432 -14.0533 2
      vertex 23.9511 -13.713 0
      vertex 23.9511 -13.713 2
    endloop
  endfacet
  facet normal 0.85335 -0.521338 0
    outer loop
      vertex 23.9511 -13.713 0
      vertex 23.7432 -14.0533 2
      vertex 23.7432 -14.0533 0
    endloop
  endfacet
  facet normal 0.4999 0.866083 -0
    outer loop
      vertex 22.6084 -8.4399 0
      vertex 22.49 -8.37156 2
      vertex 22.6084 -8.4399 2
    endloop
  endfacet
  facet normal 0.4999 0.866083 0
    outer loop
      vertex 22.49 -8.37156 2
      vertex 22.6084 -8.4399 0
      vertex 22.49 -8.37156 0
    endloop
  endfacet
  facet normal 0.853323 0.521383 0
    outer loop
      vertex 23.9511 -9.88698 2
      vertex 23.7432 -9.54672 0
      vertex 23.7432 -9.54672 2
    endloop
  endfacet
  facet normal 0.853323 0.521383 0
    outer loop
      vertex 23.7432 -9.54672 0
      vertex 23.9511 -9.88698 2
      vertex 23.9511 -9.88698 0
    endloop
  endfacet
  facet normal 0.988842 -0.148966 0
    outer loop
      vertex 24.3589 -12.5926 2
      vertex 24.4183 -12.1983 0
      vertex 24.4183 -12.1983 2
    endloop
  endfacet
  facet normal 0.988842 -0.148966 0
    outer loop
      vertex 24.4183 -12.1983 0
      vertex 24.3589 -12.5926 2
      vertex 24.3589 -12.5926 0
    endloop
  endfacet
  facet normal -0.456111 -0.889923 0
    outer loop
      vertex 18.4938 -15.2926 0
      vertex 18.7931 -15.446 2
      vertex 18.4938 -15.2926 2
    endloop
  endfacet
  facet normal -0.456111 -0.889923 -0
    outer loop
      vertex 18.7931 -15.446 2
      vertex 18.4938 -15.2926 0
      vertex 18.7931 -15.446 0
    endloop
  endfacet
  facet normal -0.0747214 -0.997204 0
    outer loop
      vertex 19.9408 -15.769 0
      vertex 20.3385 -15.7988 2
      vertex 19.9408 -15.769 2
    endloop
  endfacet
  facet normal -0.0747214 -0.997204 -0
    outer loop
      vertex 20.3385 -15.7988 2
      vertex 19.9408 -15.769 0
      vertex 20.3385 -15.7988 0
    endloop
  endfacet
  facet normal 0.124374 -0.992235 0
    outer loop
      vertex 20.7371 -15.7888 0
      vertex 21.1328 -15.7392 2
      vertex 20.7371 -15.7888 2
    endloop
  endfacet
  facet normal 0.124374 -0.992235 0
    outer loop
      vertex 21.1328 -15.7392 2
      vertex 20.7371 -15.7888 0
      vertex 21.1328 -15.7392 0
    endloop
  endfacet
  facet normal 0.661797 0.749683 -0
    outer loop
      vertex 23.2311 -8.93653 0
      vertex 22.9322 -8.67267 2
      vertex 23.2311 -8.93653 2
    endloop
  endfacet
  facet normal 0.661797 0.749683 0
    outer loop
      vertex 22.9322 -8.67267 2
      vertex 23.2311 -8.93653 0
      vertex 22.9322 -8.67267 0
    endloop
  endfacet
  facet normal 0.732969 0.680263 0
    outer loop
      vertex 23.5024 -9.22885 2
      vertex 23.2311 -8.93653 0
      vertex 23.2311 -8.93653 2
    endloop
  endfacet
  facet normal 0.732969 0.680263 0
    outer loop
      vertex 23.2311 -8.93653 0
      vertex 23.5024 -9.22885 2
      vertex 23.5024 -9.22885 0
    endloop
  endfacet
  facet normal 0.939676 -0.342065 0
    outer loop
      vertex 24.1241 -13.3537 2
      vertex 24.2605 -12.979 0
      vertex 24.2605 -12.979 2
    endloop
  endfacet
  facet normal 0.939676 -0.342065 0
    outer loop
      vertex 24.2605 -12.979 0
      vertex 24.1241 -13.3537 2
      vertex 24.1241 -13.3537 0
    endloop
  endfacet
  facet normal -0.365373 -0.930861 0
    outer loop
      vertex 18.7931 -15.446 0
      vertex 19.1643 -15.5917 2
      vertex 18.7931 -15.446 2
    endloop
  endfacet
  facet normal -0.365373 -0.930861 -0
    outer loop
      vertex 19.1643 -15.5917 2
      vertex 18.7931 -15.446 0
      vertex 19.1643 -15.5917 0
    endloop
  endfacet
  facet normal 0.900998 -0.433823 0
    outer loop
      vertex 23.9511 -13.713 2
      vertex 24.1241 -13.3537 0
      vertex 24.1241 -13.3537 2
    endloop
  endfacet
  facet normal 0.900998 -0.433823 0
    outer loop
      vertex 24.1241 -13.3537 0
      vertex 23.9511 -13.713 2
      vertex 23.9511 -13.713 0
    endloop
  endfacet
  facet normal 0.732945 -0.680288 0
    outer loop
      vertex 23.2311 -14.6635 2
      vertex 23.5024 -14.3712 0
      vertex 23.5024 -14.3712 2
    endloop
  endfacet
  facet normal 0.732945 -0.680288 0
    outer loop
      vertex 23.5024 -14.3712 0
      vertex 23.2311 -14.6635 2
      vertex 23.2311 -14.6635 0
    endloop
  endfacet
  facet normal 0.661713 -0.749757 0
    outer loop
      vertex 22.9322 -14.9273 0
      vertex 23.2311 -14.6635 2
      vertex 22.9322 -14.9273 2
    endloop
  endfacet
  facet normal 0.661713 -0.749757 0
    outer loop
      vertex 23.2311 -14.6635 2
      vertex 22.9322 -14.9273 0
      vertex 23.2311 -14.6635 0
    endloop
  endfacet
  facet normal 0.998626 0.0524039 0
    outer loop
      vertex 23.9854 0.837587 2
      vertex 23.9415 1.67416 0
      vertex 23.9415 1.67416 2
    endloop
  endfacet
  facet normal 0.998626 0.0524039 0
    outer loop
      vertex 23.9415 1.67416 0
      vertex 23.9854 0.837587 2
      vertex 23.9854 0.837587 0
    endloop
  endfacet
  facet normal 0.999848 0.0174284 0
    outer loop
      vertex 24 0 2
      vertex 23.9854 0.837587 0
      vertex 23.9854 0.837587 2
    endloop
  endfacet
  facet normal 0.999848 0.0174284 0
    outer loop
      vertex 23.9854 0.837587 0
      vertex 24 0 2
      vertex 24 0 0
    endloop
  endfacet
  facet normal 0.996196 0.0871427 0
    outer loop
      vertex 23.9415 1.67416 2
      vertex 23.8685 2.50868 0
      vertex 23.8685 2.50868 2
    endloop
  endfacet
  facet normal 0.996196 0.0871427 0
    outer loop
      vertex 23.8685 2.50868 0
      vertex 23.9415 1.67416 2
      vertex 23.9415 1.67416 0
    endloop
  endfacet
  facet normal -0.999848 -0.0174284 0
    outer loop
      vertex -23.9854 -0.837587 0
      vertex -24 0 2
      vertex -24 0 0
    endloop
  endfacet
  facet normal -0.999848 -0.0174284 0
    outer loop
      vertex -24 0 2
      vertex -23.9854 -0.837587 0
      vertex -23.9854 -0.837587 2
    endloop
  endfacet
  facet normal 0.731385 0.681965 0
    outer loop
      vertex 17.8355 16.0591 2
      vertex 17.2642 16.6718 0
      vertex 17.2642 16.6718 2
    endloop
  endfacet
  facet normal 0.731385 0.681965 0
    outer loop
      vertex 17.2642 16.6718 0
      vertex 17.8355 16.0591 2
      vertex 17.8355 16.0591 0
    endloop
  endfacet
  facet normal -0.974382 -0.224901 0
    outer loop
      vertex -23.2871 -5.80612 0
      vertex -23.4755 -4.98988 2
      vertex -23.4755 -4.98988 0
    endloop
  endfacet
  facet normal -0.974382 -0.224901 0
    outer loop
      vertex -23.4755 -4.98988 2
      vertex -23.2871 -5.80612 0
      vertex -23.2871 -5.80612 2
    endloop
  endfacet
  facet normal 0.0871427 -0.996196 0
    outer loop
      vertex 1.67416 -23.9415 0
      vertex 2.50868 -23.8685 2
      vertex 1.67416 -23.9415 2
    endloop
  endfacet
  facet normal 0.0871427 -0.996196 0
    outer loop
      vertex 2.50868 -23.8685 2
      vertex 1.67416 -23.9415 0
      vertex 2.50868 -23.8685 0
    endloop
  endfacet
  facet normal 0.629342 -0.777128 0
    outer loop
      vertex 14.7759 -18.9123 0
      vertex 15.4269 -18.3851 2
      vertex 14.7759 -18.9123 2
    endloop
  endfacet
  facet normal 0.629342 -0.777128 0
    outer loop
      vertex 15.4269 -18.3851 2
      vertex 14.7759 -18.9123 0
      vertex 15.4269 -18.3851 0
    endloop
  endfacet
  facet normal 0.945493 -0.325641 0
    outer loop
      vertex 22.5526 -8.20848 2
      vertex 22.8254 -7.41641 0
      vertex 22.8254 -7.41641 2
    endloop
  endfacet
  facet normal 0.945493 -0.325641 0
    outer loop
      vertex 22.8254 -7.41641 0
      vertex 22.5526 -8.20848 2
      vertex 22.5526 -8.20848 0
    endloop
  endfacet
  facet normal 0.933581 -0.358365 0
    outer loop
      vertex 22.49 -8.37156 2
      vertex 22.5526 -8.20848 0
      vertex 22.5526 -8.20848 2
    endloop
  endfacet
  facet normal 0.933581 -0.358365 0
    outer loop
      vertex 22.5526 -8.20848 0
      vertex 22.49 -8.37156 2
      vertex 22.49 -8.37156 0
    endloop
  endfacet
  facet normal 0.358355 -0.933585 0
    outer loop
      vertex 8.20848 -22.5526 0
      vertex 8.99056 -22.2524 2
      vertex 8.20848 -22.5526 2
    endloop
  endfacet
  facet normal 0.358355 -0.933585 0
    outer loop
      vertex 8.99056 -22.2524 2
      vertex 8.20848 -22.5526 0
      vertex 8.99056 -22.2524 0
    endloop
  endfacet
  facet normal 0.945493 0.325641 0
    outer loop
      vertex 22.8254 7.41641 2
      vertex 22.5526 8.20848 0
      vertex 22.5526 8.20848 2
    endloop
  endfacet
  facet normal 0.945493 0.325641 0
    outer loop
      vertex 22.5526 8.20848 0
      vertex 22.8254 7.41641 2
      vertex 22.8254 7.41641 0
    endloop
  endfacet
  facet normal -0.51497 0.857208 0
    outer loop
      vertex -12 20.7846 0
      vertex -12.7181 20.3532 2
      vertex -12 20.7846 2
    endloop
  endfacet
  facet normal -0.51497 0.857208 0
    outer loop
      vertex -12.7181 20.3532 2
      vertex -12 20.7846 0
      vertex -12.7181 20.3532 0
    endloop
  endfacet
  facet normal 0.857208 0.51497 0
    outer loop
      vertex 20.7846 12 2
      vertex 20.3532 12.7181 0
      vertex 20.3532 12.7181 2
    endloop
  endfacet
  facet normal 0.857208 0.51497 0
    outer loop
      vertex 20.3532 12.7181 0
      vertex 20.7846 12 2
      vertex 20.7846 12 0
    endloop
  endfacet
  facet normal -0.681965 0.731385 0
    outer loop
      vertex -16.0591 17.8355 0
      vertex -16.6718 17.2642 2
      vertex -16.0591 17.8355 2
    endloop
  endfacet
  facet normal -0.681965 0.731385 0
    outer loop
      vertex -16.6718 17.2642 2
      vertex -16.0591 17.8355 0
      vertex -16.6718 17.2642 0
    endloop
  endfacet
  facet normal 0.987697 -0.156378 0
    outer loop
      vertex 23.6354 -4.16756 2
      vertex 23.7664 -3.34015 0
      vertex 23.7664 -3.34015 2
    endloop
  endfacet
  facet normal 0.987697 -0.156378 0
    outer loop
      vertex 23.7664 -3.34015 0
      vertex 23.6354 -4.16756 2
      vertex 23.6354 -4.16756 0
    endloop
  endfacet
  facet normal 0.754688 -0.656084 0
    outer loop
      vertex 17.8355 -16.0591 2
      vertex 18.3851 -15.4269 0
      vertex 18.3851 -15.4269 2
    endloop
  endfacet
  facet normal 0.754688 -0.656084 0
    outer loop
      vertex 18.3851 -15.4269 0
      vertex 17.8355 -16.0591 2
      vertex 17.8355 -16.0591 0
    endloop
  endfacet
  facet normal -0.996196 0.0871427 0
    outer loop
      vertex -23.9415 1.67416 0
      vertex -23.8685 2.50868 2
      vertex -23.8685 2.50868 0
    endloop
  endfacet
  facet normal -0.996196 0.0871427 0
    outer loop
      vertex -23.8685 2.50868 2
      vertex -23.9415 1.67416 0
      vertex -23.9415 1.67416 2
    endloop
  endfacet
  facet normal -0.292346 0.956313 0
    outer loop
      vertex -6.6153 23.0703 0
      vertex -7.41641 22.8254 2
      vertex -6.6153 23.0703 2
    endloop
  endfacet
  facet normal -0.292346 0.956313 0
    outer loop
      vertex -7.41641 22.8254 2
      vertex -6.6153 23.0703 0
      vertex -7.41641 22.8254 0
    endloop
  endfacet
  facet normal 0.258798 -0.965932 0
    outer loop
      vertex 5.80612 -23.2871 0
      vertex 6.6153 -23.0703 2
      vertex 5.80612 -23.2871 2
    endloop
  endfacet
  facet normal 0.258798 -0.965932 0
    outer loop
      vertex 6.6153 -23.0703 2
      vertex 5.80612 -23.2871 0
      vertex 6.6153 -23.0703 0
    endloop
  endfacet
  facet normal -0.422589 -0.906322 0
    outer loop
      vertex -10.5209 -21.5711 0
      vertex -9.76168 -21.9251 2
      vertex -10.5209 -21.5711 2
    endloop
  endfacet
  facet normal -0.422589 -0.906322 -0
    outer loop
      vertex -9.76168 -21.9251 2
      vertex -10.5209 -21.5711 0
      vertex -9.76168 -21.9251 0
    endloop
  endfacet
  facet normal 0.707107 -0.707107 0
    outer loop
      vertex 16.6718 -17.2642 2
      vertex 17.2642 -16.6718 0
      vertex 17.2642 -16.6718 2
    endloop
  endfacet
  facet normal 0.707107 -0.707107 0
    outer loop
      vertex 17.2642 -16.6718 0
      vertex 16.6718 -17.2642 2
      vertex 16.6718 -17.2642 0
    endloop
  endfacet
  facet normal -0.656084 -0.754688 0
    outer loop
      vertex -16.0591 -17.8355 0
      vertex -15.4269 -18.3851 2
      vertex -16.0591 -17.8355 2
    endloop
  endfacet
  facet normal -0.656084 -0.754688 -0
    outer loop
      vertex -15.4269 -18.3851 2
      vertex -16.0591 -17.8355 0
      vertex -15.4269 -18.3851 0
    endloop
  endfacet
  facet normal 0.422589 0.906322 -0
    outer loop
      vertex 10.5209 21.5711 0
      vertex 9.76168 21.9251 2
      vertex 10.5209 21.5711 2
    endloop
  endfacet
  facet normal 0.422589 0.906322 0
    outer loop
      vertex 9.76168 21.9251 2
      vertex 10.5209 21.5711 0
      vertex 9.76168 21.9251 0
    endloop
  endfacet
  facet normal 0.965932 0.258798 0
    outer loop
      vertex 23.2871 5.80612 2
      vertex 23.0703 6.6153 0
      vertex 23.0703 6.6153 2
    endloop
  endfacet
  facet normal 0.965932 0.258798 0
    outer loop
      vertex 23.0703 6.6153 0
      vertex 23.2871 5.80612 2
      vertex 23.2871 5.80612 0
    endloop
  endfacet
  facet normal -0.358355 0.933585 0
    outer loop
      vertex -8.20848 22.5526 0
      vertex -8.99056 22.2524 2
      vertex -8.20848 22.5526 2
    endloop
  endfacet
  facet normal -0.358355 0.933585 0
    outer loop
      vertex -8.99056 22.2524 2
      vertex -8.20848 22.5526 0
      vertex -8.99056 22.2524 0
    endloop
  endfacet
  facet normal 0.999848 -0.0174284 0
    outer loop
      vertex 23.9854 -0.837587 2
      vertex 24 0 0
      vertex 24 0 2
    endloop
  endfacet
  facet normal 0.999848 -0.0174284 0
    outer loop
      vertex 24 0 0
      vertex 23.9854 -0.837587 2
      vertex 23.9854 -0.837587 0
    endloop
  endfacet
  facet normal -0.156289 0.987711 0
    outer loop
      vertex -3.99503 23.6627 0
      vertex -4.16756 23.6354 2
      vertex -3.99503 23.6627 2
    endloop
  endfacet
  facet normal -0.156289 0.987711 0
    outer loop
      vertex -4.16756 23.6354 2
      vertex -3.99503 23.6627 0
      vertex -4.16756 23.6354 0
    endloop
  endfacet
  facet normal 0.965932 -0.258798 0
    outer loop
      vertex 23.0703 -6.6153 2
      vertex 23.2871 -5.80612 0
      vertex 23.2871 -5.80612 2
    endloop
  endfacet
  facet normal 0.965932 -0.258798 0
    outer loop
      vertex 23.2871 -5.80612 0
      vertex 23.0703 -6.6153 2
      vertex 23.0703 -6.6153 0
    endloop
  endfacet
  facet normal -0.0871427 -0.996196 0
    outer loop
      vertex -2.50868 -23.8685 0
      vertex -1.67416 -23.9415 2
      vertex -2.50868 -23.8685 2
    endloop
  endfacet
  facet normal -0.0871427 -0.996196 -0
    outer loop
      vertex -1.67416 -23.9415 2
      vertex -2.50868 -23.8685 0
      vertex -1.67416 -23.9415 0
    endloop
  endfacet
  facet normal -0.39071 0.920514 0
    outer loop
      vertex -8.99056 22.2524 0
      vertex -9.76168 21.9251 2
      vertex -8.99056 22.2524 2
    endloop
  endfacet
  facet normal -0.39071 0.920514 0
    outer loop
      vertex -9.76168 21.9251 2
      vertex -8.99056 22.2524 0
      vertex -9.76168 21.9251 0
    endloop
  endfacet
  facet normal -0.325641 -0.945493 0
    outer loop
      vertex -8.20848 -22.5526 0
      vertex -7.41641 -22.8254 2
      vertex -8.20848 -22.5526 2
    endloop
  endfacet
  facet normal -0.325641 -0.945493 -0
    outer loop
      vertex -7.41641 -22.8254 2
      vertex -8.20848 -22.5526 0
      vertex -7.41641 -22.8254 0
    endloop
  endfacet
  facet normal 0.629342 0.777128 -0
    outer loop
      vertex 15.4269 18.3851 0
      vertex 14.7759 18.9123 2
      vertex 15.4269 18.3851 2
    endloop
  endfacet
  facet normal 0.629342 0.777128 0
    outer loop
      vertex 14.7759 18.9123 2
      vertex 15.4269 18.3851 0
      vertex 14.7759 18.9123 0
    endloop
  endfacet
  facet normal 0.51497 -0.857208 0
    outer loop
      vertex 12 -20.7846 0
      vertex 12.7181 -20.3532 2
      vertex 12 -20.7846 2
    endloop
  endfacet
  facet normal 0.51497 -0.857208 0
    outer loop
      vertex 12.7181 -20.3532 2
      vertex 12 -20.7846 0
      vertex 12.7181 -20.3532 0
    endloop
  endfacet
  facet normal -0.325641 0.945493 0
    outer loop
      vertex -7.41641 22.8254 0
      vertex -8.20848 22.5526 2
      vertex -7.41641 22.8254 2
    endloop
  endfacet
  facet normal -0.325641 0.945493 0
    outer loop
      vertex -8.20848 22.5526 2
      vertex -7.41641 22.8254 0
      vertex -8.20848 22.5526 0
    endloop
  endfacet
  facet normal -0.731385 -0.681965 0
    outer loop
      vertex -17.2642 -16.6718 0
      vertex -17.8355 -16.0591 2
      vertex -17.8355 -16.0591 0
    endloop
  endfacet
  facet normal -0.731385 -0.681965 0
    outer loop
      vertex -17.8355 -16.0591 2
      vertex -17.2642 -16.6718 0
      vertex -17.2642 -16.6718 2
    endloop
  endfacet
  facet normal -0.629342 -0.777128 0
    outer loop
      vertex -15.4269 -18.3851 0
      vertex -14.7759 -18.9123 2
      vertex -15.4269 -18.3851 2
    endloop
  endfacet
  facet normal -0.629342 -0.777128 -0
    outer loop
      vertex -14.7759 -18.9123 2
      vertex -15.4269 -18.3851 0
      vertex -14.7759 -18.9123 0
    endloop
  endfacet
  facet normal 0.156248 0.987718 -0
    outer loop
      vertex 4.16756 23.6354 0
      vertex 3.99688 23.6624 2
      vertex 4.16756 23.6354 2
    endloop
  endfacet
  facet normal 0.156248 0.987718 0
    outer loop
      vertex 3.99688 23.6624 2
      vertex 4.16756 23.6354 0
      vertex 3.99688 23.6624 0
    endloop
  endfacet
  facet normal -0.965914 0.258864 0
    outer loop
      vertex -23.2871 5.80612 0
      vertex -23.1222 6.42142 2
      vertex -23.1222 6.42142 0
    endloop
  endfacet
  facet normal -0.965914 0.258864 0
    outer loop
      vertex -23.1222 6.42142 2
      vertex -23.2871 5.80612 0
      vertex -23.2871 5.80612 2
    endloop
  endfacet
  facet normal 0.731385 -0.681965 0
    outer loop
      vertex 17.2642 -16.6718 2
      vertex 17.8355 -16.0591 0
      vertex 17.8355 -16.0591 2
    endloop
  endfacet
  facet normal 0.731385 -0.681965 0
    outer loop
      vertex 17.8355 -16.0591 0
      vertex 17.2642 -16.6718 2
      vertex 17.2642 -16.6718 0
    endloop
  endfacet
  facet normal 0.325641 0.945493 -0
    outer loop
      vertex 8.20848 22.5526 0
      vertex 7.41641 22.8254 2
      vertex 8.20848 22.5526 2
    endloop
  endfacet
  facet normal 0.325641 0.945493 0
    outer loop
      vertex 7.41641 22.8254 2
      vertex 8.20848 22.5526 0
      vertex 7.41641 22.8254 0
    endloop
  endfacet
  facet normal -0.933629 -0.358242 0
    outer loop
      vertex -22.4907 -8.3698 0
      vertex -22.5526 -8.20848 2
      vertex -22.5526 -8.20848 0
    endloop
  endfacet
  facet normal -0.933629 -0.358242 0
    outer loop
      vertex -22.5526 -8.20848 2
      vertex -22.4907 -8.3698 0
      vertex -22.4907 -8.3698 2
    endloop
  endfacet
  facet normal 0.998626 -0.0524039 0
    outer loop
      vertex 23.9415 -1.67416 2
      vertex 23.9854 -0.837587 0
      vertex 23.9854 -0.837587 2
    endloop
  endfacet
  facet normal 0.998626 -0.0524039 0
    outer loop
      vertex 23.9854 -0.837587 0
      vertex 23.9415 -1.67416 2
      vertex 23.9415 -1.67416 0
    endloop
  endfacet
  facet normal -0.454076 0.890963 0
    outer loop
      vertex -10.5209 21.5711 0
      vertex -11.2673 21.1907 2
      vertex -10.5209 21.5711 2
    endloop
  endfacet
  facet normal -0.454076 0.890963 0
    outer loop
      vertex -11.2673 21.1907 2
      vertex -10.5209 21.5711 0
      vertex -11.2673 21.1907 0
    endloop
  endfacet
  facet normal 0.544716 -0.838621 0
    outer loop
      vertex 12.7181 -20.3532 0
      vertex 13.4206 -19.8969 2
      vertex 12.7181 -20.3532 2
    endloop
  endfacet
  facet normal 0.544716 -0.838621 0
    outer loop
      vertex 13.4206 -19.8969 2
      vertex 12.7181 -20.3532 0
      vertex 13.4206 -19.8969 0
    endloop
  endfacet
  facet normal -0.987697 -0.156378 0
    outer loop
      vertex -23.6354 -4.16756 0
      vertex -23.7664 -3.34015 2
      vertex -23.7664 -3.34015 0
    endloop
  endfacet
  facet normal -0.987697 -0.156378 0
    outer loop
      vertex -23.7664 -3.34015 2
      vertex -23.6354 -4.16756 0
      vertex -23.6354 -4.16756 2
    endloop
  endfacet
  facet normal 0.656084 -0.754688 0
    outer loop
      vertex 15.4269 -18.3851 0
      vertex 16.0591 -17.8355 2
      vertex 15.4269 -18.3851 2
    endloop
  endfacet
  facet normal 0.656084 -0.754688 0
    outer loop
      vertex 16.0591 -17.8355 2
      vertex 15.4269 -18.3851 0
      vertex 16.0591 -17.8355 0
    endloop
  endfacet
  facet normal -0.996196 -0.0871427 0
    outer loop
      vertex -23.8685 -2.50868 0
      vertex -23.9415 -1.67416 2
      vertex -23.9415 -1.67416 0
    endloop
  endfacet
  facet normal -0.996196 -0.0871427 0
    outer loop
      vertex -23.9415 -1.67416 2
      vertex -23.8685 -2.50868 0
      vertex -23.8685 -2.50868 2
    endloop
  endfacet
  facet normal -0.258798 -0.965932 0
    outer loop
      vertex -6.6153 -23.0703 0
      vertex -5.80612 -23.2871 2
      vertex -6.6153 -23.0703 2
    endloop
  endfacet
  facet normal -0.258798 -0.965932 -0
    outer loop
      vertex -5.80612 -23.2871 2
      vertex -6.6153 -23.0703 0
      vertex -5.80612 -23.2871 0
    endloop
  endfacet
  facet normal 0.573591 0.819142 -0
    outer loop
      vertex 14.1068 19.4164 0
      vertex 13.4206 19.8969 2
      vertex 14.1068 19.4164 2
    endloop
  endfacet
  facet normal 0.573591 0.819142 0
    outer loop
      vertex 13.4206 19.8969 2
      vertex 14.1068 19.4164 0
      vertex 13.4206 19.8969 0
    endloop
  endfacet
  facet normal 0.681965 -0.731385 0
    outer loop
      vertex 16.0591 -17.8355 0
      vertex 16.6718 -17.2642 2
      vertex 16.0591 -17.8355 2
    endloop
  endfacet
  facet normal 0.681965 -0.731385 0
    outer loop
      vertex 16.6718 -17.2642 2
      vertex 16.0591 -17.8355 0
      vertex 16.6718 -17.2642 0
    endloop
  endfacet
  facet normal 0.838621 0.544716 0
    outer loop
      vertex 20.3532 12.7181 2
      vertex 19.8969 13.4206 0
      vertex 19.8969 13.4206 2
    endloop
  endfacet
  facet normal 0.838621 0.544716 0
    outer loop
      vertex 19.8969 13.4206 0
      vertex 20.3532 12.7181 2
      vertex 20.3532 12.7181 0
    endloop
  endfacet
  facet normal 0.707107 0.707107 0
    outer loop
      vertex 17.2642 16.6718 2
      vertex 16.6718 17.2642 0
      vertex 16.6718 17.2642 2
    endloop
  endfacet
  facet normal 0.707107 0.707107 0
    outer loop
      vertex 16.6718 17.2642 0
      vertex 17.2642 16.6718 2
      vertex 17.2642 16.6718 0
    endloop
  endfacet
  facet normal -0.484771 0.874641 0
    outer loop
      vertex -11.2673 21.1907 0
      vertex -12 20.7846 2
      vertex -11.2673 21.1907 2
    endloop
  endfacet
  facet normal -0.484771 0.874641 0
    outer loop
      vertex -12 20.7846 2
      vertex -11.2673 21.1907 0
      vertex -12 20.7846 0
    endloop
  endfacet
  facet normal 0.987697 0.156378 0
    outer loop
      vertex 23.7664 3.34015 2
      vertex 23.6354 4.16756 0
      vertex 23.6354 4.16756 2
    endloop
  endfacet
  facet normal 0.987697 0.156378 0
    outer loop
      vertex 23.6354 4.16756 0
      vertex 23.7664 3.34015 2
      vertex 23.7664 3.34015 0
    endloop
  endfacet
  facet normal 0.454076 0.890963 -0
    outer loop
      vertex 11.2673 21.1907 0
      vertex 10.5209 21.5711 2
      vertex 11.2673 21.1907 2
    endloop
  endfacet
  facet normal 0.454076 0.890963 0
    outer loop
      vertex 10.5209 21.5711 2
      vertex 11.2673 21.1907 0
      vertex 10.5209 21.5711 0
    endloop
  endfacet
  facet normal -0.601737 0.798695 0
    outer loop
      vertex -14.1068 19.4164 0
      vertex -14.7759 18.9123 2
      vertex -14.1068 19.4164 2
    endloop
  endfacet
  facet normal -0.601737 0.798695 0
    outer loop
      vertex -14.7759 18.9123 2
      vertex -14.1068 19.4164 0
      vertex -14.7759 18.9123 0
    endloop
  endfacet
  facet normal 0.681965 0.731385 -0
    outer loop
      vertex 16.6718 17.2642 0
      vertex 16.0591 17.8355 2
      vertex 16.6718 17.2642 2
    endloop
  endfacet
  facet normal 0.681965 0.731385 0
    outer loop
      vertex 16.0591 17.8355 2
      vertex 16.6718 17.2642 0
      vertex 16.0591 17.8355 0
    endloop
  endfacet
  facet normal 0.358355 0.933585 -0
    outer loop
      vertex 8.99056 22.2524 0
      vertex 8.20848 22.5526 2
      vertex 8.99056 22.2524 2
    endloop
  endfacet
  facet normal 0.358355 0.933585 0
    outer loop
      vertex 8.20848 22.5526 2
      vertex 8.99056 22.2524 0
      vertex 8.20848 22.5526 0
    endloop
  endfacet
  facet normal 0.890963 0.454076 0
    outer loop
      vertex 21.5711 10.5209 2
      vertex 21.1907 11.2673 0
      vertex 21.1907 11.2673 2
    endloop
  endfacet
  facet normal 0.890963 0.454076 0
    outer loop
      vertex 21.1907 11.2673 0
      vertex 21.5711 10.5209 2
      vertex 21.5711 10.5209 0
    endloop
  endfacet
  facet normal 0.906322 0.422589 0
    outer loop
      vertex 21.9251 9.76168 2
      vertex 21.5711 10.5209 0
      vertex 21.5711 10.5209 2
    endloop
  endfacet
  facet normal 0.906322 0.422589 0
    outer loop
      vertex 21.5711 10.5209 0
      vertex 21.9251 9.76168 2
      vertex 21.9251 9.76168 0
    endloop
  endfacet
  facet normal 0.484771 0.874641 -0
    outer loop
      vertex 12 20.7846 0
      vertex 11.2673 21.1907 2
      vertex 12 20.7846 2
    endloop
  endfacet
  facet normal 0.484771 0.874641 0
    outer loop
      vertex 11.2673 21.1907 2
      vertex 12 20.7846 0
      vertex 11.2673 21.1907 0
    endloop
  endfacet
  facet normal 0.39071 0.920514 -0
    outer loop
      vertex 9.76168 21.9251 0
      vertex 8.99056 22.2524 2
      vertex 9.76168 21.9251 2
    endloop
  endfacet
  facet normal 0.39071 0.920514 0
    outer loop
      vertex 8.99056 22.2524 2
      vertex 9.76168 21.9251 0
      vertex 8.99056 22.2524 0
    endloop
  endfacet
  facet normal 0.956313 0.292346 0
    outer loop
      vertex 23.0703 6.6153 2
      vertex 22.8254 7.41641 0
      vertex 22.8254 7.41641 2
    endloop
  endfacet
  facet normal 0.956313 0.292346 0
    outer loop
      vertex 22.8254 7.41641 0
      vertex 23.0703 6.6153 2
      vertex 23.0703 6.6153 0
    endloop
  endfacet
  facet normal 0.422589 -0.906322 0
    outer loop
      vertex 9.76168 -21.9251 0
      vertex 10.5209 -21.5711 2
      vertex 9.76168 -21.9251 2
    endloop
  endfacet
  facet normal 0.422589 -0.906322 0
    outer loop
      vertex 10.5209 -21.5711 2
      vertex 9.76168 -21.9251 0
      vertex 10.5209 -21.5711 0
    endloop
  endfacet
  facet normal 0.258798 0.965932 -0
    outer loop
      vertex 6.6153 23.0703 0
      vertex 5.80612 23.2871 2
      vertex 6.6153 23.0703 2
    endloop
  endfacet
  facet normal 0.258798 0.965932 0
    outer loop
      vertex 5.80612 23.2871 2
      vertex 6.6153 23.0703 0
      vertex 5.80612 23.2871 0
    endloop
  endfacet
  facet normal -0.544716 -0.838621 0
    outer loop
      vertex -13.4206 -19.8969 0
      vertex -12.7181 -20.3532 2
      vertex -13.4206 -19.8969 2
    endloop
  endfacet
  facet normal -0.544716 -0.838621 -0
    outer loop
      vertex -12.7181 -20.3532 2
      vertex -13.4206 -19.8969 0
      vertex -12.7181 -20.3532 0
    endloop
  endfacet
  facet normal -0.656084 0.754688 0
    outer loop
      vertex -15.4269 18.3851 0
      vertex -16.0591 17.8355 2
      vertex -15.4269 18.3851 2
    endloop
  endfacet
  facet normal -0.656084 0.754688 0
    outer loop
      vertex -16.0591 17.8355 2
      vertex -15.4269 18.3851 0
      vertex -16.0591 17.8355 0
    endloop
  endfacet
  facet normal 0.933585 0.358355 0
    outer loop
      vertex 22.5526 8.20848 2
      vertex 22.2524 8.99056 0
      vertex 22.2524 8.99056 2
    endloop
  endfacet
  facet normal 0.933585 0.358355 0
    outer loop
      vertex 22.2524 8.99056 0
      vertex 22.5526 8.20848 2
      vertex 22.5526 8.20848 0
    endloop
  endfacet
  facet normal 0.656084 0.754688 -0
    outer loop
      vertex 16.0591 17.8355 0
      vertex 15.4269 18.3851 2
      vertex 16.0591 17.8355 2
    endloop
  endfacet
  facet normal 0.656084 0.754688 0
    outer loop
      vertex 15.4269 18.3851 2
      vertex 16.0591 17.8355 0
      vertex 15.4269 18.3851 0
    endloop
  endfacet
  facet normal -0.981614 -0.190875 0
    outer loop
      vertex -23.4755 -4.98988 0
      vertex -23.6354 -4.16756 2
      vertex -23.6354 -4.16756 0
    endloop
  endfacet
  facet normal -0.981614 -0.190875 0
    outer loop
      vertex -23.6354 -4.16756 2
      vertex -23.4755 -4.98988 0
      vertex -23.4755 -4.98988 2
    endloop
  endfacet
  facet normal 0.981614 0.190875 0
    outer loop
      vertex 23.6354 4.16756 2
      vertex 23.4755 4.98988 0
      vertex 23.4755 4.98988 2
    endloop
  endfacet
  facet normal 0.981614 0.190875 0
    outer loop
      vertex 23.4755 4.98988 0
      vertex 23.6354 4.16756 2
      vertex 23.6354 4.16756 0
    endloop
  endfacet
  facet normal -0.190875 0.981614 0
    outer loop
      vertex -4.16756 23.6354 0
      vertex -4.98988 23.4755 2
      vertex -4.16756 23.6354 2
    endloop
  endfacet
  facet normal -0.190875 0.981614 0
    outer loop
      vertex -4.98988 23.4755 2
      vertex -4.16756 23.6354 0
      vertex -4.98988 23.4755 0
    endloop
  endfacet
  facet normal 0.0174284 -0.999848 0
    outer loop
      vertex 0 -24 0
      vertex 0.837587 -23.9854 2
      vertex 0 -24 2
    endloop
  endfacet
  facet normal 0.0174284 -0.999848 0
    outer loop
      vertex 0.837587 -23.9854 2
      vertex 0 -24 0
      vertex 0.837587 -23.9854 0
    endloop
  endfacet
  facet normal -0.573591 -0.819142 0
    outer loop
      vertex -14.1068 -19.4164 0
      vertex -13.4206 -19.8969 2
      vertex -14.1068 -19.4164 2
    endloop
  endfacet
  facet normal -0.573591 -0.819142 -0
    outer loop
      vertex -13.4206 -19.8969 2
      vertex -14.1068 -19.4164 0
      vertex -13.4206 -19.8969 0
    endloop
  endfacet
  facet normal 0.0524039 -0.998626 0
    outer loop
      vertex 0.837587 -23.9854 0
      vertex 1.67416 -23.9415 2
      vertex 0.837587 -23.9854 2
    endloop
  endfacet
  facet normal 0.0524039 -0.998626 0
    outer loop
      vertex 1.67416 -23.9415 2
      vertex 0.837587 -23.9854 0
      vertex 1.67416 -23.9415 0
    endloop
  endfacet
  facet normal 0.190875 0.981614 -0
    outer loop
      vertex 4.98988 23.4755 0
      vertex 4.16756 23.6354 2
      vertex 4.98988 23.4755 2
    endloop
  endfacet
  facet normal 0.190875 0.981614 0
    outer loop
      vertex 4.16756 23.6354 2
      vertex 4.98988 23.4755 0
      vertex 4.16756 23.6354 0
    endloop
  endfacet
  facet normal 0.956313 -0.292346 0
    outer loop
      vertex 22.8254 -7.41641 2
      vertex 23.0703 -6.6153 0
      vertex 23.0703 -6.6153 2
    endloop
  endfacet
  facet normal 0.956313 -0.292346 0
    outer loop
      vertex 23.0703 -6.6153 0
      vertex 22.8254 -7.41641 2
      vertex 22.8254 -7.41641 0
    endloop
  endfacet
  facet normal 0.39071 -0.920514 0
    outer loop
      vertex 8.99056 -22.2524 0
      vertex 9.76168 -21.9251 2
      vertex 8.99056 -22.2524 2
    endloop
  endfacet
  facet normal 0.39071 -0.920514 0
    outer loop
      vertex 9.76168 -21.9251 2
      vertex 8.99056 -22.2524 0
      vertex 9.76168 -21.9251 0
    endloop
  endfacet
  facet normal -0.358355 -0.933585 0
    outer loop
      vertex -8.99056 -22.2524 0
      vertex -8.20848 -22.5526 2
      vertex -8.99056 -22.2524 2
    endloop
  endfacet
  facet normal -0.358355 -0.933585 -0
    outer loop
      vertex -8.20848 -22.5526 2
      vertex -8.99056 -22.2524 0
      vertex -8.20848 -22.5526 0
    endloop
  endfacet
  facet normal -0.998626 -0.0524039 0
    outer loop
      vertex -23.9415 -1.67416 0
      vertex -23.9854 -0.837587 2
      vertex -23.9854 -0.837587 0
    endloop
  endfacet
  facet normal -0.998626 -0.0524039 0
    outer loop
      vertex -23.9854 -0.837587 2
      vertex -23.9415 -1.67416 0
      vertex -23.9415 -1.67416 2
    endloop
  endfacet
  facet normal 0.601737 0.798695 -0
    outer loop
      vertex 14.7759 18.9123 0
      vertex 14.1068 19.4164 2
      vertex 14.7759 18.9123 2
    endloop
  endfacet
  facet normal 0.601737 0.798695 0
    outer loop
      vertex 14.1068 19.4164 2
      vertex 14.7759 18.9123 0
      vertex 14.1068 19.4164 0
    endloop
  endfacet
  facet normal -0.707185 0.707028 0
    outer loop
      vertex -17.1222 16.8137 0
      vertex -16.6718 17.2642 2
      vertex -16.6718 17.2642 0
    endloop
  endfacet
  facet normal -0.707185 0.707028 0
    outer loop
      vertex -16.6718 17.2642 2
      vertex -17.1222 16.8137 0
      vertex -17.1222 16.8137 2
    endloop
  endfacet
  facet normal -0.39071 -0.920514 0
    outer loop
      vertex -9.76168 -21.9251 0
      vertex -8.99056 -22.2524 2
      vertex -9.76168 -21.9251 2
    endloop
  endfacet
  facet normal -0.39071 -0.920514 -0
    outer loop
      vertex -8.99056 -22.2524 2
      vertex -9.76168 -21.9251 0
      vertex -8.99056 -22.2524 0
    endloop
  endfacet
  facet normal -0.224901 0.974382 0
    outer loop
      vertex -4.98988 23.4755 0
      vertex -5.80612 23.2871 2
      vertex -4.98988 23.4755 2
    endloop
  endfacet
  facet normal -0.224901 0.974382 0
    outer loop
      vertex -5.80612 23.2871 2
      vertex -4.98988 23.4755 0
      vertex -5.80612 23.2871 0
    endloop
  endfacet
  facet normal 0.573591 -0.819142 0
    outer loop
      vertex 13.4206 -19.8969 0
      vertex 14.1068 -19.4164 2
      vertex 13.4206 -19.8969 2
    endloop
  endfacet
  facet normal 0.573591 -0.819142 0
    outer loop
      vertex 14.1068 -19.4164 2
      vertex 13.4206 -19.8969 0
      vertex 14.1068 -19.4164 0
    endloop
  endfacet
  facet normal -0.945493 -0.325641 0
    outer loop
      vertex -22.5526 -8.20848 0
      vertex -22.8254 -7.41641 2
      vertex -22.8254 -7.41641 0
    endloop
  endfacet
  facet normal -0.945493 -0.325641 0
    outer loop
      vertex -22.8254 -7.41641 2
      vertex -22.5526 -8.20848 0
      vertex -22.5526 -8.20848 2
    endloop
  endfacet
  facet normal 0.224901 -0.974382 0
    outer loop
      vertex 4.98988 -23.4755 0
      vertex 5.80612 -23.2871 2
      vertex 4.98988 -23.4755 2
    endloop
  endfacet
  facet normal 0.224901 -0.974382 0
    outer loop
      vertex 5.80612 -23.2871 2
      vertex 4.98988 -23.4755 0
      vertex 5.80612 -23.2871 0
    endloop
  endfacet
  facet normal -0.992545 0.121879 0
    outer loop
      vertex -23.8685 2.50868 0
      vertex -23.7664 3.34015 2
      vertex -23.7664 3.34015 0
    endloop
  endfacet
  facet normal -0.992545 0.121879 0
    outer loop
      vertex -23.7664 3.34015 2
      vertex -23.8685 2.50868 0
      vertex -23.8685 2.50868 2
    endloop
  endfacet
  facet normal 0.992545 0.121879 0
    outer loop
      vertex 23.8685 2.50868 2
      vertex 23.7664 3.34015 0
      vertex 23.7664 3.34015 2
    endloop
  endfacet
  facet normal 0.992545 0.121879 0
    outer loop
      vertex 23.7664 3.34015 0
      vertex 23.8685 2.50868 2
      vertex 23.8685 2.50868 0
    endloop
  endfacet
  facet normal 0.974382 -0.224901 0
    outer loop
      vertex 23.2871 -5.80612 2
      vertex 23.4755 -4.98988 0
      vertex 23.4755 -4.98988 2
    endloop
  endfacet
  facet normal 0.974382 -0.224901 0
    outer loop
      vertex 23.4755 -4.98988 0
      vertex 23.2871 -5.80612 2
      vertex 23.2871 -5.80612 0
    endloop
  endfacet
  facet normal 0.981614 -0.190875 0
    outer loop
      vertex 23.4755 -4.98988 2
      vertex 23.6354 -4.16756 0
      vertex 23.6354 -4.16756 2
    endloop
  endfacet
  facet normal 0.981614 -0.190875 0
    outer loop
      vertex 23.6354 -4.16756 0
      vertex 23.4755 -4.98988 2
      vertex 23.4755 -4.98988 0
    endloop
  endfacet
  facet normal -0.156378 -0.987697 0
    outer loop
      vertex -4.16756 -23.6354 0
      vertex -3.34015 -23.7664 2
      vertex -4.16756 -23.6354 2
    endloop
  endfacet
  facet normal -0.156378 -0.987697 -0
    outer loop
      vertex -3.34015 -23.7664 2
      vertex -4.16756 -23.6354 0
      vertex -3.34015 -23.7664 0
    endloop
  endfacet
  facet normal 0.292346 -0.956313 0
    outer loop
      vertex 6.6153 -23.0703 0
      vertex 7.41641 -22.8254 2
      vertex 6.6153 -23.0703 2
    endloop
  endfacet
  facet normal 0.292346 -0.956313 0
    outer loop
      vertex 7.41641 -22.8254 2
      vertex 6.6153 -23.0703 0
      vertex 7.41641 -22.8254 0
    endloop
  endfacet
  facet normal 0.777299 -0.629132 0
    outer loop
      vertex 18.3851 -15.4269 2
      vertex 18.4938 -15.2926 0
      vertex 18.4938 -15.2926 2
    endloop
  endfacet
  facet normal 0.777299 -0.629132 0
    outer loop
      vertex 18.4938 -15.2926 0
      vertex 18.3851 -15.4269 2
      vertex 18.3851 -15.4269 0
    endloop
  endfacet
  facet normal -0.0524039 -0.998626 0
    outer loop
      vertex -1.67416 -23.9415 0
      vertex -0.837587 -23.9854 2
      vertex -1.67416 -23.9415 2
    endloop
  endfacet
  facet normal -0.0524039 -0.998626 -0
    outer loop
      vertex -0.837587 -23.9854 2
      vertex -1.67416 -23.9415 0
      vertex -0.837587 -23.9854 0
    endloop
  endfacet
  facet normal -0.422589 0.906322 0
    outer loop
      vertex -9.76168 21.9251 0
      vertex -10.5209 21.5711 2
      vertex -9.76168 21.9251 2
    endloop
  endfacet
  facet normal -0.422589 0.906322 0
    outer loop
      vertex -10.5209 21.5711 2
      vertex -9.76168 21.9251 0
      vertex -10.5209 21.5711 0
    endloop
  endfacet
  facet normal 0.754688 0.656084 0
    outer loop
      vertex 18.3851 15.4269 2
      vertex 17.8355 16.0591 0
      vertex 17.8355 16.0591 2
    endloop
  endfacet
  facet normal 0.754688 0.656084 0
    outer loop
      vertex 17.8355 16.0591 0
      vertex 18.3851 15.4269 2
      vertex 18.3851 15.4269 0
    endloop
  endfacet
  facet normal 0.996196 -0.0871427 0
    outer loop
      vertex 23.8685 -2.50868 2
      vertex 23.9415 -1.67416 0
      vertex 23.9415 -1.67416 2
    endloop
  endfacet
  facet normal 0.996196 -0.0871427 0
    outer loop
      vertex 23.9415 -1.67416 0
      vertex 23.8685 -2.50868 2
      vertex 23.8685 -2.50868 0
    endloop
  endfacet
  facet normal 0.190875 -0.981614 0
    outer loop
      vertex 4.16756 -23.6354 0
      vertex 4.98988 -23.4755 2
      vertex 4.16756 -23.6354 2
    endloop
  endfacet
  facet normal 0.190875 -0.981614 0
    outer loop
      vertex 4.98988 -23.4755 2
      vertex 4.16756 -23.6354 0
      vertex 4.98988 -23.4755 0
    endloop
  endfacet
  facet normal 0.974382 0.224901 0
    outer loop
      vertex 23.4755 4.98988 2
      vertex 23.2871 5.80612 0
      vertex 23.2871 5.80612 2
    endloop
  endfacet
  facet normal 0.974382 0.224901 0
    outer loop
      vertex 23.2871 5.80612 0
      vertex 23.4755 4.98988 2
      vertex 23.4755 4.98988 0
    endloop
  endfacet
  facet normal -0.292346 -0.956313 0
    outer loop
      vertex -7.41641 -22.8254 0
      vertex -6.6153 -23.0703 2
      vertex -7.41641 -22.8254 2
    endloop
  endfacet
  facet normal -0.292346 -0.956313 -0
    outer loop
      vertex -6.6153 -23.0703 2
      vertex -7.41641 -22.8254 0
      vertex -6.6153 -23.0703 0
    endloop
  endfacet
  facet normal 0.544716 0.838621 -0
    outer loop
      vertex 13.4206 19.8969 0
      vertex 12.7181 20.3532 2
      vertex 13.4206 19.8969 2
    endloop
  endfacet
  facet normal 0.544716 0.838621 0
    outer loop
      vertex 12.7181 20.3532 2
      vertex 13.4206 19.8969 0
      vertex 12.7181 20.3532 0
    endloop
  endfacet
  facet normal 0.484771 -0.874641 0
    outer loop
      vertex 11.2673 -21.1907 0
      vertex 12 -20.7846 2
      vertex 11.2673 -21.1907 2
    endloop
  endfacet
  facet normal 0.484771 -0.874641 0
    outer loop
      vertex 12 -20.7846 2
      vertex 11.2673 -21.1907 0
      vertex 12 -20.7846 0
    endloop
  endfacet
  facet normal -0.484771 -0.874641 0
    outer loop
      vertex -12 -20.7846 0
      vertex -11.2673 -21.1907 2
      vertex -12 -20.7846 2
    endloop
  endfacet
  facet normal -0.484771 -0.874641 -0
    outer loop
      vertex -11.2673 -21.1907 2
      vertex -12 -20.7846 0
      vertex -11.2673 -21.1907 0
    endloop
  endfacet
  facet normal -0.777111 -0.629363 0
    outer loop
      vertex -18.3851 -15.4269 0
      vertex -18.495 -15.2912 2
      vertex -18.495 -15.2912 0
    endloop
  endfacet
  facet normal -0.777111 -0.629363 0
    outer loop
      vertex -18.495 -15.2912 2
      vertex -18.3851 -15.4269 0
      vertex -18.3851 -15.4269 2
    endloop
  endfacet
  facet normal -0.681965 -0.731385 0
    outer loop
      vertex -16.6718 -17.2642 0
      vertex -16.0591 -17.8355 2
      vertex -16.6718 -17.2642 2
    endloop
  endfacet
  facet normal -0.681965 -0.731385 -0
    outer loop
      vertex -16.0591 -17.8355 2
      vertex -16.6718 -17.2642 0
      vertex -16.0591 -17.8355 0
    endloop
  endfacet
  facet normal 0.874641 0.484771 0
    outer loop
      vertex 21.1907 11.2673 2
      vertex 20.7846 12 0
      vertex 20.7846 12 2
    endloop
  endfacet
  facet normal 0.874641 0.484771 0
    outer loop
      vertex 20.7846 12 0
      vertex 21.1907 11.2673 2
      vertex 21.1907 11.2673 0
    endloop
  endfacet
  facet normal 0.51497 0.857208 -0
    outer loop
      vertex 12.7181 20.3532 0
      vertex 12 20.7846 2
      vertex 12.7181 20.3532 2
    endloop
  endfacet
  facet normal 0.51497 0.857208 0
    outer loop
      vertex 12 20.7846 2
      vertex 12.7181 20.3532 0
      vertex 12 20.7846 0
    endloop
  endfacet
  facet normal -0.956313 -0.292346 0
    outer loop
      vertex -22.8254 -7.41641 0
      vertex -23.0703 -6.6153 2
      vertex -23.0703 -6.6153 0
    endloop
  endfacet
  facet normal -0.956313 -0.292346 0
    outer loop
      vertex -23.0703 -6.6153 2
      vertex -22.8254 -7.41641 0
      vertex -22.8254 -7.41641 2
    endloop
  endfacet
  facet normal 0.819142 0.573591 0
    outer loop
      vertex 19.8969 13.4206 2
      vertex 19.4164 14.1068 0
      vertex 19.4164 14.1068 2
    endloop
  endfacet
  facet normal 0.819142 0.573591 0
    outer loop
      vertex 19.4164 14.1068 0
      vertex 19.8969 13.4206 2
      vertex 19.8969 13.4206 0
    endloop
  endfacet
  facet normal -0.987697 0.156378 0
    outer loop
      vertex -23.7664 3.34015 0
      vertex -23.6354 4.16756 2
      vertex -23.6354 4.16756 0
    endloop
  endfacet
  facet normal -0.987697 0.156378 0
    outer loop
      vertex -23.6354 4.16756 2
      vertex -23.7664 3.34015 0
      vertex -23.7664 3.34015 2
    endloop
  endfacet
  facet normal -0.992545 -0.121879 0
    outer loop
      vertex -23.7664 -3.34015 0
      vertex -23.8685 -2.50868 2
      vertex -23.8685 -2.50868 0
    endloop
  endfacet
  facet normal -0.992545 -0.121879 0
    outer loop
      vertex -23.8685 -2.50868 2
      vertex -23.7664 -3.34015 0
      vertex -23.7664 -3.34015 2
    endloop
  endfacet
  facet normal -0.981614 0.190875 0
    outer loop
      vertex -23.6354 4.16756 0
      vertex -23.4755 4.98988 2
      vertex -23.4755 4.98988 0
    endloop
  endfacet
  facet normal -0.981614 0.190875 0
    outer loop
      vertex -23.4755 4.98988 2
      vertex -23.6354 4.16756 0
      vertex -23.6354 4.16756 2
    endloop
  endfacet
  facet normal 0.777128 0.629342 0
    outer loop
      vertex 18.9123 14.7759 2
      vertex 18.3851 15.4269 0
      vertex 18.3851 15.4269 2
    endloop
  endfacet
  facet normal 0.777128 0.629342 0
    outer loop
      vertex 18.3851 15.4269 0
      vertex 18.9123 14.7759 2
      vertex 18.9123 14.7759 0
    endloop
  endfacet
  facet normal 0.325641 -0.945493 0
    outer loop
      vertex 7.41641 -22.8254 0
      vertex 8.20848 -22.5526 2
      vertex 7.41641 -22.8254 2
    endloop
  endfacet
  facet normal 0.325641 -0.945493 0
    outer loop
      vertex 8.20848 -22.5526 2
      vertex 7.41641 -22.8254 0
      vertex 8.20848 -22.5526 0
    endloop
  endfacet
  facet normal 0.992545 -0.121879 0
    outer loop
      vertex 23.7664 -3.34015 2
      vertex 23.8685 -2.50868 0
      vertex 23.8685 -2.50868 2
    endloop
  endfacet
  facet normal 0.992545 -0.121879 0
    outer loop
      vertex 23.8685 -2.50868 0
      vertex 23.7664 -3.34015 2
      vertex 23.7664 -3.34015 0
    endloop
  endfacet
  facet normal -0.998626 0.0524039 0
    outer loop
      vertex -23.9854 0.837587 0
      vertex -23.9415 1.67416 2
      vertex -23.9415 1.67416 0
    endloop
  endfacet
  facet normal -0.998626 0.0524039 0
    outer loop
      vertex -23.9415 1.67416 2
      vertex -23.9854 0.837587 0
      vertex -23.9854 0.837587 2
    endloop
  endfacet
  facet normal -0.999848 0.0174284 0
    outer loop
      vertex -24 0 0
      vertex -23.9854 0.837587 2
      vertex -23.9854 0.837587 0
    endloop
  endfacet
  facet normal -0.999848 0.0174284 0
    outer loop
      vertex -23.9854 0.837587 2
      vertex -24 0 0
      vertex -24 0 2
    endloop
  endfacet
  facet normal -0.258798 0.965932 0
    outer loop
      vertex -5.80612 23.2871 0
      vertex -6.6153 23.0703 2
      vertex -5.80612 23.2871 2
    endloop
  endfacet
  facet normal -0.258798 0.965932 0
    outer loop
      vertex -6.6153 23.0703 2
      vertex -5.80612 23.2871 0
      vertex -6.6153 23.0703 0
    endloop
  endfacet
  facet normal 0.798695 0.601737 0
    outer loop
      vertex 19.4164 14.1068 2
      vertex 18.9123 14.7759 0
      vertex 18.9123 14.7759 2
    endloop
  endfacet
  facet normal 0.798695 0.601737 0
    outer loop
      vertex 18.9123 14.7759 0
      vertex 19.4164 14.1068 2
      vertex 19.4164 14.1068 0
    endloop
  endfacet
  facet normal 0.920514 0.39071 0
    outer loop
      vertex 22.2524 8.99056 2
      vertex 21.9251 9.76168 0
      vertex 21.9251 9.76168 2
    endloop
  endfacet
  facet normal 0.920514 0.39071 0
    outer loop
      vertex 21.9251 9.76168 0
      vertex 22.2524 8.99056 2
      vertex 22.2524 8.99056 0
    endloop
  endfacet
  facet normal 0.454076 -0.890963 0
    outer loop
      vertex 10.5209 -21.5711 0
      vertex 11.2673 -21.1907 2
      vertex 10.5209 -21.5711 2
    endloop
  endfacet
  facet normal 0.454076 -0.890963 0
    outer loop
      vertex 11.2673 -21.1907 2
      vertex 10.5209 -21.5711 0
      vertex 11.2673 -21.1907 0
    endloop
  endfacet
  facet normal -0.190875 -0.981614 0
    outer loop
      vertex -4.98988 -23.4755 0
      vertex -4.16756 -23.6354 2
      vertex -4.98988 -23.4755 2
    endloop
  endfacet
  facet normal -0.190875 -0.981614 -0
    outer loop
      vertex -4.16756 -23.6354 2
      vertex -4.98988 -23.4755 0
      vertex -4.16756 -23.6354 0
    endloop
  endfacet
  facet normal -0.629342 0.777128 0
    outer loop
      vertex -14.7759 18.9123 0
      vertex -15.4269 18.3851 2
      vertex -14.7759 18.9123 2
    endloop
  endfacet
  facet normal -0.629342 0.777128 0
    outer loop
      vertex -15.4269 18.3851 2
      vertex -14.7759 18.9123 0
      vertex -15.4269 18.3851 0
    endloop
  endfacet
  facet normal -0.601737 -0.798695 0
    outer loop
      vertex -14.7759 -18.9123 0
      vertex -14.1068 -19.4164 2
      vertex -14.7759 -18.9123 2
    endloop
  endfacet
  facet normal -0.601737 -0.798695 -0
    outer loop
      vertex -14.1068 -19.4164 2
      vertex -14.7759 -18.9123 0
      vertex -14.1068 -19.4164 0
    endloop
  endfacet
  facet normal -0.965932 -0.258798 0
    outer loop
      vertex -23.0703 -6.6153 0
      vertex -23.2871 -5.80612 2
      vertex -23.2871 -5.80612 0
    endloop
  endfacet
  facet normal -0.965932 -0.258798 0
    outer loop
      vertex -23.2871 -5.80612 2
      vertex -23.0703 -6.6153 0
      vertex -23.0703 -6.6153 2
    endloop
  endfacet
  facet normal 0.121879 -0.992545 0
    outer loop
      vertex 2.50868 -23.8685 0
      vertex 3.34015 -23.7664 2
      vertex 2.50868 -23.8685 2
    endloop
  endfacet
  facet normal 0.121879 -0.992545 0
    outer loop
      vertex 3.34015 -23.7664 2
      vertex 2.50868 -23.8685 0
      vertex 3.34015 -23.7664 0
    endloop
  endfacet
  facet normal 0.156378 -0.987697 0
    outer loop
      vertex 3.34015 -23.7664 0
      vertex 4.16756 -23.6354 2
      vertex 3.34015 -23.7664 2
    endloop
  endfacet
  facet normal 0.156378 -0.987697 0
    outer loop
      vertex 4.16756 -23.6354 2
      vertex 3.34015 -23.7664 0
      vertex 4.16756 -23.6354 0
    endloop
  endfacet
  facet normal -0.121879 -0.992545 0
    outer loop
      vertex -3.34015 -23.7664 0
      vertex -2.50868 -23.8685 2
      vertex -3.34015 -23.7664 2
    endloop
  endfacet
  facet normal -0.121879 -0.992545 -0
    outer loop
      vertex -2.50868 -23.8685 2
      vertex -3.34015 -23.7664 0
      vertex -2.50868 -23.8685 0
    endloop
  endfacet
  facet normal 0.601737 -0.798695 0
    outer loop
      vertex 14.1068 -19.4164 0
      vertex 14.7759 -18.9123 2
      vertex 14.1068 -19.4164 2
    endloop
  endfacet
  facet normal 0.601737 -0.798695 0
    outer loop
      vertex 14.7759 -18.9123 2
      vertex 14.1068 -19.4164 0
      vertex 14.7759 -18.9123 0
    endloop
  endfacet
  facet normal -0.707107 -0.707107 0
    outer loop
      vertex -16.6718 -17.2642 0
      vertex -17.2642 -16.6718 2
      vertex -17.2642 -16.6718 0
    endloop
  endfacet
  facet normal -0.707107 -0.707107 0
    outer loop
      vertex -17.2642 -16.6718 2
      vertex -16.6718 -17.2642 0
      vertex -16.6718 -17.2642 2
    endloop
  endfacet
  facet normal -0.454076 -0.890963 0
    outer loop
      vertex -11.2673 -21.1907 0
      vertex -10.5209 -21.5711 2
      vertex -11.2673 -21.1907 2
    endloop
  endfacet
  facet normal -0.454076 -0.890963 -0
    outer loop
      vertex -10.5209 -21.5711 2
      vertex -11.2673 -21.1907 0
      vertex -10.5209 -21.5711 0
    endloop
  endfacet
  facet normal -0.544716 0.838621 0
    outer loop
      vertex -12.7181 20.3532 0
      vertex -13.4206 19.8969 2
      vertex -12.7181 20.3532 2
    endloop
  endfacet
  facet normal -0.544716 0.838621 0
    outer loop
      vertex -13.4206 19.8969 2
      vertex -12.7181 20.3532 0
      vertex -13.4206 19.8969 0
    endloop
  endfacet
  facet normal -0.0174284 -0.999848 0
    outer loop
      vertex -0.837587 -23.9854 0
      vertex 0 -24 2
      vertex -0.837587 -23.9854 2
    endloop
  endfacet
  facet normal -0.0174284 -0.999848 -0
    outer loop
      vertex 0 -24 2
      vertex -0.837587 -23.9854 0
      vertex 0 -24 0
    endloop
  endfacet
  facet normal 0.292346 0.956313 -0
    outer loop
      vertex 7.41641 22.8254 0
      vertex 6.6153 23.0703 2
      vertex 7.41641 22.8254 2
    endloop
  endfacet
  facet normal 0.292346 0.956313 0
    outer loop
      vertex 6.6153 23.0703 2
      vertex 7.41641 22.8254 0
      vertex 6.6153 23.0703 0
    endloop
  endfacet
  facet normal -0.974382 0.224901 0
    outer loop
      vertex -23.4755 4.98988 0
      vertex -23.2871 5.80612 2
      vertex -23.2871 5.80612 0
    endloop
  endfacet
  facet normal -0.974382 0.224901 0
    outer loop
      vertex -23.2871 5.80612 2
      vertex -23.4755 4.98988 0
      vertex -23.4755 4.98988 2
    endloop
  endfacet
  facet normal -0.754688 -0.656084 0
    outer loop
      vertex -17.8355 -16.0591 0
      vertex -18.3851 -15.4269 2
      vertex -18.3851 -15.4269 0
    endloop
  endfacet
  facet normal -0.754688 -0.656084 0
    outer loop
      vertex -18.3851 -15.4269 2
      vertex -17.8355 -16.0591 0
      vertex -17.8355 -16.0591 2
    endloop
  endfacet
  facet normal -0.51497 -0.857208 0
    outer loop
      vertex -12.7181 -20.3532 0
      vertex -12 -20.7846 2
      vertex -12.7181 -20.3532 2
    endloop
  endfacet
  facet normal -0.51497 -0.857208 -0
    outer loop
      vertex -12 -20.7846 2
      vertex -12.7181 -20.3532 0
      vertex -12 -20.7846 0
    endloop
  endfacet
  facet normal -0.224901 -0.974382 0
    outer loop
      vertex -5.80612 -23.2871 0
      vertex -4.98988 -23.4755 2
      vertex -5.80612 -23.2871 2
    endloop
  endfacet
  facet normal -0.224901 -0.974382 -0
    outer loop
      vertex -4.98988 -23.4755 2
      vertex -5.80612 -23.2871 0
      vertex -4.98988 -23.4755 0
    endloop
  endfacet
  facet normal 0.224901 0.974382 -0
    outer loop
      vertex 5.80612 23.2871 0
      vertex 4.98988 23.4755 2
      vertex 5.80612 23.2871 2
    endloop
  endfacet
  facet normal 0.224901 0.974382 0
    outer loop
      vertex 4.98988 23.4755 2
      vertex 5.80612 23.2871 0
      vertex 4.98988 23.4755 0
    endloop
  endfacet
  facet normal -0.573591 0.819142 0
    outer loop
      vertex -13.4206 19.8969 0
      vertex -14.1068 19.4164 2
      vertex -13.4206 19.8969 2
    endloop
  endfacet
  facet normal -0.573591 0.819142 0
    outer loop
      vertex -14.1068 19.4164 2
      vertex -13.4206 19.8969 0
      vertex -14.1068 19.4164 0
    endloop
  endfacet
  facet normal 1 -0 0
    outer loop
      vertex -1.68851 23.4026 2
      vertex -1.68851 23.7974 0
      vertex -1.68851 23.7974 2
    endloop
  endfacet
  facet normal 1 0 0
    outer loop
      vertex -1.68851 23.7974 0
      vertex -1.68851 23.4026 2
      vertex -1.68851 23.4026 0
    endloop
  endfacet
  facet normal -0.939711 -0.341969 0
    outer loop
      vertex 1.65418 23.992 0
      vertex 1.51917 24.363 2
      vertex 1.51917 24.363 0
    endloop
  endfacet
  facet normal -0.939711 -0.341969 0
    outer loop
      vertex 1.51917 24.363 2
      vertex 1.65418 23.992 0
      vertex 1.65418 23.992 2
    endloop
  endfacet
  facet normal -0.993238 -0.116097 0
    outer loop
      vertex 1.7 23.6 0
      vertex 1.65418 23.992 2
      vertex 1.65418 23.992 0
    endloop
  endfacet
  facet normal -0.993238 -0.116097 0
    outer loop
      vertex 1.65418 23.992 2
      vertex 1.7 23.6 0
      vertex 1.7 23.6 2
    endloop
  endfacet
  facet normal -0.835426 -0.549603 0
    outer loop
      vertex 1.51917 24.363 0
      vertex 1.30227 24.6927 2
      vertex 1.30227 24.6927 0
    endloop
  endfacet
  facet normal -0.835426 -0.549603 0
    outer loop
      vertex 1.30227 24.6927 2
      vertex 1.51917 24.363 0
      vertex 1.51917 24.363 2
    endloop
  endfacet
  facet normal -0.28679 0.957994 0
    outer loop
      vertex 0.673335 22.039 0
      vertex 0.295201 21.9258 2
      vertex 0.673335 22.039 2
    endloop
  endfacet
  facet normal -0.28679 0.957994 0
    outer loop
      vertex 0.295201 21.9258 2
      vertex 0.673335 22.039 0
      vertex 0.295201 21.9258 0
    endloop
  endfacet
  facet normal -0.993238 0.116097 0
    outer loop
      vertex 1.65418 23.208 0
      vertex 1.7 23.6 2
      vertex 1.7 23.6 0
    endloop
  endfacet
  facet normal -0.993238 0.116097 0
    outer loop
      vertex 1.7 23.6 2
      vertex 1.65418 23.208 0
      vertex 1.65418 23.208 2
    endloop
  endfacet
  facet normal 0.765969 -0.642877 0
    outer loop
      vertex -1.42033 24.5342 2
      vertex -1.16661 24.8365 0
      vertex -1.16661 24.8365 2
    endloop
  endfacet
  facet normal 0.765969 -0.642877 0
    outer loop
      vertex -1.16661 24.8365 0
      vertex -1.42033 24.5342 2
      vertex -1.42033 24.5342 0
    endloop
  endfacet
  facet normal -0.500079 0.86598 0
    outer loop
      vertex 1.01517 22.2364 0
      vertex 0.673335 22.039 2
      vertex 1.01517 22.2364 2
    endloop
  endfacet
  facet normal -0.500079 0.86598 0
    outer loop
      vertex 0.673335 22.039 2
      vertex 1.01517 22.2364 0
      vertex 0.673335 22.039 0
    endloop
  endfacet
  facet normal 0.173546 -0.984826 0
    outer loop
      vertex -0.487565 25.2286 0
      vertex -0.0988455 25.2971 2
      vertex -0.487565 25.2286 2
    endloop
  endfacet
  facet normal 0.173546 -0.984826 0
    outer loop
      vertex -0.0988455 25.2971 2
      vertex -0.487565 25.2286 0
      vertex -0.0988455 25.2971 0
    endloop
  endfacet
  facet normal 0.765969 0.642877 0
    outer loop
      vertex -1.16661 22.3635 2
      vertex -1.42033 22.6658 0
      vertex -1.42033 22.6658 2
    endloop
  endfacet
  facet normal 0.765969 0.642877 0
    outer loop
      vertex -1.42033 22.6658 0
      vertex -1.16661 22.3635 2
      vertex -1.16661 22.3635 0
    endloop
  endfacet
  facet normal 0.597145 0.802133 -0
    outer loop
      vertex -0.849999 22.1278 0
      vertex -1.16661 22.3635 2
      vertex -0.849999 22.1278 2
    endloop
  endfacet
  facet normal 0.597145 0.802133 0
    outer loop
      vertex -1.16661 22.3635 2
      vertex -0.849999 22.1278 0
      vertex -1.16661 22.3635 0
    endloop
  endfacet
  facet normal -0.28679 -0.957994 0
    outer loop
      vertex 0.295201 25.2742 0
      vertex 0.673335 25.161 2
      vertex 0.295201 25.2742 2
    endloop
  endfacet
  facet normal -0.28679 -0.957994 -0
    outer loop
      vertex 0.673335 25.161 2
      vertex 0.295201 25.2742 0
      vertex 0.673335 25.161 0
    endloop
  endfacet
  facet normal 0.597145 -0.802133 0
    outer loop
      vertex -1.16661 24.8365 0
      vertex -0.849999 25.0722 2
      vertex -1.16661 24.8365 2
    endloop
  endfacet
  facet normal 0.597145 -0.802133 0
    outer loop
      vertex -0.849999 25.0722 2
      vertex -1.16661 24.8365 0
      vertex -0.849999 25.0722 0
    endloop
  endfacet
  facet normal -0.835426 0.549603 0
    outer loop
      vertex 1.30227 22.5073 0
      vertex 1.51917 22.837 2
      vertex 1.51917 22.837 0
    endloop
  endfacet
  facet normal -0.835426 0.549603 0
    outer loop
      vertex 1.51917 22.837 2
      vertex 1.30227 22.5073 0
      vertex 1.30227 22.5073 2
    endloop
  endfacet
  facet normal -0.686289 0.727329 0
    outer loop
      vertex 1.30227 22.5073 0
      vertex 1.01517 22.2364 2
      vertex 1.30227 22.5073 2
    endloop
  endfacet
  facet normal -0.686289 0.727329 0
    outer loop
      vertex 1.01517 22.2364 2
      vertex 1.30227 22.5073 0
      vertex 1.01517 22.2364 0
    endloop
  endfacet
  facet normal 0.173546 0.984826 -0
    outer loop
      vertex -0.0988455 21.9029 0
      vertex -0.487565 21.9714 2
      vertex -0.0988455 21.9029 2
    endloop
  endfacet
  facet normal 0.173546 0.984826 0
    outer loop
      vertex -0.487565 21.9714 2
      vertex -0.0988455 21.9029 0
      vertex -0.487565 21.9714 0
    endloop
  endfacet
  facet normal 0.396211 -0.91816 0
    outer loop
      vertex -0.849999 25.0722 0
      vertex -0.487565 25.2286 2
      vertex -0.849999 25.0722 2
    endloop
  endfacet
  facet normal 0.396211 -0.91816 0
    outer loop
      vertex -0.487565 25.2286 2
      vertex -0.849999 25.0722 0
      vertex -0.487565 25.2286 0
    endloop
  endfacet
  facet normal 0.973033 -0.230665 0
    outer loop
      vertex -1.68851 23.7974 2
      vertex -1.59748 24.1814 0
      vertex -1.59748 24.1814 2
    endloop
  endfacet
  facet normal 0.973033 -0.230665 0
    outer loop
      vertex -1.59748 24.1814 0
      vertex -1.68851 23.7974 2
      vertex -1.68851 23.7974 0
    endloop
  endfacet
  facet normal -0.939711 0.341969 0
    outer loop
      vertex 1.51917 22.837 0
      vertex 1.65418 23.208 2
      vertex 1.65418 23.208 0
    endloop
  endfacet
  facet normal -0.939711 0.341969 0
    outer loop
      vertex 1.65418 23.208 2
      vertex 1.51917 22.837 0
      vertex 1.51917 22.837 2
    endloop
  endfacet
  facet normal -0.0580171 0.998316 0
    outer loop
      vertex 0.295201 21.9258 0
      vertex -0.0988455 21.9029 2
      vertex 0.295201 21.9258 2
    endloop
  endfacet
  facet normal -0.0580171 0.998316 0
    outer loop
      vertex -0.0988455 21.9029 2
      vertex 0.295201 21.9258 0
      vertex -0.0988455 21.9029 0
    endloop
  endfacet
  facet normal -0.686289 -0.727329 0
    outer loop
      vertex 1.01517 24.9636 0
      vertex 1.30227 24.6927 2
      vertex 1.01517 24.9636 2
    endloop
  endfacet
  facet normal -0.686289 -0.727329 -0
    outer loop
      vertex 1.30227 24.6927 2
      vertex 1.01517 24.9636 0
      vertex 1.30227 24.6927 0
    endloop
  endfacet
  facet normal -0.500079 -0.86598 0
    outer loop
      vertex 0.673335 25.161 0
      vertex 1.01517 24.9636 2
      vertex 0.673335 25.161 2
    endloop
  endfacet
  facet normal -0.500079 -0.86598 -0
    outer loop
      vertex 1.01517 24.9636 2
      vertex 0.673335 25.161 0
      vertex 1.01517 24.9636 0
    endloop
  endfacet
  facet normal 0.973033 0.230665 0
    outer loop
      vertex -1.59748 23.0186 2
      vertex -1.68851 23.4026 0
      vertex -1.68851 23.4026 2
    endloop
  endfacet
  facet normal 0.973033 0.230665 0
    outer loop
      vertex -1.68851 23.4026 0
      vertex -1.59748 23.0186 2
      vertex -1.59748 23.0186 0
    endloop
  endfacet
  facet normal 0.893666 -0.448733 0
    outer loop
      vertex -1.59748 24.1814 2
      vertex -1.42033 24.5342 0
      vertex -1.42033 24.5342 2
    endloop
  endfacet
  facet normal 0.893666 -0.448733 0
    outer loop
      vertex -1.42033 24.5342 0
      vertex -1.59748 24.1814 2
      vertex -1.59748 24.1814 0
    endloop
  endfacet
  facet normal -0.0580171 -0.998316 0
    outer loop
      vertex -0.0988455 25.2971 0
      vertex 0.295201 25.2742 2
      vertex -0.0988455 25.2971 2
    endloop
  endfacet
  facet normal -0.0580171 -0.998316 -0
    outer loop
      vertex 0.295201 25.2742 2
      vertex -0.0988455 25.2971 0
      vertex 0.295201 25.2742 0
    endloop
  endfacet
  facet normal 0.893666 0.448733 0
    outer loop
      vertex -1.42033 22.6658 2
      vertex -1.59748 23.0186 0
      vertex -1.59748 23.0186 2
    endloop
  endfacet
  facet normal 0.893666 0.448733 0
    outer loop
      vertex -1.59748 23.0186 0
      vertex -1.42033 22.6658 2
      vertex -1.42033 22.6658 0
    endloop
  endfacet
  facet normal 0.396211 0.91816 -0
    outer loop
      vertex -0.487565 21.9714 0
      vertex -0.849999 22.1278 2
      vertex -0.487565 21.9714 2
    endloop
  endfacet
  facet normal 0.396211 0.91816 0
    outer loop
      vertex -0.849999 22.1278 2
      vertex -0.487565 21.9714 0
      vertex -0.849999 22.1278 0
    endloop
  endfacet
  facet normal 0.173511 -0.984832 0
    outer loop
      vertex -20.9258 -10.1714 0
      vertex -20.537 -10.1029 2
      vertex -20.9258 -10.1714 2
    endloop
  endfacet
  facet normal 0.173511 -0.984832 0
    outer loop
      vertex -20.537 -10.1029 2
      vertex -20.9258 -10.1714 0
      vertex -20.537 -10.1029 0
    endloop
  endfacet
  facet normal -0.286813 -0.957987 0
    outer loop
      vertex -20.143 -10.1258 0
      vertex -19.7649 -10.239 2
      vertex -20.143 -10.1258 2
    endloop
  endfacet
  facet normal -0.286813 -0.957987 -0
    outer loop
      vertex -19.7649 -10.239 2
      vertex -20.143 -10.1258 0
      vertex -19.7649 -10.239 0
    endloop
  endfacet
  facet normal -0.939719 -0.341946 0
    outer loop
      vertex -18.784 -11.408 0
      vertex -18.919 -11.037 2
      vertex -18.919 -11.037 0
    endloop
  endfacet
  facet normal -0.939719 -0.341946 0
    outer loop
      vertex -18.919 -11.037 2
      vertex -18.784 -11.408 0
      vertex -18.784 -11.408 2
    endloop
  endfacet
  facet normal -0.993244 -0.116047 0
    outer loop
      vertex -18.7382 -11.8 0
      vertex -18.784 -11.408 2
      vertex -18.784 -11.408 0
    endloop
  endfacet
  facet normal -0.993244 -0.116047 0
    outer loop
      vertex -18.784 -11.408 2
      vertex -18.7382 -11.8 0
      vertex -18.7382 -11.8 2
    endloop
  endfacet
  facet normal -0.835426 -0.549603 0
    outer loop
      vertex -18.919 -11.037 0
      vertex -19.1359 -10.7073 2
      vertex -19.1359 -10.7073 0
    endloop
  endfacet
  facet normal -0.835426 -0.549603 0
    outer loop
      vertex -19.1359 -10.7073 2
      vertex -18.919 -11.037 0
      vertex -18.919 -11.037 2
    endloop
  endfacet
  facet normal 0.97305 0.230593 0
    outer loop
      vertex -22.0357 -12.3814 2
      vertex -22.1267 -11.9974 0
      vertex -22.1267 -11.9974 2
    endloop
  endfacet
  facet normal 0.97305 0.230593 0
    outer loop
      vertex -22.1267 -11.9974 0
      vertex -22.0357 -12.3814 2
      vertex -22.0357 -12.3814 0
    endloop
  endfacet
  facet normal -0.939719 0.341946 0
    outer loop
      vertex -18.919 -12.563 0
      vertex -18.784 -12.192 2
      vertex -18.784 -12.192 0
    endloop
  endfacet
  facet normal -0.939719 0.341946 0
    outer loop
      vertex -18.784 -12.192 2
      vertex -18.919 -12.563 0
      vertex -18.919 -12.563 2
    endloop
  endfacet
  facet normal -0.286813 0.957987 0
    outer loop
      vertex -19.7649 -13.361 0
      vertex -20.143 -13.4742 2
      vertex -19.7649 -13.361 2
    endloop
  endfacet
  facet normal -0.286813 0.957987 0
    outer loop
      vertex -20.143 -13.4742 2
      vertex -19.7649 -13.361 0
      vertex -20.143 -13.4742 0
    endloop
  endfacet
  facet normal 0.597159 -0.802123 0
    outer loop
      vertex -21.6048 -10.5635 0
      vertex -21.2882 -10.3278 2
      vertex -21.6048 -10.5635 2
    endloop
  endfacet
  facet normal 0.597159 -0.802123 0
    outer loop
      vertex -21.2882 -10.3278 2
      vertex -21.6048 -10.5635 0
      vertex -21.2882 -10.3278 0
    endloop
  endfacet
  facet normal 0.893615 0.448834 0
    outer loop
      vertex -21.8585 -12.7342 2
      vertex -22.0357 -12.3814 0
      vertex -22.0357 -12.3814 2
    endloop
  endfacet
  facet normal 0.893615 0.448834 0
    outer loop
      vertex -22.0357 -12.3814 0
      vertex -21.8585 -12.7342 2
      vertex -21.8585 -12.7342 0
    endloop
  endfacet
  facet normal 0.765994 -0.642847 0
    outer loop
      vertex -21.8585 -10.8658 2
      vertex -21.6048 -10.5635 0
      vertex -21.6048 -10.5635 2
    endloop
  endfacet
  facet normal 0.765994 -0.642847 0
    outer loop
      vertex -21.6048 -10.5635 0
      vertex -21.8585 -10.8658 2
      vertex -21.8585 -10.8658 0
    endloop
  endfacet
  facet normal -0.835426 0.549603 0
    outer loop
      vertex -19.1359 -12.8927 0
      vertex -18.919 -12.563 2
      vertex -18.919 -12.563 0
    endloop
  endfacet
  facet normal -0.835426 0.549603 0
    outer loop
      vertex -18.919 -12.563 2
      vertex -19.1359 -12.8927 0
      vertex -19.1359 -12.8927 2
    endloop
  endfacet
  facet normal -0.993244 0.116047 0
    outer loop
      vertex -18.784 -12.192 0
      vertex -18.7382 -11.8 2
      vertex -18.7382 -11.8 0
    endloop
  endfacet
  facet normal -0.993244 0.116047 0
    outer loop
      vertex -18.7382 -11.8 2
      vertex -18.784 -12.192 0
      vertex -18.784 -12.192 2
    endloop
  endfacet
  facet normal -0.686289 0.727329 0
    outer loop
      vertex -19.1359 -12.8927 0
      vertex -19.423 -13.1636 2
      vertex -19.1359 -12.8927 2
    endloop
  endfacet
  facet normal -0.686289 0.727329 0
    outer loop
      vertex -19.423 -13.1636 2
      vertex -19.1359 -12.8927 0
      vertex -19.423 -13.1636 0
    endloop
  endfacet
  facet normal -0.500007 -0.866021 0
    outer loop
      vertex -19.7649 -10.239 0
      vertex -19.423 -10.4364 2
      vertex -19.7649 -10.239 2
    endloop
  endfacet
  facet normal -0.500007 -0.866021 -0
    outer loop
      vertex -19.423 -10.4364 2
      vertex -19.7649 -10.239 0
      vertex -19.423 -10.4364 0
    endloop
  endfacet
  facet normal 0.97305 -0.230593 0
    outer loop
      vertex -22.1267 -11.6026 2
      vertex -22.0357 -11.2186 0
      vertex -22.0357 -11.2186 2
    endloop
  endfacet
  facet normal 0.97305 -0.230593 0
    outer loop
      vertex -22.0357 -11.2186 0
      vertex -22.1267 -11.6026 2
      vertex -22.1267 -11.6026 0
    endloop
  endfacet
  facet normal 0.396242 -0.918146 0
    outer loop
      vertex -21.2882 -10.3278 0
      vertex -20.9258 -10.1714 2
      vertex -21.2882 -10.3278 2
    endloop
  endfacet
  facet normal 0.396242 -0.918146 0
    outer loop
      vertex -20.9258 -10.1714 2
      vertex -21.2882 -10.3278 0
      vertex -20.9258 -10.1714 0
    endloop
  endfacet
  facet normal 0.893615 -0.448834 0
    outer loop
      vertex -22.0357 -11.2186 2
      vertex -21.8585 -10.8658 0
      vertex -21.8585 -10.8658 2
    endloop
  endfacet
  facet normal 0.893615 -0.448834 0
    outer loop
      vertex -21.8585 -10.8658 0
      vertex -22.0357 -11.2186 2
      vertex -22.0357 -11.2186 0
    endloop
  endfacet
  facet normal 0.765994 0.642847 0
    outer loop
      vertex -21.6048 -13.0365 2
      vertex -21.8585 -12.7342 0
      vertex -21.8585 -12.7342 2
    endloop
  endfacet
  facet normal 0.765994 0.642847 0
    outer loop
      vertex -21.8585 -12.7342 0
      vertex -21.6048 -13.0365 2
      vertex -21.6048 -13.0365 0
    endloop
  endfacet
  facet normal -0.0580239 0.998315 0
    outer loop
      vertex -20.143 -13.4742 0
      vertex -20.537 -13.4971 2
      vertex -20.143 -13.4742 2
    endloop
  endfacet
  facet normal -0.0580239 0.998315 0
    outer loop
      vertex -20.537 -13.4971 2
      vertex -20.143 -13.4742 0
      vertex -20.537 -13.4971 0
    endloop
  endfacet
  facet normal -0.686289 -0.727329 0
    outer loop
      vertex -19.423 -10.4364 0
      vertex -19.1359 -10.7073 2
      vertex -19.423 -10.4364 2
    endloop
  endfacet
  facet normal -0.686289 -0.727329 -0
    outer loop
      vertex -19.1359 -10.7073 2
      vertex -19.423 -10.4364 0
      vertex -19.1359 -10.7073 0
    endloop
  endfacet
  facet normal -0.500007 0.866021 0
    outer loop
      vertex -19.423 -13.1636 0
      vertex -19.7649 -13.361 2
      vertex -19.423 -13.1636 2
    endloop
  endfacet
  facet normal -0.500007 0.866021 0
    outer loop
      vertex -19.7649 -13.361 2
      vertex -19.423 -13.1636 0
      vertex -19.7649 -13.361 0
    endloop
  endfacet
  facet normal -0.0580239 -0.998315 0
    outer loop
      vertex -20.537 -10.1029 0
      vertex -20.143 -10.1258 2
      vertex -20.537 -10.1029 2
    endloop
  endfacet
  facet normal -0.0580239 -0.998315 -0
    outer loop
      vertex -20.143 -10.1258 2
      vertex -20.537 -10.1029 0
      vertex -20.143 -10.1258 0
    endloop
  endfacet
  facet normal 0.396242 0.918146 -0
    outer loop
      vertex -20.9258 -13.4286 0
      vertex -21.2882 -13.2722 2
      vertex -20.9258 -13.4286 2
    endloop
  endfacet
  facet normal 0.396242 0.918146 0
    outer loop
      vertex -21.2882 -13.2722 2
      vertex -20.9258 -13.4286 0
      vertex -21.2882 -13.2722 0
    endloop
  endfacet
  facet normal 0.597159 0.802123 -0
    outer loop
      vertex -21.2882 -13.2722 0
      vertex -21.6048 -13.0365 2
      vertex -21.2882 -13.2722 2
    endloop
  endfacet
  facet normal 0.597159 0.802123 0
    outer loop
      vertex -21.6048 -13.0365 2
      vertex -21.2882 -13.2722 0
      vertex -21.6048 -13.0365 0
    endloop
  endfacet
  facet normal 1 -0 0
    outer loop
      vertex -22.1267 -11.9974 2
      vertex -22.1267 -11.6026 0
      vertex -22.1267 -11.6026 2
    endloop
  endfacet
  facet normal 1 0 0
    outer loop
      vertex -22.1267 -11.6026 0
      vertex -22.1267 -11.9974 2
      vertex -22.1267 -11.9974 0
    endloop
  endfacet
  facet normal 0.173511 0.984832 -0
    outer loop
      vertex -20.537 -13.4971 0
      vertex -20.9258 -13.4286 2
      vertex -20.537 -13.4971 2
    endloop
  endfacet
  facet normal 0.173511 0.984832 0
    outer loop
      vertex -20.9258 -13.4286 2
      vertex -20.537 -13.4971 0
      vertex -20.9258 -13.4286 0
    endloop
  endfacet
  facet normal 0.173511 -0.984832 0
    outer loop
      vertex 19.9506 -10.1714 0
      vertex 20.3394 -10.1029 2
      vertex 19.9506 -10.1714 2
    endloop
  endfacet
  facet normal 0.173511 -0.984832 0
    outer loop
      vertex 20.3394 -10.1029 2
      vertex 19.9506 -10.1714 0
      vertex 20.3394 -10.1029 0
    endloop
  endfacet
  facet normal -0.286813 -0.957987 0
    outer loop
      vertex 20.7334 -10.1258 0
      vertex 21.1115 -10.239 2
      vertex 20.7334 -10.1258 2
    endloop
  endfacet
  facet normal -0.286813 -0.957987 -0
    outer loop
      vertex 21.1115 -10.239 2
      vertex 20.7334 -10.1258 0
      vertex 21.1115 -10.239 0
    endloop
  endfacet
  facet normal -0.939719 -0.341946 0
    outer loop
      vertex 22.0924 -11.408 0
      vertex 21.9574 -11.037 2
      vertex 21.9574 -11.037 0
    endloop
  endfacet
  facet normal -0.939719 -0.341946 0
    outer loop
      vertex 21.9574 -11.037 2
      vertex 22.0924 -11.408 0
      vertex 22.0924 -11.408 2
    endloop
  endfacet
  facet normal -0.993244 -0.116047 0
    outer loop
      vertex 22.1382 -11.8 0
      vertex 22.0924 -11.408 2
      vertex 22.0924 -11.408 0
    endloop
  endfacet
  facet normal -0.993244 -0.116047 0
    outer loop
      vertex 22.0924 -11.408 2
      vertex 22.1382 -11.8 0
      vertex 22.1382 -11.8 2
    endloop
  endfacet
  facet normal -0.835426 -0.549603 0
    outer loop
      vertex 21.9574 -11.037 0
      vertex 21.7405 -10.7073 2
      vertex 21.7405 -10.7073 0
    endloop
  endfacet
  facet normal -0.835426 -0.549603 0
    outer loop
      vertex 21.7405 -10.7073 2
      vertex 21.9574 -11.037 0
      vertex 21.9574 -11.037 2
    endloop
  endfacet
  facet normal 0.97305 0.230593 0
    outer loop
      vertex 18.8407 -12.3814 2
      vertex 18.7497 -11.9974 0
      vertex 18.7497 -11.9974 2
    endloop
  endfacet
  facet normal 0.97305 0.230593 0
    outer loop
      vertex 18.7497 -11.9974 0
      vertex 18.8407 -12.3814 2
      vertex 18.8407 -12.3814 0
    endloop
  endfacet
  facet normal -0.939719 0.341946 0
    outer loop
      vertex 21.9574 -12.563 0
      vertex 22.0924 -12.192 2
      vertex 22.0924 -12.192 0
    endloop
  endfacet
  facet normal -0.939719 0.341946 0
    outer loop
      vertex 22.0924 -12.192 2
      vertex 21.9574 -12.563 0
      vertex 21.9574 -12.563 2
    endloop
  endfacet
  facet normal -0.286813 0.957987 0
    outer loop
      vertex 21.1115 -13.361 0
      vertex 20.7334 -13.4742 2
      vertex 21.1115 -13.361 2
    endloop
  endfacet
  facet normal -0.286813 0.957987 0
    outer loop
      vertex 20.7334 -13.4742 2
      vertex 21.1115 -13.361 0
      vertex 20.7334 -13.4742 0
    endloop
  endfacet
  facet normal 0.597159 -0.802123 0
    outer loop
      vertex 19.2716 -10.5635 0
      vertex 19.5882 -10.3278 2
      vertex 19.2716 -10.5635 2
    endloop
  endfacet
  facet normal 0.597159 -0.802123 0
    outer loop
      vertex 19.5882 -10.3278 2
      vertex 19.2716 -10.5635 0
      vertex 19.5882 -10.3278 0
    endloop
  endfacet
  facet normal 0.893615 0.448834 0
    outer loop
      vertex 19.0179 -12.7342 2
      vertex 18.8407 -12.3814 0
      vertex 18.8407 -12.3814 2
    endloop
  endfacet
  facet normal 0.893615 0.448834 0
    outer loop
      vertex 18.8407 -12.3814 0
      vertex 19.0179 -12.7342 2
      vertex 19.0179 -12.7342 0
    endloop
  endfacet
  facet normal 0.765994 -0.642847 0
    outer loop
      vertex 19.0179 -10.8658 2
      vertex 19.2716 -10.5635 0
      vertex 19.2716 -10.5635 2
    endloop
  endfacet
  facet normal 0.765994 -0.642847 0
    outer loop
      vertex 19.2716 -10.5635 0
      vertex 19.0179 -10.8658 2
      vertex 19.0179 -10.8658 0
    endloop
  endfacet
  facet normal -0.835426 0.549603 0
    outer loop
      vertex 21.7405 -12.8927 0
      vertex 21.9574 -12.563 2
      vertex 21.9574 -12.563 0
    endloop
  endfacet
  facet normal -0.835426 0.549603 0
    outer loop
      vertex 21.9574 -12.563 2
      vertex 21.7405 -12.8927 0
      vertex 21.7405 -12.8927 2
    endloop
  endfacet
  facet normal -0.993244 0.116047 0
    outer loop
      vertex 22.0924 -12.192 0
      vertex 22.1382 -11.8 2
      vertex 22.1382 -11.8 0
    endloop
  endfacet
  facet normal -0.993244 0.116047 0
    outer loop
      vertex 22.1382 -11.8 2
      vertex 22.0924 -12.192 0
      vertex 22.0924 -12.192 2
    endloop
  endfacet
  facet normal -0.686289 0.727329 0
    outer loop
      vertex 21.7405 -12.8927 0
      vertex 21.4534 -13.1636 2
      vertex 21.7405 -12.8927 2
    endloop
  endfacet
  facet normal -0.686289 0.727329 0
    outer loop
      vertex 21.4534 -13.1636 2
      vertex 21.7405 -12.8927 0
      vertex 21.4534 -13.1636 0
    endloop
  endfacet
  facet normal -0.500007 -0.866021 0
    outer loop
      vertex 21.1115 -10.239 0
      vertex 21.4534 -10.4364 2
      vertex 21.1115 -10.239 2
    endloop
  endfacet
  facet normal -0.500007 -0.866021 -0
    outer loop
      vertex 21.4534 -10.4364 2
      vertex 21.1115 -10.239 0
      vertex 21.4534 -10.4364 0
    endloop
  endfacet
  facet normal 0.97305 -0.230593 0
    outer loop
      vertex 18.7497 -11.6026 2
      vertex 18.8407 -11.2186 0
      vertex 18.8407 -11.2186 2
    endloop
  endfacet
  facet normal 0.97305 -0.230593 0
    outer loop
      vertex 18.8407 -11.2186 0
      vertex 18.7497 -11.6026 2
      vertex 18.7497 -11.6026 0
    endloop
  endfacet
  facet normal 0.396242 -0.918146 0
    outer loop
      vertex 19.5882 -10.3278 0
      vertex 19.9506 -10.1714 2
      vertex 19.5882 -10.3278 2
    endloop
  endfacet
  facet normal 0.396242 -0.918146 0
    outer loop
      vertex 19.9506 -10.1714 2
      vertex 19.5882 -10.3278 0
      vertex 19.9506 -10.1714 0
    endloop
  endfacet
  facet normal 0.893615 -0.448834 0
    outer loop
      vertex 18.8407 -11.2186 2
      vertex 19.0179 -10.8658 0
      vertex 19.0179 -10.8658 2
    endloop
  endfacet
  facet normal 0.893615 -0.448834 0
    outer loop
      vertex 19.0179 -10.8658 0
      vertex 18.8407 -11.2186 2
      vertex 18.8407 -11.2186 0
    endloop
  endfacet
  facet normal 0.765994 0.642847 0
    outer loop
      vertex 19.2716 -13.0365 2
      vertex 19.0179 -12.7342 0
      vertex 19.0179 -12.7342 2
    endloop
  endfacet
  facet normal 0.765994 0.642847 0
    outer loop
      vertex 19.0179 -12.7342 0
      vertex 19.2716 -13.0365 2
      vertex 19.2716 -13.0365 0
    endloop
  endfacet
  facet normal -0.0580239 0.998315 0
    outer loop
      vertex 20.7334 -13.4742 0
      vertex 20.3394 -13.4971 2
      vertex 20.7334 -13.4742 2
    endloop
  endfacet
  facet normal -0.0580239 0.998315 0
    outer loop
      vertex 20.3394 -13.4971 2
      vertex 20.7334 -13.4742 0
      vertex 20.3394 -13.4971 0
    endloop
  endfacet
  facet normal -0.686289 -0.727329 0
    outer loop
      vertex 21.4534 -10.4364 0
      vertex 21.7405 -10.7073 2
      vertex 21.4534 -10.4364 2
    endloop
  endfacet
  facet normal -0.686289 -0.727329 -0
    outer loop
      vertex 21.7405 -10.7073 2
      vertex 21.4534 -10.4364 0
      vertex 21.7405 -10.7073 0
    endloop
  endfacet
  facet normal -0.500007 0.866021 0
    outer loop
      vertex 21.4534 -13.1636 0
      vertex 21.1115 -13.361 2
      vertex 21.4534 -13.1636 2
    endloop
  endfacet
  facet normal -0.500007 0.866021 0
    outer loop
      vertex 21.1115 -13.361 2
      vertex 21.4534 -13.1636 0
      vertex 21.1115 -13.361 0
    endloop
  endfacet
  facet normal -0.0580239 -0.998315 0
    outer loop
      vertex 20.3394 -10.1029 0
      vertex 20.7334 -10.1258 2
      vertex 20.3394 -10.1029 2
    endloop
  endfacet
  facet normal -0.0580239 -0.998315 -0
    outer loop
      vertex 20.7334 -10.1258 2
      vertex 20.3394 -10.1029 0
      vertex 20.7334 -10.1258 0
    endloop
  endfacet
  facet normal 0.396242 0.918146 -0
    outer loop
      vertex 19.9506 -13.4286 0
      vertex 19.5882 -13.2722 2
      vertex 19.9506 -13.4286 2
    endloop
  endfacet
  facet normal 0.396242 0.918146 0
    outer loop
      vertex 19.5882 -13.2722 2
      vertex 19.9506 -13.4286 0
      vertex 19.5882 -13.2722 0
    endloop
  endfacet
  facet normal 0.597159 0.802123 -0
    outer loop
      vertex 19.5882 -13.2722 0
      vertex 19.2716 -13.0365 2
      vertex 19.5882 -13.2722 2
    endloop
  endfacet
  facet normal 0.597159 0.802123 0
    outer loop
      vertex 19.2716 -13.0365 2
      vertex 19.5882 -13.2722 0
      vertex 19.2716 -13.0365 0
    endloop
  endfacet
  facet normal 1 -0 0
    outer loop
      vertex 18.7497 -11.9974 2
      vertex 18.7497 -11.6026 0
      vertex 18.7497 -11.6026 2
    endloop
  endfacet
  facet normal 1 0 0
    outer loop
      vertex 18.7497 -11.6026 0
      vertex 18.7497 -11.9974 2
      vertex 18.7497 -11.9974 0
    endloop
  endfacet
  facet normal 0.173511 0.984832 -0
    outer loop
      vertex 20.3394 -13.4971 0
      vertex 19.9506 -13.4286 2
      vertex 20.3394 -13.4971 2
    endloop
  endfacet
  facet normal 0.173511 0.984832 0
    outer loop
      vertex 19.9506 -13.4286 2
      vertex 20.3394 -13.4971 0
      vertex 19.9506 -13.4286 0
    endloop
  endfacet
  facet normal -0.422586 0.906323 0
    outer loop
      vertex 7.89068 -16.1783 0
      vertex 7.32126 -16.4438 2
      vertex 7.89068 -16.1783 2
    endloop
  endfacet
  facet normal -0.422586 0.906323 0
    outer loop
      vertex 7.32126 -16.4438 2
      vertex 7.89068 -16.1783 0
      vertex 7.32126 -16.4438 0
    endloop
  endfacet
  facet normal -0.819097 -0.573655 0
    outer loop
      vertex 14.9227 10.0655 0
      vertex 14.5623 10.5801 2
      vertex 14.5623 10.5801 0
    endloop
  endfacet
  facet normal -0.819097 -0.573655 0
    outer loop
      vertex 14.5623 10.5801 2
      vertex 14.9227 10.0655 0
      vertex 14.9227 10.0655 2
    endloop
  endfacet
  facet normal -0.682086 0.731272 0
    outer loop
      vertex 12.5038 -12.9481 0
      vertex 12.0444 -13.3766 2
      vertex 12.5038 -12.9481 2
    endloop
  endfacet
  facet normal -0.682086 0.731272 0
    outer loop
      vertex 12.0444 -13.3766 2
      vertex 12.5038 -12.9481 0
      vertex 12.0444 -13.3766 0
    endloop
  endfacet
  facet normal -0.956303 -0.292379 0
    outer loop
      vertex 17.3027 4.96147 0
      vertex 17.119 5.56231 2
      vertex 17.119 5.56231 0
    endloop
  endfacet
  facet normal -0.956303 -0.292379 0
    outer loop
      vertex 17.119 5.56231 2
      vertex 17.3027 4.96147 0
      vertex 17.3027 4.96147 2
    endloop
  endfacet
  facet normal 0.484812 -0.874619 0
    outer loop
      vertex -9 15.5885 0
      vertex -8.45049 15.8931 2
      vertex -9 15.5885 2
    endloop
  endfacet
  facet normal 0.484812 -0.874619 0
    outer loop
      vertex -8.45049 15.8931 2
      vertex -9 15.5885 0
      vertex -8.45049 15.8931 0
    endloop
  endfacet
  facet normal -0.974347 0.225052 0
    outer loop
      vertex 17.4653 -4.35459 0
      vertex 17.6067 -3.74241 2
      vertex 17.6067 -3.74241 0
    endloop
  endfacet
  facet normal -0.974347 0.225052 0
    outer loop
      vertex 17.6067 -3.74241 2
      vertex 17.4653 -4.35459 0
      vertex 17.4653 -4.35459 2
    endloop
  endfacet
  facet normal -0.945542 -0.3255 0
    outer loop
      vertex 17.119 5.56231 0
      vertex 16.9145 6.15636 2
      vertex 16.9145 6.15636 0
    endloop
  endfacet
  facet normal -0.945542 -0.3255 0
    outer loop
      vertex 16.9145 6.15636 2
      vertex 17.119 5.56231 0
      vertex 17.119 5.56231 2
    endloop
  endfacet
  facet normal 0.422586 -0.906323 0
    outer loop
      vertex -7.89068 16.1783 0
      vertex -7.32126 16.4438 2
      vertex -7.89068 16.1783 2
    endloop
  endfacet
  facet normal 0.422586 -0.906323 0
    outer loop
      vertex -7.32126 16.4438 2
      vertex -7.89068 16.1783 0
      vertex -7.32126 16.4438 0
    endloop
  endfacet
  facet normal -0.798661 -0.601781 0
    outer loop
      vertex 14.5623 10.5801 0
      vertex 14.1842 11.0819 2
      vertex 14.1842 11.0819 0
    endloop
  endfacet
  facet normal -0.798661 -0.601781 0
    outer loop
      vertex 14.1842 11.0819 2
      vertex 14.5623 10.5801 0
      vertex 14.5623 10.5801 2
    endloop
  endfacet
  facet normal -0.965931 0.2588 0
    outer loop
      vertex 17.3027 -4.96147 0
      vertex 17.4653 -4.35459 2
      vertex 17.4653 -4.35459 0
    endloop
  endfacet
  facet normal -0.965931 0.2588 0
    outer loop
      vertex 17.4653 -4.35459 2
      vertex 17.3027 -4.96147 0
      vertex 17.3027 -4.96147 2
    endloop
  endfacet
  facet normal -0.754722 0.656045 0
    outer loop
      vertex 13.3766 -12.0444 0
      vertex 13.7888 -11.5702 2
      vertex 13.7888 -11.5702 0
    endloop
  endfacet
  facet normal -0.754722 0.656045 0
    outer loop
      vertex 13.7888 -11.5702 2
      vertex 13.3766 -12.0444 0
      vertex 13.3766 -12.0444 2
    endloop
  endfacet
  facet normal 0.601781 0.798661 -0
    outer loop
      vertex -10.5801 -14.5623 0
      vertex -11.0819 -14.1842 2
      vertex -10.5801 -14.5623 2
    endloop
  endfacet
  facet normal 0.601781 0.798661 0
    outer loop
      vertex -11.0819 -14.1842 2
      vertex -10.5801 -14.5623 0
      vertex -11.0819 -14.1842 0
    endloop
  endfacet
  facet normal -0.996189 -0.0872216 0
    outer loop
      vertex 17.9562 1.25562 0
      vertex 17.9014 1.88151 2
      vertex 17.9014 1.88151 0
    endloop
  endfacet
  facet normal -0.996189 -0.0872216 0
    outer loop
      vertex 17.9014 1.88151 2
      vertex 17.9562 1.25562 0
      vertex 17.9562 1.25562 2
    endloop
  endfacet
  facet normal -0.933559 0.358424 0
    outer loop
      vertex 16.6893 -6.74292 0
      vertex 16.9145 -6.15636 2
      vertex 16.9145 -6.15636 0
    endloop
  endfacet
  facet normal -0.933559 0.358424 0
    outer loop
      vertex 16.9145 -6.15636 2
      vertex 16.6893 -6.74292 0
      vertex 16.6893 -6.74292 2
    endloop
  endfacet
  facet normal -0.515046 0.857163 0
    outer loop
      vertex 9.53855 -15.2649 0
      vertex 9 -15.5885 2
      vertex 9.53855 -15.2649 2
    endloop
  endfacet
  facet normal -0.515046 0.857163 0
    outer loop
      vertex 9 -15.5885 2
      vertex 9.53855 -15.2649 0
      vertex 9 -15.5885 0
    endloop
  endfacet
  facet normal 0.981648 -0.190704 0
    outer loop
      vertex -17.7265 3.12567 2
      vertex -17.6764 3.38356 0
      vertex -17.6764 3.38356 2
    endloop
  endfacet
  facet normal 0.981648 -0.190704 0
    outer loop
      vertex -17.6764 3.38356 0
      vertex -17.7265 3.12567 2
      vertex -17.7265 3.12567 0
    endloop
  endfacet
  facet normal -0.0522055 -0.998636 0
    outer loop
      vertex 0.62819 17.989 0
      vertex 1.25562 17.9562 2
      vertex 0.62819 17.989 2
    endloop
  endfacet
  facet normal -0.0522055 -0.998636 -0
    outer loop
      vertex 1.25562 17.9562 2
      vertex 0.62819 17.989 0
      vertex 1.25562 17.9562 0
    endloop
  endfacet
  facet normal -0.515046 -0.857163 0
    outer loop
      vertex 9 15.5885 0
      vertex 9.53855 15.2649 2
      vertex 9 15.5885 2
    endloop
  endfacet
  facet normal -0.515046 -0.857163 -0
    outer loop
      vertex 9.53855 15.2649 2
      vertex 9 15.5885 0
      vertex 9.53855 15.2649 0
    endloop
  endfacet
  facet normal -0.857163 -0.515046 0
    outer loop
      vertex 15.5885 9 0
      vertex 15.2649 9.53855 2
      vertex 15.2649 9.53855 0
    endloop
  endfacet
  facet normal -0.857163 -0.515046 0
    outer loop
      vertex 15.2649 9.53855 2
      vertex 15.5885 9 0
      vertex 15.5885 9 2
    endloop
  endfacet
  facet normal 0.156457 -0.987685 0
    outer loop
      vertex -3.12567 17.7265 0
      vertex -2.50512 17.8248 2
      vertex -3.12567 17.7265 2
    endloop
  endfacet
  facet normal 0.156457 -0.987685 0
    outer loop
      vertex -2.50512 17.8248 2
      vertex -3.12567 17.7265 0
      vertex -2.50512 17.8248 0
    endloop
  endfacet
  facet normal -0.121917 0.99254 0
    outer loop
      vertex 2.50512 -17.8248 0
      vertex 1.88151 -17.9014 2
      vertex 2.50512 -17.8248 2
    endloop
  endfacet
  facet normal -0.121917 0.99254 0
    outer loop
      vertex 1.88151 -17.9014 2
      vertex 2.50512 -17.8248 0
      vertex 1.88151 -17.9014 0
    endloop
  endfacet
  facet normal -0.999847 -0.0175079 0
    outer loop
      vertex 18 0 0
      vertex 17.989 0.62819 2
      vertex 17.989 0.62819 0
    endloop
  endfacet
  facet normal -0.999847 -0.0175079 0
    outer loop
      vertex 17.989 0.62819 2
      vertex 18 0 0
      vertex 18 0 2
    endloop
  endfacet
  facet normal 0.2588 -0.965931 0
    outer loop
      vertex -4.96147 17.3027 0
      vertex -4.35459 17.4653 2
      vertex -4.96147 17.3027 2
    endloop
  endfacet
  facet normal 0.2588 -0.965931 0
    outer loop
      vertex -4.35459 17.4653 2
      vertex -4.96147 17.3027 0
      vertex -4.35459 17.4653 0
    endloop
  endfacet
  facet normal 0.453943 0.891031 -0
    outer loop
      vertex -7.89068 -16.1783 0
      vertex -8.45049 -15.8931 2
      vertex -7.89068 -16.1783 2
    endloop
  endfacet
  facet normal 0.453943 0.891031 0
    outer loop
      vertex -8.45049 -15.8931 2
      vertex -7.89068 -16.1783 0
      vertex -8.45049 -15.8931 0
    endloop
  endfacet
  facet normal 0.0175079 0.999847 -0
    outer loop
      vertex 0 -18 0
      vertex -0.62819 -17.989 2
      vertex 0 -18 2
    endloop
  endfacet
  facet normal 0.0175079 0.999847 0
    outer loop
      vertex -0.62819 -17.989 2
      vertex 0 -18 0
      vertex -0.62819 -17.989 0
    endloop
  endfacet
  facet normal -0.906323 -0.422586 0
    outer loop
      vertex 16.4438 7.32126 0
      vertex 16.1783 7.89068 2
      vertex 16.1783 7.89068 0
    endloop
  endfacet
  facet normal -0.906323 -0.422586 0
    outer loop
      vertex 16.1783 7.89068 2
      vertex 16.4438 7.32126 0
      vertex 16.4438 7.32126 2
    endloop
  endfacet
  facet normal -0.2588 0.965931 0
    outer loop
      vertex 4.96147 -17.3027 0
      vertex 4.35459 -17.4653 2
      vertex 4.96147 -17.3027 2
    endloop
  endfacet
  facet normal -0.2588 0.965931 0
    outer loop
      vertex 4.35459 -17.4653 2
      vertex 4.96147 -17.3027 0
      vertex 4.35459 -17.4653 0
    endloop
  endfacet
  facet normal -0.601781 -0.798661 0
    outer loop
      vertex 10.5801 14.5623 0
      vertex 11.0819 14.1842 2
      vertex 10.5801 14.5623 2
    endloop
  endfacet
  facet normal -0.601781 -0.798661 -0
    outer loop
      vertex 11.0819 14.1842 2
      vertex 10.5801 14.5623 0
      vertex 11.0819 14.1842 0
    endloop
  endfacet
  facet normal 0.819097 0.573655 0
    outer loop
      vertex -14.5623 -10.5801 2
      vertex -14.9227 -10.0655 0
      vertex -14.9227 -10.0655 2
    endloop
  endfacet
  facet normal 0.819097 0.573655 0
    outer loop
      vertex -14.9227 -10.0655 0
      vertex -14.5623 -10.5801 2
      vertex -14.5623 -10.5801 0
    endloop
  endfacet
  facet normal -0.573655 0.819097 0
    outer loop
      vertex 10.5801 -14.5623 0
      vertex 10.0655 -14.9227 2
      vertex 10.5801 -14.5623 2
    endloop
  endfacet
  facet normal -0.573655 0.819097 0
    outer loop
      vertex 10.0655 -14.9227 2
      vertex 10.5801 -14.5623 0
      vertex 10.0655 -14.9227 0
    endloop
  endfacet
  facet normal -0.3255 -0.945542 0
    outer loop
      vertex 5.56231 17.119 0
      vertex 6.15636 16.9145 2
      vertex 5.56231 17.119 2
    endloop
  endfacet
  facet normal -0.3255 -0.945542 -0
    outer loop
      vertex 6.15636 16.9145 2
      vertex 5.56231 17.119 0
      vertex 6.15636 16.9145 0
    endloop
  endfacet
  facet normal 0.0522055 0.998636 -0
    outer loop
      vertex -0.62819 -17.989 0
      vertex -1.25562 -17.9562 2
      vertex -0.62819 -17.989 2
    endloop
  endfacet
  facet normal 0.0522055 0.998636 0
    outer loop
      vertex -1.25562 -17.9562 2
      vertex -0.62819 -17.989 0
      vertex -1.25562 -17.9562 0
    endloop
  endfacet
  facet normal -0.99254 -0.121917 0
    outer loop
      vertex 17.9014 1.88151 0
      vertex 17.8248 2.50512 2
      vertex 17.8248 2.50512 0
    endloop
  endfacet
  facet normal -0.99254 -0.121917 0
    outer loop
      vertex 17.8248 2.50512 2
      vertex 17.9014 1.88151 0
      vertex 17.9014 1.88151 2
    endloop
  endfacet
  facet normal -0.9205 -0.390744 0
    outer loop
      vertex 16.6893 6.74292 0
      vertex 16.4438 7.32126 2
      vertex 16.4438 7.32126 0
    endloop
  endfacet
  facet normal -0.9205 -0.390744 0
    outer loop
      vertex 16.4438 7.32126 2
      vertex 16.6893 6.74292 0
      vertex 16.6893 6.74292 2
    endloop
  endfacet
  facet normal -0.731272 -0.682086 0
    outer loop
      vertex 13.3766 12.0444 0
      vertex 12.9481 12.5038 2
      vertex 12.9481 12.5038 0
    endloop
  endfacet
  facet normal -0.731272 -0.682086 0
    outer loop
      vertex 12.9481 12.5038 2
      vertex 13.3766 12.0444 0
      vertex 13.3766 12.0444 2
    endloop
  endfacet
  facet normal 0.225052 0.974347 -0
    outer loop
      vertex -3.74241 -17.6067 0
      vertex -4.35459 -17.4653 2
      vertex -3.74241 -17.6067 2
    endloop
  endfacet
  facet normal 0.225052 0.974347 0
    outer loop
      vertex -4.35459 -17.4653 2
      vertex -3.74241 -17.6067 0
      vertex -4.35459 -17.4653 0
    endloop
  endfacet
  facet normal -0.965931 -0.2588 0
    outer loop
      vertex 17.4653 4.35459 0
      vertex 17.3027 4.96147 2
      vertex 17.3027 4.96147 0
    endloop
  endfacet
  facet normal -0.965931 -0.2588 0
    outer loop
      vertex 17.3027 4.96147 2
      vertex 17.4653 4.35459 0
      vertex 17.4653 4.35459 2
    endloop
  endfacet
  facet normal -0.945542 0.3255 0
    outer loop
      vertex 16.9145 -6.15636 0
      vertex 17.119 -5.56231 2
      vertex 17.119 -5.56231 0
    endloop
  endfacet
  facet normal -0.945542 0.3255 0
    outer loop
      vertex 17.119 -5.56231 2
      vertex 16.9145 -6.15636 0
      vertex 16.9145 -6.15636 2
    endloop
  endfacet
  facet normal -0.974347 -0.225052 0
    outer loop
      vertex 17.6067 3.74241 0
      vertex 17.4653 4.35459 2
      vertex 17.4653 4.35459 0
    endloop
  endfacet
  facet normal -0.974347 -0.225052 0
    outer loop
      vertex 17.4653 4.35459 2
      vertex 17.6067 3.74241 0
      vertex 17.6067 3.74241 2
    endloop
  endfacet
  facet normal -0.190683 0.981652 0
    outer loop
      vertex 3.74241 -17.6067 0
      vertex 3.12567 -17.7265 2
      vertex 3.74241 -17.6067 2
    endloop
  endfacet
  facet normal -0.190683 0.981652 0
    outer loop
      vertex 3.12567 -17.7265 2
      vertex 3.74241 -17.6067 0
      vertex 3.12567 -17.7265 0
    endloop
  endfacet
  facet normal 0.484812 0.874619 -0
    outer loop
      vertex -8.45049 -15.8931 0
      vertex -9 -15.5885 2
      vertex -8.45049 -15.8931 2
    endloop
  endfacet
  facet normal 0.484812 0.874619 0
    outer loop
      vertex -9 -15.5885 2
      vertex -8.45049 -15.8931 0
      vertex -9 -15.5885 0
    endloop
  endfacet
  facet normal 0.987685 0.156457 0
    outer loop
      vertex -17.7265 -3.12567 2
      vertex -17.8248 -2.50512 0
      vertex -17.8248 -2.50512 2
    endloop
  endfacet
  facet normal 0.987685 0.156457 0
    outer loop
      vertex -17.8248 -2.50512 0
      vertex -17.7265 -3.12567 2
      vertex -17.7265 -3.12567 0
    endloop
  endfacet
  facet normal -0.996189 0.0872216 0
    outer loop
      vertex 17.9014 -1.88151 0
      vertex 17.9562 -1.25562 2
      vertex 17.9562 -1.25562 0
    endloop
  endfacet
  facet normal -0.996189 0.0872216 0
    outer loop
      vertex 17.9562 -1.25562 2
      vertex 17.9014 -1.88151 0
      vertex 17.9014 -1.88151 2
    endloop
  endfacet
  facet normal 0.99254 -0.121917 0
    outer loop
      vertex -17.9014 1.88151 2
      vertex -17.8248 2.50512 0
      vertex -17.8248 2.50512 2
    endloop
  endfacet
  facet normal 0.99254 -0.121917 0
    outer loop
      vertex -17.8248 2.50512 0
      vertex -17.9014 1.88151 2
      vertex -17.9014 1.88151 0
    endloop
  endfacet
  facet normal 0.981652 0.190683 0
    outer loop
      vertex -17.6067 -3.74241 2
      vertex -17.7265 -3.12567 0
      vertex -17.7265 -3.12567 2
    endloop
  endfacet
  facet normal 0.981652 0.190683 0
    outer loop
      vertex -17.7265 -3.12567 0
      vertex -17.6067 -3.74241 2
      vertex -17.6067 -3.74241 0
    endloop
  endfacet
  facet normal -0.0175079 0.999847 0
    outer loop
      vertex 0.62819 -17.989 0
      vertex 0 -18 2
      vertex 0.62819 -17.989 2
    endloop
  endfacet
  facet normal -0.0175079 0.999847 0
    outer loop
      vertex 0 -18 2
      vertex 0.62819 -17.989 0
      vertex 0 -18 0
    endloop
  endfacet
  facet normal -0.707107 -0.707107 0
    outer loop
      vertex 12.9481 12.5038 0
      vertex 12.5038 12.9481 2
      vertex 12.5038 12.9481 0
    endloop
  endfacet
  facet normal -0.707107 -0.707107 0
    outer loop
      vertex 12.5038 12.9481 2
      vertex 12.9481 12.5038 0
      vertex 12.9481 12.5038 2
    endloop
  endfacet
  facet normal 0.857163 0.515046 0
    outer loop
      vertex -15.2649 -9.53855 2
      vertex -15.5885 -9 0
      vertex -15.5885 -9 2
    endloop
  endfacet
  facet normal 0.857163 0.515046 0
    outer loop
      vertex -15.5885 -9 0
      vertex -15.2649 -9.53855 2
      vertex -15.2649 -9.53855 0
    endloop
  endfacet
  facet normal -0.874619 -0.484812 0
    outer loop
      vertex 15.8931 8.45049 0
      vertex 15.5885 9 2
      vertex 15.5885 9 0
    endloop
  endfacet
  facet normal -0.874619 -0.484812 0
    outer loop
      vertex 15.5885 9 2
      vertex 15.8931 8.45049 0
      vertex 15.8931 8.45049 2
    endloop
  endfacet
  facet normal -0.956303 0.292379 0
    outer loop
      vertex 17.119 -5.56231 0
      vertex 17.3027 -4.96147 2
      vertex 17.3027 -4.96147 0
    endloop
  endfacet
  facet normal -0.956303 0.292379 0
    outer loop
      vertex 17.3027 -4.96147 2
      vertex 17.119 -5.56231 0
      vertex 17.119 -5.56231 2
    endloop
  endfacet
  facet normal 0.121917 0.99254 -0
    outer loop
      vertex -1.88151 -17.9014 0
      vertex -2.50512 -17.8248 2
      vertex -1.88151 -17.9014 2
    endloop
  endfacet
  facet normal 0.121917 0.99254 0
    outer loop
      vertex -2.50512 -17.8248 2
      vertex -1.88151 -17.9014 0
      vertex -2.50512 -17.8248 0
    endloop
  endfacet
  facet normal -0.933559 -0.358424 0
    outer loop
      vertex 16.9145 6.15636 0
      vertex 16.6893 6.74292 2
      vertex 16.6893 6.74292 0
    endloop
  endfacet
  facet normal -0.933559 -0.358424 0
    outer loop
      vertex 16.6893 6.74292 2
      vertex 16.9145 6.15636 0
      vertex 16.9145 6.15636 2
    endloop
  endfacet
  facet normal -0.891031 0.453943 0
    outer loop
      vertex 15.8931 -8.45049 0
      vertex 16.1783 -7.89068 2
      vertex 16.1783 -7.89068 0
    endloop
  endfacet
  facet normal -0.891031 0.453943 0
    outer loop
      vertex 16.1783 -7.89068 2
      vertex 15.8931 -8.45049 0
      vertex 15.8931 -8.45049 2
    endloop
  endfacet
  facet normal 0.933559 0.358424 0
    outer loop
      vertex -16.6893 -6.74292 2
      vertex -16.9145 -6.15636 0
      vertex -16.9145 -6.15636 2
    endloop
  endfacet
  facet normal 0.933559 0.358424 0
    outer loop
      vertex -16.9145 -6.15636 0
      vertex -16.6893 -6.74292 2
      vertex -16.6893 -6.74292 0
    endloop
  endfacet
  facet normal -0.292379 -0.956303 0
    outer loop
      vertex 4.96147 17.3027 0
      vertex 5.56231 17.119 2
      vertex 4.96147 17.3027 2
    endloop
  endfacet
  facet normal -0.292379 -0.956303 -0
    outer loop
      vertex 5.56231 17.119 2
      vertex 4.96147 17.3027 0
      vertex 5.56231 17.119 0
    endloop
  endfacet
  facet normal -0.999847 0.0175079 0
    outer loop
      vertex 17.989 -0.62819 0
      vertex 18 0 2
      vertex 18 0 0
    endloop
  endfacet
  facet normal -0.999847 0.0175079 0
    outer loop
      vertex 18 0 2
      vertex 17.989 -0.62819 0
      vertex 17.989 -0.62819 2
    endloop
  endfacet
  facet normal -0.731272 0.682086 0
    outer loop
      vertex 12.9481 -12.5038 0
      vertex 13.3766 -12.0444 2
      vertex 13.3766 -12.0444 0
    endloop
  endfacet
  facet normal -0.731272 0.682086 0
    outer loop
      vertex 13.3766 -12.0444 2
      vertex 12.9481 -12.5038 0
      vertex 12.9481 -12.5038 2
    endloop
  endfacet
  facet normal -0.484812 0.874619 0
    outer loop
      vertex 9 -15.5885 0
      vertex 8.45049 -15.8931 2
      vertex 9 -15.5885 2
    endloop
  endfacet
  facet normal -0.484812 0.874619 0
    outer loop
      vertex 8.45049 -15.8931 2
      vertex 9 -15.5885 0
      vertex 8.45049 -15.8931 0
    endloop
  endfacet
  facet normal -0.601781 0.798661 0
    outer loop
      vertex 11.0819 -14.1842 0
      vertex 10.5801 -14.5623 2
      vertex 11.0819 -14.1842 2
    endloop
  endfacet
  facet normal -0.601781 0.798661 0
    outer loop
      vertex 10.5801 -14.5623 2
      vertex 11.0819 -14.1842 0
      vertex 10.5801 -14.5623 0
    endloop
  endfacet
  facet normal -0.998636 0.0522055 0
    outer loop
      vertex 17.9562 -1.25562 0
      vertex 17.989 -0.62819 2
      vertex 17.989 -0.62819 0
    endloop
  endfacet
  facet normal -0.998636 0.0522055 0
    outer loop
      vertex 17.989 -0.62819 2
      vertex 17.9562 -1.25562 0
      vertex 17.9562 -1.25562 2
    endloop
  endfacet
  facet normal -0.573655 -0.819097 0
    outer loop
      vertex 10.0655 14.9227 0
      vertex 10.5801 14.5623 2
      vertex 10.0655 14.9227 2
    endloop
  endfacet
  facet normal -0.573655 -0.819097 -0
    outer loop
      vertex 10.5801 14.5623 2
      vertex 10.0655 14.9227 0
      vertex 10.5801 14.5623 0
    endloop
  endfacet
  facet normal -0.0872216 0.996189 0
    outer loop
      vertex 1.88151 -17.9014 0
      vertex 1.25562 -17.9562 2
      vertex 1.88151 -17.9014 2
    endloop
  endfacet
  facet normal -0.0872216 0.996189 0
    outer loop
      vertex 1.25562 -17.9562 2
      vertex 1.88151 -17.9014 0
      vertex 1.25562 -17.9562 0
    endloop
  endfacet
  facet normal -0.190683 -0.981652 0
    outer loop
      vertex 3.12567 17.7265 0
      vertex 3.74241 17.6067 2
      vertex 3.12567 17.7265 2
    endloop
  endfacet
  facet normal -0.190683 -0.981652 -0
    outer loop
      vertex 3.74241 17.6067 2
      vertex 3.12567 17.7265 0
      vertex 3.74241 17.6067 0
    endloop
  endfacet
  facet normal -0.656045 -0.754722 0
    outer loop
      vertex 11.5702 13.7888 0
      vertex 12.0444 13.3766 2
      vertex 11.5702 13.7888 2
    endloop
  endfacet
  facet normal -0.656045 -0.754722 -0
    outer loop
      vertex 12.0444 13.3766 2
      vertex 11.5702 13.7888 0
      vertex 12.0444 13.3766 0
    endloop
  endfacet
  facet normal 0.453943 -0.891031 0
    outer loop
      vertex -8.45049 15.8931 0
      vertex -7.89068 16.1783 2
      vertex -8.45049 15.8931 2
    endloop
  endfacet
  facet normal 0.453943 -0.891031 0
    outer loop
      vertex -7.89068 16.1783 2
      vertex -8.45049 15.8931 0
      vertex -7.89068 16.1783 0
    endloop
  endfacet
  facet normal 0.998636 0.0522055 0
    outer loop
      vertex -17.9562 -1.25562 2
      vertex -17.989 -0.62819 0
      vertex -17.989 -0.62819 2
    endloop
  endfacet
  facet normal 0.998636 0.0522055 0
    outer loop
      vertex -17.989 -0.62819 0
      vertex -17.9562 -1.25562 2
      vertex -17.9562 -1.25562 0
    endloop
  endfacet
  facet normal -0.998636 -0.0522055 0
    outer loop
      vertex 17.989 0.62819 0
      vertex 17.9562 1.25562 2
      vertex 17.9562 1.25562 0
    endloop
  endfacet
  facet normal -0.998636 -0.0522055 0
    outer loop
      vertex 17.9562 1.25562 2
      vertex 17.989 0.62819 0
      vertex 17.989 0.62819 2
    endloop
  endfacet
  facet normal 0.0522055 -0.998636 0
    outer loop
      vertex -1.25562 17.9562 0
      vertex -0.62819 17.989 2
      vertex -1.25562 17.9562 2
    endloop
  endfacet
  facet normal 0.0522055 -0.998636 0
    outer loop
      vertex -0.62819 17.989 2
      vertex -1.25562 17.9562 0
      vertex -0.62819 17.989 0
    endloop
  endfacet
  facet normal 0.225052 -0.974347 0
    outer loop
      vertex -4.35459 17.4653 0
      vertex -3.74241 17.6067 2
      vertex -4.35459 17.4653 2
    endloop
  endfacet
  facet normal 0.225052 -0.974347 0
    outer loop
      vertex -3.74241 17.6067 2
      vertex -4.35459 17.4653 0
      vertex -3.74241 17.6067 0
    endloop
  endfacet
  facet normal 0.731272 0.682086 0
    outer loop
      vertex -12.9481 -12.5038 2
      vertex -13.3766 -12.0444 0
      vertex -13.3766 -12.0444 2
    endloop
  endfacet
  facet normal 0.731272 0.682086 0
    outer loop
      vertex -13.3766 -12.0444 0
      vertex -12.9481 -12.5038 2
      vertex -12.9481 -12.5038 0
    endloop
  endfacet
  facet normal -0.981652 0.190683 0
    outer loop
      vertex 17.6067 -3.74241 0
      vertex 17.7265 -3.12567 2
      vertex 17.7265 -3.12567 0
    endloop
  endfacet
  facet normal -0.981652 0.190683 0
    outer loop
      vertex 17.7265 -3.12567 2
      vertex 17.6067 -3.74241 0
      vertex 17.6067 -3.74241 2
    endloop
  endfacet
  facet normal -0.838674 -0.544633 0
    outer loop
      vertex 15.2649 9.53855 0
      vertex 14.9227 10.0655 2
      vertex 14.9227 10.0655 0
    endloop
  endfacet
  facet normal -0.838674 -0.544633 0
    outer loop
      vertex 14.9227 10.0655 2
      vertex 15.2649 9.53855 0
      vertex 15.2649 9.53855 2
    endloop
  endfacet
  facet normal -0.707107 0.707107 0
    outer loop
      vertex 12.5038 -12.9481 0
      vertex 12.9481 -12.5038 2
      vertex 12.9481 -12.5038 0
    endloop
  endfacet
  facet normal -0.707107 0.707107 0
    outer loop
      vertex 12.9481 -12.5038 2
      vertex 12.5038 -12.9481 0
      vertex 12.5038 -12.9481 2
    endloop
  endfacet
  facet normal -0.891031 -0.453943 0
    outer loop
      vertex 16.1783 7.89068 0
      vertex 15.8931 8.45049 2
      vertex 15.8931 8.45049 0
    endloop
  endfacet
  facet normal -0.891031 -0.453943 0
    outer loop
      vertex 15.8931 8.45049 2
      vertex 16.1783 7.89068 0
      vertex 16.1783 7.89068 2
    endloop
  endfacet
  facet normal 0.99254 0.121917 0
    outer loop
      vertex -17.8248 -2.50512 2
      vertex -17.9014 -1.88151 0
      vertex -17.9014 -1.88151 2
    endloop
  endfacet
  facet normal 0.99254 0.121917 0
    outer loop
      vertex -17.9014 -1.88151 0
      vertex -17.8248 -2.50512 2
      vertex -17.8248 -2.50512 0
    endloop
  endfacet
  facet normal -0.453943 0.891031 0
    outer loop
      vertex 8.45049 -15.8931 0
      vertex 7.89068 -16.1783 2
      vertex 8.45049 -15.8931 2
    endloop
  endfacet
  facet normal -0.453943 0.891031 0
    outer loop
      vertex 7.89068 -16.1783 2
      vertex 8.45049 -15.8931 0
      vertex 7.89068 -16.1783 0
    endloop
  endfacet
  facet normal 0.999847 -0.0175079 0
    outer loop
      vertex -18 0 2
      vertex -17.989 0.62819 0
      vertex -17.989 0.62819 2
    endloop
  endfacet
  facet normal 0.999847 -0.0175079 0
    outer loop
      vertex -17.989 0.62819 0
      vertex -18 0 2
      vertex -18 0 0
    endloop
  endfacet
  facet normal -0.390744 -0.9205 0
    outer loop
      vertex 6.74292 16.6893 0
      vertex 7.32126 16.4438 2
      vertex 6.74292 16.6893 2
    endloop
  endfacet
  facet normal -0.390744 -0.9205 -0
    outer loop
      vertex 7.32126 16.4438 2
      vertex 6.74292 16.6893 0
      vertex 7.32126 16.4438 0
    endloop
  endfacet
  facet normal -0.682086 -0.731272 0
    outer loop
      vertex 12.0444 13.3766 0
      vertex 12.5038 12.9481 2
      vertex 12.0444 13.3766 2
    endloop
  endfacet
  facet normal -0.682086 -0.731272 -0
    outer loop
      vertex 12.5038 12.9481 2
      vertex 12.0444 13.3766 0
      vertex 12.5038 12.9481 0
    endloop
  endfacet
  facet normal 0.3255 0.945542 -0
    outer loop
      vertex -5.56231 -17.119 0
      vertex -6.15636 -16.9145 2
      vertex -5.56231 -17.119 2
    endloop
  endfacet
  facet normal 0.3255 0.945542 0
    outer loop
      vertex -6.15636 -16.9145 2
      vertex -5.56231 -17.119 0
      vertex -6.15636 -16.9145 0
    endloop
  endfacet
  facet normal 0.2588 0.965931 -0
    outer loop
      vertex -4.35459 -17.4653 0
      vertex -4.96147 -17.3027 2
      vertex -4.35459 -17.4653 2
    endloop
  endfacet
  facet normal 0.2588 0.965931 0
    outer loop
      vertex -4.96147 -17.3027 2
      vertex -4.35459 -17.4653 0
      vertex -4.96147 -17.3027 0
    endloop
  endfacet
  facet normal 0.874619 0.484812 0
    outer loop
      vertex -15.5885 -9 2
      vertex -15.8931 -8.45049 0
      vertex -15.8931 -8.45049 2
    endloop
  endfacet
  facet normal 0.874619 0.484812 0
    outer loop
      vertex -15.8931 -8.45049 0
      vertex -15.5885 -9 2
      vertex -15.5885 -9 0
    endloop
  endfacet
  facet normal 0.0175079 -0.999847 0
    outer loop
      vertex -0.62819 17.989 0
      vertex 0 18 2
      vertex -0.62819 17.989 2
    endloop
  endfacet
  facet normal 0.0175079 -0.999847 0
    outer loop
      vertex 0 18 2
      vertex -0.62819 17.989 0
      vertex 0 18 0
    endloop
  endfacet
  facet normal 0.156457 0.987685 -0
    outer loop
      vertex -2.50512 -17.8248 0
      vertex -3.12567 -17.7265 2
      vertex -2.50512 -17.8248 2
    endloop
  endfacet
  facet normal 0.156457 0.987685 0
    outer loop
      vertex -3.12567 -17.7265 2
      vertex -2.50512 -17.8248 0
      vertex -3.12567 -17.7265 0
    endloop
  endfacet
  facet normal 0.656103 -0.754671 0
    outer loop
      vertex -11.7685 13.6164 0
      vertex -11.5702 13.7888 2
      vertex -11.7685 13.6164 2
    endloop
  endfacet
  facet normal 0.656103 -0.754671 0
    outer loop
      vertex -11.5702 13.7888 2
      vertex -11.7685 13.6164 0
      vertex -11.5702 13.7888 0
    endloop
  endfacet
  facet normal 0.3255 -0.945542 0
    outer loop
      vertex -6.15636 16.9145 0
      vertex -5.56231 17.119 2
      vertex -6.15636 16.9145 2
    endloop
  endfacet
  facet normal 0.3255 -0.945542 0
    outer loop
      vertex -5.56231 17.119 2
      vertex -6.15636 16.9145 0
      vertex -5.56231 17.119 0
    endloop
  endfacet
  facet normal 0.906323 0.422586 0
    outer loop
      vertex -16.1783 -7.89068 2
      vertex -16.4438 -7.32126 0
      vertex -16.4438 -7.32126 2
    endloop
  endfacet
  facet normal 0.906323 0.422586 0
    outer loop
      vertex -16.4438 -7.32126 0
      vertex -16.1783 -7.89068 2
      vertex -16.1783 -7.89068 0
    endloop
  endfacet
  facet normal -0.2588 -0.965931 0
    outer loop
      vertex 4.35459 17.4653 0
      vertex 4.96147 17.3027 2
      vertex 4.35459 17.4653 2
    endloop
  endfacet
  facet normal -0.2588 -0.965931 -0
    outer loop
      vertex 4.96147 17.3027 2
      vertex 4.35459 17.4653 0
      vertex 4.96147 17.3027 0
    endloop
  endfacet
  facet normal -0.156457 0.987685 0
    outer loop
      vertex 3.12567 -17.7265 0
      vertex 2.50512 -17.8248 2
      vertex 3.12567 -17.7265 2
    endloop
  endfacet
  facet normal -0.156457 0.987685 0
    outer loop
      vertex 2.50512 -17.8248 2
      vertex 3.12567 -17.7265 0
      vertex 2.50512 -17.8248 0
    endloop
  endfacet
  facet normal -0.819097 0.573655 0
    outer loop
      vertex 14.5623 -10.5801 0
      vertex 14.9227 -10.0655 2
      vertex 14.9227 -10.0655 0
    endloop
  endfacet
  facet normal -0.819097 0.573655 0
    outer loop
      vertex 14.9227 -10.0655 2
      vertex 14.5623 -10.5801 0
      vertex 14.5623 -10.5801 2
    endloop
  endfacet
  facet normal 0.190683 -0.981652 0
    outer loop
      vertex -3.74241 17.6067 0
      vertex -3.12567 17.7265 2
      vertex -3.74241 17.6067 2
    endloop
  endfacet
  facet normal 0.190683 -0.981652 0
    outer loop
      vertex -3.12567 17.7265 2
      vertex -3.74241 17.6067 0
      vertex -3.12567 17.7265 0
    endloop
  endfacet
  facet normal 0.999847 0.0175079 0
    outer loop
      vertex -17.989 -0.62819 2
      vertex -18 0 0
      vertex -18 0 2
    endloop
  endfacet
  facet normal 0.999847 0.0175079 0
    outer loop
      vertex -18 0 0
      vertex -17.989 -0.62819 2
      vertex -17.989 -0.62819 0
    endloop
  endfacet
  facet normal 0.358424 -0.933559 0
    outer loop
      vertex -6.74292 16.6893 0
      vertex -6.15636 16.9145 2
      vertex -6.74292 16.6893 2
    endloop
  endfacet
  facet normal 0.358424 -0.933559 0
    outer loop
      vertex -6.15636 16.9145 2
      vertex -6.74292 16.6893 0
      vertex -6.15636 16.9145 0
    endloop
  endfacet
  facet normal -0.422586 -0.906323 0
    outer loop
      vertex 7.32126 16.4438 0
      vertex 7.89068 16.1783 2
      vertex 7.32126 16.4438 2
    endloop
  endfacet
  facet normal -0.422586 -0.906323 -0
    outer loop
      vertex 7.89068 16.1783 2
      vertex 7.32126 16.4438 0
      vertex 7.89068 16.1783 0
    endloop
  endfacet
  facet normal 0.945542 0.3255 0
    outer loop
      vertex -16.9145 -6.15636 2
      vertex -17.119 -5.56231 0
      vertex -17.119 -5.56231 2
    endloop
  endfacet
  facet normal 0.945542 0.3255 0
    outer loop
      vertex -17.119 -5.56231 0
      vertex -16.9145 -6.15636 2
      vertex -16.9145 -6.15636 0
    endloop
  endfacet
  facet normal -0.99254 0.121917 0
    outer loop
      vertex 17.8248 -2.50512 0
      vertex 17.9014 -1.88151 2
      vertex 17.9014 -1.88151 0
    endloop
  endfacet
  facet normal -0.99254 0.121917 0
    outer loop
      vertex 17.9014 -1.88151 2
      vertex 17.8248 -2.50512 0
      vertex 17.8248 -2.50512 2
    endloop
  endfacet
  facet normal -0.292379 0.956303 0
    outer loop
      vertex 5.56231 -17.119 0
      vertex 4.96147 -17.3027 2
      vertex 5.56231 -17.119 2
    endloop
  endfacet
  facet normal -0.292379 0.956303 0
    outer loop
      vertex 4.96147 -17.3027 2
      vertex 5.56231 -17.119 0
      vertex 4.96147 -17.3027 0
    endloop
  endfacet
  facet normal 0.998636 -0.0522055 0
    outer loop
      vertex -17.989 0.62819 2
      vertex -17.9562 1.25562 0
      vertex -17.9562 1.25562 2
    endloop
  endfacet
  facet normal 0.998636 -0.0522055 0
    outer loop
      vertex -17.9562 1.25562 0
      vertex -17.989 0.62819 2
      vertex -17.989 0.62819 0
    endloop
  endfacet
  facet normal -0.390744 0.9205 0
    outer loop
      vertex 7.32126 -16.4438 0
      vertex 6.74292 -16.6893 2
      vertex 7.32126 -16.4438 2
    endloop
  endfacet
  facet normal -0.390744 0.9205 0
    outer loop
      vertex 6.74292 -16.6893 2
      vertex 7.32126 -16.4438 0
      vertex 6.74292 -16.6893 0
    endloop
  endfacet
  facet normal -0.0175079 -0.999847 0
    outer loop
      vertex 0 18 0
      vertex 0.62819 17.989 2
      vertex 0 18 2
    endloop
  endfacet
  facet normal -0.0175079 -0.999847 -0
    outer loop
      vertex 0.62819 17.989 2
      vertex 0 18 0
      vertex 0.62819 17.989 0
    endloop
  endfacet
  facet normal -0.981652 -0.190683 0
    outer loop
      vertex 17.7265 3.12567 0
      vertex 17.6067 3.74241 2
      vertex 17.6067 3.74241 0
    endloop
  endfacet
  facet normal -0.981652 -0.190683 0
    outer loop
      vertex 17.6067 3.74241 2
      vertex 17.7265 3.12567 0
      vertex 17.7265 3.12567 2
    endloop
  endfacet
  facet normal 0.121917 -0.99254 0
    outer loop
      vertex -2.50512 17.8248 0
      vertex -1.88151 17.9014 2
      vertex -2.50512 17.8248 2
    endloop
  endfacet
  facet normal 0.121917 -0.99254 0
    outer loop
      vertex -1.88151 17.9014 2
      vertex -2.50512 17.8248 0
      vertex -1.88151 17.9014 0
    endloop
  endfacet
  facet normal 0.798661 0.601781 0
    outer loop
      vertex -14.1842 -11.0819 2
      vertex -14.5623 -10.5801 0
      vertex -14.5623 -10.5801 2
    endloop
  endfacet
  facet normal 0.798661 0.601781 0
    outer loop
      vertex -14.5623 -10.5801 0
      vertex -14.1842 -11.0819 2
      vertex -14.1842 -11.0819 0
    endloop
  endfacet
  facet normal -0.987685 -0.156457 0
    outer loop
      vertex 17.8248 2.50512 0
      vertex 17.7265 3.12567 2
      vertex 17.7265 3.12567 0
    endloop
  endfacet
  facet normal -0.987685 -0.156457 0
    outer loop
      vertex 17.7265 3.12567 2
      vertex 17.8248 2.50512 0
      vertex 17.8248 2.50512 2
    endloop
  endfacet
  facet normal -0.874619 0.484812 0
    outer loop
      vertex 15.5885 -9 0
      vertex 15.8931 -8.45049 2
      vertex 15.8931 -8.45049 0
    endloop
  endfacet
  facet normal -0.874619 0.484812 0
    outer loop
      vertex 15.8931 -8.45049 2
      vertex 15.5885 -9 0
      vertex 15.5885 -9 2
    endloop
  endfacet
  facet normal 0.390744 0.9205 -0
    outer loop
      vertex -6.74292 -16.6893 0
      vertex -7.32126 -16.4438 2
      vertex -6.74292 -16.6893 2
    endloop
  endfacet
  facet normal 0.390744 0.9205 0
    outer loop
      vertex -7.32126 -16.4438 2
      vertex -6.74292 -16.6893 0
      vertex -7.32126 -16.4438 0
    endloop
  endfacet
  facet normal 0.9205 0.390744 0
    outer loop
      vertex -16.4438 -7.32126 2
      vertex -16.6893 -6.74292 0
      vertex -16.6893 -6.74292 2
    endloop
  endfacet
  facet normal 0.9205 0.390744 0
    outer loop
      vertex -16.6893 -6.74292 0
      vertex -16.4438 -7.32126 2
      vertex -16.4438 -7.32126 0
    endloop
  endfacet
  facet normal -0.857163 0.515046 0
    outer loop
      vertex 15.2649 -9.53855 0
      vertex 15.5885 -9 2
      vertex 15.5885 -9 0
    endloop
  endfacet
  facet normal -0.857163 0.515046 0
    outer loop
      vertex 15.5885 -9 2
      vertex 15.2649 -9.53855 0
      vertex 15.2649 -9.53855 2
    endloop
  endfacet
  facet normal -0.77716 0.629304 0
    outer loop
      vertex 13.7888 -11.5702 0
      vertex 14.1842 -11.0819 2
      vertex 14.1842 -11.0819 0
    endloop
  endfacet
  facet normal -0.77716 0.629304 0
    outer loop
      vertex 14.1842 -11.0819 2
      vertex 13.7888 -11.5702 0
      vertex 13.7888 -11.5702 2
    endloop
  endfacet
  facet normal -0.225052 0.974347 0
    outer loop
      vertex 4.35459 -17.4653 0
      vertex 3.74241 -17.6067 2
      vertex 4.35459 -17.4653 2
    endloop
  endfacet
  facet normal -0.225052 0.974347 0
    outer loop
      vertex 3.74241 -17.6067 2
      vertex 4.35459 -17.4653 0
      vertex 3.74241 -17.6067 0
    endloop
  endfacet
  facet normal 0.754722 0.656045 0
    outer loop
      vertex -13.3766 -12.0444 2
      vertex -13.7888 -11.5702 0
      vertex -13.7888 -11.5702 2
    endloop
  endfacet
  facet normal 0.754722 0.656045 0
    outer loop
      vertex -13.7888 -11.5702 0
      vertex -13.3766 -12.0444 2
      vertex -13.3766 -12.0444 0
    endloop
  endfacet
  facet normal -0.484812 -0.874619 0
    outer loop
      vertex 8.45049 15.8931 0
      vertex 9 15.5885 2
      vertex 8.45049 15.8931 2
    endloop
  endfacet
  facet normal -0.484812 -0.874619 -0
    outer loop
      vertex 9 15.5885 2
      vertex 8.45049 15.8931 0
      vertex 9 15.5885 0
    endloop
  endfacet
  facet normal -0.0872216 -0.996189 0
    outer loop
      vertex 1.25562 17.9562 0
      vertex 1.88151 17.9014 2
      vertex 1.25562 17.9562 2
    endloop
  endfacet
  facet normal -0.0872216 -0.996189 -0
    outer loop
      vertex 1.88151 17.9014 2
      vertex 1.25562 17.9562 0
      vertex 1.88151 17.9014 0
    endloop
  endfacet
  facet normal 0.190683 0.981652 -0
    outer loop
      vertex -3.12567 -17.7265 0
      vertex -3.74241 -17.6067 2
      vertex -3.12567 -17.7265 2
    endloop
  endfacet
  facet normal 0.190683 0.981652 0
    outer loop
      vertex -3.74241 -17.6067 2
      vertex -3.12567 -17.7265 0
      vertex -3.74241 -17.6067 0
    endloop
  endfacet
  facet normal -0.987685 0.156457 0
    outer loop
      vertex 17.7265 -3.12567 0
      vertex 17.8248 -2.50512 2
      vertex 17.8248 -2.50512 0
    endloop
  endfacet
  facet normal -0.987685 0.156457 0
    outer loop
      vertex 17.8248 -2.50512 2
      vertex 17.7265 -3.12567 0
      vertex 17.7265 -3.12567 2
    endloop
  endfacet
  facet normal 0.0872216 0.996189 -0
    outer loop
      vertex -1.25562 -17.9562 0
      vertex -1.88151 -17.9014 2
      vertex -1.25562 -17.9562 2
    endloop
  endfacet
  facet normal 0.0872216 0.996189 0
    outer loop
      vertex -1.88151 -17.9014 2
      vertex -1.25562 -17.9562 0
      vertex -1.88151 -17.9014 0
    endloop
  endfacet
  facet normal -0.629304 -0.77716 0
    outer loop
      vertex 11.0819 14.1842 0
      vertex 11.5702 13.7888 2
      vertex 11.0819 14.1842 2
    endloop
  endfacet
  facet normal -0.629304 -0.77716 -0
    outer loop
      vertex 11.5702 13.7888 2
      vertex 11.0819 14.1842 0
      vertex 11.5702 13.7888 0
    endloop
  endfacet
  facet normal -0.798661 0.601781 0
    outer loop
      vertex 14.1842 -11.0819 0
      vertex 14.5623 -10.5801 2
      vertex 14.5623 -10.5801 0
    endloop
  endfacet
  facet normal -0.798661 0.601781 0
    outer loop
      vertex 14.5623 -10.5801 2
      vertex 14.1842 -11.0819 0
      vertex 14.1842 -11.0819 2
    endloop
  endfacet
  facet normal 0.891031 0.453943 0
    outer loop
      vertex -15.8931 -8.45049 2
      vertex -16.1783 -7.89068 0
      vertex -16.1783 -7.89068 2
    endloop
  endfacet
  facet normal 0.891031 0.453943 0
    outer loop
      vertex -16.1783 -7.89068 0
      vertex -15.8931 -8.45049 2
      vertex -15.8931 -8.45049 0
    endloop
  endfacet
  facet normal 0.515046 0.857163 -0
    outer loop
      vertex -9 -15.5885 0
      vertex -9.53855 -15.2649 2
      vertex -9 -15.5885 2
    endloop
  endfacet
  facet normal 0.515046 0.857163 0
    outer loop
      vertex -9.53855 -15.2649 2
      vertex -9 -15.5885 0
      vertex -9.53855 -15.2649 0
    endloop
  endfacet
  facet normal 0.601781 -0.798661 0
    outer loop
      vertex -11.0819 14.1842 0
      vertex -10.5801 14.5623 2
      vertex -11.0819 14.1842 2
    endloop
  endfacet
  facet normal 0.601781 -0.798661 0
    outer loop
      vertex -10.5801 14.5623 2
      vertex -11.0819 14.1842 0
      vertex -10.5801 14.5623 0
    endloop
  endfacet
  facet normal 0.0872216 -0.996189 0
    outer loop
      vertex -1.88151 17.9014 0
      vertex -1.25562 17.9562 2
      vertex -1.88151 17.9014 2
    endloop
  endfacet
  facet normal 0.0872216 -0.996189 0
    outer loop
      vertex -1.25562 17.9562 2
      vertex -1.88151 17.9014 0
      vertex -1.25562 17.9562 0
    endloop
  endfacet
  facet normal 0.544633 -0.838674 0
    outer loop
      vertex -10.0655 14.9227 0
      vertex -9.53855 15.2649 2
      vertex -10.0655 14.9227 2
    endloop
  endfacet
  facet normal 0.544633 -0.838674 0
    outer loop
      vertex -9.53855 15.2649 2
      vertex -10.0655 14.9227 0
      vertex -9.53855 15.2649 0
    endloop
  endfacet
  facet normal -0.0522055 0.998636 0
    outer loop
      vertex 1.25562 -17.9562 0
      vertex 0.62819 -17.989 2
      vertex 1.25562 -17.9562 2
    endloop
  endfacet
  facet normal -0.0522055 0.998636 0
    outer loop
      vertex 0.62819 -17.989 2
      vertex 1.25562 -17.9562 0
      vertex 0.62819 -17.989 0
    endloop
  endfacet
  facet normal 0.956303 0.292379 0
    outer loop
      vertex -17.119 -5.56231 2
      vertex -17.3027 -4.96147 0
      vertex -17.3027 -4.96147 2
    endloop
  endfacet
  facet normal 0.956303 0.292379 0
    outer loop
      vertex -17.3027 -4.96147 0
      vertex -17.119 -5.56231 2
      vertex -17.119 -5.56231 0
    endloop
  endfacet
  facet normal 0.996189 0.0872216 0
    outer loop
      vertex -17.9014 -1.88151 2
      vertex -17.9562 -1.25562 0
      vertex -17.9562 -1.25562 2
    endloop
  endfacet
  facet normal 0.996189 0.0872216 0
    outer loop
      vertex -17.9562 -1.25562 0
      vertex -17.9014 -1.88151 2
      vertex -17.9014 -1.88151 0
    endloop
  endfacet
  facet normal 0.573655 -0.819097 0
    outer loop
      vertex -10.5801 14.5623 0
      vertex -10.0655 14.9227 2
      vertex -10.5801 14.5623 2
    endloop
  endfacet
  facet normal 0.573655 -0.819097 0
    outer loop
      vertex -10.0655 14.9227 2
      vertex -10.5801 14.5623 0
      vertex -10.0655 14.9227 0
    endloop
  endfacet
  facet normal -0.3255 0.945542 0
    outer loop
      vertex 6.15636 -16.9145 0
      vertex 5.56231 -17.119 2
      vertex 6.15636 -16.9145 2
    endloop
  endfacet
  facet normal -0.3255 0.945542 0
    outer loop
      vertex 5.56231 -17.119 2
      vertex 6.15636 -16.9145 0
      vertex 5.56231 -17.119 0
    endloop
  endfacet
  facet normal 0.629304 0.77716 -0
    outer loop
      vertex -11.0819 -14.1842 0
      vertex -11.5702 -13.7888 2
      vertex -11.0819 -14.1842 2
    endloop
  endfacet
  facet normal 0.629304 0.77716 0
    outer loop
      vertex -11.5702 -13.7888 2
      vertex -11.0819 -14.1842 0
      vertex -11.5702 -13.7888 0
    endloop
  endfacet
  facet normal -0.358424 0.933559 0
    outer loop
      vertex 6.74292 -16.6893 0
      vertex 6.15636 -16.9145 2
      vertex 6.74292 -16.6893 2
    endloop
  endfacet
  facet normal -0.358424 0.933559 0
    outer loop
      vertex 6.15636 -16.9145 2
      vertex 6.74292 -16.6893 0
      vertex 6.15636 -16.9145 0
    endloop
  endfacet
  facet normal 0.682086 0.731272 -0
    outer loop
      vertex -12.0444 -13.3766 0
      vertex -12.5038 -12.9481 2
      vertex -12.0444 -13.3766 2
    endloop
  endfacet
  facet normal 0.682086 0.731272 0
    outer loop
      vertex -12.5038 -12.9481 2
      vertex -12.0444 -13.3766 0
      vertex -12.5038 -12.9481 0
    endloop
  endfacet
  facet normal 0.707107 0.707107 0
    outer loop
      vertex -12.5038 -12.9481 2
      vertex -12.9481 -12.5038 0
      vertex -12.9481 -12.5038 2
    endloop
  endfacet
  facet normal 0.707107 0.707107 0
    outer loop
      vertex -12.9481 -12.5038 0
      vertex -12.5038 -12.9481 2
      vertex -12.5038 -12.9481 0
    endloop
  endfacet
  facet normal -0.9205 0.390744 0
    outer loop
      vertex 16.4438 -7.32126 0
      vertex 16.6893 -6.74292 2
      vertex 16.6893 -6.74292 0
    endloop
  endfacet
  facet normal -0.9205 0.390744 0
    outer loop
      vertex 16.6893 -6.74292 2
      vertex 16.4438 -7.32126 0
      vertex 16.4438 -7.32126 2
    endloop
  endfacet
  facet normal -0.906323 0.422586 0
    outer loop
      vertex 16.1783 -7.89068 0
      vertex 16.4438 -7.32126 2
      vertex 16.4438 -7.32126 0
    endloop
  endfacet
  facet normal -0.906323 0.422586 0
    outer loop
      vertex 16.4438 -7.32126 2
      vertex 16.1783 -7.89068 0
      vertex 16.1783 -7.89068 2
    endloop
  endfacet
  facet normal -0.121917 -0.99254 0
    outer loop
      vertex 1.88151 17.9014 0
      vertex 2.50512 17.8248 2
      vertex 1.88151 17.9014 2
    endloop
  endfacet
  facet normal -0.121917 -0.99254 -0
    outer loop
      vertex 2.50512 17.8248 2
      vertex 1.88151 17.9014 0
      vertex 2.50512 17.8248 0
    endloop
  endfacet
  facet normal 0.974347 0.225052 0
    outer loop
      vertex -17.4653 -4.35459 2
      vertex -17.6067 -3.74241 0
      vertex -17.6067 -3.74241 2
    endloop
  endfacet
  facet normal 0.974347 0.225052 0
    outer loop
      vertex -17.6067 -3.74241 0
      vertex -17.4653 -4.35459 2
      vertex -17.4653 -4.35459 0
    endloop
  endfacet
  facet normal 0.996189 -0.0872216 0
    outer loop
      vertex -17.9562 1.25562 2
      vertex -17.9014 1.88151 0
      vertex -17.9014 1.88151 2
    endloop
  endfacet
  facet normal 0.996189 -0.0872216 0
    outer loop
      vertex -17.9014 1.88151 0
      vertex -17.9562 1.25562 2
      vertex -17.9562 1.25562 0
    endloop
  endfacet
  facet normal 0.390744 -0.9205 0
    outer loop
      vertex -7.32126 16.4438 0
      vertex -6.74292 16.6893 2
      vertex -7.32126 16.4438 2
    endloop
  endfacet
  facet normal 0.390744 -0.9205 0
    outer loop
      vertex -6.74292 16.6893 2
      vertex -7.32126 16.4438 0
      vertex -6.74292 16.6893 0
    endloop
  endfacet
  facet normal 0.292379 0.956303 -0
    outer loop
      vertex -4.96147 -17.3027 0
      vertex -5.56231 -17.119 2
      vertex -4.96147 -17.3027 2
    endloop
  endfacet
  facet normal 0.292379 0.956303 0
    outer loop
      vertex -5.56231 -17.119 2
      vertex -4.96147 -17.3027 0
      vertex -5.56231 -17.119 0
    endloop
  endfacet
  facet normal -0.453943 -0.891031 0
    outer loop
      vertex 7.89068 16.1783 0
      vertex 8.45049 15.8931 2
      vertex 7.89068 16.1783 2
    endloop
  endfacet
  facet normal -0.453943 -0.891031 -0
    outer loop
      vertex 8.45049 15.8931 2
      vertex 7.89068 16.1783 0
      vertex 8.45049 15.8931 0
    endloop
  endfacet
  facet normal 0.573655 0.819097 -0
    outer loop
      vertex -10.0655 -14.9227 0
      vertex -10.5801 -14.5623 2
      vertex -10.0655 -14.9227 2
    endloop
  endfacet
  facet normal 0.573655 0.819097 0
    outer loop
      vertex -10.5801 -14.5623 2
      vertex -10.0655 -14.9227 0
      vertex -10.5801 -14.5623 0
    endloop
  endfacet
  facet normal -0.358424 -0.933559 0
    outer loop
      vertex 6.15636 16.9145 0
      vertex 6.74292 16.6893 2
      vertex 6.15636 16.9145 2
    endloop
  endfacet
  facet normal -0.358424 -0.933559 -0
    outer loop
      vertex 6.74292 16.6893 2
      vertex 6.15636 16.9145 0
      vertex 6.74292 16.6893 0
    endloop
  endfacet
  facet normal 0.515046 -0.857163 0
    outer loop
      vertex -9.53855 15.2649 0
      vertex -9 15.5885 2
      vertex -9.53855 15.2649 2
    endloop
  endfacet
  facet normal 0.515046 -0.857163 0
    outer loop
      vertex -9 15.5885 2
      vertex -9.53855 15.2649 0
      vertex -9 15.5885 0
    endloop
  endfacet
  facet normal 0.629304 -0.77716 0
    outer loop
      vertex -11.5702 13.7888 0
      vertex -11.0819 14.1842 2
      vertex -11.5702 13.7888 2
    endloop
  endfacet
  facet normal 0.629304 -0.77716 0
    outer loop
      vertex -11.0819 14.1842 2
      vertex -11.5702 13.7888 0
      vertex -11.0819 14.1842 0
    endloop
  endfacet
  facet normal 0.987685 -0.156457 0
    outer loop
      vertex -17.8248 2.50512 2
      vertex -17.7265 3.12567 0
      vertex -17.7265 3.12567 2
    endloop
  endfacet
  facet normal 0.987685 -0.156457 0
    outer loop
      vertex -17.7265 3.12567 0
      vertex -17.8248 2.50512 2
      vertex -17.8248 2.50512 0
    endloop
  endfacet
  facet normal 0.77716 0.629304 0
    outer loop
      vertex -13.7888 -11.5702 2
      vertex -14.1842 -11.0819 0
      vertex -14.1842 -11.0819 2
    endloop
  endfacet
  facet normal 0.77716 0.629304 0
    outer loop
      vertex -14.1842 -11.0819 0
      vertex -13.7888 -11.5702 2
      vertex -13.7888 -11.5702 0
    endloop
  endfacet
  facet normal -0.156457 -0.987685 0
    outer loop
      vertex 2.50512 17.8248 0
      vertex 3.12567 17.7265 2
      vertex 2.50512 17.8248 2
    endloop
  endfacet
  facet normal -0.156457 -0.987685 -0
    outer loop
      vertex 3.12567 17.7265 2
      vertex 2.50512 17.8248 0
      vertex 3.12567 17.7265 0
    endloop
  endfacet
  facet normal -0.77716 -0.629304 0
    outer loop
      vertex 14.1842 11.0819 0
      vertex 13.7888 11.5702 2
      vertex 13.7888 11.5702 0
    endloop
  endfacet
  facet normal -0.77716 -0.629304 0
    outer loop
      vertex 13.7888 11.5702 2
      vertex 14.1842 11.0819 0
      vertex 14.1842 11.0819 2
    endloop
  endfacet
  facet normal -0.838674 0.544633 0
    outer loop
      vertex 14.9227 -10.0655 0
      vertex 15.2649 -9.53855 2
      vertex 15.2649 -9.53855 0
    endloop
  endfacet
  facet normal -0.838674 0.544633 0
    outer loop
      vertex 15.2649 -9.53855 2
      vertex 14.9227 -10.0655 0
      vertex 14.9227 -10.0655 2
    endloop
  endfacet
  facet normal 0.292379 -0.956303 0
    outer loop
      vertex -5.56231 17.119 0
      vertex -4.96147 17.3027 2
      vertex -5.56231 17.119 2
    endloop
  endfacet
  facet normal 0.292379 -0.956303 0
    outer loop
      vertex -4.96147 17.3027 2
      vertex -5.56231 17.119 0
      vertex -4.96147 17.3027 0
    endloop
  endfacet
  facet normal -0.225052 -0.974347 0
    outer loop
      vertex 3.74241 17.6067 0
      vertex 4.35459 17.4653 2
      vertex 3.74241 17.6067 2
    endloop
  endfacet
  facet normal -0.225052 -0.974347 -0
    outer loop
      vertex 4.35459 17.4653 2
      vertex 3.74241 17.6067 0
      vertex 4.35459 17.4653 0
    endloop
  endfacet
  facet normal 0.965931 0.2588 0
    outer loop
      vertex -17.3027 -4.96147 2
      vertex -17.4653 -4.35459 0
      vertex -17.4653 -4.35459 2
    endloop
  endfacet
  facet normal 0.965931 0.2588 0
    outer loop
      vertex -17.4653 -4.35459 0
      vertex -17.3027 -4.96147 2
      vertex -17.3027 -4.96147 0
    endloop
  endfacet
  facet normal 0.656045 0.754722 -0
    outer loop
      vertex -11.5702 -13.7888 0
      vertex -12.0444 -13.3766 2
      vertex -11.5702 -13.7888 2
    endloop
  endfacet
  facet normal 0.656045 0.754722 0
    outer loop
      vertex -12.0444 -13.3766 2
      vertex -11.5702 -13.7888 0
      vertex -12.0444 -13.3766 0
    endloop
  endfacet
  facet normal -0.544633 0.838674 0
    outer loop
      vertex 10.0655 -14.9227 0
      vertex 9.53855 -15.2649 2
      vertex 10.0655 -14.9227 2
    endloop
  endfacet
  facet normal -0.544633 0.838674 0
    outer loop
      vertex 9.53855 -15.2649 2
      vertex 10.0655 -14.9227 0
      vertex 9.53855 -15.2649 0
    endloop
  endfacet
  facet normal 0.358424 0.933559 -0
    outer loop
      vertex -6.15636 -16.9145 0
      vertex -6.74292 -16.6893 2
      vertex -6.15636 -16.9145 2
    endloop
  endfacet
  facet normal 0.358424 0.933559 0
    outer loop
      vertex -6.74292 -16.6893 2
      vertex -6.15636 -16.9145 0
      vertex -6.74292 -16.6893 0
    endloop
  endfacet
  facet normal -0.754722 -0.656045 0
    outer loop
      vertex 13.7888 11.5702 0
      vertex 13.3766 12.0444 2
      vertex 13.3766 12.0444 0
    endloop
  endfacet
  facet normal -0.754722 -0.656045 0
    outer loop
      vertex 13.3766 12.0444 2
      vertex 13.7888 11.5702 0
      vertex 13.7888 11.5702 2
    endloop
  endfacet
  facet normal 0.838674 0.544633 0
    outer loop
      vertex -14.9227 -10.0655 2
      vertex -15.2649 -9.53855 0
      vertex -15.2649 -9.53855 2
    endloop
  endfacet
  facet normal 0.838674 0.544633 0
    outer loop
      vertex -15.2649 -9.53855 0
      vertex -14.9227 -10.0655 2
      vertex -14.9227 -10.0655 0
    endloop
  endfacet
  facet normal 0.544633 0.838674 -0
    outer loop
      vertex -9.53855 -15.2649 0
      vertex -10.0655 -14.9227 2
      vertex -9.53855 -15.2649 2
    endloop
  endfacet
  facet normal 0.544633 0.838674 0
    outer loop
      vertex -10.0655 -14.9227 2
      vertex -9.53855 -15.2649 0
      vertex -10.0655 -14.9227 0
    endloop
  endfacet
  facet normal -0.656045 0.754722 0
    outer loop
      vertex 12.0444 -13.3766 0
      vertex 11.5702 -13.7888 2
      vertex 12.0444 -13.3766 2
    endloop
  endfacet
  facet normal -0.656045 0.754722 0
    outer loop
      vertex 11.5702 -13.7888 2
      vertex 12.0444 -13.3766 0
      vertex 11.5702 -13.7888 0
    endloop
  endfacet
  facet normal -0.544633 -0.838674 0
    outer loop
      vertex 9.53855 15.2649 0
      vertex 10.0655 14.9227 2
      vertex 9.53855 15.2649 2
    endloop
  endfacet
  facet normal -0.544633 -0.838674 -0
    outer loop
      vertex 10.0655 14.9227 2
      vertex 9.53855 15.2649 0
      vertex 10.0655 14.9227 0
    endloop
  endfacet
  facet normal 0.422586 0.906323 -0
    outer loop
      vertex -7.32126 -16.4438 0
      vertex -7.89068 -16.1783 2
      vertex -7.32126 -16.4438 2
    endloop
  endfacet
  facet normal 0.422586 0.906323 0
    outer loop
      vertex -7.89068 -16.1783 2
      vertex -7.32126 -16.4438 0
      vertex -7.89068 -16.1783 0
    endloop
  endfacet
  facet normal -0.629304 0.77716 0
    outer loop
      vertex 11.5702 -13.7888 0
      vertex 11.0819 -14.1842 2
      vertex 11.5702 -13.7888 2
    endloop
  endfacet
  facet normal -0.629304 0.77716 0
    outer loop
      vertex 11.0819 -14.1842 2
      vertex 11.5702 -13.7888 0
      vertex 11.0819 -14.1842 0
    endloop
  endfacet
  facet normal -0.866122 0.499832 0
    outer loop
      vertex -17.7224 3.30385 0
      vertex -17.6764 3.38356 2
      vertex -17.6764 3.38356 0
    endloop
  endfacet
  facet normal -0.866122 0.499832 0
    outer loop
      vertex -17.6764 3.38356 2
      vertex -17.7224 3.30385 0
      vertex -17.7224 3.30385 2
    endloop
  endfacet
  facet normal -0.865896 0.500223 0
    outer loop
      vertex -11.7685 13.6164 0
      vertex -11.7224 13.6962 2
      vertex -11.7224 13.6962 0
    endloop
  endfacet
  facet normal -0.865896 0.500223 0
    outer loop
      vertex -11.7224 13.6962 2
      vertex -11.7685 13.6164 0
      vertex -11.7685 13.6164 2
    endloop
  endfacet
  facet normal 0.499999 0.866026 -0
    outer loop
      vertex -17.7224 3.30385 0
      vertex -23.1222 6.42142 2
      vertex -17.7224 3.30385 2
    endloop
  endfacet
  facet normal 0.499999 0.866026 0
    outer loop
      vertex -23.1222 6.42142 2
      vertex -17.7224 3.30385 0
      vertex -23.1222 6.42142 0
    endloop
  endfacet
  facet normal -0.499991 -0.866031 0
    outer loop
      vertex -17.1222 16.8137 0
      vertex -11.7224 13.6962 2
      vertex -17.1222 16.8137 2
    endloop
  endfacet
  facet normal -0.499991 -0.866031 -0
    outer loop
      vertex -11.7224 13.6962 2
      vertex -17.1222 16.8137 0
      vertex -11.7224 13.6962 0
    endloop
  endfacet
endsolid OpenSCAD_Model
